{
  "type": "FeatureCollection",
  "features": [
    {
      "type": "Feature",
      "geometry": {
        "type": "Polygon",
        "coordinates": [
          [
            [
              -37.74858721563763,
              -12.116894288755914
            ],
            [
              -37.78894405726242,
              -12.296109797411475
            ],
            [
              -37.96805953426873,
              -12.255823625117367
            ],
            [
              -37.92759337905237,
              -12.076649810613297
            ],
            [
              -37.74858721563763,
              -12.116894288755914
            ]
          ]
        ]
      },
      "properties": {
        "patch_id": 0,
        "tile_id": 0,
        "patch_number": 1,
        "patch_label": "P001",
        "name": "patch_0001_VV",
        "x_start": 0,
        "y_start": 0,
        "valid_x_end": 2000,
        "valid_y_end": 2000,
        "width": 2000,
        "height": 2000,
        "target_width": 2000,
        "target_height": 2000,
        "requires_padding": false,
        "processing_bbox_pixels": {
          "x0": 0,
          "y0": 0,
          "x1": 2160,
          "y1": 2160
        },
        "processing_requested_bbox_pixels": {
          "x0": -160,
          "y0": -160,
          "x1": 2160,
          "y1": 2160
        },
        "processing_width": 2160,
        "processing_height": 2160,
        "processing_target_width": 2160,
        "processing_target_height": 2160,
        "processing_requires_padding": false,
        "core_bbox_pixels": {
          "x0": 0,
          "y0": 0,
          "x1": 2000,
          "y1": 2000
        },
        "requested_bbox_pixels": {
          "x0": 0,
          "y0": 0,
          "x1": 2000,
          "y1": 2000
        },
        "halo_pixels": 160,
        "polarization": "VV",
        "display_bounds_lonlat": {
          "west": -37.98561148605226,
          "south": -12.310459784073302,
          "east": -37.74858721563763,
          "north": -12.07342482371249
        },
        "cfar_detection_count": 0,
        "yolo_detection_count": 0,
        "processing_bounds_lonlat": {
          "west": -37.98561148605226,
          "south": -12.310459784073302,
          "east": -37.74858721563763,
          "north": -12.07342482371249
        },
        "cfar_count": 0,
        "yolo_count": 0,
        "has_cfar_detection": false,
        "has_yolo_detection": false,
        "has_detection": false
      }
    },
    {
      "type": "Feature",
      "geometry": {
        "type": "Polygon",
        "coordinates": [
          [
            [
              -37.92768291355743,
              -12.076629654445167
            ],
            [
              -37.96814912706889,
              -12.255803447614342
            ],
            [
              -38.14721218365999,
              -12.215412207949196
            ],
            [
              -38.10663901702209,
              -12.036281237434643
            ],
            [
              -37.92768291355743,
              -12.076629654445167
            ]
          ]
        ]
      },
      "properties": {
        "patch_id": 1,
        "tile_id": 1,
        "patch_number": 2,
        "patch_label": "P002",
        "name": "patch_0002_VV",
        "x_start": 2000,
        "y_start": 0,
        "valid_x_end": 4000,
        "valid_y_end": 2000,
        "width": 2000,
        "height": 2000,
        "target_width": 2000,
        "target_height": 2000,
        "requires_padding": false,
        "processing_bbox_pixels": {
          "x0": 1840,
          "y0": 0,
          "x1": 4160,
          "y1": 2160
        },
        "processing_requested_bbox_pixels": {
          "x0": 1840,
          "y0": -160,
          "x1": 4160,
          "y1": 2160
        },
        "processing_width": 2320,
        "processing_height": 2160,
        "processing_target_width": 2320,
        "processing_target_height": 2160,
        "processing_requires_padding": false,
        "core_bbox_pixels": {
          "x0": 2000,
          "y0": 0,
          "x1": 4000,
          "y1": 2000
        },
        "requested_bbox_pixels": {
          "x0": 2000,
          "y0": 0,
          "x1": 4000,
          "y1": 2000
        },
        "halo_pixels": 160,
        "polarization": "VV",
        "display_bounds_lonlat": {
          "west": -38.16476743606693,
          "south": -12.273378692692571,
          "east": -37.91335739063169,
          "north": -12.033044536245603
        },
        "cfar_detection_count": 0,
        "yolo_detection_count": 0,
        "processing_bounds_lonlat": {
          "west": -38.16476743606693,
          "south": -12.273378692692571,
          "east": -37.91335739063169,
          "north": -12.033044536245603
        },
        "cfar_count": 0,
        "yolo_count": 0,
        "has_cfar_detection": false,
        "has_yolo_detection": false,
        "has_detection": false
      }
    },
    {
      "type": "Feature",
      "geometry": {
        "type": "Polygon",
        "coordinates": [
          [
            [
              -38.10672852062079,
              -12.036261008052211
            ],
            [
              -38.147301738480024,
              -12.215391956391247
            ],
            [
              -38.3263085820789,
              -12.174877398826458
            ],
            [
              -38.28562991764807,
              -11.99579202254987
            ],
            [
              -38.10672852062079,
              -12.036261008052211
            ]
          ]
        ]
      },
      "properties": {
        "patch_id": 2,
        "tile_id": 2,
        "patch_number": 3,
        "patch_label": "P003",
        "name": "patch_0003_VV",
        "x_start": 4000,
        "y_start": 0,
        "valid_x_end": 6000,
        "valid_y_end": 2000,
        "width": 2000,
        "height": 2000,
        "target_width": 2000,
        "target_height": 2000,
        "requires_padding": false,
        "processing_bbox_pixels": {
          "x0": 3840,
          "y0": 0,
          "x1": 6160,
          "y1": 2160
        },
        "processing_requested_bbox_pixels": {
          "x0": 3840,
          "y0": -160,
          "x1": 6160,
          "y1": 2160
        },
        "processing_width": 2320,
        "processing_height": 2160,
        "processing_target_width": 2320,
        "processing_target_height": 2160,
        "processing_requires_padding": false,
        "core_bbox_pixels": {
          "x0": 4000,
          "y0": 0,
          "x1": 6000,
          "y1": 2000
        },
        "requested_bbox_pixels": {
          "x0": 4000,
          "y0": 0,
          "x1": 6000,
          "y1": 2000
        },
        "halo_pixels": 160,
        "polarization": "VV",
        "display_bounds_lonlat": {
          "west": -38.34387040699198,
          "south": -12.232974454343573,
          "east": -38.09240747650281,
          "north": -11.992549523427376
        },
        "cfar_detection_count": 0,
        "yolo_detection_count": 0,
        "processing_bounds_lonlat": {
          "west": -38.34387040699198,
          "south": -12.232974454343573,
          "east": -38.09240747650281,
          "north": -11.992549523427376
        },
        "cfar_count": 0,
        "yolo_count": 0,
        "has_cfar_detection": false,
        "has_yolo_detection": false,
        "has_detection": false
      }
    },
    {
      "type": "Feature",
      "geometry": {
        "type": "Polygon",
        "coordinates": [
          [
            [
              -38.285719401689896,
              -11.995771756930354
            ],
            [
              -38.326398120976485,
              -12.174857109551949
            ],
            [
              -38.505357271109794,
              -12.134232904739743
            ],
            [
              -38.46456688641426,
              -11.955194929850032
            ],
            [
              -38.285719401689896,
              -11.995771756930354
            ]
          ]
        ]
      },
      "properties": {
        "patch_id": 3,
        "tile_id": 3,
        "patch_number": 4,
        "patch_label": "P004",
        "name": "patch_0004_VV",
        "x_start": 6000,
        "y_start": 0,
        "valid_x_end": 8000,
        "valid_y_end": 2000,
        "width": 2000,
        "height": 2000,
        "target_width": 2000,
        "target_height": 2000,
        "requires_padding": false,
        "processing_bbox_pixels": {
          "x0": 5840,
          "y0": 0,
          "x1": 8160,
          "y1": 2160
        },
        "processing_requested_bbox_pixels": {
          "x0": 5840,
          "y0": -160,
          "x1": 8160,
          "y1": 2160
        },
        "processing_width": 2320,
        "processing_height": 2160,
        "processing_target_width": 2320,
        "processing_target_height": 2160,
        "processing_requires_padding": false,
        "core_bbox_pixels": {
          "x0": 6000,
          "y0": 0,
          "x1": 8000,
          "y1": 2000
        },
        "requested_bbox_pixels": {
          "x0": 6000,
          "y0": 0,
          "x1": 8000,
          "y1": 2000
        },
        "halo_pixels": 160,
        "polarization": "VV",
        "display_bounds_lonlat": {
          "west": -38.52292176812626,
          "south": -12.192443076630713,
          "east": -38.27140194662726,
          "north": -11.951940716407682
        },
        "cfar_detection_count": 0,
        "yolo_detection_count": 0,
        "processing_bounds_lonlat": {
          "west": -38.52292176812626,
          "south": -12.192443076630713,
          "east": -38.27140194662726,
          "north": -11.951940716407682
        },
        "cfar_count": 0,
        "yolo_count": 0,
        "has_cfar_detection": false,
        "has_yolo_detection": false,
        "has_detection": false
      }
    },
    {
      "type": "Feature",
      "geometry": {
        "type": "Polygon",
        "coordinates": [
          [
            [
              -38.46465633817686,
              -11.955174591016018
            ],
            [
              -38.50544677397798,
              -12.134212542149848
            ],
            [
              -38.684345459324234,
              -12.093472465791372
            ],
            [
              -38.643452347265665,
              -11.914482770440296
            ],
            [
              -38.46465633817686,
              -11.955174591016018
            ]
          ]
        ]
      },
      "properties": {
        "patch_id": 4,
        "tile_id": 4,
        "patch_number": 5,
        "patch_label": "P005",
        "name": "patch_0005_VV",
        "x_start": 8000,
        "y_start": 0,
        "valid_x_end": 10000,
        "valid_y_end": 2000,
        "width": 2000,
        "height": 2000,
        "target_width": 2000,
        "target_height": 2000,
        "requires_padding": false,
        "processing_bbox_pixels": {
          "x0": 7840,
          "y0": 0,
          "x1": 10160,
          "y1": 2160
        },
        "processing_requested_bbox_pixels": {
          "x0": 7840,
          "y0": -160,
          "x1": 10160,
          "y1": 2160
        },
        "processing_width": 2320,
        "processing_height": 2160,
        "processing_target_width": 2320,
        "processing_target_height": 2160,
        "processing_requires_padding": false,
        "core_bbox_pixels": {
          "x0": 8000,
          "y0": 0,
          "x1": 10000,
          "y1": 2000
        },
        "requested_bbox_pixels": {
          "x0": 8000,
          "y0": 0,
          "x1": 10000,
          "y1": 2000
        },
        "halo_pixels": 160,
        "polarization": "VV",
        "display_bounds_lonlat": {
          "west": -38.70191629493928,
          "south": -12.151806476928776,
          "east": -38.45034406473584,
          "north": -11.911222877359336
        },
        "cfar_detection_count": 0,
        "yolo_detection_count": 0,
        "processing_bounds_lonlat": {
          "west": -38.70191629493928,
          "south": -12.151806476928776,
          "east": -38.45034406473584,
          "north": -11.911222877359336
        },
        "cfar_count": 0,
        "yolo_count": 0,
        "has_cfar_detection": false,
        "has_yolo_detection": false,
        "has_detection": false
      }
    },
    {
      "type": "Feature",
      "geometry": {
        "type": "Polygon",
        "coordinates": [
          [
            [
              -38.643541780471196,
              -11.914462396108542
            ],
            [
              -38.684434944163456,
              -12.093452066913557
            ],
            [
              -38.86328225575541,
              -12.052597022308056
            ],
            [
              -38.82228414583814,
              -11.87365797357746
            ],
            [
              -38.643541780471196,
              -11.914462396108542
            ]
          ]
        ]
      },
      "properties": {
        "patch_id": 5,
        "tile_id": 5,
        "patch_number": 6,
        "patch_label": "P006",
        "name": "patch_0006_VV",
        "x_start": 10000,
        "y_start": 0,
        "valid_x_end": 12000,
        "valid_y_end": 2000,
        "width": 2000,
        "height": 2000,
        "target_width": 2000,
        "target_height": 2000,
        "requires_padding": false,
        "processing_bbox_pixels": {
          "x0": 9840,
          "y0": 0,
          "x1": 12160,
          "y1": 2160
        },
        "processing_requested_bbox_pixels": {
          "x0": 9840,
          "y0": -160,
          "x1": 12160,
          "y1": 2160
        },
        "processing_width": 2320,
        "processing_height": 2160,
        "processing_target_width": 2320,
        "processing_target_height": 2160,
        "processing_requires_padding": false,
        "core_bbox_pixels": {
          "x0": 10000,
          "y0": 0,
          "x1": 12000,
          "y1": 2000
        },
        "requested_bbox_pixels": {
          "x0": 10000,
          "y0": 0,
          "x1": 12000,
          "y1": 2000
        },
        "halo_pixels": 160,
        "polarization": "VV",
        "display_bounds_lonlat": {
          "west": -38.88085674041141,
          "south": -12.111047835103687,
          "east": -38.629232466451896,
          "north": -11.870386484566353
        },
        "cfar_detection_count": 0,
        "yolo_detection_count": 0,
        "processing_bounds_lonlat": {
          "west": -38.88085674041141,
          "south": -12.111047835103687,
          "east": -38.629232466451896,
          "north": -11.870386484566353
        },
        "cfar_count": 0,
        "yolo_count": 0,
        "has_cfar_detection": false,
        "has_yolo_detection": false,
        "has_detection": false
      }
    },
    {
      "type": "Feature",
      "geometry": {
        "type": "Polygon",
        "coordinates": [
          [
            [
              -38.82237354512982,
              -11.873637526771141
            ],
            [
              -38.86337171026099,
              -12.052576549425757
            ],
            [
              -39.04216840116527,
              -12.011611232130655
            ],
            [
              -39.00106170934183,
              -11.832724390998866
            ],
            [
              -38.82237354512982,
              -11.873637526771141
            ]
          ]
        ]
      },
      "properties": {
        "patch_id": 6,
        "tile_id": 6,
        "patch_number": 7,
        "patch_label": "P007",
        "name": "patch_0007_VV",
        "x_start": 12000,
        "y_start": 0,
        "valid_x_end": 14000,
        "valid_y_end": 2000,
        "width": 2000,
        "height": 2000,
        "target_width": 2000,
        "target_height": 2000,
        "requires_padding": false,
        "processing_bbox_pixels": {
          "x0": 11840,
          "y0": 0,
          "x1": 14160,
          "y1": 2160
        },
        "processing_requested_bbox_pixels": {
          "x0": 11840,
          "y0": -160,
          "x1": 14160,
          "y1": 2160
        },
        "processing_width": 2320,
        "processing_height": 2160,
        "processing_target_width": 2320,
        "processing_target_height": 2160,
        "processing_requires_padding": false,
        "core_bbox_pixels": {
          "x0": 12000,
          "y0": 0,
          "x1": 14000,
          "y1": 2000
        },
        "requested_bbox_pixels": {
          "x0": 12000,
          "y0": 0,
          "x1": 14000,
          "y1": 2000
        },
        "halo_pixels": 160,
        "polarization": "VV",
        "display_bounds_lonlat": {
          "west": -39.059748130814725,
          "south": -12.070180095810308,
          "east": -38.80806965476695,
          "north": -11.829446913320675
        },
        "cfar_detection_count": 0,
        "yolo_detection_count": 0,
        "processing_bounds_lonlat": {
          "west": -39.059748130814725,
          "south": -12.070180095810308,
          "east": -38.80806965476695,
          "north": -11.829446913320675
        },
        "cfar_count": 0,
        "yolo_count": 0,
        "has_cfar_detection": false,
        "has_yolo_detection": false,
        "has_detection": false
      }
    },
    {
      "type": "Feature",
      "geometry": {
        "type": "Polygon",
        "coordinates": [
          [
            [
              -39.001151089427964,
              -11.832703907955068
            ],
            [
              -39.04225783479678,
              -12.011590722960428
            ],
            [
              -39.220996740554966,
              -11.970507185485692
            ],
            [
              -39.17978721079036,
              -11.791673991532544
            ],
            [
              -39.001151089427964,
              -11.832703907955068
            ]
          ]
        ]
      },
      "properties": {
        "patch_id": 7,
        "tile_id": 7,
        "patch_number": 8,
        "patch_label": "P008",
        "name": "patch_0008_VV",
        "x_start": 14000,
        "y_start": 0,
        "valid_x_end": 16000,
        "valid_y_end": 2000,
        "width": 2000,
        "height": 2000,
        "target_width": 2000,
        "target_height": 2000,
        "requires_padding": false,
        "processing_bbox_pixels": {
          "x0": 13840,
          "y0": 0,
          "x1": 16160,
          "y1": 2160
        },
        "processing_requested_bbox_pixels": {
          "x0": 13840,
          "y0": -160,
          "x1": 16160,
          "y1": 2160
        },
        "processing_width": 2320,
        "processing_height": 2160,
        "processing_target_width": 2320,
        "processing_target_height": 2160,
        "processing_requires_padding": false,
        "core_bbox_pixels": {
          "x0": 14000,
          "y0": 0,
          "x1": 16000,
          "y1": 2000
        },
        "requested_bbox_pixels": {
          "x0": 14000,
          "y0": 0,
          "x1": 16000,
          "y1": 2000
        },
        "halo_pixels": 160,
        "polarization": "VV",
        "display_bounds_lonlat": {
          "west": -39.23858016896707,
          "south": -12.029195841464327,
          "east": -38.986850256634895,
          "north": -11.78838522688943
        },
        "cfar_detection_count": 0,
        "yolo_detection_count": 0,
        "processing_bounds_lonlat": {
          "west": -39.23858016896707,
          "south": -12.029195841464327,
          "east": -38.986850256634895,
          "north": -11.78838522688943
        },
        "cfar_count": 0,
        "yolo_count": 0,
        "has_cfar_detection": false,
        "has_yolo_detection": false,
        "has_detection": false
      }
    },
    {
      "type": "Feature",
      "geometry": {
        "type": "Polygon",
        "coordinates": [
          [
            [
              -39.17987655726273,
              -11.791653436753526
            ],
            [
              -39.22108614095683,
              -11.970486603739623
            ],
            [
              -39.399774930797086,
              -11.929298113031864
            ],
            [
              -39.35846244801618,
              -11.750520617100587
            ],
            [
              -39.17987655726273,
              -11.791653436753526
            ]
          ]
        ]
      },
      "properties": {
        "patch_id": 8,
        "tile_id": 8,
        "patch_number": 9,
        "patch_label": "P009",
        "name": "patch_0009_VV",
        "x_start": 16000,
        "y_start": 0,
        "valid_x_end": 18000,
        "valid_y_end": 2000,
        "width": 2000,
        "height": 2000,
        "target_width": 2000,
        "target_height": 2000,
        "requires_padding": false,
        "processing_bbox_pixels": {
          "x0": 15840,
          "y0": 0,
          "x1": 18160,
          "y1": 2160
        },
        "processing_requested_bbox_pixels": {
          "x0": 15840,
          "y0": -160,
          "x1": 18160,
          "y1": 2160
        },
        "processing_width": 2320,
        "processing_height": 2160,
        "processing_target_width": 2320,
        "processing_target_height": 2160,
        "processing_requires_padding": false,
        "core_bbox_pixels": {
          "x0": 16000,
          "y0": 0,
          "x1": 18000,
          "y1": 2000
        },
        "requested_bbox_pixels": {
          "x0": 16000,
          "y0": 0,
          "x1": 18000,
          "y1": 2000
        },
        "halo_pixels": 160,
        "polarization": "VV",
        "display_bounds_lonlat": {
          "west": -39.417361974758585,
          "south": -11.988098987485552,
          "east": -39.165581124723914,
          "north": -11.747222452687195
        },
        "cfar_detection_count": 0,
        "yolo_detection_count": 0,
        "processing_bounds_lonlat": {
          "west": -39.417361974758585,
          "south": -11.988098987485552,
          "east": -39.165581124723914,
          "north": -11.747222452687195
        },
        "cfar_count": 0,
        "yolo_count": 0,
        "has_cfar_detection": false,
        "has_yolo_detection": false,
        "has_detection": false
      }
    },
    {
      "type": "Feature",
      "geometry": {
        "type": "Polygon",
        "coordinates": [
          [
            [
              -39.35855178012079,
              -11.750500026824023
            ],
            [
              -39.39986431285871,
              -11.929277494359221
            ],
            [
              -39.578494036014256,
              -11.88796686886266
            ],
            [
              -39.5370797244837,
              -11.709247283229146
            ],
            [
              -39.35855178012079,
              -11.750500026824023
            ]
          ]
        ]
      },
      "properties": {
        "patch_id": 9,
        "tile_id": 9,
        "patch_number": 10,
        "patch_label": "P010",
        "name": "patch_0010_VV",
        "x_start": 18000,
        "y_start": 0,
        "valid_x_end": 20000,
        "valid_y_end": 2000,
        "width": 2000,
        "height": 2000,
        "target_width": 2000,
        "target_height": 2000,
        "requires_padding": false,
        "processing_bbox_pixels": {
          "x0": 17840,
          "y0": 0,
          "x1": 20160,
          "y1": 2160
        },
        "processing_requested_bbox_pixels": {
          "x0": 17840,
          "y0": -160,
          "x1": 20160,
          "y1": 2160
        },
        "processing_width": 2320,
        "processing_height": 2160,
        "processing_target_width": 2320,
        "processing_target_height": 2160,
        "processing_requires_padding": false,
        "core_bbox_pixels": {
          "x0": 18000,
          "y0": 0,
          "x1": 20000,
          "y1": 2000
        },
        "requested_bbox_pixels": {
          "x0": 18000,
          "y0": 0,
          "x1": 20000,
          "y1": 2000
        },
        "halo_pixels": 160,
        "polarization": "VV",
        "display_bounds_lonlat": {
          "west": -39.59608592360345,
          "south": -11.946891300648474,
          "east": -39.34425864116476,
          "north": -11.705941361312115
        },
        "cfar_detection_count": 0,
        "yolo_detection_count": 0,
        "processing_bounds_lonlat": {
          "west": -39.59608592360345,
          "south": -11.946891300648474,
          "east": -39.34425864116476,
          "north": -11.705941361312115
        },
        "cfar_count": 0,
        "yolo_count": 0,
        "has_cfar_detection": false,
        "has_yolo_detection": false,
        "has_detection": false
      }
    },
    {
      "type": "Feature",
      "geometry": {
        "type": "Polygon",
        "coordinates": [
          [
            [
              -39.537169019658464,
              -11.709226621217166
            ],
            [
              -39.57858338331087,
              -11.887946178303268
            ],
            [
              -39.757166560990214,
              -11.846533501070194
            ],
            [
              -39.71564853681136,
              -11.66787303077711
            ],
            [
              -39.537169019658464,
              -11.709226621217166
            ]
          ]
        ]
      },
      "properties": {
        "patch_id": 10,
        "tile_id": 10,
        "patch_number": 11,
        "patch_label": "P011",
        "name": "patch_0011_VV",
        "x_start": 20000,
        "y_start": 0,
        "valid_x_end": 22000,
        "valid_y_end": 2000,
        "width": 2000,
        "height": 2000,
        "target_width": 2000,
        "target_height": 2000,
        "requires_padding": false,
        "processing_bbox_pixels": {
          "x0": 19840,
          "y0": 0,
          "x1": 22160,
          "y1": 2160
        },
        "processing_requested_bbox_pixels": {
          "x0": 19840,
          "y0": -160,
          "x1": 22160,
          "y1": 2160
        },
        "processing_width": 2320,
        "processing_height": 2160,
        "processing_target_width": 2320,
        "processing_target_height": 2160,
        "processing_requires_padding": false,
        "core_bbox_pixels": {
          "x0": 20000,
          "y0": 0,
          "x1": 22000,
          "y1": 2000
        },
        "requested_bbox_pixels": {
          "x0": 20000,
          "y0": 0,
          "x1": 22000,
          "y1": 2000
        },
        "halo_pixels": 160,
        "polarization": "VV",
        "display_bounds_lonlat": {
          "west": -39.774761276696,
          "south": -11.905566883527078,
          "east": -39.522881791455994,
          "north": -11.664555749582858
        },
        "cfar_detection_count": 0,
        "yolo_detection_count": 0,
        "processing_bounds_lonlat": {
          "west": -39.774761276696,
          "south": -11.905566883527078,
          "east": -39.522881791455994,
          "north": -11.664555749582858
        },
        "cfar_count": 0,
        "yolo_count": 0,
        "has_cfar_detection": false,
        "has_yolo_detection": false,
        "has_detection": false
      }
    },
    {
      "type": "Feature",
      "geometry": {
        "type": "Polygon",
        "coordinates": [
          [
            [
              -39.71573780225245,
              -11.667852297769649
            ],
            [
              -39.75725587533177,
              -11.846512738035845
            ],
            [
              -39.93577914817571,
              -11.80497947001252
            ],
            [
              -39.894163578747516,
              -11.626380256926032
            ],
            [
              -39.71573780225245,
              -11.667852297769649
            ]
          ]
        ]
      },
      "properties": {
        "patch_id": 11,
        "tile_id": 11,
        "patch_number": 12,
        "patch_label": "P012",
        "name": "patch_0012_VV",
        "x_start": 22000,
        "y_start": 0,
        "valid_x_end": 24000,
        "valid_y_end": 2000,
        "width": 2000,
        "height": 2000,
        "target_width": 2000,
        "target_height": 2000,
        "requires_padding": false,
        "processing_bbox_pixels": {
          "x0": 21840,
          "y0": 0,
          "x1": 24160,
          "y1": 2160
        },
        "processing_requested_bbox_pixels": {
          "x0": 21840,
          "y0": -160,
          "x1": 24160,
          "y1": 2160
        },
        "processing_width": 2320,
        "processing_height": 2160,
        "processing_target_width": 2320,
        "processing_target_height": 2160,
        "processing_requires_padding": false,
        "core_bbox_pixels": {
          "x0": 22000,
          "y0": 0,
          "x1": 24000,
          "y1": 2000
        },
        "requested_bbox_pixels": {
          "x0": 22000,
          "y0": 0,
          "x1": 24000,
          "y1": 2000
        },
        "halo_pixels": 160,
        "polarization": "VV",
        "display_bounds_lonlat": {
          "west": -39.95337920229089,
          "south": -11.86413723027276,
          "east": -39.70145411865941,
          "north": -11.623057532777718
        },
        "cfar_detection_count": 0,
        "yolo_detection_count": 0,
        "processing_bounds_lonlat": {
          "west": -39.95337920229089,
          "south": -11.86413723027276,
          "east": -39.70145411865941,
          "north": -11.623057532777718
        },
        "cfar_count": 0,
        "yolo_count": 0,
        "has_cfar_detection": false,
        "has_yolo_detection": false,
        "has_detection": false
      }
    },
    {
      "type": "Feature",
      "geometry": {
        "type": "Polygon",
        "coordinates": [
          [
            [
              -39.89425282417207,
              -11.626359489900105
            ],
            [
              -39.935868442179896,
              -11.804958671429787
            ],
            [
              -40.09559732598106,
              -11.767704376675535
            ],
            [
              -40.05388953427813,
              -11.589160793981097
            ],
            [
              -39.89425282417207,
              -11.626359489900105
            ]
          ]
        ]
      },
      "properties": {
        "patch_id": 12,
        "tile_id": 12,
        "patch_number": 13,
        "patch_label": "P013",
        "name": "patch_0013_VV",
        "x_start": 24000,
        "y_start": 0,
        "valid_x_end": 25791,
        "valid_y_end": 2000,
        "width": 2000,
        "height": 2000,
        "target_width": 2000,
        "target_height": 2000,
        "requires_padding": true,
        "processing_bbox_pixels": {
          "x0": 23840,
          "y0": 0,
          "x1": 25791,
          "y1": 2160
        },
        "processing_requested_bbox_pixels": {
          "x0": 23840,
          "y0": -160,
          "x1": 26160,
          "y1": 2160
        },
        "processing_width": 1951,
        "processing_height": 2160,
        "processing_target_width": 1951,
        "processing_target_height": 2160,
        "processing_requires_padding": false,
        "core_bbox_pixels": {
          "x0": 24000,
          "y0": 0,
          "x1": 25791,
          "y1": 2000
        },
        "requested_bbox_pixels": {
          "x0": 24000,
          "y0": 0,
          "x1": 26000,
          "y1": 2000
        },
        "halo_pixels": 160,
        "polarization": "VV",
        "display_bounds_lonlat": {
          "west": -40.09891700481056,
          "south": -11.822587007284628,
          "east": -39.87997355334635,
          "north": -11.589160793981097
        },
        "cfar_detection_count": 0,
        "yolo_detection_count": 0,
        "processing_bounds_lonlat": {
          "west": -40.09891700481056,
          "south": -11.822587007284628,
          "east": -39.87997355334635,
          "north": -11.589160793981097
        },
        "cfar_count": 0,
        "yolo_count": 0,
        "has_cfar_detection": false,
        "has_yolo_detection": false,
        "has_detection": false
      }
    },
    {
      "type": "Feature",
      "geometry": {
        "type": "Polygon",
        "coordinates": [
          [
            [
              -37.788964104125355,
              -12.296199484828112
            ],
            [
              -37.82908545390801,
              -12.47547442335053
            ],
            [
              -38.00831271650317,
              -12.435145712184317
            ],
            [
              -37.96807963662556,
              -12.255913291199109
            ],
            [
              -37.788964104125355,
              -12.296199484828112
            ]
          ]
        ]
      },
      "properties": {
        "patch_id": 13,
        "tile_id": 13,
        "patch_number": 14,
        "patch_label": "P014",
        "name": "patch_0014_VV",
        "x_start": 0,
        "y_start": 2000,
        "valid_x_end": 2000,
        "valid_y_end": 4000,
        "width": 2000,
        "height": 2000,
        "target_width": 2000,
        "target_height": 2000,
        "requires_padding": false,
        "processing_bbox_pixels": {
          "x0": 0,
          "y0": 1840,
          "x1": 2160,
          "y1": 4160
        },
        "processing_requested_bbox_pixels": {
          "x0": -160,
          "y0": 1840,
          "x1": 2160,
          "y1": 4160
        },
        "processing_width": 2160,
        "processing_height": 2320,
        "processing_target_width": 2160,
        "processing_target_height": 2320,
        "processing_requires_padding": false,
        "core_bbox_pixels": {
          "x0": 0,
          "y0": 2000,
          "x1": 2000,
          "y1": 4000
        },
        "requested_bbox_pixels": {
          "x0": 0,
          "y0": 2000,
          "x1": 2000,
          "y1": 4000
        },
        "halo_pixels": 160,
        "polarization": "VV",
        "display_bounds_lonlat": {
          "west": -38.02590389728634,
          "south": -12.489818048376076,
          "east": -37.785751856909684,
          "north": -12.238339741173426
        },
        "cfar_detection_count": 0,
        "yolo_detection_count": 0,
        "processing_bounds_lonlat": {
          "west": -38.02590389728634,
          "south": -12.489818048376076,
          "east": -37.785751856909684,
          "north": -12.238339741173426
        },
        "cfar_count": 0,
        "yolo_count": 0,
        "has_cfar_detection": false,
        "has_yolo_detection": false,
        "has_detection": false
      }
    },
    {
      "type": "Feature",
      "geometry": {
        "type": "Polygon",
        "coordinates": [
          [
            [
              -37.96816922945409,
              -12.255893113685413
            ],
            [
              -38.008402365812195,
              -12.435125513335727
            ],
            [
              -38.18758148840534,
              -12.394690248221892
            ],
            [
              -38.14723234439091,
              -12.215501852072975
            ],
            [
              -37.96816922945409,
              -12.255893113685413
            ]
          ]
        ]
      },
      "properties": {
        "patch_id": 14,
        "tile_id": 14,
        "patch_number": 15,
        "patch_label": "P015",
        "name": "patch_0015_VV",
        "x_start": 2000,
        "y_start": 2000,
        "valid_x_end": 4000,
        "valid_y_end": 4000,
        "width": 2000,
        "height": 2000,
        "target_width": 2000,
        "target_height": 2000,
        "requires_padding": false,
        "processing_bbox_pixels": {
          "x0": 1840,
          "y0": 1840,
          "x1": 4160,
          "y1": 4160
        },
        "processing_requested_bbox_pixels": {
          "x0": 1840,
          "y0": 1840,
          "x1": 4160,
          "y1": 4160
        },
        "processing_width": 2320,
        "processing_height": 2320,
        "processing_target_width": 2320,
        "processing_target_height": 2320,
        "processing_requires_padding": false,
        "core_bbox_pixels": {
          "x0": 2000,
          "y0": 2000,
          "x1": 4000,
          "y1": 4000
        },
        "requested_bbox_pixels": {
          "x0": 2000,
          "y0": 2000,
          "x1": 4000,
          "y1": 4000
        },
        "halo_pixels": 160,
        "polarization": "VV",
        "display_bounds_lonlat": {
          "west": -38.20517584216973,
          "south": -12.452697893658815,
          "east": -37.95061400214,
          "north": -12.197919967049295
        },
        "cfar_detection_count": 0,
        "yolo_detection_count": 0,
        "processing_bounds_lonlat": {
          "west": -38.20517584216973,
          "south": -12.452697893658815,
          "east": -37.95061400214,
          "north": -12.197919967049295
        },
        "cfar_count": 0,
        "yolo_count": 0,
        "has_cfar_detection": false,
        "has_yolo_detection": false,
        "has_detection": false
      }
    },
    {
      "type": "Feature",
      "geometry": {
        "type": "Polygon",
        "coordinates": [
          [
            [
              -38.14732189924032,
              -12.215481600503562
            ],
            [
              -38.187671101510134,
              -12.394669973737223
            ],
            [
              -38.36679195331172,
              -12.35410958566214
            ],
            [
              -38.32632880012335,
              -12.17496702002352
            ],
            [
              -38.14732189924032,
              -12.215481600503562
            ]
          ]
        ]
      },
      "properties": {
        "patch_id": 15,
        "tile_id": 15,
        "patch_number": 16,
        "patch_label": "P016",
        "name": "patch_0016_VV",
        "x_start": 4000,
        "y_start": 2000,
        "valid_x_end": 6000,
        "valid_y_end": 4000,
        "width": 2000,
        "height": 2000,
        "target_width": 2000,
        "target_height": 2000,
        "requires_padding": false,
        "processing_bbox_pixels": {
          "x0": 3840,
          "y0": 1840,
          "x1": 6160,
          "y1": 4160
        },
        "processing_requested_bbox_pixels": {
          "x0": 3840,
          "y0": 1840,
          "x1": 6160,
          "y1": 4160
        },
        "processing_width": 2320,
        "processing_height": 2320,
        "processing_target_width": 2320,
        "processing_target_height": 2320,
        "processing_requires_padding": false,
        "core_bbox_pixels": {
          "x0": 4000,
          "y0": 2000,
          "x1": 6000,
          "y1": 4000
        },
        "requested_bbox_pixels": {
          "x0": 4000,
          "y0": 2000,
          "x1": 6000,
          "y1": 4000
        },
        "halo_pixels": 160,
        "polarization": "VV",
        "display_bounds_lonlat": {
          "west": -38.38439209046449,
          "south": -12.412249760116293,
          "east": -38.129763095819115,
          "north": -12.157382768632623
        },
        "cfar_detection_count": 0,
        "yolo_detection_count": 0,
        "processing_bounds_lonlat": {
          "west": -38.38439209046449,
          "south": -12.412249760116293,
          "east": -38.129763095819115,
          "north": -12.157382768632623
        },
        "cfar_count": 0,
        "yolo_count": 0,
        "has_cfar_detection": false,
        "has_yolo_detection": false,
        "has_detection": false
      }
    },
    {
      "type": "Feature",
      "geometry": {
        "type": "Polygon",
        "coordinates": [
          [
            [
              -38.326418339048615,
              -12.174946730737547
            ],
            [
              -38.36688154750338,
              -12.354089273460914
            ],
            [
              -38.545947132618295,
              -12.313417805653323
            ],
            [
              -38.50537754175492,
              -12.134322502293841
            ],
            [
              -38.326418339048615,
              -12.174946730737547
            ]
          ]
        ]
      },
      "properties": {
        "patch_id": 16,
        "tile_id": 16,
        "patch_number": 17,
        "patch_label": "P017",
        "name": "patch_0017_VV",
        "x_start": 6000,
        "y_start": 2000,
        "valid_x_end": 8000,
        "valid_y_end": 4000,
        "width": 2000,
        "height": 2000,
        "target_width": 2000,
        "target_height": 2000,
        "requires_padding": false,
        "processing_bbox_pixels": {
          "x0": 5840,
          "y0": 1840,
          "x1": 8160,
          "y1": 4160
        },
        "processing_requested_bbox_pixels": {
          "x0": 5840,
          "y0": 1840,
          "x1": 8160,
          "y1": 4160
        },
        "processing_width": 2320,
        "processing_height": 2320,
        "processing_target_width": 2320,
        "processing_target_height": 2320,
        "processing_requires_padding": false,
        "core_bbox_pixels": {
          "x0": 6000,
          "y0": 2000,
          "x1": 8000,
          "y1": 4000
        },
        "requested_bbox_pixels": {
          "x0": 6000,
          "y0": 2000,
          "x1": 8000,
          "y1": 4000
        },
        "halo_pixels": 160,
        "polarization": "VV",
        "display_bounds_lonlat": {
          "west": -38.56355099226466,
          "south": -12.37167254720998,
          "east": -38.30885351110653,
          "north": -12.116730321790115
        },
        "cfar_detection_count": 0,
        "yolo_detection_count": 0,
        "processing_bounds_lonlat": {
          "west": -38.56355099226466,
          "south": -12.37167254720998,
          "east": -38.30885351110653,
          "north": -12.116730321790115
        },
        "cfar_count": 0,
        "yolo_count": 0,
        "has_cfar_detection": false,
        "has_yolo_detection": false,
        "has_detection": false
      }
    },
    {
      "type": "Feature",
      "geometry": {
        "type": "Polygon",
        "coordinates": [
          [
            [
              -38.505467044652015,
              -12.134302139691693
            ],
            [
              -38.54603669268259,
              -12.313397418555557
            ],
            [
              -38.72504972262608,
              -12.272607681400622
            ],
            [
              -38.684365787625104,
              -12.093562038453516
            ],
            [
              -38.505467044652015,
              -12.134302139691693
            ]
          ]
        ]
      },
      "properties": {
        "patch_id": 17,
        "tile_id": 17,
        "patch_number": 18,
        "patch_label": "P018",
        "name": "patch_0018_VV",
        "x_start": 8000,
        "y_start": 2000,
        "valid_x_end": 10000,
        "valid_y_end": 4000,
        "width": 2000,
        "height": 2000,
        "target_width": 2000,
        "target_height": 2000,
        "requires_padding": false,
        "processing_bbox_pixels": {
          "x0": 7840,
          "y0": 1840,
          "x1": 10160,
          "y1": 4160
        },
        "processing_requested_bbox_pixels": {
          "x0": 7840,
          "y0": 1840,
          "x1": 10160,
          "y1": 4160
        },
        "processing_width": 2320,
        "processing_height": 2320,
        "processing_target_width": 2320,
        "processing_target_height": 2320,
        "processing_requires_padding": false,
        "core_bbox_pixels": {
          "x0": 8000,
          "y0": 2000,
          "x1": 10000,
          "y1": 4000
        },
        "requested_bbox_pixels": {
          "x0": 8000,
          "y0": 2000,
          "x1": 10000,
          "y1": 4000
        },
        "halo_pixels": 160,
        "polarization": "VV",
        "display_bounds_lonlat": {
          "west": -38.74265939053579,
          "south": -12.33098891298927,
          "east": -38.48789948716376,
          "north": -12.075968019835535
        },
        "cfar_detection_count": 0,
        "yolo_detection_count": 0,
        "processing_bounds_lonlat": {
          "west": -38.74265939053579,
          "south": -12.33098891298927,
          "east": -38.48789948716376,
          "north": -12.075968019835535
        },
        "cfar_count": 0,
        "yolo_count": 0,
        "has_cfar_detection": false,
        "has_yolo_detection": false,
        "has_detection": false
      }
    },
    {
      "type": "Feature",
      "geometry": {
        "type": "Polygon",
        "coordinates": [
          [
            [
              -38.684455272493075,
              -12.09354163956305
            ],
            [
              -38.725139264673736,
              -12.272587257325839
            ],
            [
              -38.904094381203414,
              -12.231681362940751
            ],
            [
              -38.863302637616435,
              -12.052686569516583
            ],
            [
              -38.684455272493075,
              -12.09354163956305
            ]
          ]
        ]
      },
      "properties": {
        "patch_id": 18,
        "tile_id": 18,
        "patch_number": 19,
        "patch_label": "P019",
        "name": "patch_0019_VV",
        "x_start": 10000,
        "y_start": 2000,
        "valid_x_end": 12000,
        "valid_y_end": 4000,
        "width": 2000,
        "height": 2000,
        "target_width": 2000,
        "target_height": 2000,
        "requires_padding": false,
        "processing_bbox_pixels": {
          "x0": 9840,
          "y0": 1840,
          "x1": 12160,
          "y1": 4160
        },
        "processing_requested_bbox_pixels": {
          "x0": 9840,
          "y0": 1840,
          "x1": 12160,
          "y1": 4160
        },
        "processing_width": 2320,
        "processing_height": 2320,
        "processing_target_width": 2320,
        "processing_target_height": 2320,
        "processing_requires_padding": false,
        "core_bbox_pixels": {
          "x0": 10000,
          "y0": 2000,
          "x1": 12000,
          "y1": 4000
        },
        "requested_bbox_pixels": {
          "x0": 10000,
          "y0": 2000,
          "x1": 12000,
          "y1": 4000
        },
        "halo_pixels": 160,
        "polarization": "VV",
        "display_bounds_lonlat": {
          "west": -38.921707344741655,
          "south": -12.290180746823271,
          "east": -38.66688157234964,
          "north": -12.035084790857283
        },
        "cfar_detection_count": 0,
        "yolo_detection_count": 0,
        "processing_bounds_lonlat": {
          "west": -38.921707344741655,
          "south": -12.290180746823271,
          "east": -38.66688157234964,
          "north": -12.035084790857283
        },
        "cfar_count": 0,
        "yolo_count": 0,
        "has_cfar_detection": false,
        "has_yolo_detection": false,
        "has_detection": false
      }
    },
    {
      "type": "Feature",
      "geometry": {
        "type": "Polygon",
        "coordinates": [
          [
            [
              -38.863392092147805,
              -12.05266609662124
            ],
            [
              -38.904183887501894,
              -12.231660863969427
            ],
            [
              -39.083088397182024,
              -12.190642522708455
            ],
            [
              -39.04218883685374,
              -12.01170075281415
            ],
            [
              -38.863392092147805,
              -12.05266609662124
            ]
          ]
        ]
      },
      "properties": {
        "patch_id": 19,
        "tile_id": 19,
        "patch_number": 20,
        "patch_label": "P020",
        "name": "patch_0020_VV",
        "x_start": 12000,
        "y_start": 2000,
        "valid_x_end": 14000,
        "valid_y_end": 4000,
        "width": 2000,
        "height": 2000,
        "target_width": 2000,
        "target_height": 2000,
        "requires_padding": false,
        "processing_bbox_pixels": {
          "x0": 11840,
          "y0": 1840,
          "x1": 14160,
          "y1": 4160
        },
        "processing_requested_bbox_pixels": {
          "x0": 11840,
          "y0": 1840,
          "x1": 14160,
          "y1": 4160
        },
        "processing_width": 2320,
        "processing_height": 2320,
        "processing_target_width": 2320,
        "processing_target_height": 2320,
        "processing_requires_padding": false,
        "core_bbox_pixels": {
          "x0": 12000,
          "y0": 2000,
          "x1": 14000,
          "y1": 4000
        },
        "requested_bbox_pixels": {
          "x0": 12000,
          "y0": 2000,
          "x1": 14000,
          "y1": 4000
        },
        "halo_pixels": 160,
        "polarization": "VV",
        "display_bounds_lonlat": {
          "west": -39.10070733986786,
          "south": -12.249262304552277,
          "east": -38.84581465843269,
          "north": -11.994097211979504
        },
        "cfar_detection_count": 0,
        "yolo_detection_count": 0,
        "processing_bounds_lonlat": {
          "west": -39.10070733986786,
          "south": -12.249262304552277,
          "east": -38.84581465843269,
          "north": -11.994097211979504
        },
        "cfar_count": 0,
        "yolo_count": 0,
        "has_cfar_detection": false,
        "has_yolo_detection": false,
        "has_detection": false
      }
    },
    {
      "type": "Feature",
      "geometry": {
        "type": "Polygon",
        "coordinates": [
          [
            [
              -39.04227827051309,
              -12.01168024363049
            ],
            [
              -39.08317788649122,
              -12.190621986658632
            ],
            [
              -39.262027691850236,
              -12.149483941660417
            ],
            [
              -39.22101723243663,
              -11.97059667887541
            ],
            [
              -39.04227827051309,
              -12.01168024363049
            ]
          ]
        ]
      },
      "properties": {
        "patch_id": 20,
        "tile_id": 20,
        "patch_number": 21,
        "patch_label": "P021",
        "name": "patch_0021_VV",
        "x_start": 14000,
        "y_start": 2000,
        "valid_x_end": 16000,
        "valid_y_end": 4000,
        "width": 2000,
        "height": 2000,
        "target_width": 2000,
        "target_height": 2000,
        "requires_padding": false,
        "processing_bbox_pixels": {
          "x0": 13840,
          "y0": 1840,
          "x1": 16160,
          "y1": 4160
        },
        "processing_requested_bbox_pixels": {
          "x0": 13840,
          "y0": 1840,
          "x1": 16160,
          "y1": 4160
        },
        "processing_width": 2320,
        "processing_height": 2320,
        "processing_target_width": 2320,
        "processing_target_height": 2320,
        "processing_requires_padding": false,
        "core_bbox_pixels": {
          "x0": 14000,
          "y0": 2000,
          "x1": 16000,
          "y1": 4000
        },
        "requested_bbox_pixels": {
          "x0": 14000,
          "y0": 2000,
          "x1": 16000,
          "y1": 4000
        },
        "halo_pixels": 160,
        "polarization": "VV",
        "display_bounds_lonlat": {
          "west": -39.27964896321687,
          "south": -12.208225125853065,
          "east": -39.024695569551724,
          "north": -11.952986090220037
        },
        "cfar_detection_count": 0,
        "yolo_detection_count": 0,
        "processing_bounds_lonlat": {
          "west": -39.27964896321687,
          "south": -12.208225125853065,
          "east": -39.024695569551724,
          "north": -11.952986090220037
        },
        "cfar_count": 0,
        "yolo_count": 0,
        "has_cfar_detection": false,
        "has_yolo_detection": false,
        "has_detection": false
      }
    },
    {
      "type": "Feature",
      "geometry": {
        "type": "Polygon",
        "coordinates": [
          [
            [
              -39.22110663286447,
              -11.97057609711511
            ],
            [
              -39.262117144659314,
              -12.149463331555076
            ],
            [
              -39.44091063439795,
              -12.10821887598334
            ],
            [
              -39.39979547469951,
              -11.92938757844875
            ],
            [
              -39.22110663286447,
              -11.97057609711511
            ]
          ]
        ]
      },
      "properties": {
        "patch_id": 21,
        "tile_id": 21,
        "patch_number": 22,
        "patch_label": "P022",
        "name": "patch_0022_VV",
        "x_start": 16000,
        "y_start": 2000,
        "valid_x_end": 18000,
        "valid_y_end": 4000,
        "width": 2000,
        "height": 2000,
        "target_width": 2000,
        "target_height": 2000,
        "requires_padding": false,
        "processing_bbox_pixels": {
          "x0": 15840,
          "y0": 1840,
          "x1": 18160,
          "y1": 4160
        },
        "processing_requested_bbox_pixels": {
          "x0": 15840,
          "y0": 1840,
          "x1": 18160,
          "y1": 4160
        },
        "processing_width": 2320,
        "processing_height": 2320,
        "processing_target_width": 2320,
        "processing_target_height": 2320,
        "processing_requires_padding": false,
        "core_bbox_pixels": {
          "x0": 16000,
          "y0": 2000,
          "x1": 18000,
          "y1": 4000
        },
        "requested_bbox_pixels": {
          "x0": 16000,
          "y0": 2000,
          "x1": 18000,
          "y1": 4000
        },
        "halo_pixels": 160,
        "polarization": "VV",
        "display_bounds_lonlat": {
          "west": -39.45853618675042,
          "south": -12.167073995817844,
          "east": -39.203520401925914,
          "north": -11.911771753021494
        },
        "cfar_detection_count": 0,
        "yolo_detection_count": 0,
        "processing_bounds_lonlat": {
          "west": -39.45853618675042,
          "south": -12.167073995817844,
          "east": -39.203520401925914,
          "north": -11.911771753021494
        },
        "cfar_count": 0,
        "yolo_count": 0,
        "has_cfar_detection": false,
        "has_yolo_detection": false,
        "has_detection": false
      }
    },
    {
      "type": "Feature",
      "geometry": {
        "type": "Polygon",
        "coordinates": [
          [
            [
              -39.39988485678717,
              -11.929366959762271
            ],
            [
              -39.441000068814716,
              -12.108198229539038
            ],
            [
              -39.61973744206834,
              -12.06682964792548
            ],
            [
              -39.578514634005614,
              -11.888056305322586
            ],
            [
              -39.39988485678717,
              -11.929366959762271
            ]
          ]
        ]
      },
      "properties": {
        "patch_id": 22,
        "tile_id": 22,
        "patch_number": 23,
        "patch_label": "P023",
        "name": "patch_0023_VV",
        "x_start": 18000,
        "y_start": 2000,
        "valid_x_end": 20000,
        "valid_y_end": 4000,
        "width": 2000,
        "height": 2000,
        "target_width": 2000,
        "target_height": 2000,
        "requires_padding": false,
        "processing_bbox_pixels": {
          "x0": 17840,
          "y0": 1840,
          "x1": 20160,
          "y1": 4160
        },
        "processing_requested_bbox_pixels": {
          "x0": 17840,
          "y0": 1840,
          "x1": 20160,
          "y1": 4160
        },
        "processing_width": 2320,
        "processing_height": 2320,
        "processing_target_width": 2320,
        "processing_target_height": 2320,
        "processing_requires_padding": false,
        "core_bbox_pixels": {
          "x0": 18000,
          "y0": 2000,
          "x1": 20000,
          "y1": 4000
        },
        "requested_bbox_pixels": {
          "x0": 18000,
          "y0": 2000,
          "x1": 20000,
          "y1": 4000
        },
        "halo_pixels": 160,
        "polarization": "VV",
        "display_bounds_lonlat": {
          "west": -39.63736711770095,
          "south": -12.125810212795074,
          "east": -39.382293240144634,
          "north": -11.870437432154374
        },
        "cfar_detection_count": 0,
        "yolo_detection_count": 0,
        "processing_bounds_lonlat": {
          "west": -39.63736711770095,
          "south": -12.125810212795074,
          "east": -39.382293240144634,
          "north": -11.870437432154374
        },
        "cfar_count": 0,
        "yolo_count": 0,
        "has_cfar_detection": false,
        "has_yolo_detection": false,
        "has_detection": false
      }
    },
    {
      "type": "Feature",
      "geometry": {
        "type": "Polygon",
        "coordinates": [
          [
            [
              -39.57860398132729,
              -11.888035614748174
            ],
            [
              -39.619826840304114,
              -12.06680892742566
            ],
            [
              -39.798511860009896,
              -12.025336383822257
            ],
            [
              -39.75718720937155,
              -11.846622907488214
            ],
            [
              -39.57860398132729,
              -11.888035614748174
            ]
          ]
        ]
      },
      "properties": {
        "patch_id": 23,
        "tile_id": 23,
        "patch_number": 24,
        "patch_label": "P024",
        "name": "patch_0024_VV",
        "x_start": 20000,
        "y_start": 2000,
        "valid_x_end": 22000,
        "valid_y_end": 4000,
        "width": 2000,
        "height": 2000,
        "target_width": 2000,
        "target_height": 2000,
        "requires_padding": false,
        "processing_bbox_pixels": {
          "x0": 19840,
          "y0": 1840,
          "x1": 22160,
          "y1": 4160
        },
        "processing_requested_bbox_pixels": {
          "x0": 19840,
          "y0": 1840,
          "x1": 22160,
          "y1": 4160
        },
        "processing_width": 2320,
        "processing_height": 2320,
        "processing_target_width": 2320,
        "processing_target_height": 2320,
        "processing_requires_padding": false,
        "core_bbox_pixels": {
          "x0": 20000,
          "y0": 2000,
          "x1": 22000,
          "y1": 4000
        },
        "requested_bbox_pixels": {
          "x0": 20000,
          "y0": 2000,
          "x1": 22000,
          "y1": 4000
        },
        "halo_pixels": 160,
        "polarization": "VV",
        "display_bounds_lonlat": {
          "west": -39.81614532611434,
          "south": -12.084428092899135,
          "east": -39.56100936705927,
          "north": -11.82899723326182
        },
        "cfar_detection_count": 0,
        "yolo_detection_count": 0,
        "processing_bounds_lonlat": {
          "west": -39.81614532611434,
          "south": -12.084428092899135,
          "east": -39.56100936705927,
          "north": -11.82899723326182
        },
        "cfar_count": 0,
        "yolo_count": 0,
        "has_cfar_detection": false,
        "has_yolo_detection": false,
        "has_detection": false
      }
    },
    {
      "type": "Feature",
      "geometry": {
        "type": "Polygon",
        "coordinates": [
          [
            [
              -39.757276523740295,
              -11.84660214443884
            ],
            [
              -39.79860122795902,
              -12.025315590644519
            ],
            [
              -39.97723074026761,
              -11.98372144412454
            ],
            [
              -39.93579985028745,
              -11.805068846077699
            ],
            [
              -39.757276523740295,
              -11.84660214443884
            ]
          ]
        ]
      },
      "properties": {
        "patch_id": 24,
        "tile_id": 24,
        "patch_number": 25,
        "patch_label": "P025",
        "name": "patch_0025_VV",
        "x_start": 22000,
        "y_start": 2000,
        "valid_x_end": 24000,
        "valid_y_end": 4000,
        "width": 2000,
        "height": 2000,
        "target_width": 2000,
        "target_height": 2000,
        "requires_padding": false,
        "processing_bbox_pixels": {
          "x0": 21840,
          "y0": 1840,
          "x1": 24160,
          "y1": 4160
        },
        "processing_requested_bbox_pixels": {
          "x0": 21840,
          "y0": 1840,
          "x1": 24160,
          "y1": 4160
        },
        "processing_width": 2320,
        "processing_height": 2320,
        "processing_target_width": 2320,
        "processing_target_height": 2320,
        "processing_requires_padding": false,
        "core_bbox_pixels": {
          "x0": 22000,
          "y0": 2000,
          "x1": 24000,
          "y1": 4000
        },
        "requested_bbox_pixels": {
          "x0": 22000,
          "y0": 2000,
          "x1": 24000,
          "y1": 4000
        },
        "halo_pixels": 160,
        "polarization": "VV",
        "display_bounds_lonlat": {
          "west": -39.99486868044329,
          "south": -12.042938685281596,
          "east": -39.73967762437561,
          "north": -11.78744236236591
        },
        "cfar_detection_count": 0,
        "yolo_detection_count": 0,
        "processing_bounds_lonlat": {
          "west": -39.99486868044329,
          "south": -12.042938685281596,
          "east": -39.73967762437561,
          "north": -11.78744236236591
        },
        "cfar_count": 0,
        "yolo_count": 0,
        "has_cfar_detection": false,
        "has_yolo_detection": false,
        "has_detection": false
      }
    },
    {
      "type": "Feature",
      "geometry": {
        "type": "Polygon",
        "coordinates": [
          [
            [
              -39.935889144317976,
              -11.805048047479552
            ],
            [
              -39.977320086704054,
              -11.983700614607844
            ],
            [
              -40.137141213356735,
              -11.946390060468525
            ],
            [
              -40.095618073975594,
              -11.767793724621075
            ],
            [
              -39.935889144317976,
              -11.805048047479552
            ]
          ]
        ]
      },
      "properties": {
        "patch_id": 25,
        "tile_id": 25,
        "patch_number": 26,
        "patch_label": "P026",
        "name": "patch_0026_VV",
        "x_start": 24000,
        "y_start": 2000,
        "valid_x_end": 25791,
        "valid_y_end": 4000,
        "width": 2000,
        "height": 2000,
        "target_width": 2000,
        "target_height": 2000,
        "requires_padding": true,
        "processing_bbox_pixels": {
          "x0": 23840,
          "y0": 1840,
          "x1": 25791,
          "y1": 4160
        },
        "processing_requested_bbox_pixels": {
          "x0": 23840,
          "y0": 1840,
          "x1": 26160,
          "y1": 4160
        },
        "processing_width": 1951,
        "processing_height": 2320,
        "processing_target_width": 1951,
        "processing_target_height": 2320,
        "processing_requires_padding": false,
        "core_bbox_pixels": {
          "x0": 24000,
          "y0": 2000,
          "x1": 25791,
          "y1": 4000
        },
        "requested_bbox_pixels": {
          "x0": 24000,
          "y0": 2000,
          "x1": 26000,
          "y1": 4000
        },
        "halo_pixels": 160,
        "polarization": "VV",
        "display_bounds_lonlat": {
          "west": -40.14049074639726,
          "south": -12.00132758015784,
          "east": -39.91828652659548,
          "north": -11.75349910937318
        },
        "cfar_detection_count": 0,
        "yolo_detection_count": 0,
        "processing_bounds_lonlat": {
          "west": -40.14049074639726,
          "south": -12.00132758015784,
          "east": -39.91828652659548,
          "north": -11.75349910937318
        },
        "cfar_count": 0,
        "yolo_count": 0,
        "has_cfar_detection": false,
        "has_yolo_detection": false,
        "has_detection": false
      }
    },
    {
      "type": "Feature",
      "geometry": {
        "type": "Polygon",
        "coordinates": [
          [
            [
              -37.8291056864681,
              -12.47556407100694
            ],
            [
              -37.869514316576186,
              -12.654779176704297
            ],
            [
              -38.048858287992914,
              -12.614408618883383
            ],
            [
              -38.00833300766601,
              -12.435235339015776
            ],
            [
              -37.8291056864681,
              -12.47556407100694
            ]
          ]
        ]
      },
      "properties": {
        "patch_id": 26,
        "tile_id": 26,
        "patch_number": 27,
        "patch_label": "P027",
        "name": "patch_0027_VV",
        "x_start": 0,
        "y_start": 4000,
        "valid_x_end": 2000,
        "valid_y_end": 6000,
        "width": 2000,
        "height": 2000,
        "target_width": 2000,
        "target_height": 2000,
        "requires_padding": false,
        "processing_bbox_pixels": {
          "x0": 0,
          "y0": 3840,
          "x1": 2160,
          "y1": 6160
        },
        "processing_requested_bbox_pixels": {
          "x0": -160,
          "y0": 3840,
          "x1": 2160,
          "y1": 6160
        },
        "processing_width": 2160,
        "processing_height": 2320,
        "processing_target_width": 2160,
        "processing_target_height": 2320,
        "processing_requires_padding": false,
        "core_bbox_pixels": {
          "x0": 0,
          "y0": 4000,
          "x1": 2000,
          "y1": 6000
        },
        "requested_bbox_pixels": {
          "x0": 0,
          "y0": 4000,
          "x1": 2000,
          "y1": 6000
        },
        "halo_pixels": 160,
        "polarization": "VV",
        "display_bounds_lonlat": {
          "west": -38.06644318456566,
          "south": -12.669126716595102,
          "east": -37.82586847674476,
          "north": -12.417663501723878
        },
        "cfar_detection_count": 0,
        "yolo_detection_count": 0,
        "processing_bounds_lonlat": {
          "west": -38.06644318456566,
          "south": -12.669126716595102,
          "east": -37.82586847674476,
          "north": -12.417663501723878
        },
        "cfar_count": 0,
        "yolo_count": 0,
        "has_cfar_detection": false,
        "has_yolo_detection": false,
        "has_detection": false
      }
    },
    {
      "type": "Feature",
      "geometry": {
        "type": "Polygon",
        "coordinates": [
          [
            [
              -38.00842265700254,
              -12.435215140156515
            ],
            [
              -38.04894799300543,
              -12.61438839868923
            ],
            [
              -38.228240062951166,
              -12.57390841617759
            ],
            [
              -38.18760183550595,
              -12.39477985258564
            ],
            [
              -38.00842265700254,
              -12.435215140156515
            ]
          ]
        ]
      },
      "properties": {
        "patch_id": 27,
        "tile_id": 27,
        "patch_number": 28,
        "patch_label": "P028",
        "name": "patch_0028_VV",
        "x_start": 2000,
        "y_start": 4000,
        "valid_x_end": 4000,
        "valid_y_end": 6000,
        "width": 2000,
        "height": 2000,
        "target_width": 2000,
        "target_height": 2000,
        "requires_padding": false,
        "processing_bbox_pixels": {
          "x0": 1840,
          "y0": 3840,
          "x1": 4160,
          "y1": 6160
        },
        "processing_requested_bbox_pixels": {
          "x0": 1840,
          "y0": 3840,
          "x1": 4160,
          "y1": 6160
        },
        "processing_width": 2320,
        "processing_height": 2320,
        "processing_target_width": 2320,
        "processing_target_height": 2320,
        "processing_requires_padding": false,
        "core_bbox_pixels": {
          "x0": 2000,
          "y0": 4000,
          "x1": 4000,
          "y1": 6000
        },
        "requested_bbox_pixels": {
          "x0": 2000,
          "y0": 4000,
          "x1": 4000,
          "y1": 6000
        },
        "halo_pixels": 160,
        "polarization": "VV",
        "display_bounds_lonlat": {
          "west": -38.24582856353825,
          "south": -12.631968027577397,
          "east": -37.99083287557323,
          "north": -12.377199528466956
        },
        "cfar_detection_count": 0,
        "yolo_detection_count": 0,
        "processing_bounds_lonlat": {
          "west": -38.24582856353825,
          "south": -12.631968027577397,
          "east": -37.99083287557323,
          "north": -12.377199528466956
        },
        "cfar_count": 0,
        "yolo_count": 0,
        "has_cfar_detection": false,
        "has_yolo_detection": false,
        "has_detection": false
      }
    },
    {
      "type": "Feature",
      "geometry": {
        "type": "Polygon",
        "coordinates": [
          [
            [
              -38.187691448638375,
              -12.394759578089507
            ],
            [
              -38.22832973168046,
              -12.573888118766204
            ],
            [
              -38.407562197994125,
              -12.53328190018083
            ],
            [
              -38.36681235554182,
              -12.354199167099171
            ],
            [
              -38.187691448638375,
              -12.394759578089507
            ]
          ]
        ]
      },
      "properties": {
        "patch_id": 28,
        "tile_id": 28,
        "patch_number": 29,
        "patch_label": "P029",
        "name": "patch_0029_VV",
        "x_start": 4000,
        "y_start": 4000,
        "valid_x_end": 6000,
        "valid_y_end": 6000,
        "width": 2000,
        "height": 2000,
        "target_width": 2000,
        "target_height": 2000,
        "requires_padding": false,
        "processing_bbox_pixels": {
          "x0": 3840,
          "y0": 3840,
          "x1": 6160,
          "y1": 6160
        },
        "processing_requested_bbox_pixels": {
          "x0": 3840,
          "y0": 3840,
          "x1": 6160,
          "y1": 6160
        },
        "processing_width": 2320,
        "processing_height": 2320,
        "processing_target_width": 2320,
        "processing_target_height": 2320,
        "processing_requires_padding": false,
        "core_bbox_pixels": {
          "x0": 4000,
          "y0": 4000,
          "x1": 6000,
          "y1": 6000
        },
        "requested_bbox_pixels": {
          "x0": 4000,
          "y0": 4000,
          "x1": 6000,
          "y1": 6000
        },
        "halo_pixels": 160,
        "polarization": "VV",
        "display_bounds_lonlat": {
          "west": -38.425157206789244,
          "south": -12.591475481964423,
          "east": -38.17009802496829,
          "north": -12.336616476605828
        },
        "cfar_detection_count": 0,
        "yolo_detection_count": 0,
        "processing_bounds_lonlat": {
          "west": -38.425157206789244,
          "south": -12.591475481964423,
          "east": -38.17009802496829,
          "north": -12.336616476605828
        },
        "cfar_count": 0,
        "yolo_count": 0,
        "has_cfar_detection": false,
        "has_yolo_detection": false,
        "has_detection": false
      }
    },
    {
      "type": "Feature",
      "geometry": {
        "type": "Polygon",
        "coordinates": [
          [
            [
              -38.36690194976095,
              -12.354178854886483
            ],
            [
              -38.40765184832182,
              -12.533261565052884
            ],
            [
              -38.586831847453425,
              -12.492542637573695
            ],
            [
              -38.54596759246648,
              -12.313507363447393
            ],
            [
              -38.36690194976095,
              -12.354178854886483
            ]
          ]
        ]
      },
      "properties": {
        "patch_id": 29,
        "tile_id": 29,
        "patch_number": 30,
        "patch_label": "P030",
        "name": "patch_0030_VV",
        "x_start": 6000,
        "y_start": 4000,
        "valid_x_end": 8000,
        "valid_y_end": 6000,
        "width": 2000,
        "height": 2000,
        "target_width": 2000,
        "target_height": 2000,
        "requires_padding": false,
        "processing_bbox_pixels": {
          "x0": 5840,
          "y0": 3840,
          "x1": 8160,
          "y1": 6160
        },
        "processing_requested_bbox_pixels": {
          "x0": 5840,
          "y0": 3840,
          "x1": 8160,
          "y1": 6160
        },
        "processing_width": 2320,
        "processing_height": 2320,
        "processing_target_width": 2320,
        "processing_target_height": 2320,
        "processing_requires_padding": false,
        "core_bbox_pixels": {
          "x0": 6000,
          "y0": 4000,
          "x1": 8000,
          "y1": 6000
        },
        "requested_bbox_pixels": {
          "x0": 6000,
          "y0": 4000,
          "x1": 8000,
          "y1": 6000
        },
        "halo_pixels": 160,
        "polarization": "VV",
        "display_bounds_lonlat": {
          "west": -38.60442996857118,
          "south": -12.550852421910543,
          "east": -38.34930320786144,
          "north": -12.295916492493928
        },
        "cfar_detection_count": 0,
        "yolo_detection_count": 0,
        "processing_bounds_lonlat": {
          "west": -38.60442996857118,
          "south": -12.550852421910543,
          "east": -38.34930320786144,
          "north": -12.295916492493928
        },
        "cfar_count": 0,
        "yolo_count": 0,
        "has_cfar_detection": false,
        "has_yolo_detection": false,
        "has_detection": false
      }
    },
    {
      "type": "Feature",
      "geometry": {
        "type": "Polygon",
        "coordinates": [
          [
            [
              -38.546057152557275,
              -12.313486976337371
            ],
            [
              -38.58692146178478,
              -12.49252222596806
            ],
            [
              -38.7660440065875,
              -12.45168334938641
            ],
            [
              -38.72507023659075,
              -12.27269721468682
            ],
            [
              -38.546057152557275,
              -12.313486976337371
            ]
          ]
        ]
      },
      "properties": {
        "patch_id": 30,
        "tile_id": 30,
        "patch_number": 31,
        "patch_label": "P031",
        "name": "patch_0031_VV",
        "x_start": 8000,
        "y_start": 4000,
        "valid_x_end": 10000,
        "valid_y_end": 6000,
        "width": 2000,
        "height": 2000,
        "target_width": 2000,
        "target_height": 2000,
        "requires_padding": false,
        "processing_bbox_pixels": {
          "x0": 7840,
          "y0": 3840,
          "x1": 10160,
          "y1": 6160
        },
        "processing_requested_bbox_pixels": {
          "x0": 7840,
          "y0": 3840,
          "x1": 10160,
          "y1": 6160
        },
        "processing_width": 2320,
        "processing_height": 2320,
        "processing_target_width": 2320,
        "processing_target_height": 2320,
        "processing_requires_padding": false,
        "core_bbox_pixels": {
          "x0": 8000,
          "y0": 4000,
          "x1": 10000,
          "y1": 6000
        },
        "requested_bbox_pixels": {
          "x0": 8000,
          "y0": 4000,
          "x1": 10000,
          "y1": 6000
        },
        "halo_pixels": 160,
        "polarization": "VV",
        "display_bounds_lonlat": {
          "west": -38.78364857463896,
          "south": -12.510121474935815,
          "east": -38.528454644696964,
          "north": -12.255104348669638
        },
        "cfar_detection_count": 0,
        "yolo_detection_count": 0,
        "processing_bounds_lonlat": {
          "west": -38.78364857463896,
          "south": -12.510121474935815,
          "east": -38.528454644696964,
          "north": -12.255104348669638
        },
        "cfar_count": 0,
        "yolo_count": 0,
        "has_cfar_detection": false,
        "has_yolo_detection": false,
        "has_detection": false
      }
    },
    {
      "type": "Feature",
      "geometry": {
        "type": "Polygon",
        "coordinates": [
          [
            [
              -38.72515977866607,
              -12.272676790599782
            ],
            [
              -38.76613360396688,
              -12.45166290065124
            ],
            [
              -38.9452013610868,
              -12.41070612985314
            ],
            [
              -38.904114951615306,
              -12.231770870898993
            ],
            [
              -38.72515977866607,
              -12.272676790599782
            ]
          ]
        ]
      },
      "properties": {
        "patch_id": 31,
        "tile_id": 31,
        "patch_number": 32,
        "patch_label": "P032",
        "name": "patch_0032_VV",
        "x_start": 10000,
        "y_start": 4000,
        "valid_x_end": 12000,
        "valid_y_end": 6000,
        "width": 2000,
        "height": 2000,
        "target_width": 2000,
        "target_height": 2000,
        "requires_padding": false,
        "processing_bbox_pixels": {
          "x0": 9840,
          "y0": 3840,
          "x1": 12160,
          "y1": 6160
        },
        "processing_requested_bbox_pixels": {
          "x0": 9840,
          "y0": 3840,
          "x1": 12160,
          "y1": 6160
        },
        "processing_width": 2320,
        "processing_height": 2320,
        "processing_target_width": 2320,
        "processing_target_height": 2320,
        "processing_requires_padding": false,
        "core_bbox_pixels": {
          "x0": 10000,
          "y0": 4000,
          "x1": 12000,
          "y1": 6000
        },
        "requested_bbox_pixels": {
          "x0": 10000,
          "y0": 4000,
          "x1": 12000,
          "y1": 6000
        },
        "halo_pixels": 160,
        "polarization": "VV",
        "display_bounds_lonlat": {
          "west": -38.96280902418545,
          "south": -12.469264117688216,
          "east": -38.707551514708484,
          "north": -12.214170094020929
        },
        "cfar_detection_count": 0,
        "yolo_detection_count": 0,
        "processing_bounds_lonlat": {
          "west": -38.96280902418545,
          "south": -12.469264117688216,
          "east": -38.707551514708484,
          "north": -12.214170094020929
        },
        "cfar_count": 0,
        "yolo_count": 0,
        "has_cfar_detection": false,
        "has_yolo_detection": false,
        "has_detection": false
      }
    },
    {
      "type": "Feature",
      "geometry": {
        "type": "Polygon",
        "coordinates": [
          [
            [
              -38.904204457940466,
              -12.231750371914623
            ],
            [
              -38.94529092162212,
              -12.410685604792791
            ],
            [
              -39.12430464269349,
              -12.369614407790417
            ],
            [
              -39.08310902226093,
              -12.190732004141669
            ],
            [
              -38.904204457940466,
              -12.231750371914623
            ]
          ]
        ]
      },
      "properties": {
        "patch_id": 32,
        "tile_id": 32,
        "patch_number": 33,
        "patch_label": "P033",
        "name": "patch_0033_VV",
        "x_start": 12000,
        "y_start": 4000,
        "valid_x_end": 14000,
        "valid_y_end": 6000,
        "width": 2000,
        "height": 2000,
        "target_width": 2000,
        "target_height": 2000,
        "requires_padding": false,
        "processing_bbox_pixels": {
          "x0": 11840,
          "y0": 3840,
          "x1": 14160,
          "y1": 6160
        },
        "processing_requested_bbox_pixels": {
          "x0": 11840,
          "y0": 3840,
          "x1": 14160,
          "y1": 6160
        },
        "processing_width": 2320,
        "processing_height": 2320,
        "processing_target_width": 2320,
        "processing_target_height": 2320,
        "processing_requires_padding": false,
        "core_bbox_pixels": {
          "x0": 12000,
          "y0": 4000,
          "x1": 14000,
          "y1": 6000
        },
        "requested_bbox_pixels": {
          "x0": 12000,
          "y0": 4000,
          "x1": 14000,
          "y1": 6000
        },
        "halo_pixels": 160,
        "polarization": "VV",
        "display_bounds_lonlat": {
          "west": -39.14191824463663,
          "south": -12.428294889776092,
          "east": -38.886592855096445,
          "north": -12.173129354201606
        },
        "cfar_detection_count": 0,
        "yolo_detection_count": 0,
        "processing_bounds_lonlat": {
          "west": -39.14191824463663,
          "south": -12.428294889776092,
          "east": -38.886592855096445,
          "north": -12.173129354201606
        },
        "cfar_count": 0,
        "yolo_count": 0,
        "has_cfar_detection": false,
        "has_yolo_detection": false,
        "has_detection": false
      }
    },
    {
      "type": "Feature",
      "geometry": {
        "type": "Polygon",
        "coordinates": [
          [
            [
              -39.083198511597985,
              -12.190711468078405
            ],
            [
              -39.12439418695433,
              -12.369593845013508
            ],
            [
              -39.303347661812445,
              -12.32840148513287
            ],
            [
              -39.26204836754965,
              -12.14957339600694
            ],
            [
              -39.083198511597985,
              -12.190711468078405
            ]
          ]
        ]
      },
      "properties": {
        "patch_id": 33,
        "tile_id": 33,
        "patch_number": 34,
        "patch_label": "P034",
        "name": "patch_0034_VV",
        "x_start": 14000,
        "y_start": 4000,
        "valid_x_end": 16000,
        "valid_y_end": 6000,
        "width": 2000,
        "height": 2000,
        "target_width": 2000,
        "target_height": 2000,
        "requires_padding": false,
        "processing_bbox_pixels": {
          "x0": 13840,
          "y0": 3840,
          "x1": 16160,
          "y1": 6160
        },
        "processing_requested_bbox_pixels": {
          "x0": 13840,
          "y0": 3840,
          "x1": 16160,
          "y1": 6160
        },
        "processing_width": 2320,
        "processing_height": 2320,
        "processing_target_width": 2320,
        "processing_target_height": 2320,
        "processing_requires_padding": false,
        "core_bbox_pixels": {
          "x0": 14000,
          "y0": 4000,
          "x1": 16000,
          "y1": 6000
        },
        "requested_bbox_pixels": {
          "x0": 14000,
          "y0": 4000,
          "x1": 16000,
          "y1": 6000
        },
        "halo_pixels": 160,
        "polarization": "VV",
        "display_bounds_lonlat": {
          "west": -39.32096463552454,
          "south": -12.387204990402513,
          "east": -39.065580895118636,
          "north": -12.131963435673487
        },
        "cfar_detection_count": 0,
        "yolo_detection_count": 0,
        "processing_bounds_lonlat": {
          "west": -39.32096463552454,
          "south": -12.387204990402513,
          "east": -39.065580895118636,
          "north": -12.131963435673487
        },
        "cfar_count": 0,
        "yolo_count": 0,
        "has_cfar_detection": false,
        "has_yolo_detection": false,
        "has_detection": false
      }
    },
    {
      "type": "Feature",
      "geometry": {
        "type": "Polygon",
        "coordinates": [
          [
            [
              -39.26213782038652,
              -12.149552785887764
            ],
            [
              -39.30343716951141,
              -12.328380847357352
            ],
            [
              -39.482340005065495,
              -12.287080103252674
            ],
            [
              -39.440931364887824,
              -12.108308302171757
            ],
            [
              -39.26213782038652,
              -12.149552785887764
            ]
          ]
        ]
      },
      "properties": {
        "patch_id": 34,
        "tile_id": 34,
        "patch_number": 35,
        "patch_label": "P035",
        "name": "patch_0035_VV",
        "x_start": 16000,
        "y_start": 4000,
        "valid_x_end": 18000,
        "valid_y_end": 6000,
        "width": 2000,
        "height": 2000,
        "target_width": 2000,
        "target_height": 2000,
        "requires_padding": false,
        "processing_bbox_pixels": {
          "x0": 15840,
          "y0": 3840,
          "x1": 18160,
          "y1": 6160
        },
        "processing_requested_bbox_pixels": {
          "x0": 15840,
          "y0": 3840,
          "x1": 18160,
          "y1": 6160
        },
        "processing_width": 2320,
        "processing_height": 2320,
        "processing_target_width": 2320,
        "processing_target_height": 2320,
        "processing_requires_padding": false,
        "core_bbox_pixels": {
          "x0": 16000,
          "y0": 4000,
          "x1": 18000,
          "y1": 6000
        },
        "requested_bbox_pixels": {
          "x0": 16000,
          "y0": 4000,
          "x1": 18000,
          "y1": 6000
        },
        "halo_pixels": 160,
        "polarization": "VV",
        "display_bounds_lonlat": {
          "west": -39.49996089150842,
          "south": -12.345999609005052,
          "east": -39.24451796397929,
          "north": -12.090693163717376
        },
        "cfar_detection_count": 0,
        "yolo_detection_count": 0,
        "processing_bounds_lonlat": {
          "west": -39.49996089150842,
          "south": -12.345999609005052,
          "east": -39.24451796397929,
          "north": -12.090693163717376
        },
        "cfar_count": 0,
        "yolo_count": 0,
        "has_cfar_detection": false,
        "has_yolo_detection": false,
        "has_detection": false
      }
    },
    {
      "type": "Feature",
      "geometry": {
        "type": "Polygon",
        "coordinates": [
          [
            [
              -39.44102079933174,
              -12.108287655713228
            ],
            [
              -39.482429494060895,
              -12.287059428347618
            ],
            [
              -39.661272303377416,
              -12.245632512914128
            ],
            [
              -39.619758224795405,
              -12.066919044884386
            ],
            [
              -39.44102079933174,
              -12.108287655713228
            ]
          ]
        ]
      },
      "properties": {
        "patch_id": 35,
        "tile_id": 35,
        "patch_number": 36,
        "patch_label": "P036",
        "name": "patch_0036_VV",
        "x_start": 18000,
        "y_start": 4000,
        "valid_x_end": 20000,
        "valid_y_end": 6000,
        "width": 2000,
        "height": 2000,
        "target_width": 2000,
        "target_height": 2000,
        "requires_padding": false,
        "processing_bbox_pixels": {
          "x0": 17840,
          "y0": 3840,
          "x1": 20160,
          "y1": 6160
        },
        "processing_requested_bbox_pixels": {
          "x0": 17840,
          "y0": 3840,
          "x1": 20160,
          "y1": 6160
        },
        "processing_width": 2320,
        "processing_height": 2320,
        "processing_target_width": 2320,
        "processing_target_height": 2320,
        "processing_requires_padding": false,
        "core_bbox_pixels": {
          "x0": 18000,
          "y0": 4000,
          "x1": 20000,
          "y1": 6000
        },
        "requested_bbox_pixels": {
          "x0": 18000,
          "y0": 4000,
          "x1": 20000,
          "y1": 6000
        },
        "halo_pixels": 160,
        "polarization": "VV",
        "display_bounds_lonlat": {
          "west": -39.67889812002508,
          "south": -12.304679635480827,
          "east": -39.42339509827542,
          "north": -12.04930062356476
        },
        "cfar_detection_count": 0,
        "yolo_detection_count": 0,
        "processing_bounds_lonlat": {
          "west": -39.67889812002508,
          "south": -12.304679635480827,
          "east": -39.42339509827542,
          "north": -12.04930062356476
        },
        "cfar_count": 0,
        "yolo_count": 0,
        "has_cfar_detection": false,
        "has_yolo_detection": false,
        "has_detection": false
      }
    },
    {
      "type": "Feature",
      "geometry": {
        "type": "Polygon",
        "coordinates": [
          [
            [
              -39.61984762305936,
              -12.066898324369944
            ],
            [
              -39.661361757135126,
              -12.245611763010462
            ],
            [
              -39.84015484533762,
              -12.20408033232837
            ],
            [
              -39.79853269746137,
              -12.025425751469633
            ],
            [
              -39.61984762305936,
              -12.066898324369944
            ]
          ]
        ]
      },
      "properties": {
        "patch_id": 36,
        "tile_id": 36,
        "patch_number": 37,
        "patch_label": "P037",
        "name": "patch_0037_VV",
        "x_start": 20000,
        "y_start": 4000,
        "valid_x_end": 22000,
        "valid_y_end": 6000,
        "width": 2000,
        "height": 2000,
        "target_width": 2000,
        "target_height": 2000,
        "requires_padding": false,
        "processing_bbox_pixels": {
          "x0": 19840,
          "y0": 3840,
          "x1": 22160,
          "y1": 6160
        },
        "processing_requested_bbox_pixels": {
          "x0": 19840,
          "y0": 3840,
          "x1": 22160,
          "y1": 6160
        },
        "processing_width": 2320,
        "processing_height": 2320,
        "processing_target_width": 2320,
        "processing_target_height": 2320,
        "processing_requires_padding": false,
        "core_bbox_pixels": {
          "x0": 20000,
          "y0": 4000,
          "x1": 22000,
          "y1": 6000
        },
        "requested_bbox_pixels": {
          "x0": 20000,
          "y0": 4000,
          "x1": 22000,
          "y1": 6000
        },
        "halo_pixels": 160,
        "polarization": "VV",
        "display_bounds_lonlat": {
          "west": -39.85778306969189,
          "south": -12.263239353428961,
          "east": -39.602219381034466,
          "north": -12.007800411640774
        },
        "cfar_detection_count": 0,
        "yolo_detection_count": 0,
        "processing_bounds_lonlat": {
          "west": -39.85778306969189,
          "south": -12.263239353428961,
          "east": -39.602219381034466,
          "north": -12.007800411640774
        },
        "cfar_count": 0,
        "yolo_count": 0,
        "has_cfar_detection": false,
        "has_yolo_detection": false,
        "has_detection": false
      }
    },
    {
      "type": "Feature",
      "geometry": {
        "type": "Polygon",
        "coordinates": [
          [
            [
              -39.79862206543462,
              -12.025404958276479
            ],
            [
              -39.84024426275979,
              -12.20405950831815
            ],
            [
              -40.01897476033082,
              -12.16240322576476
            ],
            [
              -39.97725162690103,
              -11.983810780628499
            ],
            [
              -39.79862206543462,
              -12.025404958276479
            ]
          ]
        ]
      },
      "properties": {
        "patch_id": 37,
        "tile_id": 37,
        "patch_number": 38,
        "patch_label": "P038",
        "name": "patch_0038_VV",
        "x_start": 22000,
        "y_start": 4000,
        "valid_x_end": 24000,
        "valid_y_end": 6000,
        "width": 2000,
        "height": 2000,
        "target_width": 2000,
        "target_height": 2000,
        "requires_padding": false,
        "processing_bbox_pixels": {
          "x0": 21840,
          "y0": 3840,
          "x1": 24160,
          "y1": 6160
        },
        "processing_requested_bbox_pixels": {
          "x0": 21840,
          "y0": 3840,
          "x1": 24160,
          "y1": 6160
        },
        "processing_width": 2320,
        "processing_height": 2320,
        "processing_target_width": 2320,
        "processing_target_height": 2320,
        "processing_requires_padding": false,
        "core_bbox_pixels": {
          "x0": 22000,
          "y0": 4000,
          "x1": 24000,
          "y1": 6000
        },
        "requested_bbox_pixels": {
          "x0": 22000,
          "y0": 4000,
          "x1": 24000,
          "y1": 6000
        },
        "halo_pixels": 160,
        "polarization": "VV",
        "display_bounds_lonlat": {
          "west": -40.03660901407649,
          "south": -12.221691011627403,
          "east": -39.7809886221947,
          "north": -11.96618461956915
        },
        "cfar_detection_count": 0,
        "yolo_detection_count": 0,
        "processing_bounds_lonlat": {
          "west": -40.03660901407649,
          "south": -12.221691011627403,
          "east": -39.7809886221947,
          "north": -11.96618461956915
        },
        "cfar_count": 0,
        "yolo_count": 0,
        "has_cfar_detection": false,
        "has_yolo_detection": false,
        "has_detection": false
      }
    },
    {
      "type": "Feature",
      "geometry": {
        "type": "Polygon",
        "coordinates": [
          [
            [
              -39.977340973362764,
              -11.98378995109599
            ],
            [
              -40.01906415889462,
              -12.162382364777521
            ],
            [
              -40.17898092472904,
              -12.125015281915886
            ],
            [
              -40.13716214793695,
              -11.946479368654035
            ],
            [
              -39.977340973362764,
              -11.98378995109599
            ]
          ]
        ]
      },
      "properties": {
        "patch_id": 38,
        "tile_id": 38,
        "patch_number": 39,
        "patch_label": "P039",
        "name": "patch_0039_VV",
        "x_start": 24000,
        "y_start": 4000,
        "valid_x_end": 25791,
        "valid_y_end": 6000,
        "width": 2000,
        "height": 2000,
        "target_width": 2000,
        "target_height": 2000,
        "requires_padding": true,
        "processing_bbox_pixels": {
          "x0": 23840,
          "y0": 3840,
          "x1": 25791,
          "y1": 6160
        },
        "processing_requested_bbox_pixels": {
          "x0": 23840,
          "y0": 3840,
          "x1": 26160,
          "y1": 6160
        },
        "processing_width": 1951,
        "processing_height": 2320,
        "processing_target_width": 1951,
        "processing_target_height": 2320,
        "processing_requires_padding": false,
        "core_bbox_pixels": {
          "x0": 24000,
          "y0": 4000,
          "x1": 25791,
          "y1": 6000
        },
        "requested_bbox_pixels": {
          "x0": 24000,
          "y0": 4000,
          "x1": 26000,
          "y1": 6000
        },
        "halo_pixels": 160,
        "polarization": "VV",
        "display_bounds_lonlat": {
          "west": -40.182318244525725,
          "south": -12.180017993905421,
          "east": -39.95970431850472,
          "north": -11.932190058972612
        },
        "cfar_detection_count": 0,
        "yolo_detection_count": 0,
        "processing_bounds_lonlat": {
          "west": -40.182318244525725,
          "south": -12.180017993905421,
          "east": -39.95970431850472,
          "north": -11.932190058972612
        },
        "cfar_count": 0,
        "yolo_count": 0,
        "has_cfar_detection": false,
        "has_yolo_detection": false,
        "has_detection": false
      }
    },
    {
      "type": "Feature",
      "geometry": {
        "type": "Polygon",
        "coordinates": [
          [
            [
              -37.86953445515975,
              -12.654868848828615
            ],
            [
              -37.909901789818235,
              -12.834100063745208
            ],
            [
              -38.08936108592154,
              -12.793686691831017
            ],
            [
              -38.04887848389369,
              -12.614498269672808
            ],
            [
              -37.86953445515975,
              -12.654868848828615
            ]
          ]
        ]
      },
      "properties": {
        "patch_id": 39,
        "tile_id": 39,
        "patch_number": 40,
        "patch_label": "P040",
        "name": "patch_0040_VV",
        "x_start": 0,
        "y_start": 6000,
        "valid_x_end": 2000,
        "valid_y_end": 8000,
        "width": 2000,
        "height": 2000,
        "target_width": 2000,
        "target_height": 2000,
        "requires_padding": false,
        "processing_bbox_pixels": {
          "x0": 0,
          "y0": 5840,
          "x1": 2160,
          "y1": 8160
        },
        "processing_requested_bbox_pixels": {
          "x0": -160,
          "y0": 5840,
          "x1": 2160,
          "y1": 8160
        },
        "processing_width": 2160,
        "processing_height": 2320,
        "processing_target_width": 2160,
        "processing_target_height": 2320,
        "processing_requires_padding": false,
        "core_bbox_pixels": {
          "x0": 0,
          "y0": 6000,
          "x1": 2000,
          "y1": 8000
        },
        "requested_bbox_pixels": {
          "x0": 0,
          "y0": 6000,
          "x1": 2000,
          "y1": 8000
        },
        "halo_pixels": 160,
        "polarization": "VV",
        "display_bounds_lonlat": {
          "west": -38.106989869180225,
          "south": -12.848440344881979,
          "east": -37.866312282011755,
          "north": -12.596919183815828
        },
        "cfar_detection_count": 0,
        "yolo_detection_count": 0,
        "processing_bounds_lonlat": {
          "west": -38.106989869180225,
          "south": -12.848440344881979,
          "east": -37.866312282011755,
          "north": -12.596919183815828
        },
        "cfar_count": 0,
        "yolo_count": 0,
        "has_cfar_detection": false,
        "has_yolo_detection": false,
        "has_detection": false
      }
    },
    {
      "type": "Feature",
      "geometry": {
        "type": "Polygon",
        "coordinates": [
          [
            [
              -38.048968188935476,
              -12.61447804946798
            ],
            [
              -38.08945084963015,
              -12.793666450087747
            ],
            [
              -38.26886116868501,
              -12.753142218952911
            ],
            [
              -38.22826031770684,
              -12.57399804500905
            ],
            [
              -38.048968188935476,
              -12.61447804946798
            ]
          ]
        ]
      },
      "properties": {
        "patch_id": 40,
        "tile_id": 40,
        "patch_number": 41,
        "patch_label": "P041",
        "name": "patch_0041_VV",
        "x_start": 2000,
        "y_start": 6000,
        "valid_x_end": 4000,
        "valid_y_end": 8000,
        "width": 2000,
        "height": 2000,
        "target_width": 2000,
        "target_height": 2000,
        "requires_padding": false,
        "processing_bbox_pixels": {
          "x0": 1840,
          "y0": 5840,
          "x1": 4160,
          "y1": 8160
        },
        "processing_requested_bbox_pixels": {
          "x0": 1840,
          "y0": 5840,
          "x1": 4160,
          "y1": 8160
        },
        "processing_width": 2320,
        "processing_height": 2320,
        "processing_target_width": 2320,
        "processing_target_height": 2320,
        "processing_requires_padding": false,
        "core_bbox_pixels": {
          "x0": 2000,
          "y0": 6000,
          "x1": 4000,
          "y1": 8000
        },
        "requested_bbox_pixels": {
          "x0": 2000,
          "y0": 6000,
          "x1": 4000,
          "y1": 8000
        },
        "halo_pixels": 160,
        "polarization": "VV",
        "display_bounds_lonlat": {
          "west": -38.286493356734866,
          "south": -12.811242233298396,
          "east": -38.03138478147919,
          "north": -12.556410137781773
        },
        "cfar_detection_count": 3,
        "yolo_detection_count": 0,
        "processing_bounds_lonlat": {
          "west": -38.286493356734866,
          "south": -12.811242233298396,
          "east": -38.03138478147919,
          "north": -12.556410137781773
        },
        "cfar_count": 3,
        "yolo_count": 0,
        "has_cfar_detection": true,
        "has_yolo_detection": false,
        "has_detection": true
      }
    },
    {
      "type": "Feature",
      "geometry": {
        "type": "Polygon",
        "coordinates": [
          [
            [
              -38.22834998646467,
              -12.573977747586202
            ],
            [
              -38.268950893918756,
              -12.75312189881836
            ],
            [
              -38.44829928294767,
              -12.71246974348917
            ],
            [
              -38.40758251154023,
              -12.533371506085569
            ],
            [
              -38.22834998646467,
              -12.573977747586202
            ]
          ]
        ]
      },
      "properties": {
        "patch_id": 41,
        "tile_id": 41,
        "patch_number": 42,
        "patch_label": "P042",
        "name": "patch_0042_VV",
        "x_start": 4000,
        "y_start": 6000,
        "valid_x_end": 6000,
        "valid_y_end": 8000,
        "width": 2000,
        "height": 2000,
        "target_width": 2000,
        "target_height": 2000,
        "requires_padding": false,
        "processing_bbox_pixels": {
          "x0": 3840,
          "y0": 5840,
          "x1": 6160,
          "y1": 8160
        },
        "processing_requested_bbox_pixels": {
          "x0": 3840,
          "y0": 5840,
          "x1": 6160,
          "y1": 8160
        },
        "processing_width": 2320,
        "processing_height": 2320,
        "processing_target_width": 2320,
        "processing_target_height": 2320,
        "processing_requires_padding": false,
        "core_bbox_pixels": {
          "x0": 4000,
          "y0": 6000,
          "x1": 6000,
          "y1": 8000
        },
        "requested_bbox_pixels": {
          "x0": 4000,
          "y0": 6000,
          "x1": 6000,
          "y1": 8000
        },
        "halo_pixels": 160,
        "polarization": "VV",
        "display_bounds_lonlat": {
          "west": -38.46593801910605,
          "south": -12.770705466516574,
          "east": -38.210762424691524,
          "north": -12.515781232483626
        },
        "cfar_detection_count": 0,
        "yolo_detection_count": 0,
        "processing_bounds_lonlat": {
          "west": -38.46593801910605,
          "south": -12.770705466516574,
          "east": -38.210762424691524,
          "north": -12.515781232483626
        },
        "cfar_count": 0,
        "yolo_count": 0,
        "has_cfar_detection": false,
        "has_yolo_detection": false,
        "has_detection": false
      }
    },
    {
      "type": "Feature",
      "geometry": {
        "type": "Polygon",
        "coordinates": [
          [
            [
              -38.40767216189849,
              -12.53335117094616
            ],
            [
              -38.44838899331633,
              -12.712449385027401
            ],
            [
              -38.627682477826,
              -12.67168225507082
            ],
            [
              -38.58685221663678,
              -12.492632219325733
            ],
            [
              -38.40767216189849,
              -12.53335117094616
            ]
          ]
        ]
      },
      "properties": {
        "patch_id": 42,
        "tile_id": 42,
        "patch_number": 43,
        "patch_label": "P043",
        "name": "patch_0043_VV",
        "x_start": 6000,
        "y_start": 6000,
        "valid_x_end": 8000,
        "valid_y_end": 8000,
        "width": 2000,
        "height": 2000,
        "target_width": 2000,
        "target_height": 2000,
        "requires_padding": false,
        "processing_bbox_pixels": {
          "x0": 5840,
          "y0": 5840,
          "x1": 8160,
          "y1": 8160
        },
        "processing_requested_bbox_pixels": {
          "x0": 5840,
          "y0": 5840,
          "x1": 8160,
          "y1": 8160
        },
        "processing_width": 2320,
        "processing_height": 2320,
        "processing_target_width": 2320,
        "processing_target_height": 2320,
        "processing_requires_padding": false,
        "core_bbox_pixels": {
          "x0": 6000,
          "y0": 6000,
          "x1": 8000,
          "y1": 8000
        },
        "requested_bbox_pixels": {
          "x0": 6000,
          "y0": 6000,
          "x1": 8000,
          "y1": 8000
        },
        "halo_pixels": 160,
        "polarization": "VV",
        "display_bounds_lonlat": {
          "west": -38.645324886138575,
          "south": -12.73003654880427,
          "east": -38.390078707136716,
          "north": -12.47503359383823
        },
        "cfar_detection_count": 0,
        "yolo_detection_count": 0,
        "processing_bounds_lonlat": {
          "west": -38.645324886138575,
          "south": -12.73003654880427,
          "east": -38.390078707136716,
          "north": -12.47503359383823
        },
        "cfar_count": 0,
        "yolo_count": 0,
        "has_cfar_detection": false,
        "has_yolo_detection": false,
        "has_detection": false
      }
    },
    {
      "type": "Feature",
      "geometry": {
        "type": "Polygon",
        "coordinates": [
          [
            [
              -38.58694183099796,
              -12.492611807707842
            ],
            [
              -38.62777215114546,
              -12.671661818957311
            ],
            [
              -38.807009103430985,
              -12.630773182976867
            ],
            [
              -38.76606443334527,
              -12.451772906246493
            ],
            [
              -38.58694183099796,
              -12.492611807707842
            ]
          ]
        ]
      },
      "properties": {
        "patch_id": 43,
        "tile_id": 43,
        "patch_number": 44,
        "patch_label": "P044",
        "name": "patch_0044_VV",
        "x_start": 8000,
        "y_start": 6000,
        "valid_x_end": 10000,
        "valid_y_end": 8000,
        "width": 2000,
        "height": 2000,
        "target_width": 2000,
        "target_height": 2000,
        "requires_padding": false,
        "processing_bbox_pixels": {
          "x0": 7840,
          "y0": 5840,
          "x1": 10160,
          "y1": 8160
        },
        "processing_requested_bbox_pixels": {
          "x0": 7840,
          "y0": 5840,
          "x1": 10160,
          "y1": 8160
        },
        "processing_width": 2320,
        "processing_height": 2320,
        "processing_target_width": 2320,
        "processing_target_height": 2320,
        "processing_requires_padding": false,
        "core_bbox_pixels": {
          "x0": 8000,
          "y0": 6000,
          "x1": 10000,
          "y1": 8000
        },
        "requested_bbox_pixels": {
          "x0": 8000,
          "y0": 6000,
          "x1": 10000,
          "y1": 8000
        },
        "halo_pixels": 160,
        "polarization": "VV",
        "display_bounds_lonlat": {
          "west": -38.824657203121575,
          "south": -12.689257567312408,
          "east": -38.56934523206575,
          "north": -12.434172332802033
        },
        "cfar_detection_count": 0,
        "yolo_detection_count": 0,
        "processing_bounds_lonlat": {
          "west": -38.824657203121575,
          "south": -12.689257567312408,
          "east": -38.56934523206575,
          "north": -12.434172332802033
        },
        "cfar_count": 0,
        "yolo_count": 0,
        "has_cfar_detection": false,
        "has_yolo_detection": false,
        "has_detection": false
      }
    },
    {
      "type": "Feature",
      "geometry": {
        "type": "Polygon",
        "coordinates": [
          [
            [
              -38.76615403075233,
              -12.45175245749867
            ],
            [
              -38.80709875618828,
              -12.630752708943245
            ],
            [
              -38.986278716845355,
              -12.589744219304533
            ],
            [
              -38.94522184377926,
              -12.410795660749862
            ],
            [
              -38.76615403075233,
              -12.45175245749867
            ]
          ]
        ]
      },
      "properties": {
        "patch_id": 44,
        "tile_id": 44,
        "patch_number": 45,
        "patch_label": "P045",
        "name": "patch_0045_VV",
        "x_start": 10000,
        "y_start": 6000,
        "valid_x_end": 12000,
        "valid_y_end": 8000,
        "width": 2000,
        "height": 2000,
        "target_width": 2000,
        "target_height": 2000,
        "requires_padding": false,
        "processing_bbox_pixels": {
          "x0": 9840,
          "y0": 5840,
          "x1": 12160,
          "y1": 8160
        },
        "processing_requested_bbox_pixels": {
          "x0": 9840,
          "y0": 5840,
          "x1": 12160,
          "y1": 8160
        },
        "processing_width": 2320,
        "processing_height": 2320,
        "processing_target_width": 2320,
        "processing_target_height": 2320,
        "processing_requires_padding": false,
        "core_bbox_pixels": {
          "x0": 10000,
          "y0": 6000,
          "x1": 12000,
          "y1": 8000
        },
        "requested_bbox_pixels": {
          "x0": 10000,
          "y0": 6000,
          "x1": 12000,
          "y1": 8000
        },
        "halo_pixels": 160,
        "polarization": "VV",
        "display_bounds_lonlat": {
          "west": -39.00393030771981,
          "south": -12.648350551859803,
          "east": -38.7485508677857,
          "north": -12.39318703947134
        },
        "cfar_detection_count": 0,
        "yolo_detection_count": 0,
        "processing_bounds_lonlat": {
          "west": -39.00393030771981,
          "south": -12.648350551859803,
          "east": -38.7485508677857,
          "north": -12.39318703947134
        },
        "cfar_count": 0,
        "yolo_count": 0,
        "has_cfar_detection": false,
        "has_yolo_detection": false,
        "has_detection": false
      }
    },
    {
      "type": "Feature",
      "geometry": {
        "type": "Polygon",
        "coordinates": [
          [
            [
              -38.94531140434348,
              -12.410775135676467
            ],
            [
              -38.986368334655005,
              -12.58972366795161
            ],
            [
              -39.16549274957399,
              -12.54859991208982
            ],
            [
              -39.12432517987305,
              -12.369703912598112
            ],
            [
              -38.94531140434348,
              -12.410775135676467
            ]
          ]
        ]
      },
      "properties": {
        "patch_id": 45,
        "tile_id": 45,
        "patch_number": 46,
        "patch_label": "P046",
        "name": "patch_0046_VV",
        "x_start": 12000,
        "y_start": 6000,
        "valid_x_end": 14000,
        "valid_y_end": 8000,
        "width": 2000,
        "height": 2000,
        "target_width": 2000,
        "target_height": 2000,
        "requires_padding": false,
        "processing_bbox_pixels": {
          "x0": 11840,
          "y0": 5840,
          "x1": 14160,
          "y1": 8160
        },
        "processing_requested_bbox_pixels": {
          "x0": 11840,
          "y0": 5840,
          "x1": 14160,
          "y1": 8160
        },
        "processing_width": 2320,
        "processing_height": 2320,
        "processing_target_width": 2320,
        "processing_target_height": 2320,
        "processing_requires_padding": false,
        "core_bbox_pixels": {
          "x0": 12000,
          "y0": 6000,
          "x1": 14000,
          "y1": 8000
        },
        "requested_bbox_pixels": {
          "x0": 12000,
          "y0": 6000,
          "x1": 14000,
          "y1": 8000
        },
        "halo_pixels": 160,
        "polarization": "VV",
        "display_bounds_lonlat": {
          "west": -39.18315042865074,
          "south": -12.607329804662875,
          "east": -38.92770521526478,
          "north": -12.352093235407633
        },
        "cfar_detection_count": 0,
        "yolo_detection_count": 0,
        "processing_bounds_lonlat": {
          "west": -39.18315042865074,
          "south": -12.607329804662875,
          "east": -38.92770521526478,
          "north": -12.352093235407633
        },
        "cfar_count": 0,
        "yolo_count": 0,
        "has_cfar_detection": false,
        "has_yolo_detection": false,
        "has_detection": false
      }
    },
    {
      "type": "Feature",
      "geometry": {
        "type": "Polygon",
        "coordinates": [
          [
            [
              -39.12441472415977,
              -12.36968334980816
            ],
            [
              -39.165582347667026,
              -12.548579323020336
            ],
            [
              -39.34464877566052,
              -12.50733190606882
            ],
            [
              -39.30336825604872,
              -12.32849096241787
            ],
            [
              -39.12441472415977,
              -12.36968334980816
            ]
          ]
        ]
      },
      "properties": {
        "patch_id": 46,
        "tile_id": 46,
        "patch_number": 47,
        "patch_label": "P047",
        "name": "patch_0047_VV",
        "x_start": 14000,
        "y_start": 6000,
        "valid_x_end": 16000,
        "valid_y_end": 8000,
        "width": 2000,
        "height": 2000,
        "target_width": 2000,
        "target_height": 2000,
        "requires_padding": false,
        "processing_bbox_pixels": {
          "x0": 13840,
          "y0": 5840,
          "x1": 16160,
          "y1": 8160
        },
        "processing_requested_bbox_pixels": {
          "x0": 13840,
          "y0": 5840,
          "x1": 16160,
          "y1": 8160
        },
        "processing_width": 2320,
        "processing_height": 2320,
        "processing_target_width": 2320,
        "processing_target_height": 2320,
        "processing_requires_padding": false,
        "core_bbox_pixels": {
          "x0": 14000,
          "y0": 6000,
          "x1": 16000,
          "y1": 8000
        },
        "requested_bbox_pixels": {
          "x0": 14000,
          "y0": 6000,
          "x1": 16000,
          "y1": 8000
        },
        "halo_pixels": 160,
        "polarization": "VV",
        "display_bounds_lonlat": {
          "west": -39.36230929140601,
          "south": -12.566187193645062,
          "east": -39.10680232971273,
          "north": -12.310872904699481
        },
        "cfar_detection_count": 0,
        "yolo_detection_count": 0,
        "processing_bounds_lonlat": {
          "west": -39.36230929140601,
          "south": -12.566187193645062,
          "east": -39.10680232971273,
          "north": -12.310872904699481
        },
        "cfar_count": 0,
        "yolo_count": 0,
        "has_cfar_detection": false,
        "has_yolo_detection": false,
        "has_detection": false
      }
    },
    {
      "type": "Feature",
      "geometry": {
        "type": "Polygon",
        "coordinates": [
          [
            [
              -39.3034577637737,
              -12.328470324628514
            ],
            [
              -39.34473833642385,
              -12.507311240623125
            ],
            [
              -39.52375000940757,
              -12.46595395673173
            ],
            [
              -39.48236065362796,
              -12.287169552379572
            ],
            [
              -39.3034577637737,
              -12.328470324628514
            ]
          ]
        ]
      },
      "properties": {
        "patch_id": 47,
        "tile_id": 47,
        "patch_number": 48,
        "patch_label": "P048",
        "name": "patch_0048_VV",
        "x_start": 16000,
        "y_start": 6000,
        "valid_x_end": 18000,
        "valid_y_end": 8000,
        "width": 2000,
        "height": 2000,
        "target_width": 2000,
        "target_height": 2000,
        "requires_padding": false,
        "processing_bbox_pixels": {
          "x0": 15840,
          "y0": 5840,
          "x1": 18160,
          "y1": 8160
        },
        "processing_requested_bbox_pixels": {
          "x0": 15840,
          "y0": 5840,
          "x1": 18160,
          "y1": 8160
        },
        "processing_width": 2320,
        "processing_height": 2320,
        "processing_target_width": 2320,
        "processing_target_height": 2320,
        "processing_requires_padding": false,
        "core_bbox_pixels": {
          "x0": 16000,
          "y0": 6000,
          "x1": 18000,
          "y1": 8000
        },
        "requested_bbox_pixels": {
          "x0": 16000,
          "y0": 6000,
          "x1": 18000,
          "y1": 8000
        },
        "halo_pixels": 160,
        "polarization": "VV",
        "display_bounds_lonlat": {
          "west": -39.541414836759486,
          "south": -12.524926926068092,
          "east": -39.28584211507329,
          "north": -12.269546116592442
        },
        "cfar_detection_count": 0,
        "yolo_detection_count": 0,
        "processing_bounds_lonlat": {
          "west": -39.541414836759486,
          "south": -12.524926926068092,
          "east": -39.28584211507329,
          "north": -12.269546116592442
        },
        "cfar_count": 0,
        "yolo_count": 0,
        "has_cfar_detection": false,
        "has_yolo_detection": false,
        "has_detection": false
      }
    },
    {
      "type": "Feature",
      "geometry": {
        "type": "Polygon",
        "coordinates": [
          [
            [
              -39.48245014265125,
              -12.287148877460286
            ],
            [
              -39.52383955370979,
              -12.465933253162369
            ],
            [
              -39.70279205903416,
              -12.424448401863025
            ],
            [
              -39.66129300681195,
              -12.245721933062246
            ],
            [
              -39.48245014265125,
              -12.287148877460286
            ]
          ]
        ]
      },
      "properties": {
        "patch_id": 48,
        "tile_id": 48,
        "patch_number": 49,
        "patch_label": "P049",
        "name": "patch_0049_VV",
        "x_start": 18000,
        "y_start": 6000,
        "valid_x_end": 20000,
        "valid_y_end": 8000,
        "width": 2000,
        "height": 2000,
        "target_width": 2000,
        "target_height": 2000,
        "requires_padding": false,
        "processing_bbox_pixels": {
          "x0": 17840,
          "y0": 5840,
          "x1": 20160,
          "y1": 8160
        },
        "processing_requested_bbox_pixels": {
          "x0": 17840,
          "y0": 5840,
          "x1": 20160,
          "y1": 8160
        },
        "processing_width": 2320,
        "processing_height": 2320,
        "processing_target_width": 2320,
        "processing_target_height": 2320,
        "processing_requires_padding": false,
        "core_bbox_pixels": {
          "x0": 18000,
          "y0": 6000,
          "x1": 20000,
          "y1": 8000
        },
        "requested_bbox_pixels": {
          "x0": 18000,
          "y0": 6000,
          "x1": 20000,
          "y1": 8000
        },
        "halo_pixels": 160,
        "polarization": "VV",
        "display_bounds_lonlat": {
          "west": -39.720461516506916,
          "south": -12.483550475141607,
          "east": -39.46482883619757,
          "north": -12.22809510690986
        },
        "cfar_detection_count": 0,
        "yolo_detection_count": 0,
        "processing_bounds_lonlat": {
          "west": -39.720461516506916,
          "south": -12.483550475141607,
          "east": -39.46482883619757,
          "north": -12.22809510690986
        },
        "cfar_count": 0,
        "yolo_count": 0,
        "has_cfar_detection": false,
        "has_yolo_detection": false,
        "has_detection": false
      }
    },
    {
      "type": "Feature",
      "geometry": {
        "type": "Polygon",
        "coordinates": [
          [
            [
              -39.66138246059569,
              -12.24570118314356
            ],
            [
              -39.70288156596752,
              -12.424427622324556
            ],
            [
              -39.88177971794133,
              -12.382836072996449
            ],
            [
              -39.84017560006262,
              -12.20416972240448
            ],
            [
              -39.66138246059569,
              -12.24570118314356
            ]
          ]
        ]
      },
      "properties": {
        "patch_id": 49,
        "tile_id": 49,
        "patch_number": 50,
        "patch_label": "P050",
        "name": "patch_0050_VV",
        "x_start": 20000,
        "y_start": 6000,
        "valid_x_end": 22000,
        "valid_y_end": 8000,
        "width": 2000,
        "height": 2000,
        "target_width": 2000,
        "target_height": 2000,
        "requires_padding": false,
        "processing_bbox_pixels": {
          "x0": 19840,
          "y0": 5840,
          "x1": 22160,
          "y1": 8160
        },
        "processing_requested_bbox_pixels": {
          "x0": 19840,
          "y0": 5840,
          "x1": 22160,
          "y1": 8160
        },
        "processing_width": 2320,
        "processing_height": 2320,
        "processing_target_width": 2320,
        "processing_target_height": 2320,
        "processing_requires_padding": false,
        "core_bbox_pixels": {
          "x0": 20000,
          "y0": 6000,
          "x1": 22000,
          "y1": 8000
        },
        "requested_bbox_pixels": {
          "x0": 20000,
          "y0": 6000,
          "x1": 22000,
          "y1": 8000
        },
        "halo_pixels": 160,
        "polarization": "VV",
        "display_bounds_lonlat": {
          "west": -39.89945252608481,
          "south": -12.442052350534272,
          "east": -39.64375796787763,
          "north": -12.18653586078076
        },
        "cfar_detection_count": 0,
        "yolo_detection_count": 0,
        "processing_bounds_lonlat": {
          "west": -39.89945252608481,
          "south": -12.442052350534272,
          "east": -39.64375796787763,
          "north": -12.18653586078076
        },
        "cfar_count": 0,
        "yolo_count": 0,
        "has_cfar_detection": false,
        "has_yolo_detection": false,
        "has_detection": false
      }
    },
    {
      "type": "Feature",
      "geometry": {
        "type": "Polygon",
        "coordinates": [
          [
            [
              -39.840265017512024,
              -12.204148898378845
            ],
            [
              -39.881869189857056,
              -12.382815218153745
            ],
            [
              -40.06071061323406,
              -12.341097141352224
            ],
            [
              -40.01899557115746,
              -12.162492585008387
            ],
            [
              -39.840265017512024,
              -12.204148898378845
            ]
          ]
        ]
      },
      "properties": {
        "patch_id": 50,
        "tile_id": 50,
        "patch_number": 51,
        "patch_label": "P051",
        "name": "patch_0051_VV",
        "x_start": 22000,
        "y_start": 6000,
        "valid_x_end": 24000,
        "valid_y_end": 8000,
        "width": 2000,
        "height": 2000,
        "target_width": 2000,
        "target_height": 2000,
        "requires_padding": false,
        "processing_bbox_pixels": {
          "x0": 21840,
          "y0": 5840,
          "x1": 24160,
          "y1": 8160
        },
        "processing_requested_bbox_pixels": {
          "x0": 21840,
          "y0": 5840,
          "x1": 24160,
          "y1": 8160
        },
        "processing_width": 2320,
        "processing_height": 2320,
        "processing_target_width": 2320,
        "processing_target_height": 2320,
        "processing_requires_padding": false,
        "core_bbox_pixels": {
          "x0": 22000,
          "y0": 6000,
          "x1": 24000,
          "y1": 8000
        },
        "requested_bbox_pixels": {
          "x0": 22000,
          "y0": 6000,
          "x1": 24000,
          "y1": 8000
        },
        "halo_pixels": 160,
        "polarization": "VV",
        "display_bounds_lonlat": {
          "west": -40.07838939762876,
          "south": -12.400444026275107,
          "east": -39.82263656622773,
          "north": -12.14485774025887
        },
        "cfar_detection_count": 0,
        "yolo_detection_count": 0,
        "processing_bounds_lonlat": {
          "west": -40.07838939762876,
          "south": -12.400444026275107,
          "east": -39.82263656622773,
          "north": -12.14485774025887
        },
        "cfar_count": 0,
        "yolo_count": 0,
        "has_cfar_detection": false,
        "has_yolo_detection": false,
        "has_detection": false
      }
    },
    {
      "type": "Feature",
      "geometry": {
        "type": "Polygon",
        "coordinates": [
          [
            [
              -40.01908496975056,
              -12.162471724005734
            ],
            [
              -40.06080006882675,
              -12.34107624932895
            ],
            [
              -40.2208114544755,
              -12.303652855847103
            ],
            [
              -40.17900178297896,
              -12.125104613039873
            ],
            [
              -40.01908496975056,
              -12.162471724005734
            ]
          ]
        ]
      },
      "properties": {
        "patch_id": 51,
        "tile_id": 51,
        "patch_number": 52,
        "patch_label": "P052",
        "name": "patch_0052_VV",
        "x_start": 24000,
        "y_start": 6000,
        "valid_x_end": 25791,
        "valid_y_end": 8000,
        "width": 2000,
        "height": 2000,
        "target_width": 2000,
        "target_height": 2000,
        "requires_padding": true,
        "processing_bbox_pixels": {
          "x0": 23840,
          "y0": 5840,
          "x1": 25791,
          "y1": 8160
        },
        "processing_requested_bbox_pixels": {
          "x0": 23840,
          "y0": 5840,
          "x1": 26160,
          "y1": 8160
        },
        "processing_width": 1951,
        "processing_height": 2320,
        "processing_target_width": 1951,
        "processing_target_height": 2320,
        "processing_requires_padding": false,
        "core_bbox_pixels": {
          "x0": 24000,
          "y0": 6000,
          "x1": 25791,
          "y1": 8000
        },
        "requested_bbox_pixels": {
          "x0": 24000,
          "y0": 6000,
          "x1": 26000,
          "y1": 8000
        },
        "halo_pixels": 160,
        "polarization": "VV",
        "display_bounds_lonlat": {
          "west": -40.2241842058555,
          "south": -12.358709219539016,
          "east": -40.00145220533225,
          "north": -12.110811633201918
        },
        "cfar_detection_count": 0,
        "yolo_detection_count": 0,
        "processing_bounds_lonlat": {
          "west": -40.2241842058555,
          "south": -12.358709219539016,
          "east": -40.00145220533225,
          "north": -12.110811633201918
        },
        "cfar_count": 0,
        "yolo_count": 0,
        "has_cfar_detection": false,
        "has_yolo_detection": false,
        "has_detection": false
      }
    },
    {
      "type": "Feature",
      "geometry": {
        "type": "Polygon",
        "coordinates": [
          [
            [
              -37.90992214261621,
              -12.834189690502312
            ],
            [
              -37.95073195181601,
              -13.013326657073492
            ],
            [
              -38.130309006359006,
              -12.97287005489465
            ],
            [
              -38.089381497376806,
              -12.79377629697299
            ],
            [
              -37.90992214261621,
              -12.834189690502312
            ]
          ]
        ]
      },
      "properties": {
        "patch_id": 52,
        "tile_id": 52,
        "patch_number": 53,
        "patch_label": "P053",
        "name": "patch_0053_VV",
        "x_start": 0,
        "y_start": 8000,
        "valid_x_end": 2000,
        "valid_y_end": 10000,
        "width": 2000,
        "height": 2000,
        "target_width": 2000,
        "target_height": 2000,
        "requires_padding": false,
        "processing_bbox_pixels": {
          "x0": 0,
          "y0": 7840,
          "x1": 2160,
          "y1": 10160
        },
        "processing_requested_bbox_pixels": {
          "x0": -160,
          "y0": 7840,
          "x1": 2160,
          "y1": 10160
        },
        "processing_width": 2160,
        "processing_height": 2320,
        "processing_target_width": 2160,
        "processing_target_height": 2320,
        "processing_requires_padding": false,
        "core_bbox_pixels": {
          "x0": 0,
          "y0": 8000,
          "x1": 2000,
          "y1": 10000
        },
        "requested_bbox_pixels": {
          "x0": 0,
          "y0": 8000,
          "x1": 2000,
          "y1": 10000
        },
        "halo_pixels": 160,
        "polarization": "VV",
        "display_bounds_lonlat": {
          "west": -38.1479781577788,
          "south": -13.027660250369468,
          "east": -37.906665695051544,
          "north": -12.776201076905792
        },
        "cfar_detection_count": 0,
        "yolo_detection_count": 0,
        "processing_bounds_lonlat": {
          "west": -38.1479781577788,
          "south": -13.027660250369468,
          "east": -37.906665695051544,
          "north": -12.776201076905792
        },
        "cfar_count": 0,
        "yolo_count": 0,
        "has_cfar_detection": false,
        "has_yolo_detection": false,
        "has_detection": false
      }
    },
    {
      "type": "Feature",
      "geometry": {
        "type": "Polygon",
        "coordinates": [
          [
            [
              -38.08947126111496,
              -12.793756055218651
            ],
            [
              -38.13039882844082,
              -12.972849791015234
            ],
            [
              -38.30992813957894,
              -12.932280880735071
            ],
            [
              -38.26888164015645,
              -12.753231801449001
            ],
            [
              -38.08947126111496,
              -12.793756055218651
            ]
          ]
        ]
      },
      "properties": {
        "patch_id": 53,
        "tile_id": 53,
        "patch_number": 54,
        "patch_label": "P054",
        "name": "patch_0054_VV",
        "x_start": 2000,
        "y_start": 8000,
        "valid_x_end": 4000,
        "valid_y_end": 10000,
        "width": 2000,
        "height": 2000,
        "target_width": 2000,
        "target_height": 2000,
        "requires_padding": false,
        "processing_bbox_pixels": {
          "x0": 1840,
          "y0": 7840,
          "x1": 4160,
          "y1": 10160
        },
        "processing_requested_bbox_pixels": {
          "x0": 1840,
          "y0": 7840,
          "x1": 4160,
          "y1": 10160
        },
        "processing_width": 2320,
        "processing_height": 2320,
        "processing_target_width": 2320,
        "processing_target_height": 2320,
        "processing_requires_padding": false,
        "core_bbox_pixels": {
          "x0": 2000,
          "y0": 8000,
          "x1": 4000,
          "y1": 10000
        },
        "requested_bbox_pixels": {
          "x0": 2000,
          "y0": 8000,
          "x1": 4000,
          "y1": 10000
        },
        "halo_pixels": 160,
        "polarization": "VV",
        "display_bounds_lonlat": {
          "west": -38.32760043573868,
          "south": -12.990422428167811,
          "east": -38.07184398039111,
          "north": -12.735647662118458
        },
        "cfar_detection_count": 8,
        "yolo_detection_count": 0,
        "processing_bounds_lonlat": {
          "west": -38.32760043573868,
          "south": -12.990422428167811,
          "east": -38.07184398039111,
          "north": -12.735647662118458
        },
        "cfar_count": 8,
        "yolo_count": 0,
        "has_cfar_detection": true,
        "has_yolo_detection": false,
        "has_detection": true
      }
    },
    {
      "type": "Feature",
      "geometry": {
        "type": "Polygon",
        "coordinates": [
          [
            [
              -38.26897136541764,
              -12.75321148130338
            ],
            [
              -38.3100179222714,
              -12.932260537955202
            ],
            [
              -38.48948013818888,
              -12.891561977392463
            ],
            [
              -38.44831981009996,
              -12.712559302852634
            ],
            [
              -38.26897136541764,
              -12.75321148130338
            ]
          ]
        ]
      },
      "properties": {
        "patch_id": 54,
        "tile_id": 54,
        "patch_number": 55,
        "patch_label": "P055",
        "name": "patch_0055_VV",
        "x_start": 4000,
        "y_start": 8000,
        "valid_x_end": 6000,
        "valid_y_end": 10000,
        "width": 2000,
        "height": 2000,
        "target_width": 2000,
        "target_height": 2000,
        "requires_padding": false,
        "processing_bbox_pixels": {
          "x0": 3840,
          "y0": 7840,
          "x1": 6160,
          "y1": 10160
        },
        "processing_requested_bbox_pixels": {
          "x0": 3840,
          "y0": 7840,
          "x1": 6160,
          "y1": 10160
        },
        "processing_width": 2320,
        "processing_height": 2320,
        "processing_target_width": 2320,
        "processing_target_height": 2320,
        "processing_requires_padding": false,
        "core_bbox_pixels": {
          "x0": 4000,
          "y0": 8000,
          "x1": 6000,
          "y1": 10000
        },
        "requested_bbox_pixels": {
          "x0": 4000,
          "y0": 8000,
          "x1": 6000,
          "y1": 10000
        },
        "halo_pixels": 160,
        "polarization": "VV",
        "display_bounds_lonlat": {
          "west": -38.50715928773239,
          "south": -12.949841193854583,
          "east": -38.2513399789032,
          "north": -12.694972762556018
        },
        "cfar_detection_count": 0,
        "yolo_detection_count": 0,
        "processing_bounds_lonlat": {
          "west": -38.50715928773239,
          "south": -12.949841193854583,
          "east": -38.2513399789032,
          "north": -12.694972762556018
        },
        "cfar_count": 0,
        "yolo_count": 0,
        "has_cfar_detection": false,
        "has_yolo_detection": false,
        "has_detection": false
      }
    },
    {
      "type": "Feature",
      "geometry": {
        "type": "Polygon",
        "coordinates": [
          [
            [
              -38.44840952049701,
              -12.712538944378611
            ],
            [
              -38.48956990478873,
              -12.891541594931999
            ],
            [
              -38.668981208575865,
              -12.850726393162546
            ],
            [
              -38.62770306502403,
              -12.671771790436157
            ],
            [
              -38.44840952049701,
              -12.712538944378611
            ]
          ]
        ]
      },
      "properties": {
        "patch_id": 55,
        "tile_id": 55,
        "patch_number": 56,
        "patch_label": "P056",
        "name": "patch_0056_VV",
        "x_start": 6000,
        "y_start": 8000,
        "valid_x_end": 8000,
        "valid_y_end": 10000,
        "width": 2000,
        "height": 2000,
        "target_width": 2000,
        "target_height": 2000,
        "requires_padding": false,
        "processing_bbox_pixels": {
          "x0": 5840,
          "y0": 7840,
          "x1": 8160,
          "y1": 10160
        },
        "processing_requested_bbox_pixels": {
          "x0": 5840,
          "y0": 7840,
          "x1": 8160,
          "y1": 10160
        },
        "processing_width": 2320,
        "processing_height": 2320,
        "processing_target_width": 2320,
        "processing_target_height": 2320,
        "processing_requires_padding": false,
        "core_bbox_pixels": {
          "x0": 6000,
          "y0": 8000,
          "x1": 8000,
          "y1": 10000
        },
        "requested_bbox_pixels": {
          "x0": 6000,
          "y0": 8000,
          "x1": 8000,
          "y1": 10000
        },
        "halo_pixels": 160,
        "polarization": "VV",
        "display_bounds_lonlat": {
          "west": -38.68666366393802,
          "south": -12.909125996838647,
          "east": -38.430772226771346,
          "north": -12.654176665561309
        },
        "cfar_detection_count": 6,
        "yolo_detection_count": 8,
        "processing_bounds_lonlat": {
          "west": -38.68666366393802,
          "south": -12.909125996838647,
          "east": -38.430772226771346,
          "north": -12.654176665561309
        },
        "cfar_count": 6,
        "yolo_count": 8,
        "has_cfar_detection": true,
        "has_yolo_detection": true,
        "has_detection": true
      }
    },
    {
      "type": "Feature",
      "geometry": {
        "type": "Polygon",
        "coordinates": [
          [
            [
              -38.62779273837201,
              -12.671751354310395
            ],
            [
              -38.669070939097224,
              -12.850705932541164
            ],
            [
              -38.84842106469608,
              -12.809767537161923
            ],
            [
              -38.807029746879294,
              -12.630862693450247
            ],
            [
              -38.62779273837201,
              -12.671751354310395
            ]
          ]
        ]
      },
      "properties": {
        "patch_id": 56,
        "tile_id": 56,
        "patch_number": 57,
        "patch_label": "P057",
        "name": "patch_0057_VV",
        "x_start": 8000,
        "y_start": 8000,
        "valid_x_end": 10000,
        "valid_y_end": 10000,
        "width": 2000,
        "height": 2000,
        "target_width": 2000,
        "target_height": 2000,
        "requires_padding": false,
        "processing_bbox_pixels": {
          "x0": 7840,
          "y0": 7840,
          "x1": 10160,
          "y1": 10160
        },
        "processing_requested_bbox_pixels": {
          "x0": 7840,
          "y0": 7840,
          "x1": 10160,
          "y1": 10160
        },
        "processing_width": 2320,
        "processing_height": 2320,
        "processing_target_width": 2320,
        "processing_target_height": 2320,
        "processing_requires_padding": false,
        "core_bbox_pixels": {
          "x0": 8000,
          "y0": 8000,
          "x1": 10000,
          "y1": 10000
        },
        "requested_bbox_pixels": {
          "x0": 8000,
          "y0": 8000,
          "x1": 10000,
          "y1": 10000
        },
        "halo_pixels": 160,
        "polarization": "VV",
        "display_bounds_lonlat": {
          "west": -38.86610921651558,
          "south": -12.868298995873944,
          "east": -38.61015178530945,
          "north": -12.613265494126207
        },
        "cfar_detection_count": 3,
        "yolo_detection_count": 5,
        "processing_bounds_lonlat": {
          "west": -38.86610921651558,
          "south": -12.868298995873944,
          "east": -38.61015178530945,
          "north": -12.613265494126207
        },
        "cfar_count": 3,
        "yolo_count": 5,
        "has_cfar_detection": true,
        "has_yolo_detection": true,
        "has_detection": true
      }
    },
    {
      "type": "Feature",
      "geometry": {
        "type": "Polygon",
        "coordinates": [
          [
            [
              -38.807119399664295,
              -12.630842219403977
            ],
            [
              -38.848510773447614,
              -12.809747037829855
            ],
            [
              -39.02780490804174,
              -12.768687127546896
            ],
            [
              -38.986299416985254,
              -12.589833704169127
            ],
            [
              -38.807119399664295,
              -12.630842219403977
            ]
          ]
        ]
      },
      "properties": {
        "patch_id": 57,
        "tile_id": 57,
        "patch_number": 58,
        "patch_label": "P058",
        "name": "patch_0058_VV",
        "x_start": 10000,
        "y_start": 8000,
        "valid_x_end": 12000,
        "valid_y_end": 10000,
        "width": 2000,
        "height": 2000,
        "target_width": 2000,
        "target_height": 2000,
        "requires_padding": false,
        "processing_bbox_pixels": {
          "x0": 9840,
          "y0": 7840,
          "x1": 12160,
          "y1": 10160
        },
        "processing_requested_bbox_pixels": {
          "x0": 9840,
          "y0": 7840,
          "x1": 12160,
          "y1": 10160
        },
        "processing_width": 2320,
        "processing_height": 2320,
        "processing_target_width": 2320,
        "processing_target_height": 2320,
        "processing_requires_padding": false,
        "core_bbox_pixels": {
          "x0": 10000,
          "y0": 8000,
          "x1": 12000,
          "y1": 10000
        },
        "requested_bbox_pixels": {
          "x0": 10000,
          "y0": 8000,
          "x1": 12000,
          "y1": 10000
        },
        "halo_pixels": 160,
        "polarization": "VV",
        "display_bounds_lonlat": {
          "west": -39.0454965474792,
          "south": -12.827342322216332,
          "east": -38.78947270610885,
          "north": -12.572228251274911
        },
        "cfar_detection_count": 0,
        "yolo_detection_count": 1,
        "processing_bounds_lonlat": {
          "west": -39.0454965474792,
          "south": -12.827342322216332,
          "east": -38.78947270610885,
          "north": -12.572228251274911
        },
        "cfar_count": 0,
        "yolo_count": 1,
        "has_cfar_detection": false,
        "has_yolo_detection": true,
        "has_detection": true
      }
    },
    {
      "type": "Feature",
      "geometry": {
        "type": "Polygon",
        "coordinates": [
          [
            [
              -38.98638903482273,
              -12.589813152802762
            ],
            [
              -39.02789458082769,
              -12.768666549568959
            ],
            [
              -39.20713279371441,
              -12.72748928949524
            ],
            [
              -39.16551350765205,
              -12.548689370074813
            ],
            [
              -38.98638903482273,
              -12.589813152802762
            ]
          ]
        ]
      },
      "properties": {
        "patch_id": 58,
        "tile_id": 58,
        "patch_number": 59,
        "patch_label": "P059",
        "name": "patch_0059_VV",
        "x_start": 12000,
        "y_start": 8000,
        "valid_x_end": 14000,
        "valid_y_end": 10000,
        "width": 2000,
        "height": 2000,
        "target_width": 2000,
        "target_height": 2000,
        "requires_padding": false,
        "processing_bbox_pixels": {
          "x0": 11840,
          "y0": 7840,
          "x1": 14160,
          "y1": 10160
        },
        "processing_requested_bbox_pixels": {
          "x0": 11840,
          "y0": 7840,
          "x1": 14160,
          "y1": 10160
        },
        "processing_width": 2320,
        "processing_height": 2320,
        "processing_target_width": 2320,
        "processing_target_height": 2320,
        "processing_requires_padding": false,
        "core_bbox_pixels": {
          "x0": 12000,
          "y0": 8000,
          "x1": 14000,
          "y1": 10000
        },
        "requested_bbox_pixels": {
          "x0": 12000,
          "y0": 8000,
          "x1": 14000,
          "y1": 10000
        },
        "halo_pixels": 160,
        "polarization": "VV",
        "display_bounds_lonlat": {
          "west": -39.2248305465143,
          "south": -12.786270273212708,
          "east": -38.968738862967335,
          "north": -12.531081980181623
        },
        "cfar_detection_count": 0,
        "yolo_detection_count": 0,
        "processing_bounds_lonlat": {
          "west": -39.2248305465143,
          "south": -12.786270273212708,
          "east": -38.968738862967335,
          "north": -12.531081980181623
        },
        "cfar_count": 0,
        "yolo_count": 0,
        "has_cfar_detection": false,
        "has_yolo_detection": false,
        "has_detection": false
      }
    },
    {
      "type": "Feature",
      "geometry": {
        "type": "Polygon",
        "coordinates": [
          [
            [
              -39.16560310577497,
              -12.548668780991889
            ],
            [
              -39.20722245031756,
              -12.727468673546152
            ],
            [
              -39.38640038030033,
              -12.686165957222833
            ],
            [
              -39.34466958864673,
              -12.507421336457377
            ],
            [
              -39.16560310577497,
              -12.548668780991889
            ]
          ]
        ]
      },
      "properties": {
        "patch_id": 59,
        "tile_id": 59,
        "patch_number": 60,
        "patch_label": "P060",
        "name": "patch_0060_VV",
        "x_start": 14000,
        "y_start": 8000,
        "valid_x_end": 16000,
        "valid_y_end": 10000,
        "width": 2000,
        "height": 2000,
        "target_width": 2000,
        "target_height": 2000,
        "requires_padding": false,
        "processing_bbox_pixels": {
          "x0": 13840,
          "y0": 7840,
          "x1": 16160,
          "y1": 10160
        },
        "processing_requested_bbox_pixels": {
          "x0": 13840,
          "y0": 7840,
          "x1": 16160,
          "y1": 10160
        },
        "processing_width": 2320,
        "processing_height": 2320,
        "processing_target_width": 2320,
        "processing_target_height": 2320,
        "processing_requires_padding": false,
        "core_bbox_pixels": {
          "x0": 14000,
          "y0": 8000,
          "x1": 16000,
          "y1": 10000
        },
        "requested_bbox_pixels": {
          "x0": 14000,
          "y0": 8000,
          "x1": 16000,
          "y1": 10000
        },
        "halo_pixels": 160,
        "polarization": "VV",
        "display_bounds_lonlat": {
          "west": -39.40410119404707,
          "south": -12.745074238625282,
          "east": -39.147946855428195,
          "north": -12.489806354941724
        },
        "cfar_detection_count": 0,
        "yolo_detection_count": 0,
        "processing_bounds_lonlat": {
          "west": -39.40410119404707,
          "south": -12.745074238625282,
          "east": -39.147946855428195,
          "north": -12.489806354941724
        },
        "cfar_count": 0,
        "yolo_count": 0,
        "has_cfar_detection": false,
        "has_yolo_detection": false,
        "has_detection": false
      }
    },
    {
      "type": "Feature",
      "geometry": {
        "type": "Polygon",
        "coordinates": [
          [
            [
              -39.34475914943809,
              -12.507400670997844
            ],
            [
              -39.38648999771219,
              -12.68614526385237
            ],
            [
              -39.565611659648646,
              -12.64473114940992
            ],
            [
              -39.52377087718145,
              -12.466043358474257
            ],
            [
              -39.34475914943809,
              -12.507400670997844
            ]
          ]
        ]
      },
      "properties": {
        "patch_id": 60,
        "tile_id": 60,
        "patch_number": 61,
        "patch_label": "P061",
        "name": "patch_0061_VV",
        "x_start": 16000,
        "y_start": 8000,
        "valid_x_end": 18000,
        "valid_y_end": 10000,
        "width": 2000,
        "height": 2000,
        "target_width": 2000,
        "target_height": 2000,
        "requires_padding": false,
        "processing_bbox_pixels": {
          "x0": 15840,
          "y0": 7840,
          "x1": 18160,
          "y1": 10160
        },
        "processing_requested_bbox_pixels": {
          "x0": 15840,
          "y0": 7840,
          "x1": 18160,
          "y1": 10160
        },
        "processing_width": 2320,
        "processing_height": 2320,
        "processing_target_width": 2320,
        "processing_target_height": 2320,
        "processing_requires_padding": false,
        "core_bbox_pixels": {
          "x0": 16000,
          "y0": 8000,
          "x1": 18000,
          "y1": 10000
        },
        "requested_bbox_pixels": {
          "x0": 16000,
          "y0": 8000,
          "x1": 18000,
          "y1": 10000
        },
        "halo_pixels": 160,
        "polarization": "VV",
        "display_bounds_lonlat": {
          "west": -39.583316639066084,
          "south": -12.703758787899487,
          "east": -39.32710006117559,
          "north": -12.448422927953365
        },
        "cfar_detection_count": 0,
        "yolo_detection_count": 0,
        "processing_bounds_lonlat": {
          "west": -39.583316639066084,
          "south": -12.703758787899487,
          "east": -39.32710006117559,
          "north": -12.448422927953365
        },
        "cfar_count": 0,
        "yolo_count": 0,
        "has_cfar_detection": false,
        "has_yolo_detection": false,
        "has_detection": false
      }
    },
    {
      "type": "Feature",
      "geometry": {
        "type": "Polygon",
        "coordinates": [
          [
            [
              -39.523860421510676,
              -12.466022654890272
            ],
            [
              -39.5657012579657,
              -12.644710417098405
            ],
            [
              -39.74476424354706,
              -12.603167137556362
            ],
            [
              -39.70281298169371,
              -12.424537774613238
            ],
            [
              -39.523860421510676,
              -12.466022654890272
            ]
          ]
        ]
      },
      "properties": {
        "patch_id": 61,
        "tile_id": 61,
        "patch_number": 62,
        "patch_label": "P062",
        "name": "patch_0062_VV",
        "x_start": 18000,
        "y_start": 8000,
        "valid_x_end": 20000,
        "valid_y_end": 10000,
        "width": 2000,
        "height": 2000,
        "target_width": 2000,
        "target_height": 2000,
        "requires_padding": false,
        "processing_bbox_pixels": {
          "x0": 17840,
          "y0": 7840,
          "x1": 20160,
          "y1": 10160
        },
        "processing_requested_bbox_pixels": {
          "x0": 17840,
          "y0": 7840,
          "x1": 20160,
          "y1": 10160
        },
        "processing_width": 2320,
        "processing_height": 2320,
        "processing_target_width": 2320,
        "processing_target_height": 2320,
        "processing_requires_padding": false,
        "core_bbox_pixels": {
          "x0": 18000,
          "y0": 8000,
          "x1": 20000,
          "y1": 10000
        },
        "requested_bbox_pixels": {
          "x0": 18000,
          "y0": 8000,
          "x1": 20000,
          "y1": 10000
        },
        "halo_pixels": 160,
        "polarization": "VV",
        "display_bounds_lonlat": {
          "west": -39.76247397132318,
          "south": -12.662325686005131,
          "east": -39.506195169822064,
          "north": -12.406913770445104
        },
        "cfar_detection_count": 0,
        "yolo_detection_count": 0,
        "processing_bounds_lonlat": {
          "west": -39.76247397132318,
          "south": -12.662325686005131,
          "east": -39.506195169822064,
          "north": -12.406913770445104
        },
        "cfar_count": 0,
        "yolo_count": 0,
        "has_cfar_detection": false,
        "has_yolo_detection": false,
        "has_detection": false
      }
    },
    {
      "type": "Feature",
      "geometry": {
        "type": "Polygon",
        "coordinates": [
          [
            [
              -39.7029024886553,
              -12.424516995060538
            ],
            [
              -39.74485380553372,
              -12.603146328793375
            ],
            [
              -39.923862669351976,
              -12.561494491959488
            ],
            [
              -39.881800696817336,
              -12.38292541566637
            ],
            [
              -39.7029024886553,
              -12.424516995060538
            ]
          ]
        ]
      },
      "properties": {
        "patch_id": 62,
        "tile_id": 62,
        "patch_number": 63,
        "patch_label": "P063",
        "name": "patch_0063_VV",
        "x_start": 20000,
        "y_start": 8000,
        "valid_x_end": 22000,
        "valid_y_end": 10000,
        "width": 2000,
        "height": 2000,
        "target_width": 2000,
        "target_height": 2000,
        "requires_padding": false,
        "processing_bbox_pixels": {
          "x0": 19840,
          "y0": 7840,
          "x1": 22160,
          "y1": 10160
        },
        "processing_requested_bbox_pixels": {
          "x0": 19840,
          "y0": 7840,
          "x1": 22160,
          "y1": 10160
        },
        "processing_width": 2320,
        "processing_height": 2320,
        "processing_target_width": 2320,
        "processing_target_height": 2320,
        "processing_requires_padding": false,
        "core_bbox_pixels": {
          "x0": 20000,
          "y0": 8000,
          "x1": 22000,
          "y1": 10000
        },
        "requested_bbox_pixels": {
          "x0": 20000,
          "y0": 8000,
          "x1": 22000,
          "y1": 10000
        },
        "halo_pixels": 160,
        "polarization": "VV",
        "display_bounds_lonlat": {
          "west": -39.941575168226336,
          "south": -12.620769114045391,
          "east": -39.68523446706283,
          "north": -12.365294205835456
        },
        "cfar_detection_count": 0,
        "yolo_detection_count": 0,
        "processing_bounds_lonlat": {
          "west": -39.941575168226336,
          "south": -12.620769114045391,
          "east": -39.68523446706283,
          "north": -12.365294205835456
        },
        "cfar_count": 0,
        "yolo_count": 0,
        "has_cfar_detection": false,
        "has_yolo_detection": false,
        "has_detection": false
      }
    },
    {
      "type": "Feature",
      "geometry": {
        "type": "Polygon",
        "coordinates": [
          [
            [
              -39.88189016876032,
              -12.382904560808251
            ],
            [
              -39.92395219511037,
              -12.561473606284302
            ],
            [
              -40.102900746811216,
              -12.519693473739377
            ],
            [
              -40.06073164583661,
              -12.341186452878729
            ],
            [
              -39.88189016876032,
              -12.382904560808251
            ]
          ]
        ]
      },
      "properties": {
        "patch_id": 63,
        "tile_id": 63,
        "patch_number": 64,
        "patch_label": "P064",
        "name": "patch_0064_VV",
        "x_start": 22000,
        "y_start": 8000,
        "valid_x_end": 24000,
        "valid_y_end": 10000,
        "width": 2000,
        "height": 2000,
        "target_width": 2000,
        "target_height": 2000,
        "requires_padding": false,
        "processing_bbox_pixels": {
          "x0": 21840,
          "y0": 7840,
          "x1": 24160,
          "y1": 10160
        },
        "processing_requested_bbox_pixels": {
          "x0": 21840,
          "y0": 7840,
          "x1": 24160,
          "y1": 10160
        },
        "processing_width": 2320,
        "processing_height": 2320,
        "processing_target_width": 2320,
        "processing_target_height": 2320,
        "processing_requires_padding": false,
        "core_bbox_pixels": {
          "x0": 22000,
          "y0": 8000,
          "x1": 24000,
          "y1": 10000
        },
        "requested_bbox_pixels": {
          "x0": 22000,
          "y0": 8000,
          "x1": 24000,
          "y1": 10000
        },
        "halo_pixels": 160,
        "polarization": "VV",
        "display_bounds_lonlat": {
          "west": -40.12061910790221,
          "south": -12.57910063342971,
          "east": -39.8642173660969,
          "north": -12.323554287159311
        },
        "cfar_detection_count": 0,
        "yolo_detection_count": 0,
        "processing_bounds_lonlat": {
          "west": -40.12061910790221,
          "south": -12.57910063342971,
          "east": -39.8642173660969,
          "north": -12.323554287159311
        },
        "cfar_count": 0,
        "yolo_count": 0,
        "has_cfar_detection": false,
        "has_yolo_detection": false,
        "has_detection": false
      }
    },
    {
      "type": "Feature",
      "geometry": {
        "type": "Polygon",
        "coordinates": [
          [
            [
              -40.06082110145555,
              -12.341165560839645
            ],
            [
              -40.102990255607885,
              -12.519672550347629
            ],
            [
              -40.2630961505697,
              -12.482192351457059
            ],
            [
              -40.22083253417221,
              -12.303742139055158
            ],
            [
              -40.06082110145555,
              -12.341165560839645
            ]
          ]
        ]
      },
      "properties": {
        "patch_id": 64,
        "tile_id": 64,
        "patch_number": 65,
        "patch_label": "P065",
        "name": "patch_0065_VV",
        "x_start": 24000,
        "y_start": 8000,
        "valid_x_end": 25791,
        "valid_y_end": 10000,
        "width": 2000,
        "height": 2000,
        "target_width": 2000,
        "target_height": 2000,
        "requires_padding": true,
        "processing_bbox_pixels": {
          "x0": 23840,
          "y0": 7840,
          "x1": 25791,
          "y1": 10160
        },
        "processing_requested_bbox_pixels": {
          "x0": 23840,
          "y0": 7840,
          "x1": 26160,
          "y1": 10160
        },
        "processing_width": 1951,
        "processing_height": 2320,
        "processing_target_width": 1951,
        "processing_target_height": 2320,
        "processing_requires_padding": false,
        "core_bbox_pixels": {
          "x0": 24000,
          "y0": 8000,
          "x1": 25791,
          "y1": 10000
        },
        "requested_bbox_pixels": {
          "x0": 24000,
          "y0": 8000,
          "x1": 26000,
          "y1": 10000
        },
        "halo_pixels": 160,
        "polarization": "VV",
        "display_bounds_lonlat": {
          "west": -40.26650003066125,
          "south": -12.537303891365752,
          "east": -40.04314365101686,
          "north": -12.289456825766404
        },
        "cfar_detection_count": 0,
        "yolo_detection_count": 0,
        "processing_bounds_lonlat": {
          "west": -40.26650003066125,
          "south": -12.537303891365752,
          "east": -40.04314365101686,
          "north": -12.289456825766404
        },
        "cfar_count": 0,
        "yolo_count": 0,
        "has_cfar_detection": false,
        "has_yolo_detection": false,
        "has_detection": false
      }
    },
    {
      "type": "Feature",
      "geometry": {
        "type": "Polygon",
        "coordinates": [
          [
            [
              -37.95075249802503,
              -13.013416242031592
            ],
            [
              -37.99182909108188,
              -13.192497755624341
            ],
            [
              -38.17152691830332,
              -13.151997923180842
            ],
            [
              -38.13032961191405,
              -12.972959618237613
            ],
            [
              -37.95075249802503,
              -13.013416242031592
            ]
          ]
        ]
      },
      "properties": {
        "patch_id": 65,
        "tile_id": 65,
        "patch_number": 66,
        "patch_label": "P066",
        "name": "patch_0066_VV",
        "x_start": 0,
        "y_start": 10000,
        "valid_x_end": 2000,
        "valid_y_end": 12000,
        "width": 2000,
        "height": 2000,
        "target_width": 2000,
        "target_height": 2000,
        "requires_padding": false,
        "processing_bbox_pixels": {
          "x0": 0,
          "y0": 9840,
          "x1": 2160,
          "y1": 12160
        },
        "processing_requested_bbox_pixels": {
          "x0": -160,
          "y0": 9840,
          "x1": 2160,
          "y1": 12160
        },
        "processing_width": 2160,
        "processing_height": 2320,
        "processing_target_width": 2160,
        "processing_target_height": 2320,
        "processing_requires_padding": false,
        "core_bbox_pixels": {
          "x0": 0,
          "y0": 10000,
          "x1": 2000,
          "y1": 12000
        },
        "requested_bbox_pixels": {
          "x0": 0,
          "y0": 10000,
          "x1": 2000,
          "y1": 12000
        },
        "halo_pixels": 160,
        "polarization": "VV",
        "display_bounds_lonlat": {
          "west": -38.189207141851234,
          "south": -13.206831593597421,
          "east": -37.94746510459773,
          "north": -12.95538754422849
        },
        "cfar_detection_count": 1,
        "yolo_detection_count": 2,
        "processing_bounds_lonlat": {
          "west": -38.189207141851234,
          "south": -13.206831593597421,
          "east": -37.94746510459773,
          "north": -12.95538754422849
        },
        "cfar_count": 1,
        "yolo_count": 2,
        "has_cfar_detection": true,
        "has_yolo_detection": true,
        "has_detection": true
      }
    },
    {
      "type": "Feature",
      "geometry": {
        "type": "Polygon",
        "coordinates": [
          [
            [
              -38.130419434024304,
              -12.972939354347133
            ],
            [
              -38.17161680018505,
              -13.151977637165285
            ],
            [
              -38.35126367949721,
              -13.111364542363619
            ],
            [
              -38.309948803626234,
              -12.932370422348985
            ],
            [
              -38.130419434024304,
              -12.972939354347133
            ]
          ]
        ]
      },
      "properties": {
        "patch_id": 66,
        "tile_id": 66,
        "patch_number": 67,
        "patch_label": "P067",
        "name": "patch_0067_VV",
        "x_start": 2000,
        "y_start": 10000,
        "valid_x_end": 4000,
        "valid_y_end": 12000,
        "width": 2000,
        "height": 2000,
        "target_width": 2000,
        "target_height": 2000,
        "requires_padding": false,
        "processing_bbox_pixels": {
          "x0": 1840,
          "y0": 9840,
          "x1": 4160,
          "y1": 12160
        },
        "processing_requested_bbox_pixels": {
          "x0": 1840,
          "y0": 9840,
          "x1": 4160,
          "y1": 12160
        },
        "processing_width": 2320,
        "processing_height": 2320,
        "processing_target_width": 2320,
        "processing_target_height": 2320,
        "processing_requires_padding": false,
        "core_bbox_pixels": {
          "x0": 2000,
          "y0": 10000,
          "x1": 4000,
          "y1": 12000
        },
        "requested_bbox_pixels": {
          "x0": 2000,
          "y0": 10000,
          "x1": 4000,
          "y1": 12000
        },
        "halo_pixels": 160,
        "polarization": "VV",
        "display_bounds_lonlat": {
          "west": -38.36894728461089,
          "south": -13.169554060777687,
          "east": -38.11275172919604,
          "north": -12.9147892210277
        },
        "cfar_detection_count": 1,
        "yolo_detection_count": 0,
        "processing_bounds_lonlat": {
          "west": -38.36894728461089,
          "south": -13.169554060777687,
          "east": -38.11275172919604,
          "north": -12.9147892210277
        },
        "cfar_count": 1,
        "yolo_count": 0,
        "has_cfar_detection": true,
        "has_yolo_detection": false,
        "has_detection": true
      }
    },
    {
      "type": "Feature",
      "geometry": {
        "type": "Polygon",
        "coordinates": [
          [
            [
              -38.31003858635013,
              -12.932350079557256
            ],
            [
              -38.35135352355194,
              -13.111344176172079
            ],
            [
              -38.53093513787786,
              -13.070598966368639
            ],
            [
              -38.489500861832944,
              -12.891651495621243
            ],
            [
              -38.31003858635013,
              -12.932350079557256
            ]
          ]
        ]
      },
      "properties": {
        "patch_id": 67,
        "tile_id": 67,
        "patch_number": 68,
        "patch_label": "P068",
        "name": "patch_0068_VV",
        "x_start": 4000,
        "y_start": 10000,
        "valid_x_end": 6000,
        "valid_y_end": 12000,
        "width": 2000,
        "height": 2000,
        "target_width": 2000,
        "target_height": 2000,
        "requires_padding": false,
        "processing_bbox_pixels": {
          "x0": 3840,
          "y0": 9840,
          "x1": 6160,
          "y1": 12160
        },
        "processing_requested_bbox_pixels": {
          "x0": 3840,
          "y0": 9840,
          "x1": 6160,
          "y1": 12160
        },
        "processing_width": 2320,
        "processing_height": 2320,
        "processing_target_width": 2320,
        "processing_target_height": 2320,
        "processing_requires_padding": false,
        "core_bbox_pixels": {
          "x0": 4000,
          "y0": 10000,
          "x1": 6000,
          "y1": 12000
        },
        "requested_bbox_pixels": {
          "x0": 4000,
          "y0": 10000,
          "x1": 6000,
          "y1": 12000
        },
        "halo_pixels": 160,
        "polarization": "VV",
        "display_bounds_lonlat": {
          "west": -38.54862515904316,
          "south": -13.128928620776028,
          "east": -38.29236719024025,
          "north": -12.874067676970313
        },
        "cfar_detection_count": 7,
        "yolo_detection_count": 2,
        "processing_bounds_lonlat": {
          "west": -38.54862515904316,
          "south": -13.128928620776028,
          "east": -38.29236719024025,
          "north": -12.874067676970313
        },
        "cfar_count": 7,
        "yolo_count": 2,
        "has_cfar_detection": true,
        "has_yolo_detection": true,
        "has_detection": true
      }
    },
    {
      "type": "Feature",
      "geometry": {
        "type": "Polygon",
        "coordinates": [
          [
            [
              -38.489590628460334,
              -12.891631113149316
            ],
            [
              -38.5310249619496,
              -13.070578560675834
            ],
            [
              -38.710551590150914,
              -13.02971525371538
            ],
            [
              -38.66900198882675,
              -12.850815887238618
            ],
            [
              -38.489590628460334,
              -12.891631113149316
            ]
          ]
        ]
      },
      "properties": {
        "patch_id": 68,
        "tile_id": 68,
        "patch_number": 69,
        "patch_label": "P069",
        "name": "patch_0069_VV",
        "x_start": 6000,
        "y_start": 10000,
        "valid_x_end": 8000,
        "valid_y_end": 12000,
        "width": 2000,
        "height": 2000,
        "target_width": 2000,
        "target_height": 2000,
        "requires_padding": false,
        "processing_bbox_pixels": {
          "x0": 5840,
          "y0": 9840,
          "x1": 8160,
          "y1": 12160
        },
        "processing_requested_bbox_pixels": {
          "x0": 5840,
          "y0": 9840,
          "x1": 8160,
          "y1": 12160
        },
        "processing_width": 2320,
        "processing_height": 2320,
        "processing_target_width": 2320,
        "processing_target_height": 2320,
        "processing_requires_padding": false,
        "core_bbox_pixels": {
          "x0": 6000,
          "y0": 10000,
          "x1": 8000,
          "y1": 12000
        },
        "requested_bbox_pixels": {
          "x0": 6000,
          "y0": 10000,
          "x1": 8000,
          "y1": 12000
        },
        "halo_pixels": 160,
        "polarization": "VV",
        "display_bounds_lonlat": {
          "west": -38.72824526590043,
          "south": -13.088166799785718,
          "east": -38.47191287768997,
          "north": -12.833223447386093
        },
        "cfar_detection_count": 19,
        "yolo_detection_count": 17,
        "processing_bounds_lonlat": {
          "west": -38.72824526590043,
          "south": -13.088166799785718,
          "east": -38.47191287768997,
          "north": -12.833223447386093
        },
        "cfar_count": 19,
        "yolo_count": 17,
        "has_cfar_detection": true,
        "has_yolo_detection": true,
        "has_detection": true
      }
    },
    {
      "type": "Feature",
      "geometry": {
        "type": "Polygon",
        "coordinates": [
          [
            [
              -38.66909171937689,
              -12.850795426604986
            ],
            [
              -38.71064137805169,
              -13.029694768280503
            ],
            [
              -38.89010690230271,
              -12.988706299519956
            ],
            [
              -38.8484419023298,
              -12.809857006346045
            ],
            [
              -38.66909171937689,
              -12.850795426604986
            ]
          ]
        ]
      },
      "properties": {
        "patch_id": 69,
        "tile_id": 69,
        "patch_number": 70,
        "patch_label": "P070",
        "name": "patch_0070_VV",
        "x_start": 8000,
        "y_start": 10000,
        "valid_x_end": 10000,
        "valid_y_end": 12000,
        "width": 2000,
        "height": 2000,
        "target_width": 2000,
        "target_height": 2000,
        "requires_padding": false,
        "processing_bbox_pixels": {
          "x0": 7840,
          "y0": 9840,
          "x1": 10160,
          "y1": 12160
        },
        "processing_requested_bbox_pixels": {
          "x0": 7840,
          "y0": 9840,
          "x1": 10160,
          "y1": 12160
        },
        "processing_width": 2320,
        "processing_height": 2320,
        "processing_target_width": 2320,
        "processing_target_height": 2320,
        "processing_requires_padding": false,
        "core_bbox_pixels": {
          "x0": 8000,
          "y0": 10000,
          "x1": 10000,
          "y1": 12000
        },
        "requested_bbox_pixels": {
          "x0": 8000,
          "y0": 10000,
          "x1": 10000,
          "y1": 12000
        },
        "halo_pixels": 160,
        "polarization": "VV",
        "display_bounds_lonlat": {
          "west": -38.90780656643153,
          "south": -13.04729195842683,
          "east": -38.65141073189591,
          "north": -12.79226236555208
        },
        "cfar_detection_count": 14,
        "yolo_detection_count": 6,
        "processing_bounds_lonlat": {
          "west": -38.90780656643153,
          "south": -13.04729195842683,
          "east": -38.65141073189591,
          "north": -12.79226236555208
        },
        "cfar_count": 14,
        "yolo_count": 6,
        "has_cfar_detection": true,
        "has_yolo_detection": true,
        "has_detection": true
      }
    },
    {
      "type": "Feature",
      "geometry": {
        "type": "Polygon",
        "coordinates": [
          [
            [
              -38.84853161110995,
              -12.809836507001327
            ],
            [
              -38.89019666915304,
              -12.98868577488944
            ],
            [
              -39.06960661952367,
              -12.947573963180186
            ],
            [
              -39.027825803681075,
              -12.768776570767656
            ],
            [
              -38.84853161110995,
              -12.809836507001327
            ]
          ]
        ]
      },
      "properties": {
        "patch_id": 70,
        "tile_id": 70,
        "patch_number": 71,
        "patch_label": "P071",
        "name": "patch_0071_VV",
        "x_start": 10000,
        "y_start": 10000,
        "valid_x_end": 12000,
        "valid_y_end": 12000,
        "width": 2000,
        "height": 2000,
        "target_width": 2000,
        "target_height": 2000,
        "requires_padding": false,
        "processing_bbox_pixels": {
          "x0": 9840,
          "y0": 9840,
          "x1": 12160,
          "y1": 12160
        },
        "processing_requested_bbox_pixels": {
          "x0": 9840,
          "y0": 9840,
          "x1": 12160,
          "y1": 12160
        },
        "processing_width": 2320,
        "processing_height": 2320,
        "processing_target_width": 2320,
        "processing_target_height": 2320,
        "processing_requires_padding": false,
        "core_bbox_pixels": {
          "x0": 10000,
          "y0": 10000,
          "x1": 12000,
          "y1": 12000
        },
        "requested_bbox_pixels": {
          "x0": 10000,
          "y0": 10000,
          "x1": 12000,
          "y1": 12000
        },
        "halo_pixels": 160,
        "polarization": "VV",
        "display_bounds_lonlat": {
          "west": -39.08730974223273,
          "south": -13.006285188586636,
          "east": -38.830844911724725,
          "north": -12.751173510828693
        },
        "cfar_detection_count": 0,
        "yolo_detection_count": 0,
        "processing_bounds_lonlat": {
          "west": -39.08730974223273,
          "south": -13.006285188586636,
          "east": -38.830844911724725,
          "north": -12.751173510828693
        },
        "cfar_count": 0,
        "yolo_count": 0,
        "has_cfar_detection": false,
        "has_yolo_detection": false,
        "has_detection": false
      }
    },
    {
      "type": "Feature",
      "geometry": {
        "type": "Polygon",
        "coordinates": [
          [
            [
              -39.0279154764938,
              -12.768755992776674
            ],
            [
              -39.06969634976836,
              -12.947553359113224
            ],
            [
              -39.24904578488969,
              -12.906322737970697
            ],
            [
              -39.2071537441505,
              -12.727578706190972
            ],
            [
              -39.0279154764938,
              -12.768755992776674
            ]
          ]
        ]
      },
      "properties": {
        "patch_id": 71,
        "tile_id": 71,
        "patch_number": 72,
        "patch_label": "P072",
        "name": "patch_0072_VV",
        "x_start": 12000,
        "y_start": 10000,
        "valid_x_end": 14000,
        "valid_y_end": 12000,
        "width": 2000,
        "height": 2000,
        "target_width": 2000,
        "target_height": 2000,
        "requires_padding": false,
        "processing_bbox_pixels": {
          "x0": 11840,
          "y0": 9840,
          "x1": 14160,
          "y1": 12160
        },
        "processing_requested_bbox_pixels": {
          "x0": 11840,
          "y0": 9840,
          "x1": 14160,
          "y1": 12160
        },
        "processing_width": 2320,
        "processing_height": 2320,
        "processing_target_width": 2320,
        "processing_target_height": 2320,
        "processing_requires_padding": false,
        "core_bbox_pixels": {
          "x0": 12000,
          "y0": 10000,
          "x1": 14000,
          "y1": 12000
        },
        "requested_bbox_pixels": {
          "x0": 12000,
          "y0": 10000,
          "x1": 14000,
          "y1": 12000
        },
        "halo_pixels": 160,
        "polarization": "VV",
        "display_bounds_lonlat": {
          "west": -39.2667546769541,
          "south": -12.965161338559929,
          "east": -39.01022520111153,
          "north": -12.709973617683588
        },
        "cfar_detection_count": 0,
        "yolo_detection_count": 0,
        "processing_bounds_lonlat": {
          "west": -39.2667546769541,
          "south": -12.965161338559929,
          "east": -39.01022520111153,
          "north": -12.709973617683588
        },
        "cfar_count": 0,
        "yolo_count": 0,
        "has_cfar_detection": false,
        "has_yolo_detection": false,
        "has_detection": false
      }
    },
    {
      "type": "Feature",
      "geometry": {
        "type": "Polygon",
        "coordinates": [
          [
            [
              -39.20724340078158,
              -12.727558090228445
            ],
            [
              -39.249135495652595,
              -12.906302094836388
            ],
            [
              -39.42842751928619,
              -12.864944135745231
            ],
            [
              -39.38642138835267,
              -12.686255346115036
            ],
            [
              -39.20724340078158,
              -12.727558090228445
            ]
          ]
        ]
      },
      "properties": {
        "patch_id": 72,
        "tile_id": 72,
        "patch_number": 73,
        "patch_label": "P073",
        "name": "patch_0073_VV",
        "x_start": 14000,
        "y_start": 10000,
        "valid_x_end": 16000,
        "valid_y_end": 12000,
        "width": 2000,
        "height": 2000,
        "target_width": 2000,
        "target_height": 2000,
        "requires_padding": false,
        "processing_bbox_pixels": {
          "x0": 13840,
          "y0": 9840,
          "x1": 16160,
          "y1": 12160
        },
        "processing_requested_bbox_pixels": {
          "x0": 13840,
          "y0": 9840,
          "x1": 16160,
          "y1": 12160
        },
        "processing_width": 2320,
        "processing_height": 2320,
        "processing_target_width": 2320,
        "processing_target_height": 2320,
        "processing_requires_padding": false,
        "core_bbox_pixels": {
          "x0": 14000,
          "y0": 10000,
          "x1": 16000,
          "y1": 12000
        },
        "requested_bbox_pixels": {
          "x0": 14000,
          "y0": 10000,
          "x1": 16000,
          "y1": 12000
        },
        "halo_pixels": 160,
        "polarization": "VV",
        "display_bounds_lonlat": {
          "west": -39.446139586172364,
          "south": -12.923912031406166,
          "east": -39.189546961317205,
          "north": -12.6686425461095
        },
        "cfar_detection_count": 0,
        "yolo_detection_count": 0,
        "processing_bounds_lonlat": {
          "west": -39.446139586172364,
          "south": -12.923912031406166,
          "east": -39.189546961317205,
          "north": -12.6686425461095
        },
        "cfar_count": 0,
        "yolo_count": 0,
        "has_cfar_detection": false,
        "has_yolo_detection": false,
        "has_detection": false
      }
    },
    {
      "type": "Feature",
      "geometry": {
        "type": "Polygon",
        "coordinates": [
          [
            [
              -39.38651100579348,
              -12.686234652730343
            ],
            [
              -39.4285171930714,
              -12.864923413914015
            ],
            [
              -39.60775249651452,
              -12.823452627779183
            ],
            [
              -39.56563272321898,
              -12.644820510329293
            ],
            [
              -39.38651100579348,
              -12.686234652730343
            ]
          ]
        ]
      },
      "properties": {
        "patch_id": 73,
        "tile_id": 73,
        "patch_number": 74,
        "patch_label": "P074",
        "name": "patch_0074_VV",
        "x_start": 16000,
        "y_start": 10000,
        "valid_x_end": 18000,
        "valid_y_end": 12000,
        "width": 2000,
        "height": 2000,
        "target_width": 2000,
        "target_height": 2000,
        "requires_padding": false,
        "processing_bbox_pixels": {
          "x0": 15840,
          "y0": 9840,
          "x1": 18160,
          "y1": 12160
        },
        "processing_requested_bbox_pixels": {
          "x0": 15840,
          "y0": 9840,
          "x1": 18160,
          "y1": 12160
        },
        "processing_width": 2320,
        "processing_height": 2320,
        "processing_target_width": 2320,
        "processing_target_height": 2320,
        "processing_requires_padding": false,
        "core_bbox_pixels": {
          "x0": 16000,
          "y0": 10000,
          "x1": 18000,
          "y1": 12000
        },
        "requested_bbox_pixels": {
          "x0": 16000,
          "y0": 10000,
          "x1": 18000,
          "y1": 12000
        },
        "halo_pixels": 160,
        "polarization": "VV",
        "display_bounds_lonlat": {
          "west": -39.62546940308059,
          "south": -12.88254157324081,
          "east": -39.36881166616044,
          "north": -12.627201952468354
        },
        "cfar_detection_count": 0,
        "yolo_detection_count": 0,
        "processing_bounds_lonlat": {
          "west": -39.62546940308059,
          "south": -12.88254157324081,
          "east": -39.36881166616044,
          "north": -12.627201952468354
        },
        "cfar_count": 0,
        "yolo_count": 0,
        "has_cfar_detection": false,
        "has_yolo_detection": false,
        "has_detection": false
      }
    },
    {
      "type": "Feature",
      "geometry": {
        "type": "Polygon",
        "coordinates": [
          [
            [
              -39.56572232156306,
              -12.644799778003943
            ],
            [
              -39.60784215197532,
              -12.82343186718624
            ],
            [
              -39.787016453020314,
              -12.781829531272752
            ],
            [
              -39.74478536318804,
              -12.603256468750018
            ],
            [
              -39.56572232156306,
              -12.644799778003943
            ]
          ]
        ]
      },
      "properties": {
        "patch_id": 74,
        "tile_id": 74,
        "patch_number": 75,
        "patch_label": "P075",
        "name": "patch_0075_VV",
        "x_start": 18000,
        "y_start": 10000,
        "valid_x_end": 20000,
        "valid_y_end": 12000,
        "width": 2000,
        "height": 2000,
        "target_width": 2000,
        "target_height": 2000,
        "requires_padding": false,
        "processing_bbox_pixels": {
          "x0": 17840,
          "y0": 9840,
          "x1": 20160,
          "y1": 12160
        },
        "processing_requested_bbox_pixels": {
          "x0": 17840,
          "y0": 9840,
          "x1": 20160,
          "y1": 12160
        },
        "processing_width": 2320,
        "processing_height": 2320,
        "processing_target_width": 2320,
        "processing_target_height": 2320,
        "processing_requires_padding": false,
        "core_bbox_pixels": {
          "x0": 18000,
          "y0": 10000,
          "x1": 20000,
          "y1": 12000
        },
        "requested_bbox_pixels": {
          "x0": 18000,
          "y0": 10000,
          "x1": 20000,
          "y1": 12000
        },
        "halo_pixels": 160,
        "polarization": "VV",
        "display_bounds_lonlat": {
          "west": -39.80473749876036,
          "south": -12.841051606656556,
          "east": -39.548017100486256,
          "north": -12.585634467876385
        },
        "cfar_detection_count": 0,
        "yolo_detection_count": 0,
        "processing_bounds_lonlat": {
          "west": -39.80473749876036,
          "south": -12.841051606656556,
          "east": -39.548017100486256,
          "north": -12.585634467876385
        },
        "cfar_count": 0,
        "yolo_count": 0,
        "has_cfar_detection": false,
        "has_yolo_detection": false,
        "has_detection": false
      }
    },
    {
      "type": "Feature",
      "geometry": {
        "type": "Polygon",
        "coordinates": [
          [
            [
              -39.74487492520076,
              -12.603235659971617
            ],
            [
              -39.78710606869764,
              -12.781808692288529
            ],
            [
              -39.96622333424401,
              -12.740096233793974
            ],
            [
              -39.9238838426222,
              -12.561583792830408
            ],
            [
              -39.74487492520076,
              -12.603235659971617
            ]
          ]
        ]
      },
      "properties": {
        "patch_id": 75,
        "tile_id": 75,
        "patch_number": 76,
        "patch_label": "P076",
        "name": "patch_0076_VV",
        "x_start": 20000,
        "y_start": 10000,
        "valid_x_end": 22000,
        "valid_y_end": 12000,
        "width": 2000,
        "height": 2000,
        "target_width": 2000,
        "target_height": 2000,
        "requires_padding": false,
        "processing_bbox_pixels": {
          "x0": 19840,
          "y0": 9840,
          "x1": 22160,
          "y1": 12160
        },
        "processing_requested_bbox_pixels": {
          "x0": 19840,
          "y0": 9840,
          "x1": 22160,
          "y1": 12160
        },
        "processing_width": 2320,
        "processing_height": 2320,
        "processing_target_width": 2320,
        "processing_target_height": 2320,
        "processing_requires_padding": false,
        "core_bbox_pixels": {
          "x0": 20000,
          "y0": 10000,
          "x1": 22000,
          "y1": 12000
        },
        "requested_bbox_pixels": {
          "x0": 20000,
          "y0": 10000,
          "x1": 22000,
          "y1": 12000
        },
        "halo_pixels": 160,
        "polarization": "VV",
        "display_bounds_lonlat": {
          "west": -39.98394760381866,
          "south": -12.799436294151064,
          "east": -39.72716652354299,
          "north": -12.543954337642926
        },
        "cfar_detection_count": 0,
        "yolo_detection_count": 0,
        "processing_bounds_lonlat": {
          "west": -39.98394760381866,
          "south": -12.799436294151064,
          "east": -39.72716652354299,
          "north": -12.543954337642926
        },
        "cfar_count": 0,
        "yolo_count": 0,
        "has_cfar_detection": false,
        "has_yolo_detection": false,
        "has_detection": false
      }
    },
    {
      "type": "Feature",
      "geometry": {
        "type": "Polygon",
        "coordinates": [
          [
            [
              -39.923973368406784,
              -12.561562907139804
            ],
            [
              -39.96631291480245,
              -12.740075317286301
            ],
            [
              -40.145370289514744,
              -12.698233310203243
            ],
            [
              -40.102921973387204,
              -12.51978274377781
            ],
            [
              -39.923973368406784,
              -12.561562907139804
            ]
          ]
        ]
      },
      "properties": {
        "patch_id": 76,
        "tile_id": 76,
        "patch_number": 77,
        "patch_label": "P077",
        "name": "patch_0077_VV",
        "x_start": 22000,
        "y_start": 10000,
        "valid_x_end": 24000,
        "valid_y_end": 12000,
        "width": 2000,
        "height": 2000,
        "target_width": 2000,
        "target_height": 2000,
        "requires_padding": false,
        "processing_bbox_pixels": {
          "x0": 21840,
          "y0": 9840,
          "x1": 24160,
          "y1": 12160
        },
        "processing_requested_bbox_pixels": {
          "x0": 21840,
          "y0": 9840,
          "x1": 24160,
          "y1": 12160
        },
        "processing_width": 2320,
        "processing_height": 2320,
        "processing_target_width": 2320,
        "processing_target_height": 2320,
        "processing_requires_padding": false,
        "core_bbox_pixels": {
          "x0": 22000,
          "y0": 10000,
          "x1": 24000,
          "y1": 12000
        },
        "requested_bbox_pixels": {
          "x0": 22000,
          "y0": 10000,
          "x1": 24000,
          "y1": 12000
        },
        "halo_pixels": 160,
        "polarization": "VV",
        "display_bounds_lonlat": {
          "west": -40.16310063672962,
          "south": -12.757707242690676,
          "east": -39.90626067429901,
          "north": -12.502152187138066
        },
        "cfar_detection_count": 0,
        "yolo_detection_count": 0,
        "processing_bounds_lonlat": {
          "west": -40.16310063672962,
          "south": -12.757707242690676,
          "east": -39.90626067429901,
          "north": -12.502152187138066
        },
        "cfar_count": 0,
        "yolo_count": 0,
        "has_cfar_detection": false,
        "has_yolo_detection": false,
        "has_detection": false
      }
    },
    {
      "type": "Feature",
      "geometry": {
        "type": "Polygon",
        "coordinates": [
          [
            [
              -40.103011482211215,
              -12.519761820370647
            ],
            [
              -40.14545985219203,
              -12.698212355673387
            ],
            [
              -40.30566065583831,
              -12.660675170284007
            ],
            [
              -40.26311742482021,
              -12.482281592866704
            ],
            [
              -40.103011482211215,
              -12.519761820370647
            ]
          ]
        ]
      },
      "properties": {
        "patch_id": 77,
        "tile_id": 77,
        "patch_number": 78,
        "patch_label": "P078",
        "name": "patch_0078_VV",
        "x_start": 24000,
        "y_start": 10000,
        "valid_x_end": 25791,
        "valid_y_end": 12000,
        "width": 2000,
        "height": 2000,
        "target_width": 2000,
        "target_height": 2000,
        "requires_padding": true,
        "processing_bbox_pixels": {
          "x0": 23840,
          "y0": 9840,
          "x1": 25791,
          "y1": 12160
        },
        "processing_requested_bbox_pixels": {
          "x0": 23840,
          "y0": 9840,
          "x1": 26160,
          "y1": 12160
        },
        "processing_width": 1951,
        "processing_height": 2320,
        "processing_target_width": 1951,
        "processing_target_height": 2320,
        "processing_requires_padding": false,
        "core_bbox_pixels": {
          "x0": 24000,
          "y0": 10000,
          "x1": 25791,
          "y1": 12000
        },
        "requested_bbox_pixels": {
          "x0": 24000,
          "y0": 10000,
          "x1": 26000,
          "y1": 12000
        },
        "halo_pixels": 160,
        "polarization": "VV",
        "display_bounds_lonlat": {
          "west": -40.30906784824188,
          "south": -12.715848639095398,
          "east": -40.08529451122406,
          "north": -12.468002967323873
        },
        "cfar_detection_count": 0,
        "yolo_detection_count": 0,
        "processing_bounds_lonlat": {
          "west": -40.30906784824188,
          "south": -12.715848639095398,
          "east": -40.08529451122406,
          "north": -12.468002967323873
        },
        "cfar_count": 0,
        "yolo_count": 0,
        "has_cfar_detection": false,
        "has_yolo_detection": false,
        "has_detection": false
      }
    },
    {
      "type": "Feature",
      "geometry": {
        "type": "Polygon",
        "coordinates": [
          [
            [
              -37.9918496433985,
              -13.192587342111672
            ],
            [
              -38.03293563235046,
              -13.371673030119426
            ],
            [
              -38.212757499807765,
              -13.33112976015626
            ],
            [
              -38.17154753265769,
              -13.152087488053041
            ],
            [
              -37.9918496433985,
              -13.192587342111672
            ]
          ]
        ]
      },
      "properties": {
        "patch_id": 78,
        "tile_id": 78,
        "patch_number": 79,
        "patch_label": "P079",
        "name": "patch_0079_VV",
        "x_start": 0,
        "y_start": 12000,
        "valid_x_end": 2000,
        "valid_y_end": 14000,
        "width": 2000,
        "height": 2000,
        "target_width": 2000,
        "target_height": 2000,
        "requires_padding": false,
        "processing_bbox_pixels": {
          "x0": 0,
          "y0": 11840,
          "x1": 2160,
          "y1": 14160
        },
        "processing_requested_bbox_pixels": {
          "x0": -160,
          "y0": 11840,
          "x1": 2160,
          "y1": 14160
        },
        "processing_width": 2160,
        "processing_height": 2320,
        "processing_target_width": 2160,
        "processing_target_height": 2320,
        "processing_requires_padding": false,
        "core_bbox_pixels": {
          "x0": 0,
          "y0": 12000,
          "x1": 2000,
          "y1": 14000
        },
        "requested_bbox_pixels": {
          "x0": 0,
          "y0": 12000,
          "x1": 2000,
          "y1": 14000
        },
        "halo_pixels": 160,
        "polarization": "VV",
        "display_bounds_lonlat": {
          "west": -38.23044773022071,
          "south": -13.386007275919301,
          "east": -37.98856127271376,
          "north": -13.134511627584091
        },
        "cfar_detection_count": 0,
        "yolo_detection_count": 0,
        "processing_bounds_lonlat": {
          "west": -38.23044773022071,
          "south": -13.386007275919301,
          "east": -37.98856127271376,
          "north": -13.134511627584091
        },
        "cfar_count": 0,
        "yolo_count": 0,
        "has_cfar_detection": false,
        "has_yolo_detection": false,
        "has_detection": false
      }
    },
    {
      "type": "Feature",
      "geometry": {
        "type": "Polygon",
        "coordinates": [
          [
            [
              -38.171637414571634,
              -13.152067202026416
            ],
            [
              -38.212847442753166,
              -13.331109452361222
            ],
            [
              -38.39261315985286,
              -13.290451191987422
            ],
            [
              -38.351284353176005,
              -13.111454084538604
            ],
            [
              -38.171637414571634,
              -13.152067202026416
            ]
          ]
        ]
      },
      "properties": {
        "patch_id": 79,
        "tile_id": 79,
        "patch_number": 80,
        "patch_label": "P080",
        "name": "patch_0080_VV",
        "x_start": 2000,
        "y_start": 12000,
        "valid_x_end": 4000,
        "valid_y_end": 14000,
        "width": 2000,
        "height": 2000,
        "target_width": 2000,
        "target_height": 2000,
        "requires_padding": false,
        "processing_bbox_pixels": {
          "x0": 1840,
          "y0": 11840,
          "x1": 4160,
          "y1": 14160
        },
        "processing_requested_bbox_pixels": {
          "x0": 1840,
          "y0": 11840,
          "x1": 4160,
          "y1": 14160
        },
        "processing_width": 2320,
        "processing_height": 2320,
        "processing_target_width": 2320,
        "processing_target_height": 2320,
        "processing_requires_padding": false,
        "core_bbox_pixels": {
          "x0": 2000,
          "y0": 12000,
          "x1": 4000,
          "y1": 14000
        },
        "requested_bbox_pixels": {
          "x0": 2000,
          "y0": 12000,
          "x1": 4000,
          "y1": 14000
        },
        "halo_pixels": 160,
        "polarization": "VV",
        "display_bounds_lonlat": {
          "west": -38.41030676657107,
          "south": -13.348689721709114,
          "east": -38.15395882904445,
          "north": -13.093869037522234
        },
        "cfar_detection_count": 0,
        "yolo_detection_count": 0,
        "processing_bounds_lonlat": {
          "west": -38.41030676657107,
          "south": -13.348689721709114,
          "east": -38.15395882904445,
          "north": -13.093869037522234
        },
        "cfar_count": 0,
        "yolo_count": 0,
        "has_cfar_detection": false,
        "has_yolo_detection": false,
        "has_detection": false
      }
    },
    {
      "type": "Feature",
      "geometry": {
        "type": "Polygon",
        "coordinates": [
          [
            [
              -38.35137419726021,
              -13.111433718335599
            ],
            [
              -38.392703063883495,
              -13.290430802869164
            ],
            [
              -38.572406366848625,
              -13.249638798532764
            ],
            [
              -38.53095587149738,
              -13.070688485284746
            ],
            [
              -38.35137419726021,
              -13.111433718335599
            ]
          ]
        ]
      },
      "properties": {
        "patch_id": 80,
        "tile_id": 80,
        "patch_number": 81,
        "patch_label": "P081",
        "name": "patch_0081_VV",
        "x_start": 4000,
        "y_start": 12000,
        "valid_x_end": 6000,
        "valid_y_end": 14000,
        "width": 2000,
        "height": 2000,
        "target_width": 2000,
        "target_height": 2000,
        "requires_padding": false,
        "processing_bbox_pixels": {
          "x0": 3840,
          "y0": 11840,
          "x1": 6160,
          "y1": 14160
        },
        "processing_requested_bbox_pixels": {
          "x0": 3840,
          "y0": 11840,
          "x1": 6160,
          "y1": 14160
        },
        "processing_width": 2320,
        "processing_height": 2320,
        "processing_target_width": 2320,
        "processing_target_height": 2320,
        "processing_requires_padding": false,
        "core_bbox_pixels": {
          "x0": 4000,
          "y0": 12000,
          "x1": 6000,
          "y1": 14000
        },
        "requested_bbox_pixels": {
          "x0": 4000,
          "y0": 12000,
          "x1": 6000,
          "y1": 14000
        },
        "halo_pixels": 160,
        "polarization": "VV",
        "display_bounds_lonlat": {
          "west": -38.590107057177384,
          "south": -13.308019323543245,
          "east": -38.33369149223156,
          "north": -13.053100849542844
        },
        "cfar_detection_count": 0,
        "yolo_detection_count": 0,
        "processing_bounds_lonlat": {
          "west": -38.590107057177384,
          "south": -13.308019323543245,
          "east": -38.33369149223156,
          "north": -13.053100849542844
        },
        "cfar_count": 0,
        "yolo_count": 0,
        "has_cfar_detection": false,
        "has_yolo_detection": false,
        "has_detection": false
      }
    },
    {
      "type": "Feature",
      "geometry": {
        "type": "Polygon",
        "coordinates": [
          [
            [
              -38.53104569559977,
              -13.07066807958008
            ],
            [
              -38.572496253034025,
              -13.249618368766004
            ],
            [
              -38.7521404533187,
              -13.208706711291804
            ],
            [
              -38.71057238318104,
              -13.029804748707694
            ],
            [
              -38.53104569559977,
              -13.07066807958008
            ]
          ]
        ]
      },
      "properties": {
        "patch_id": 81,
        "tile_id": 81,
        "patch_number": 82,
        "patch_label": "P082",
        "name": "patch_0082_VV",
        "x_start": 6000,
        "y_start": 12000,
        "valid_x_end": 8000,
        "valid_y_end": 14000,
        "width": 2000,
        "height": 2000,
        "target_width": 2000,
        "target_height": 2000,
        "requires_padding": false,
        "processing_bbox_pixels": {
          "x0": 5840,
          "y0": 11840,
          "x1": 8160,
          "y1": 14160
        },
        "processing_requested_bbox_pixels": {
          "x0": 5840,
          "y0": 11840,
          "x1": 8160,
          "y1": 14160
        },
        "processing_width": 2320,
        "processing_height": 2320,
        "processing_target_width": 2320,
        "processing_target_height": 2320,
        "processing_requires_padding": false,
        "core_bbox_pixels": {
          "x0": 6000,
          "y0": 12000,
          "x1": 8000,
          "y1": 14000
        },
        "requested_bbox_pixels": {
          "x0": 6000,
          "y0": 12000,
          "x1": 8000,
          "y1": 14000
        },
        "halo_pixels": 160,
        "polarization": "VV",
        "display_bounds_lonlat": {
          "west": -38.769844298020445,
          "south": -13.267210824414251,
          "east": -38.51335723182673,
          "north": -13.012208202153882
        },
        "cfar_detection_count": 5,
        "yolo_detection_count": 3,
        "processing_bounds_lonlat": {
          "west": -38.769844298020445,
          "south": -13.267210824414251,
          "east": -38.51335723182673,
          "north": -13.012208202153882
        },
        "cfar_count": 5,
        "yolo_count": 3,
        "has_cfar_detection": true,
        "has_yolo_detection": true,
        "has_detection": true
      }
    },
    {
      "type": "Feature",
      "geometry": {
        "type": "Polygon",
        "coordinates": [
          [
            [
              -38.71066217111037,
              -13.029784263260167
            ],
            [
              -38.752230301169654,
              -13.208686200915139
            ],
            [
              -38.93181522811477,
              -13.167647180422978
            ],
            [
              -38.89012775360904,
              -12.98879576921382
            ],
            [
              -38.71066217111037,
              -13.029784263260167
            ]
          ]
        ]
      },
      "properties": {
        "patch_id": 82,
        "tile_id": 82,
        "patch_number": 83,
        "patch_label": "P083",
        "name": "patch_0083_VV",
        "x_start": 8000,
        "y_start": 12000,
        "valid_x_end": 10000,
        "valid_y_end": 14000,
        "width": 2000,
        "height": 2000,
        "target_width": 2000,
        "target_height": 2000,
        "requires_padding": false,
        "processing_bbox_pixels": {
          "x0": 7840,
          "y0": 11840,
          "x1": 10160,
          "y1": 14160
        },
        "processing_requested_bbox_pixels": {
          "x0": 7840,
          "y0": 11840,
          "x1": 10160,
          "y1": 14160
        },
        "processing_width": 2320,
        "processing_height": 2320,
        "processing_target_width": 2320,
        "processing_target_height": 2320,
        "processing_requires_padding": false,
        "core_bbox_pixels": {
          "x0": 8000,
          "y0": 12000,
          "x1": 10000,
          "y1": 14000
        },
        "requested_bbox_pixels": {
          "x0": 8000,
          "y0": 12000,
          "x1": 10000,
          "y1": 14000
        },
        "halo_pixels": 160,
        "polarization": "VV",
        "display_bounds_lonlat": {
          "west": -38.94952542563089,
          "south": -13.226287632888434,
          "east": -38.69296995302404,
          "north": -12.971196999109146
        },
        "cfar_detection_count": 4,
        "yolo_detection_count": 4,
        "processing_bounds_lonlat": {
          "west": -38.94952542563089,
          "south": -13.226287632888434,
          "east": -38.69296995302404,
          "north": -12.971196999109146
        },
        "cfar_count": 4,
        "yolo_count": 4,
        "has_cfar_detection": true,
        "has_yolo_detection": true,
        "has_detection": true
      }
    },
    {
      "type": "Feature",
      "geometry": {
        "type": "Polygon",
        "coordinates": [
          [
            [
              -38.89021752048912,
              -12.988775244570656
            ],
            [
              -38.931905054463286,
              -13.167626630137352
            ],
            [
              -39.1114321943234,
              -13.126463123900155
            ],
            [
              -39.06962752865795,
              -12.947663406910689
            ],
            [
              -38.89021752048912,
              -12.988775244570656
            ]
          ]
        ]
      },
      "properties": {
        "patch_id": 83,
        "tile_id": 83,
        "patch_number": 84,
        "patch_label": "P084",
        "name": "patch_0084_VV",
        "x_start": 10000,
        "y_start": 12000,
        "valid_x_end": 12000,
        "valid_y_end": 14000,
        "width": 2000,
        "height": 2000,
        "target_width": 2000,
        "target_height": 2000,
        "requires_padding": false,
        "processing_bbox_pixels": {
          "x0": 9840,
          "y0": 11840,
          "x1": 12160,
          "y1": 14160
        },
        "processing_requested_bbox_pixels": {
          "x0": 9840,
          "y0": 11840,
          "x1": 12160,
          "y1": 14160
        },
        "processing_width": 2320,
        "processing_height": 2320,
        "processing_target_width": 2320,
        "processing_target_height": 2320,
        "processing_requires_padding": false,
        "core_bbox_pixels": {
          "x0": 10000,
          "y0": 12000,
          "x1": 12000,
          "y1": 14000
        },
        "requested_bbox_pixels": {
          "x0": 10000,
          "y0": 12000,
          "x1": 12000,
          "y1": 14000
        },
        "halo_pixels": 160,
        "polarization": "VV",
        "display_bounds_lonlat": {
          "west": -39.12914594854626,
          "south": -13.185230423490975,
          "east": -38.87251936609782,
          "north": -12.930056091168769
        },
        "cfar_detection_count": 0,
        "yolo_detection_count": 0,
        "processing_bounds_lonlat": {
          "west": -39.12914594854626,
          "south": -13.185230423490975,
          "east": -38.87251936609782,
          "north": -12.930056091168769
        },
        "cfar_count": 0,
        "yolo_count": 0,
        "has_cfar_detection": false,
        "has_yolo_detection": false,
        "has_detection": false
      }
    },
    {
      "type": "Feature",
      "geometry": {
        "type": "Polygon",
        "coordinates": [
          [
            [
              -39.06971725893449,
              -12.947642802830682
            ],
            [
              -39.11152198372499,
              -13.12644249338751
            ],
            [
              -39.29098739566767,
              -13.085158050101812
            ],
            [
              -39.24906675100212,
              -12.906412154740169
            ],
            [
              -39.06971725893449,
              -12.947642802830682
            ]
          ]
        ]
      },
      "properties": {
        "patch_id": 84,
        "tile_id": 84,
        "patch_number": 85,
        "patch_label": "P085",
        "name": "patch_0085_VV",
        "x_start": 12000,
        "y_start": 12000,
        "valid_x_end": 14000,
        "valid_y_end": 14000,
        "width": 2000,
        "height": 2000,
        "target_width": 2000,
        "target_height": 2000,
        "requires_padding": false,
        "processing_bbox_pixels": {
          "x0": 11840,
          "y0": 11840,
          "x1": 14160,
          "y1": 14160
        },
        "processing_requested_bbox_pixels": {
          "x0": 11840,
          "y0": 11840,
          "x1": 14160,
          "y1": 14160
        },
        "processing_width": 2320,
        "processing_height": 2320,
        "processing_target_width": 2320,
        "processing_target_height": 2320,
        "processing_requires_padding": false,
        "core_bbox_pixels": {
          "x0": 12000,
          "y0": 12000,
          "x1": 14000,
          "y1": 14000
        },
        "requested_bbox_pixels": {
          "x0": 12000,
          "y0": 12000,
          "x1": 14000,
          "y1": 14000
        },
        "halo_pixels": 160,
        "polarization": "VV",
        "display_bounds_lonlat": {
          "west": -39.30870723950886,
          "south": -13.144055015608707,
          "east": -39.052015759932075,
          "north": -12.888802713249417
        },
        "cfar_detection_count": 0,
        "yolo_detection_count": 0,
        "processing_bounds_lonlat": {
          "west": -39.30870723950886,
          "south": -13.144055015608707,
          "east": -39.052015759932075,
          "north": -12.888802713249417
        },
        "cfar_count": 0,
        "yolo_count": 0,
        "has_cfar_detection": false,
        "has_yolo_detection": false,
        "has_detection": false
      }
    },
    {
      "type": "Feature",
      "geometry": {
        "type": "Polygon",
        "coordinates": [
          [
            [
              -39.249156461790776,
              -12.906391511592023
            ],
            [
              -39.29107716352462,
              -13.085137379653986
            ],
            [
              -39.47048295658507,
              -13.043724046353887
            ],
            [
              -39.4284485416118,
              -12.86503352514718
            ],
            [
              -39.249156461790776,
              -12.906391511592023
            ]
          ]
        ]
      },
      "properties": {
        "patch_id": 85,
        "tile_id": 85,
        "patch_number": 86,
        "patch_label": "P086",
        "name": "patch_0086_VV",
        "x_start": 14000,
        "y_start": 12000,
        "valid_x_end": 16000,
        "valid_y_end": 14000,
        "width": 2000,
        "height": 2000,
        "target_width": 2000,
        "target_height": 2000,
        "requires_padding": false,
        "processing_bbox_pixels": {
          "x0": 13840,
          "y0": 11840,
          "x1": 16160,
          "y1": 14160
        },
        "processing_requested_bbox_pixels": {
          "x0": 13840,
          "y0": 11840,
          "x1": 16160,
          "y1": 14160
        },
        "processing_width": 2320,
        "processing_height": 2320,
        "processing_target_width": 2320,
        "processing_target_height": 2320,
        "processing_requires_padding": false,
        "core_bbox_pixels": {
          "x0": 14000,
          "y0": 12000,
          "x1": 16000,
          "y1": 14000
        },
        "requested_bbox_pixels": {
          "x0": 14000,
          "y0": 12000,
          "x1": 16000,
          "y1": 14000
        },
        "halo_pixels": 160,
        "polarization": "VV",
        "display_bounds_lonlat": {
          "west": -39.488206064796294,
          "south": -13.102751990768036,
          "east": -39.23144879358324,
          "north": -12.847416089861966
        },
        "cfar_detection_count": 0,
        "yolo_detection_count": 0,
        "processing_bounds_lonlat": {
          "west": -39.488206064796294,
          "south": -13.102751990768036,
          "east": -39.23144879358324,
          "north": -12.847416089861966
        },
        "cfar_count": 0,
        "yolo_count": 0,
        "has_cfar_detection": false,
        "has_yolo_detection": false,
        "has_detection": false
      }
    },
    {
      "type": "Feature",
      "geometry": {
        "type": "Polygon",
        "coordinates": [
          [
            [
              -39.428538215424,
              -12.865012803301731
            ],
            [
              -39.47057268695844,
              -13.043703296418578
            ],
            [
              -39.649924668637084,
              -13.002174914108302
            ],
            [
              -39.60777357780106,
              -12.823541988232451
            ],
            [
              -39.428538215424,
              -12.865012803301731
            ]
          ]
        ]
      },
      "properties": {
        "patch_id": 86,
        "tile_id": 86,
        "patch_number": 87,
        "patch_label": "P087",
        "name": "patch_0087_VV",
        "x_start": 16000,
        "y_start": 12000,
        "valid_x_end": 18000,
        "valid_y_end": 14000,
        "width": 2000,
        "height": 2000,
        "target_width": 2000,
        "target_height": 2000,
        "requires_padding": false,
        "processing_bbox_pixels": {
          "x0": 15840,
          "y0": 11840,
          "x1": 18160,
          "y1": 14160
        },
        "processing_requested_bbox_pixels": {
          "x0": 15840,
          "y0": 11840,
          "x1": 18160,
          "y1": 14160
        },
        "processing_width": 2320,
        "processing_height": 2320,
        "processing_target_width": 2320,
        "processing_target_height": 2320,
        "processing_requires_padding": false,
        "core_bbox_pixels": {
          "x0": 16000,
          "y0": 12000,
          "x1": 18000,
          "y1": 14000
        },
        "requested_bbox_pixels": {
          "x0": 16000,
          "y0": 12000,
          "x1": 18000,
          "y1": 14000
        },
        "halo_pixels": 160,
        "polarization": "VV",
        "display_bounds_lonlat": {
          "west": -39.66765232004788,
          "south": -13.061326138597021,
          "east": -39.410827522545404,
          "north": -12.805918885212815
        },
        "cfar_detection_count": 0,
        "yolo_detection_count": 0,
        "processing_bounds_lonlat": {
          "west": -39.66765232004788,
          "south": -13.061326138597021,
          "east": -39.410827522545404,
          "north": -12.805918885212815
        },
        "cfar_count": 0,
        "yolo_count": 0,
        "has_cfar_detection": false,
        "has_yolo_detection": false,
        "has_detection": false
      }
    },
    {
      "type": "Feature",
      "geometry": {
        "type": "Polygon",
        "coordinates": [
          [
            [
              -39.60786323329289,
              -12.823521227624886
            ],
            [
              -39.65001438356697,
              -13.002154124264031
            ],
            [
              -39.829300366732895,
              -12.960493081239518
            ],
            [
              -39.787037589383125,
              -12.781918862474692
            ],
            [
              -39.60786323329289,
              -12.823521227624886
            ]
          ]
        ]
      },
      "properties": {
        "patch_id": 87,
        "tile_id": 87,
        "patch_number": 88,
        "patch_label": "P088",
        "name": "patch_0088_VV",
        "x_start": 18000,
        "y_start": 12000,
        "valid_x_end": 20000,
        "valid_y_end": 14000,
        "width": 2000,
        "height": 2000,
        "target_width": 2000,
        "target_height": 2000,
        "requires_padding": false,
        "processing_bbox_pixels": {
          "x0": 17840,
          "y0": 11840,
          "x1": 20160,
          "y1": 14160
        },
        "processing_requested_bbox_pixels": {
          "x0": 17840,
          "y0": 11840,
          "x1": 20160,
          "y1": 14160
        },
        "processing_width": 2320,
        "processing_height": 2320,
        "processing_target_width": 2320,
        "processing_target_height": 2320,
        "processing_requires_padding": false,
        "core_bbox_pixels": {
          "x0": 18000,
          "y0": 12000,
          "x1": 20000,
          "y1": 14000
        },
        "requested_bbox_pixels": {
          "x0": 18000,
          "y0": 12000,
          "x1": 20000,
          "y1": 14000
        },
        "halo_pixels": 160,
        "polarization": "VV",
        "display_bounds_lonlat": {
          "west": -39.84703257192474,
          "south": -13.019778788624329,
          "east": -39.59014613593803,
          "north": -12.764292004766007
        },
        "cfar_detection_count": 0,
        "yolo_detection_count": 0,
        "processing_bounds_lonlat": {
          "west": -39.84703257192474,
          "south": -13.019778788624329,
          "east": -39.59014613593803,
          "north": -12.764292004766007
        },
        "cfar_count": 0,
        "yolo_count": 0,
        "has_cfar_detection": false,
        "has_yolo_detection": false,
        "has_detection": false
      }
    },
    {
      "type": "Feature",
      "geometry": {
        "type": "Polygon",
        "coordinates": [
          [
            [
              -39.78712720508854,
              -12.781898023475843
            ],
            [
              -39.82939003957916,
              -12.960472212647304
            ],
            [
              -40.008619245052685,
              -12.918698895489758
            ],
            [
              -39.966244525784326,
              -12.74018553466489
            ],
            [
              -39.78712720508854,
              -12.781898023475843
            ]
          ]
        ]
      },
      "properties": {
        "patch_id": 88,
        "tile_id": 88,
        "patch_number": 89,
        "patch_label": "P089",
        "name": "patch_0089_VV",
        "x_start": 20000,
        "y_start": 12000,
        "valid_x_end": 22000,
        "valid_y_end": 14000,
        "width": 2000,
        "height": 2000,
        "target_width": 2000,
        "target_height": 2000,
        "requires_padding": false,
        "processing_bbox_pixels": {
          "x0": 19840,
          "y0": 11840,
          "x1": 22160,
          "y1": 14160
        },
        "processing_requested_bbox_pixels": {
          "x0": 19840,
          "y0": 11840,
          "x1": 22160,
          "y1": 14160
        },
        "processing_width": 2320,
        "processing_height": 2320,
        "processing_target_width": 2320,
        "processing_target_height": 2320,
        "processing_requires_padding": false,
        "core_bbox_pixels": {
          "x0": 20000,
          "y0": 12000,
          "x1": 22000,
          "y1": 14000
        },
        "requested_bbox_pixels": {
          "x0": 20000,
          "y0": 12000,
          "x1": 22000,
          "y1": 14000
        },
        "halo_pixels": 160,
        "polarization": "VV",
        "display_bounds_lonlat": {
          "west": -40.02635498650061,
          "south": -12.978104765079504,
          "east": -39.76940758828884,
          "north": -12.722551146280049
        },
        "cfar_detection_count": 0,
        "yolo_detection_count": 0,
        "processing_bounds_lonlat": {
          "west": -40.02635498650061,
          "south": -12.978104765079504,
          "east": -39.76940758828884,
          "north": -12.722551146280049
        },
        "cfar_count": 0,
        "yolo_count": 0,
        "has_cfar_detection": false,
        "has_yolo_detection": false,
        "has_detection": false
      }
    },
    {
      "type": "Feature",
      "geometry": {
        "type": "Polygon",
        "coordinates": [
          [
            [
              -39.966334106372074,
              -12.740164618141804
            ],
            [
              -40.00870888325997,
              -12.918677948149604
            ],
            [
              -40.1878782972876,
              -12.876773685064535
            ],
            [
              -40.145391537292056,
              -12.698322579930743
            ],
            [
              -39.966334106372074,
              -12.740164618141804
            ]
          ]
        ]
      },
      "properties": {
        "patch_id": 89,
        "tile_id": 89,
        "patch_number": 90,
        "patch_label": "P090",
        "name": "patch_0090_VV",
        "x_start": 22000,
        "y_start": 12000,
        "valid_x_end": 24000,
        "valid_y_end": 14000,
        "width": 2000,
        "height": 2000,
        "target_width": 2000,
        "target_height": 2000,
        "requires_padding": false,
        "processing_bbox_pixels": {
          "x0": 21840,
          "y0": 11840,
          "x1": 24160,
          "y1": 14160
        },
        "processing_requested_bbox_pixels": {
          "x0": 21840,
          "y0": 11840,
          "x1": 24160,
          "y1": 14160
        },
        "processing_width": 2320,
        "processing_height": 2320,
        "processing_target_width": 2320,
        "processing_target_height": 2320,
        "processing_requires_padding": false,
        "core_bbox_pixels": {
          "x0": 22000,
          "y0": 12000,
          "x1": 24000,
          "y1": 14000
        },
        "requested_bbox_pixels": {
          "x0": 22000,
          "y0": 12000,
          "x1": 24000,
          "y1": 14000
        },
        "halo_pixels": 160,
        "polarization": "VV",
        "display_bounds_lonlat": {
          "west": -40.205619453896134,
          "south": -12.936314969869404,
          "east": -39.94860978748176,
          "north": -12.680687100999375
        },
        "cfar_detection_count": 0,
        "yolo_detection_count": 0,
        "processing_bounds_lonlat": {
          "west": -40.205619453896134,
          "south": -12.936314969869404,
          "east": -39.94860978748176,
          "north": -12.680687100999375
        },
        "cfar_count": 0,
        "yolo_count": 0,
        "has_cfar_detection": false,
        "has_yolo_detection": false,
        "has_detection": false
      }
    },
    {
      "type": "Feature",
      "geometry": {
        "type": "Polygon",
        "coordinates": [
          [
            [
              -40.14548109999562,
              -12.698301625385078
            ],
            [
              -40.187967913543915,
              -12.87675269891162
            ],
            [
              -40.34826692389779,
              -12.839158448849165
            ],
            [
              -40.305681950790415,
              -12.660764411693059
            ],
            [
              -40.14548109999562,
              -12.698301625385078
            ]
          ]
        ]
      },
      "properties": {
        "patch_id": 90,
        "tile_id": 90,
        "patch_number": 91,
        "patch_label": "P091",
        "name": "patch_0091_VV",
        "x_start": 24000,
        "y_start": 12000,
        "valid_x_end": 25791,
        "valid_y_end": 14000,
        "width": 2000,
        "height": 2000,
        "target_width": 2000,
        "target_height": 2000,
        "requires_padding": true,
        "processing_bbox_pixels": {
          "x0": 23840,
          "y0": 11840,
          "x1": 25791,
          "y1": 14160
        },
        "processing_requested_bbox_pixels": {
          "x0": 23840,
          "y0": 11840,
          "x1": 26160,
          "y1": 14160
        },
        "processing_width": 1951,
        "processing_height": 2320,
        "processing_target_width": 1951,
        "processing_target_height": 2320,
        "processing_requires_padding": false,
        "core_bbox_pixels": {
          "x0": 24000,
          "y0": 12000,
          "x1": 25791,
          "y1": 14000
        },
        "requested_bbox_pixels": {
          "x0": 24000,
          "y0": 12000,
          "x1": 26000,
          "y1": 14000
        },
        "halo_pixels": 160,
        "polarization": "VV",
        "display_bounds_lonlat": {
          "west": -40.35167701827143,
          "south": -12.8943942051413,
          "east": -40.12775208896623,
          "north": -12.646485786245096
        },
        "cfar_detection_count": 0,
        "yolo_detection_count": 0,
        "processing_bounds_lonlat": {
          "west": -40.35167701827143,
          "south": -12.8943942051413,
          "east": -40.12775208896623,
          "north": -12.646485786245096
        },
        "cfar_count": 0,
        "yolo_count": 0,
        "has_cfar_detection": false,
        "has_yolo_detection": false,
        "has_detection": false
      }
    },
    {
      "type": "Feature",
      "geometry": {
        "type": "Polygon",
        "coordinates": [
          [
            [
              -38.03295618678351,
              -13.371762619155675
            ],
            [
              -38.07410199899912,
              -13.55078853864327
            ],
            [
              -38.25404784887741,
              -13.510202052835627
            ],
            [
              -38.21277811623841,
              -13.331219327347673
            ],
            [
              -38.03295618678351,
              -13.371762619155675
            ]
          ]
        ]
      },
      "properties": {
        "patch_id": 91,
        "tile_id": 91,
        "patch_number": 92,
        "patch_label": "P092",
        "name": "patch_0092_VV",
        "x_start": 0,
        "y_start": 14000,
        "valid_x_end": 2000,
        "valid_y_end": 16000,
        "width": 2000,
        "height": 2000,
        "target_width": 2000,
        "target_height": 2000,
        "requires_padding": false,
        "processing_bbox_pixels": {
          "x0": 0,
          "y0": 13840,
          "x1": 2160,
          "y1": 16160
        },
        "processing_requested_bbox_pixels": {
          "x0": -160,
          "y0": 13840,
          "x1": 2160,
          "y1": 16160
        },
        "processing_width": 2160,
        "processing_height": 2320,
        "processing_target_width": 2160,
        "processing_target_height": 2320,
        "processing_requires_padding": false,
        "core_bbox_pixels": {
          "x0": 0,
          "y0": 14000,
          "x1": 2000,
          "y1": 16000
        },
        "requested_bbox_pixels": {
          "x0": 0,
          "y0": 14000,
          "x1": 2000,
          "y1": 16000
        },
        "halo_pixels": 160,
        "polarization": "VV",
        "display_bounds_lonlat": {
          "west": -38.27175687652271,
          "south": -13.565113078854841,
          "east": -38.0296674775441,
          "north": -13.313639601030967
        },
        "cfar_detection_count": 0,
        "yolo_detection_count": 0,
        "processing_bounds_lonlat": {
          "west": -38.27175687652271,
          "south": -13.565113078854841,
          "east": -38.0296674775441,
          "north": -13.313639601030967
        },
        "cfar_count": 0,
        "yolo_count": 0,
        "has_cfar_detection": false,
        "has_yolo_detection": false,
        "has_detection": false
      }
    },
    {
      "type": "Feature",
      "geometry": {
        "type": "Polygon",
        "coordinates": [
          [
            [
              -38.212868059212305,
              -13.331199019541964
            ],
            [
              -38.25413785292456,
              -13.510181722879633
            ],
            [
              -38.434022919834575,
              -13.469478075830722
            ],
            [
              -38.39263383588587,
              -13.290540736711128
            ],
            [
              -38.212868059212305,
              -13.331199019541964
            ]
          ]
        ]
      },
      "properties": {
        "patch_id": 92,
        "tile_id": 92,
        "patch_number": 93,
        "patch_label": "P093",
        "name": "patch_0093_VV",
        "x_start": 2000,
        "y_start": 14000,
        "valid_x_end": 4000,
        "valid_y_end": 16000,
        "width": 2000,
        "height": 2000,
        "target_width": 2000,
        "target_height": 2000,
        "requires_padding": false,
        "processing_bbox_pixels": {
          "x0": 1840,
          "y0": 13840,
          "x1": 4160,
          "y1": 16160
        },
        "processing_requested_bbox_pixels": {
          "x0": 1840,
          "y0": 13840,
          "x1": 4160,
          "y1": 16160
        },
        "processing_width": 2320,
        "processing_height": 2320,
        "processing_target_width": 2320,
        "processing_target_height": 2320,
        "processing_requires_padding": false,
        "core_bbox_pixels": {
          "x0": 2000,
          "y0": 14000,
          "x1": 4000,
          "y1": 16000
        },
        "requested_bbox_pixels": {
          "x0": 2000,
          "y0": 14000,
          "x1": 4000,
          "y1": 16000
        },
        "halo_pixels": 160,
        "polarization": "VV",
        "display_bounds_lonlat": {
          "west": -38.4517354428322,
          "south": -13.527755926009304,
          "east": -38.195179277778045,
          "north": -13.272951613624627
        },
        "cfar_detection_count": 0,
        "yolo_detection_count": 0,
        "processing_bounds_lonlat": {
          "west": -38.4517354428322,
          "south": -13.527755926009304,
          "east": -38.195179277778045,
          "north": -13.272951613624627
        },
        "cfar_count": 0,
        "yolo_count": 0,
        "has_cfar_detection": false,
        "has_yolo_detection": false,
        "has_detection": false
      }
    },
    {
      "type": "Feature",
      "geometry": {
        "type": "Polygon",
        "coordinates": [
          [
            [
              -38.392723739947115,
              -13.290520347581406
            ],
            [
              -38.43411288600921,
              -13.469457663785743
            ],
            [
              -38.613939516603885,
              -13.428618842883058
            ],
            [
              -38.57242710489166,
              -13.24972831966543
            ],
            [
              -38.392723739947115,
              -13.290520347581406
            ]
          ]
        ]
      },
      "properties": {
        "patch_id": 93,
        "tile_id": 93,
        "patch_number": 94,
        "patch_label": "P094",
        "name": "patch_0094_VV",
        "x_start": 4000,
        "y_start": 14000,
        "valid_x_end": 6000,
        "valid_y_end": 16000,
        "width": 2000,
        "height": 2000,
        "target_width": 2000,
        "target_height": 2000,
        "requires_padding": false,
        "processing_bbox_pixels": {
          "x0": 3840,
          "y0": 13840,
          "x1": 6160,
          "y1": 16160
        },
        "processing_requested_bbox_pixels": {
          "x0": 3840,
          "y0": 13840,
          "x1": 6160,
          "y1": 16160
        },
        "processing_width": 2320,
        "processing_height": 2320,
        "processing_target_width": 2320,
        "processing_target_height": 2320,
        "processing_requires_padding": false,
        "core_bbox_pixels": {
          "x0": 4000,
          "y0": 14000,
          "x1": 6000,
          "y1": 16000
        },
        "requested_bbox_pixels": {
          "x0": 4000,
          "y0": 14000,
          "x1": 6000,
          "y1": 16000
        },
        "halo_pixels": 160,
        "polarization": "VV",
        "display_bounds_lonlat": {
          "west": -38.631658781306996,
          "south": -13.48704014720973,
          "east": -38.37503113192887,
          "north": -13.232136487497437
        },
        "cfar_detection_count": 0,
        "yolo_detection_count": 0,
        "processing_bounds_lonlat": {
          "west": -38.631658781306996,
          "south": -13.48704014720973,
          "east": -38.37503113192887,
          "north": -13.232136487497437
        },
        "cfar_count": 0,
        "yolo_count": 0,
        "has_cfar_detection": false,
        "has_yolo_detection": false,
        "has_detection": false
      }
    },
    {
      "type": "Feature",
      "geometry": {
        "type": "Polygon",
        "coordinates": [
          [
            [
              -38.5725169911086,
              -13.249707889886414
            ],
            [
              -38.61402946386612,
              -13.428598389016122
            ],
            [
              -38.793794848746685,
              -13.38763792305647
            ],
            [
              -38.75216124945675,
              -13.208796207916595
            ],
            [
              -38.5725169911086,
              -13.249707889886414
            ]
          ]
        ]
      },
      "properties": {
        "patch_id": 94,
        "tile_id": 94,
        "patch_number": 95,
        "patch_label": "P095",
        "name": "patch_0095_VV",
        "x_start": 6000,
        "y_start": 14000,
        "valid_x_end": 8000,
        "valid_y_end": 16000,
        "width": 2000,
        "height": 2000,
        "target_width": 2000,
        "target_height": 2000,
        "requires_padding": false,
        "processing_bbox_pixels": {
          "x0": 5840,
          "y0": 13840,
          "x1": 8160,
          "y1": 16160
        },
        "processing_requested_bbox_pixels": {
          "x0": 5840,
          "y0": 13840,
          "x1": 8160,
          "y1": 16160
        },
        "processing_width": 2320,
        "processing_height": 2320,
        "processing_target_width": 2320,
        "processing_target_height": 2320,
        "processing_requires_padding": false,
        "core_bbox_pixels": {
          "x0": 6000,
          "y0": 14000,
          "x1": 8000,
          "y1": 16000
        },
        "requested_bbox_pixels": {
          "x0": 6000,
          "y0": 14000,
          "x1": 8000,
          "y1": 16000
        },
        "halo_pixels": 160,
        "polarization": "VV",
        "display_bounds_lonlat": {
          "west": -38.81151809462343,
          "south": -13.446185038256989,
          "east": -38.554817904110486,
          "north": -13.191195399423554
        },
        "cfar_detection_count": 0,
        "yolo_detection_count": 0,
        "processing_bounds_lonlat": {
          "west": -38.81151809462343,
          "south": -13.446185038256989,
          "east": -38.554817904110486,
          "north": -13.191195399423554
        },
        "cfar_count": 0,
        "yolo_count": 0,
        "has_cfar_detection": false,
        "has_yolo_detection": false,
        "has_detection": false
      }
    },
    {
      "type": "Feature",
      "geometry": {
        "type": "Polygon",
        "coordinates": [
          [
            [
              -38.75225109733939,
              -13.208775697527681
            ],
            [
              -38.79388475793925,
              -13.387617388171936
            ],
            [
              -38.973589457205236,
              -13.346527840117318
            ],
            [
              -38.9318360857539,
              -13.167736651771737
            ],
            [
              -38.75225109733939,
              -13.208775697527681
            ]
          ]
        ]
      },
      "properties": {
        "patch_id": 95,
        "tile_id": 95,
        "patch_number": 96,
        "patch_label": "P096",
        "name": "patch_0096_VV",
        "x_start": 8000,
        "y_start": 14000,
        "valid_x_end": 10000,
        "valid_y_end": 16000,
        "width": 2000,
        "height": 2000,
        "target_width": 2000,
        "target_height": 2000,
        "requires_padding": false,
        "processing_bbox_pixels": {
          "x0": 7840,
          "y0": 13840,
          "x1": 10160,
          "y1": 16160
        },
        "processing_requested_bbox_pixels": {
          "x0": 7840,
          "y0": 13840,
          "x1": 10160,
          "y1": 16160
        },
        "processing_width": 2320,
        "processing_height": 2320,
        "processing_target_width": 2320,
        "processing_target_height": 2320,
        "processing_requires_padding": false,
        "core_bbox_pixels": {
          "x0": 8000,
          "y0": 14000,
          "x1": 10000,
          "y1": 16000
        },
        "requested_bbox_pixels": {
          "x0": 8000,
          "y0": 14000,
          "x1": 10000,
          "y1": 16000
        },
        "halo_pixels": 160,
        "polarization": "VV",
        "display_bounds_lonlat": {
          "west": -38.991318118003626,
          "south": -13.405213117438649,
          "east": -38.73454886896596,
          "north": -13.1501335221229
        },
        "cfar_detection_count": 0,
        "yolo_detection_count": 1,
        "processing_bounds_lonlat": {
          "west": -38.991318118003626,
          "south": -13.405213117438649,
          "east": -38.73454886896596,
          "north": -13.1501335221229
        },
        "cfar_count": 0,
        "yolo_count": 1,
        "has_cfar_detection": false,
        "has_yolo_detection": true,
        "has_detection": true
      }
    },
    {
      "type": "Feature",
      "geometry": {
        "type": "Polygon",
        "coordinates": [
          [
            [
              -38.93192591213217,
              -13.167716101473069
            ],
            [
              -38.97367934196325,
              -13.346507263742673
            ],
            [
              -39.153323520945094,
              -13.305291948989375
            ],
            [
              -39.11145311155738,
              -13.126552569514462
            ],
            [
              -38.93192591213217,
              -13.167716101473069
            ]
          ]
        ]
      },
      "properties": {
        "patch_id": 96,
        "tile_id": 96,
        "patch_number": 97,
        "patch_label": "P097",
        "name": "patch_0097_VV",
        "x_start": 10000,
        "y_start": 14000,
        "valid_x_end": 12000,
        "valid_y_end": 16000,
        "width": 2000,
        "height": 2000,
        "target_width": 2000,
        "target_height": 2000,
        "requires_padding": false,
        "processing_bbox_pixels": {
          "x0": 9840,
          "y0": 13840,
          "x1": 12160,
          "y1": 16160
        },
        "processing_requested_bbox_pixels": {
          "x0": 9840,
          "y0": 13840,
          "x1": 12160,
          "y1": 16160
        },
        "processing_width": 2320,
        "processing_height": 2320,
        "processing_target_width": 2320,
        "processing_target_height": 2320,
        "processing_requires_padding": false,
        "core_bbox_pixels": {
          "x0": 10000,
          "y0": 14000,
          "x1": 12000,
          "y1": 16000
        },
        "requested_bbox_pixels": {
          "x0": 10000,
          "y0": 14000,
          "x1": 12000,
          "y1": 16000
        },
        "halo_pixels": 160,
        "polarization": "VV",
        "display_bounds_lonlat": {
          "west": -39.171055645261504,
          "south": -13.364105607374192,
          "east": -38.91421722534133,
          "north": -13.108940731110316
        },
        "cfar_detection_count": 0,
        "yolo_detection_count": 0,
        "processing_bounds_lonlat": {
          "west": -39.171055645261504,
          "south": -13.364105607374192,
          "east": -38.91421722534133,
          "north": -13.108940731110316
        },
        "cfar_count": 0,
        "yolo_count": 0,
        "has_cfar_detection": false,
        "has_yolo_detection": false,
        "has_detection": false
      }
    },
    {
      "type": "Feature",
      "geometry": {
        "type": "Polygon",
        "coordinates": [
          [
            [
              -39.111542900985775,
              -13.126531938988377
            ],
            [
              -39.153413369214235,
              -13.305271292004822
            ],
            [
              -39.33299953604747,
              -13.26393303200366
            ],
            [
              -39.29100837218388,
              -13.085247468836519
            ],
            [
              -39.111542900985775,
              -13.126531938988377
            ]
          ]
        ]
      },
      "properties": {
        "patch_id": 97,
        "tile_id": 97,
        "patch_number": 98,
        "patch_label": "P098",
        "name": "patch_0098_VV",
        "x_start": 12000,
        "y_start": 14000,
        "valid_x_end": 14000,
        "valid_y_end": 16000,
        "width": 2000,
        "height": 2000,
        "target_width": 2000,
        "target_height": 2000,
        "requires_padding": false,
        "processing_bbox_pixels": {
          "x0": 11840,
          "y0": 13840,
          "x1": 14160,
          "y1": 16160
        },
        "processing_requested_bbox_pixels": {
          "x0": 11840,
          "y0": 13840,
          "x1": 14160,
          "y1": 16160
        },
        "processing_width": 2320,
        "processing_height": 2320,
        "processing_target_width": 2320,
        "processing_target_height": 2320,
        "processing_requires_padding": false,
        "core_bbox_pixels": {
          "x0": 12000,
          "y0": 14000,
          "x1": 14000,
          "y1": 16000
        },
        "requested_bbox_pixels": {
          "x0": 12000,
          "y0": 14000,
          "x1": 14000,
          "y1": 16000
        },
        "halo_pixels": 160,
        "polarization": "VV",
        "display_bounds_lonlat": {
          "west": -39.35073833799823,
          "south": -13.322878358976912,
          "east": -39.09383051317293,
          "north": -13.067633332211201
        },
        "cfar_detection_count": 0,
        "yolo_detection_count": 0,
        "processing_bounds_lonlat": {
          "west": -39.35073833799823,
          "south": -13.322878358976912,
          "east": -39.09383051317293,
          "north": -13.067633332211201
        },
        "cfar_count": 0,
        "yolo_count": 0,
        "has_cfar_detection": false,
        "has_yolo_detection": false,
        "has_detection": false
      }
    },
    {
      "type": "Feature",
      "geometry": {
        "type": "Polygon",
        "coordinates": [
          [
            [
              -39.291098140072776,
              -13.08522679837525
            ],
            [
              -39.333089365566096,
              -13.263912334268536
            ],
            [
              -39.51261096200666,
              -13.222443051991542
            ],
            [
              -39.47050399086549,
              -13.043813436982415
            ],
            [
              -39.291098140072776,
              -13.08522679837525
            ]
          ]
        ]
      },
      "properties": {
        "patch_id": 98,
        "tile_id": 98,
        "patch_number": 99,
        "patch_label": "P099",
        "name": "patch_0099_VV",
        "x_start": 14000,
        "y_start": 14000,
        "valid_x_end": 16000,
        "valid_y_end": 16000,
        "width": 2000,
        "height": 2000,
        "target_width": 2000,
        "target_height": 2000,
        "requires_padding": false,
        "processing_bbox_pixels": {
          "x0": 13840,
          "y0": 13840,
          "x1": 16160,
          "y1": 16160
        },
        "processing_requested_bbox_pixels": {
          "x0": 13840,
          "y0": 13840,
          "x1": 16160,
          "y1": 16160
        },
        "processing_width": 2320,
        "processing_height": 2320,
        "processing_target_width": 2320,
        "processing_target_height": 2320,
        "processing_requires_padding": false,
        "core_bbox_pixels": {
          "x0": 14000,
          "y0": 14000,
          "x1": 16000,
          "y1": 16000
        },
        "requested_bbox_pixels": {
          "x0": 14000,
          "y0": 14000,
          "x1": 16000,
          "y1": 16000
        },
        "halo_pixels": 160,
        "polarization": "VV",
        "display_bounds_lonlat": {
          "west": -39.53035269116028,
          "south": -13.281521627679734,
          "east": -39.27337982915084,
          "north": -13.026191298733288
        },
        "cfar_detection_count": 0,
        "yolo_detection_count": 0,
        "processing_bounds_lonlat": {
          "west": -39.53035269116028,
          "south": -13.281521627679734,
          "east": -39.27337982915084,
          "north": -13.026191298733288
        },
        "cfar_count": 0,
        "yolo_count": 0,
        "has_cfar_detection": false,
        "has_yolo_detection": false,
        "has_detection": false
      }
    },
    {
      "type": "Feature",
      "geometry": {
        "type": "Polygon",
        "coordinates": [
          [
            [
              -39.470593721268756,
              -13.043792687033271
            ],
            [
              -39.512700751264475,
              -13.22242227397836
            ],
            [
              -39.69216706294404,
              -13.180836818781806
            ],
            [
              -39.64994576056232,
              -13.002264276090802
            ],
            [
              -39.470593721268756,
              -13.043792687033271
            ]
          ]
        ]
      },
      "properties": {
        "patch_id": 99,
        "tile_id": 99,
        "patch_number": 100,
        "patch_label": "P100",
        "name": "patch_0100_VV",
        "x_start": 16000,
        "y_start": 14000,
        "valid_x_end": 18000,
        "valid_y_end": 16000,
        "width": 2000,
        "height": 2000,
        "target_width": 2000,
        "target_height": 2000,
        "requires_padding": false,
        "processing_bbox_pixels": {
          "x0": 15840,
          "y0": 13840,
          "x1": 18160,
          "y1": 16160
        },
        "processing_requested_bbox_pixels": {
          "x0": 15840,
          "y0": 13840,
          "x1": 18160,
          "y1": 16160
        },
        "processing_width": 2320,
        "processing_height": 2320,
        "processing_target_width": 2320,
        "processing_target_height": 2320,
        "processing_requires_padding": false,
        "core_bbox_pixels": {
          "x0": 16000,
          "y0": 14000,
          "x1": 18000,
          "y1": 16000
        },
        "requested_bbox_pixels": {
          "x0": 16000,
          "y0": 14000,
          "x1": 18000,
          "y1": 16000
        },
        "halo_pixels": 160,
        "polarization": "VV",
        "display_bounds_lonlat": {
          "west": -39.70991279704067,
          "south": -13.240039961572018,
          "east": -39.45287213533835,
          "north": -12.984636248181179
        },
        "cfar_detection_count": 0,
        "yolo_detection_count": 0,
        "processing_bounds_lonlat": {
          "west": -39.70991279704067,
          "south": -13.240039961572018,
          "east": -39.45287213533835,
          "north": -12.984636248181179
        },
        "cfar_count": 0,
        "yolo_count": 0,
        "has_cfar_detection": false,
        "has_yolo_detection": false,
        "has_detection": false
      }
    },
    {
      "type": "Feature",
      "geometry": {
        "type": "Polygon",
        "coordinates": [
          [
            [
              -39.65003547552036,
              -13.002243486231905
            ],
            [
              -39.69225683401895,
              -13.180816000093898
            ],
            [
              -39.871656719132346,
              -13.139095729130053
            ],
            [
              -39.82932151549602,
              -12.960582413711675
            ],
            [
              -39.65003547552036,
              -13.002243486231905
            ]
          ]
        ]
      },
      "properties": {
        "patch_id": 100,
        "tile_id": 100,
        "patch_number": 101,
        "patch_label": "P101",
        "name": "patch_0101_VV",
        "x_start": 18000,
        "y_start": 14000,
        "valid_x_end": 20000,
        "valid_y_end": 16000,
        "width": 2000,
        "height": 2000,
        "target_width": 2000,
        "target_height": 2000,
        "requires_padding": false,
        "processing_bbox_pixels": {
          "x0": 17840,
          "y0": 13840,
          "x1": 20160,
          "y1": 16160
        },
        "processing_requested_bbox_pixels": {
          "x0": 17840,
          "y0": 13840,
          "x1": 20160,
          "y1": 16160
        },
        "processing_width": 2320,
        "processing_height": 2320,
        "processing_target_width": 2320,
        "processing_target_height": 2320,
        "processing_requires_padding": false,
        "core_bbox_pixels": {
          "x0": 18000,
          "y0": 14000,
          "x1": 20000,
          "y1": 16000
        },
        "requested_bbox_pixels": {
          "x0": 18000,
          "y0": 14000,
          "x1": 20000,
          "y1": 16000
        },
        "halo_pixels": 160,
        "polarization": "VV",
        "display_bounds_lonlat": {
          "west": -39.88940739610347,
          "south": -13.198435641922394,
          "east": -39.63230708816683,
          "north": -12.942950625545592
        },
        "cfar_detection_count": 0,
        "yolo_detection_count": 0,
        "processing_bounds_lonlat": {
          "west": -39.88940739610347,
          "south": -13.198435641922394,
          "east": -39.63230708816683,
          "north": -12.942950625545592
        },
        "cfar_count": 0,
        "yolo_count": 0,
        "has_cfar_detection": false,
        "has_yolo_detection": false,
        "has_detection": false
      }
    },
    {
      "type": "Feature",
      "geometry": {
        "type": "Polygon",
        "coordinates": [
          [
            [
              -39.829411188371466,
              -12.960561545104442
            ],
            [
              -39.87174645038765,
              -13.139074830903631
            ],
            [
              -40.05109077917993,
              -13.09724063847747
            ],
            [
              -40.008640450813814,
              -12.918788197380163
            ],
            [
              -39.829411188371466,
              -12.960561545104442
            ]
          ]
        ]
      },
      "properties": {
        "patch_id": 101,
        "tile_id": 101,
        "patch_number": 102,
        "patch_label": "P102",
        "name": "patch_0102_VV",
        "x_start": 20000,
        "y_start": 14000,
        "valid_x_end": 22000,
        "valid_y_end": 16000,
        "width": 2000,
        "height": 2000,
        "target_width": 2000,
        "target_height": 2000,
        "requires_padding": false,
        "processing_bbox_pixels": {
          "x0": 19840,
          "y0": 13840,
          "x1": 22160,
          "y1": 16160
        },
        "processing_requested_bbox_pixels": {
          "x0": 19840,
          "y0": 13840,
          "x1": 22160,
          "y1": 16160
        },
        "processing_width": 2320,
        "processing_height": 2320,
        "processing_target_width": 2320,
        "processing_target_height": 2320,
        "processing_requires_padding": false,
        "core_bbox_pixels": {
          "x0": 20000,
          "y0": 14000,
          "x1": 22000,
          "y1": 16000
        },
        "requested_bbox_pixels": {
          "x0": 20000,
          "y0": 14000,
          "x1": 22000,
          "y1": 16000
        },
        "halo_pixels": 160,
        "polarization": "VV",
        "display_bounds_lonlat": {
          "west": -40.068844698956106,
          "south": -13.156702450670437,
          "east": -39.81168046852518,
          "north": -12.901148712679893
        },
        "cfar_detection_count": 0,
        "yolo_detection_count": 0,
        "processing_bounds_lonlat": {
          "west": -40.068844698956106,
          "south": -13.156702450670437,
          "east": -39.81168046852518,
          "north": -12.901148712679893
        },
        "cfar_count": 0,
        "yolo_count": 0,
        "has_cfar_detection": false,
        "has_yolo_detection": false,
        "has_detection": false
      }
    },
    {
      "type": "Feature",
      "geometry": {
        "type": "Polygon",
        "coordinates": [
          [
            [
              -40.00873008904934,
              -12.918767250024594
            ],
            [
              -40.05118047295586,
              -13.097219660304832
            ],
            [
              -40.23046111672264,
              -13.055252820524151
            ],
            [
              -40.187899558868075,
              -12.876862955811522
            ],
            [
              -40.00873008904934,
              -12.918767250024594
            ]
          ]
        ]
      },
      "properties": {
        "patch_id": 102,
        "tile_id": 102,
        "patch_number": 103,
        "patch_label": "P103",
        "name": "patch_0103_VV",
        "x_start": 22000,
        "y_start": 14000,
        "valid_x_end": 24000,
        "valid_y_end": 16000,
        "width": 2000,
        "height": 2000,
        "target_width": 2000,
        "target_height": 2000,
        "requires_padding": false,
        "processing_bbox_pixels": {
          "x0": 21840,
          "y0": 13840,
          "x1": 24160,
          "y1": 16160
        },
        "processing_requested_bbox_pixels": {
          "x0": 21840,
          "y0": 13840,
          "x1": 24160,
          "y1": 16160
        },
        "processing_width": 2320,
        "processing_height": 2320,
        "processing_target_width": 2320,
        "processing_target_height": 2320,
        "processing_requires_padding": false,
        "core_bbox_pixels": {
          "x0": 22000,
          "y0": 14000,
          "x1": 24000,
          "y1": 16000
        },
        "requested_bbox_pixels": {
          "x0": 22000,
          "y0": 14000,
          "x1": 24000,
          "y1": 16000
        },
        "halo_pixels": 160,
        "polarization": "VV",
        "display_bounds_lonlat": {
          "west": -40.24822047341934,
          "south": -13.114851991255973,
          "east": -39.9909944630405,
          "north": -12.859222254072488
        },
        "cfar_detection_count": 0,
        "yolo_detection_count": 0,
        "processing_bounds_lonlat": {
          "west": -40.24822047341934,
          "south": -13.114851991255973,
          "east": -39.9909944630405,
          "north": -12.859222254072488
        },
        "cfar_count": 0,
        "yolo_count": 0,
        "has_cfar_detection": false,
        "has_yolo_detection": false,
        "has_detection": false
      }
    },
    {
      "type": "Feature",
      "geometry": {
        "type": "Polygon",
        "coordinates": [
          [
            [
              -40.187989175151785,
              -12.876841969642797
            ],
            [
              -40.230550788735,
              -13.055231802340481
            ],
            [
              -40.39095206315338,
              -13.01757972405559
            ],
            [
              -40.34828823698803,
              -12.839247690768552
            ],
            [
              -40.187989175151785,
              -12.876841969642797
            ]
          ]
        ]
      },
      "properties": {
        "patch_id": 103,
        "tile_id": 103,
        "patch_number": 104,
        "patch_label": "P104",
        "name": "patch_0104_VV",
        "x_start": 24000,
        "y_start": 14000,
        "valid_x_end": 25791,
        "valid_y_end": 16000,
        "width": 2000,
        "height": 2000,
        "target_width": 2000,
        "target_height": 2000,
        "requires_padding": true,
        "processing_bbox_pixels": {
          "x0": 23840,
          "y0": 13840,
          "x1": 25791,
          "y1": 16160
        },
        "processing_requested_bbox_pixels": {
          "x0": 23840,
          "y0": 13840,
          "x1": 26160,
          "y1": 16160
        },
        "processing_width": 1951,
        "processing_height": 2320,
        "processing_target_width": 1951,
        "processing_target_height": 2320,
        "processing_requires_padding": false,
        "core_bbox_pixels": {
          "x0": 24000,
          "y0": 14000,
          "x1": 25791,
          "y1": 16000
        },
        "requested_bbox_pixels": {
          "x0": 24000,
          "y0": 14000,
          "x1": 26000,
          "y1": 16000
        },
        "halo_pixels": 160,
        "polarization": "VV",
        "display_bounds_lonlat": {
          "west": -40.39437130414286,
          "south": -13.072868769831825,
          "east": -40.17024941084135,
          "north": -12.824968983666688
        },
        "cfar_detection_count": 0,
        "yolo_detection_count": 0,
        "processing_bounds_lonlat": {
          "west": -40.39437130414286,
          "south": -13.072868769831825,
          "east": -40.17024941084135,
          "north": -12.824968983666688
        },
        "cfar_count": 0,
        "yolo_count": 0,
        "has_cfar_detection": false,
        "has_yolo_detection": false,
        "has_detection": false
      }
    },
    {
      "type": "Feature",
      "geometry": {
        "type": "Polygon",
        "coordinates": [
          [
            [
              -38.07412260918336,
              -13.55087806701959
            ],
            [
              -38.091373332661114,
              -13.625813318001384
            ],
            [
              -38.27137112706422,
              -13.585208911203132
            ],
            [
              -38.254068521047756,
              -13.51029155982652
            ],
            [
              -38.07412260918336,
              -13.55087806701959
            ]
          ]
        ]
      },
      "properties": {
        "patch_id": 104,
        "tile_id": 104,
        "patch_number": 105,
        "patch_label": "P105",
        "name": "patch_0105_VV",
        "x_start": 0,
        "y_start": 16000,
        "valid_x_end": 2000,
        "valid_y_end": 16838,
        "width": 2000,
        "height": 2000,
        "target_width": 2000,
        "target_height": 2000,
        "requires_padding": true,
        "processing_bbox_pixels": {
          "x0": 0,
          "y0": 15840,
          "x1": 2160,
          "y1": 16838
        },
        "processing_requested_bbox_pixels": {
          "x0": -160,
          "y0": 15840,
          "x1": 2160,
          "y1": 18160
        },
        "processing_width": 2160,
        "processing_height": 998,
        "processing_target_width": 2160,
        "processing_target_height": 998,
        "processing_requires_padding": false,
        "core_bbox_pixels": {
          "x0": 0,
          "y0": 16000,
          "x1": 2000,
          "y1": 16838
        },
        "requested_bbox_pixels": {
          "x0": 0,
          "y0": 16000,
          "x1": 2000,
          "y1": 18000
        },
        "halo_pixels": 160,
        "polarization": "VV",
        "display_bounds_lonlat": {
          "west": -38.285776131713384,
          "south": -13.625813318001384,
          "east": -38.070824979634956,
          "north": -13.492717939952566
        },
        "cfar_detection_count": 0,
        "yolo_detection_count": 0,
        "processing_bounds_lonlat": {
          "west": -38.285776131713384,
          "south": -13.625813318001384,
          "east": -38.070824979634956,
          "north": -13.492717939952566
        },
        "cfar_count": 0,
        "yolo_count": 0,
        "has_cfar_detection": false,
        "has_yolo_detection": false,
        "has_detection": false
      }
    },
    {
      "type": "Feature",
      "geometry": {
        "type": "Polygon",
        "coordinates": [
          [
            [
              -38.25415852512739,
              -13.51027122985906
            ],
            [
              -38.27146115833557,
              -13.585188571640842
            ],
            [
              -38.451396311503174,
              -13.544465721608116
            ],
            [
              -38.43404365180641,
              -13.469567559894893
            ],
            [
              -38.25415852512739,
              -13.51027122985906
            ]
          ]
        ]
      },
      "properties": {
        "patch_id": 105,
        "tile_id": 105,
        "patch_number": 106,
        "patch_label": "P106",
        "name": "patch_0106_VV",
        "x_start": 2000,
        "y_start": 16000,
        "valid_x_end": 4000,
        "valid_y_end": 16838,
        "width": 2000,
        "height": 2000,
        "target_width": 2000,
        "target_height": 2000,
        "requires_padding": true,
        "processing_bbox_pixels": {
          "x0": 1840,
          "y0": 15840,
          "x1": 4160,
          "y1": 16838
        },
        "processing_requested_bbox_pixels": {
          "x0": 1840,
          "y0": 15840,
          "x1": 4160,
          "y1": 18160
        },
        "processing_width": 2320,
        "processing_height": 998,
        "processing_target_width": 2320,
        "processing_target_height": 998,
        "processing_requires_padding": false,
        "core_bbox_pixels": {
          "x0": 2000,
          "y0": 16000,
          "x1": 4000,
          "y1": 16838
        },
        "requested_bbox_pixels": {
          "x0": 2000,
          "y0": 16000,
          "x1": 4000,
          "y1": 18000
        },
        "halo_pixels": 160,
        "polarization": "VV",
        "display_bounds_lonlat": {
          "west": -38.465795136857786,
          "south": -13.58844290160714,
          "east": -38.236451149760796,
          "north": -13.451984474058488
        },
        "cfar_detection_count": 0,
        "yolo_detection_count": 0,
        "processing_bounds_lonlat": {
          "west": -38.465795136857786,
          "south": -13.58844290160714,
          "east": -38.236451149760796,
          "north": -13.451984474058488
        },
        "cfar_count": 0,
        "yolo_count": 0,
        "has_cfar_detection": false,
        "has_yolo_detection": false,
        "has_detection": false
      }
    },
    {
      "type": "Feature",
      "geometry": {
        "type": "Polygon",
        "coordinates": [
          [
            [
              -38.43413361801255,
              -13.469547147838453
            ],
            [
              -38.451486304080404,
              -13.544445299956843
            ],
            [
              -38.63136436069696,
              -13.503586997719665
            ],
            [
              -38.61396030997477,
              -13.428708303688351
            ],
            [
              -38.43413361801255,
              -13.469547147838453
            ]
          ]
        ]
      },
      "properties": {
        "patch_id": 106,
        "tile_id": 106,
        "patch_number": 107,
        "patch_label": "P107",
        "name": "patch_0107_VV",
        "x_start": 4000,
        "y_start": 16000,
        "valid_x_end": 6000,
        "valid_y_end": 16838,
        "width": 2000,
        "height": 2000,
        "target_width": 2000,
        "target_height": 2000,
        "requires_padding": true,
        "processing_bbox_pixels": {
          "x0": 3840,
          "y0": 15840,
          "x1": 6160,
          "y1": 16838
        },
        "processing_requested_bbox_pixels": {
          "x0": 3840,
          "y0": 15840,
          "x1": 6160,
          "y1": 18160
        },
        "processing_width": 2320,
        "processing_height": 998,
        "processing_target_width": 2320,
        "processing_target_height": 998,
        "processing_requires_padding": false,
        "core_bbox_pixels": {
          "x0": 4000,
          "y0": 16000,
          "x1": 6000,
          "y1": 16838
        },
        "requested_bbox_pixels": {
          "x0": 4000,
          "y0": 16000,
          "x1": 6000,
          "y1": 18000
        },
        "halo_pixels": 160,
        "polarization": "VV",
        "display_bounds_lonlat": {
          "west": -38.64575989535013,
          "south": -13.54771157849242,
          "east": -38.41642222364922,
          "north": -13.411122257815467
        },
        "cfar_detection_count": 0,
        "yolo_detection_count": 0,
        "processing_bounds_lonlat": {
          "west": -38.64575989535013,
          "south": -13.54771157849242,
          "east": -38.41642222364922,
          "north": -13.411122257815467
        },
        "cfar_count": 0,
        "yolo_count": 0,
        "has_cfar_detection": false,
        "has_yolo_detection": false,
        "has_detection": false
      }
    },
    {
      "type": "Feature",
      "geometry": {
        "type": "Polygon",
        "coordinates": [
          [
            [
              -38.61405025726659,
              -13.428687849809556
            ],
            [
              -38.631454332750806,
              -13.503566533915182
            ],
            [
              -38.811272484881194,
              -13.462585689111517
            ],
            [
              -38.79381570511508,
              -13.387727359531475
            ],
            [
              -38.61405025726659,
              -13.428687849809556
            ]
          ]
        ]
      },
      "properties": {
        "patch_id": 107,
        "tile_id": 107,
        "patch_number": 108,
        "patch_label": "P108",
        "name": "patch_0108_VV",
        "x_start": 6000,
        "y_start": 16000,
        "valid_x_end": 8000,
        "valid_y_end": 16838,
        "width": 2000,
        "height": 2000,
        "target_width": 2000,
        "target_height": 2000,
        "requires_padding": true,
        "processing_bbox_pixels": {
          "x0": 5840,
          "y0": 15840,
          "x1": 8160,
          "y1": 16838
        },
        "processing_requested_bbox_pixels": {
          "x0": 5840,
          "y0": 15840,
          "x1": 8160,
          "y1": 18160
        },
        "processing_width": 2320,
        "processing_height": 998,
        "processing_target_width": 2320,
        "processing_target_height": 998,
        "processing_requires_padding": false,
        "core_bbox_pixels": {
          "x0": 6000,
          "y0": 16000,
          "x1": 8000,
          "y1": 16838
        },
        "requested_bbox_pixels": {
          "x0": 6000,
          "y0": 16000,
          "x1": 8000,
          "y1": 18000
        },
        "halo_pixels": 160,
        "polarization": "VV",
        "display_bounds_lonlat": {
          "west": -38.82566193558779,
          "south": -13.50684074263243,
          "east": -38.59633249565734,
          "north": -13.370132253745014
        },
        "cfar_detection_count": 0,
        "yolo_detection_count": 0,
        "processing_bounds_lonlat": {
          "west": -38.82566193558779,
          "south": -13.50684074263243,
          "east": -38.59633249565734,
          "north": -13.370132253745014
        },
        "cfar_count": 0,
        "yolo_count": 0,
        "has_cfar_detection": false,
        "has_yolo_detection": false,
        "has_detection": false
      }
    },
    {
      "type": "Feature",
      "geometry": {
        "type": "Polygon",
        "coordinates": [
          [
            [
              -38.793905614337355,
              -13.387706824634687
            ],
            [
              -38.811362418977076,
              -13.462565143958182
            ],
            [
              -38.99111605690912,
              -13.421454424854899
            ],
            [
              -38.9736103720027,
              -13.346617251316289
            ],
            [
              -38.793905614337355,
              -13.387706824634687
            ]
          ]
        ]
      },
      "properties": {
        "patch_id": 108,
        "tile_id": 108,
        "patch_number": 109,
        "patch_label": "P109",
        "name": "patch_0109_VV",
        "x_start": 8000,
        "y_start": 16000,
        "valid_x_end": 10000,
        "valid_y_end": 16838,
        "width": 2000,
        "height": 2000,
        "target_width": 2000,
        "target_height": 2000,
        "requires_padding": true,
        "processing_bbox_pixels": {
          "x0": 7840,
          "y0": 15840,
          "x1": 10160,
          "y1": 16838
        },
        "processing_requested_bbox_pixels": {
          "x0": 7840,
          "y0": 15840,
          "x1": 10160,
          "y1": 18160
        },
        "processing_width": 2320,
        "processing_height": 998,
        "processing_target_width": 2320,
        "processing_target_height": 998,
        "processing_requires_padding": false,
        "core_bbox_pixels": {
          "x0": 8000,
          "y0": 16000,
          "x1": 10000,
          "y1": 16838
        },
        "requested_bbox_pixels": {
          "x0": 8000,
          "y0": 16000,
          "x1": 10000,
          "y1": 18000
        },
        "halo_pixels": 160,
        "polarization": "VV",
        "display_bounds_lonlat": {
          "west": -39.00550146167243,
          "south": -13.465852368491515,
          "east": -38.77618388464471,
          "north": -13.329019571389551
        },
        "cfar_detection_count": 3,
        "yolo_detection_count": 0,
        "processing_bounds_lonlat": {
          "west": -39.00550146167243,
          "south": -13.465852368491515,
          "east": -38.77618388464471,
          "north": -13.329019571389551
        },
        "cfar_count": 3,
        "yolo_count": 0,
        "has_cfar_detection": true,
        "has_yolo_detection": false,
        "has_detection": true
      }
    },
    {
      "type": "Feature",
      "geometry": {
        "type": "Polygon",
        "coordinates": [
          [
            [
              -38.9737002567894,
              -13.346596674928596
            ],
            [
              -38.991205965703614,
              -13.421433837548948
            ],
            [
              -39.1708983606741,
              -13.380196671124416
            ],
            [
              -39.15334449330837,
              -13.30538133409932
            ],
            [
              -38.9737002567894,
              -13.346596674928596
            ]
          ]
        ]
      },
      "properties": {
        "patch_id": 109,
        "tile_id": 109,
        "patch_number": 110,
        "patch_label": "P110",
        "name": "patch_0110_VV",
        "x_start": 10000,
        "y_start": 16000,
        "valid_x_end": 12000,
        "valid_y_end": 16838,
        "width": 2000,
        "height": 2000,
        "target_width": 2000,
        "target_height": 2000,
        "requires_padding": true,
        "processing_bbox_pixels": {
          "x0": 9840,
          "y0": 15840,
          "x1": 12160,
          "y1": 16838
        },
        "processing_requested_bbox_pixels": {
          "x0": 9840,
          "y0": 15840,
          "x1": 12160,
          "y1": 18160
        },
        "processing_width": 2320,
        "processing_height": 998,
        "processing_target_width": 2320,
        "processing_target_height": 998,
        "processing_requires_padding": false,
        "core_bbox_pixels": {
          "x0": 10000,
          "y0": 16000,
          "x1": 12000,
          "y1": 16838
        },
        "requested_bbox_pixels": {
          "x0": 10000,
          "y0": 16000,
          "x1": 12000,
          "y1": 18000
        },
        "halo_pixels": 160,
        "polarization": "VV",
        "display_bounds_lonlat": {
          "west": -39.185278367763566,
          "south": -13.424727806500945,
          "east": -38.95597305188854,
          "north": -13.287774930832015
        },
        "cfar_detection_count": 12,
        "yolo_detection_count": 0,
        "processing_bounds_lonlat": {
          "west": -39.185278367763566,
          "south": -13.424727806500945,
          "east": -38.95597305188854,
          "north": -13.287774930832015
        },
        "cfar_count": 12,
        "yolo_count": 0,
        "has_cfar_detection": true,
        "has_yolo_detection": false,
        "has_detection": true
      }
    },
    {
      "type": "Feature",
      "geometry": {
        "type": "Polygon",
        "coordinates": [
          [
            [
              -39.153434341609405,
              -13.305360677101724
            ],
            [
              -39.170988235679005,
              -13.380176003208565
            ],
            [
              -39.35062588235849,
              -13.338815160795239
            ],
            [
              -39.333020569874336,
              -13.264022390152576
            ],
            [
              -39.153434341609405,
              -13.305360677101724
            ]
          ]
        ]
      },
      "properties": {
        "patch_id": 110,
        "tile_id": 110,
        "patch_number": 111,
        "patch_label": "P111",
        "name": "patch_0111_VV",
        "x_start": 12000,
        "y_start": 16000,
        "valid_x_end": 14000,
        "valid_y_end": 16838,
        "width": 2000,
        "height": 2000,
        "target_width": 2000,
        "target_height": 2000,
        "requires_padding": true,
        "processing_bbox_pixels": {
          "x0": 11840,
          "y0": 15840,
          "x1": 14160,
          "y1": 16838
        },
        "processing_requested_bbox_pixels": {
          "x0": 11840,
          "y0": 15840,
          "x1": 14160,
          "y1": 18160
        },
        "processing_width": 2320,
        "processing_height": 998,
        "processing_target_width": 2320,
        "processing_target_height": 998,
        "processing_requires_padding": false,
        "core_bbox_pixels": {
          "x0": 12000,
          "y0": 16000,
          "x1": 14000,
          "y1": 16838
        },
        "requested_bbox_pixels": {
          "x0": 12000,
          "y0": 16000,
          "x1": 14000,
          "y1": 18000
        },
        "halo_pixels": 160,
        "polarization": "VV",
        "display_bounds_lonlat": {
          "west": -39.36500249975444,
          "south": -13.38348286974505,
          "east": -39.135703843182135,
          "north": -13.246413586651746
        },
        "cfar_detection_count": 0,
        "yolo_detection_count": 0,
        "processing_bounds_lonlat": {
          "west": -39.36500249975444,
          "south": -13.38348286974505,
          "east": -39.135703843182135,
          "north": -13.246413586651746
        },
        "cfar_count": 0,
        "yolo_count": 0,
        "has_cfar_detection": false,
        "has_yolo_detection": false,
        "has_detection": false
      }
    },
    {
      "type": "Feature",
      "geometry": {
        "type": "Polygon",
        "coordinates": [
          [
            [
              -39.33311039942275,
              -13.264001692403617
            ],
            [
              -39.35071573683534,
              -13.338794451466308
            ],
            [
              -39.53028598832913,
              -13.29730181963168
            ],
            [
              -39.51263205392421,
              -13.22253238226319
            ],
            [
              -39.33311039942275,
              -13.264001692403617
            ]
          ]
        ]
      },
      "properties": {
        "patch_id": 111,
        "tile_id": 111,
        "patch_number": 112,
        "patch_label": "P112",
        "name": "patch_0112_VV",
        "x_start": 14000,
        "y_start": 16000,
        "valid_x_end": 16000,
        "valid_y_end": 16838,
        "width": 2000,
        "height": 2000,
        "target_width": 2000,
        "target_height": 2000,
        "requires_padding": true,
        "processing_bbox_pixels": {
          "x0": 13840,
          "y0": 15840,
          "x1": 16160,
          "y1": 16838
        },
        "processing_requested_bbox_pixels": {
          "x0": 13840,
          "y0": 15840,
          "x1": 16160,
          "y1": 18160
        },
        "processing_width": 2320,
        "processing_height": 998,
        "processing_target_width": 2320,
        "processing_target_height": 998,
        "processing_requires_padding": false,
        "core_bbox_pixels": {
          "x0": 14000,
          "y0": 16000,
          "x1": 16000,
          "y1": 16838
        },
        "requested_bbox_pixels": {
          "x0": 14000,
          "y0": 16000,
          "x1": 16000,
          "y1": 18000
        },
        "halo_pixels": 160,
        "polarization": "VV",
        "display_bounds_lonlat": {
          "west": -39.54465615850802,
          "south": -13.342107944094996,
          "east": -39.315372998269694,
          "north": -13.204915418711112
        },
        "cfar_detection_count": 0,
        "yolo_detection_count": 0,
        "processing_bounds_lonlat": {
          "west": -39.54465615850802,
          "south": -13.342107944094996,
          "east": -39.315372998269694,
          "north": -13.204915418711112
        },
        "cfar_count": 0,
        "yolo_count": 0,
        "has_cfar_detection": false,
        "has_yolo_detection": false,
        "has_detection": false
      }
    },
    {
      "type": "Feature",
      "geometry": {
        "type": "Polygon",
        "coordinates": [
          [
            [
              -39.51272184321104,
              -13.222511604235775
            ],
            [
              -39.5303758019037,
              -13.29728102969344
            ],
            [
              -39.70988966419115,
              -13.255671736310088
            ],
            [
              -39.692188211633486,
              -13.180926120592698
            ],
            [
              -39.51272184321104,
              -13.222511604235775
            ]
          ]
        ]
      },
      "properties": {
        "patch_id": 112,
        "tile_id": 112,
        "patch_number": 113,
        "patch_label": "P113",
        "name": "patch_0113_VV",
        "x_start": 16000,
        "y_start": 16000,
        "valid_x_end": 18000,
        "valid_y_end": 16838,
        "width": 2000,
        "height": 2000,
        "target_width": 2000,
        "target_height": 2000,
        "requires_padding": true,
        "processing_bbox_pixels": {
          "x0": 15840,
          "y0": 15840,
          "x1": 18160,
          "y1": 16838
        },
        "processing_requested_bbox_pixels": {
          "x0": 15840,
          "y0": 15840,
          "x1": 18160,
          "y1": 18160
        },
        "processing_width": 2320,
        "processing_height": 998,
        "processing_target_width": 2320,
        "processing_target_height": 998,
        "processing_requires_padding": false,
        "core_bbox_pixels": {
          "x0": 16000,
          "y0": 16000,
          "x1": 18000,
          "y1": 16838
        },
        "requested_bbox_pixels": {
          "x0": 16000,
          "y0": 16000,
          "x1": 18000,
          "y1": 18000
        },
        "halo_pixels": 160,
        "polarization": "VV",
        "display_bounds_lonlat": {
          "west": -39.72425466276381,
          "south": -13.300607419811747,
          "east": -39.494981591877014,
          "north": -13.163303022823088
        },
        "cfar_detection_count": 0,
        "yolo_detection_count": 0,
        "processing_bounds_lonlat": {
          "west": -39.72425466276381,
          "south": -13.300607419811747,
          "east": -39.494981591877014,
          "north": -13.163303022823088
        },
        "cfar_count": 0,
        "yolo_count": 0,
        "has_cfar_detection": false,
        "has_yolo_detection": false,
        "has_detection": false
      }
    },
    {
      "type": "Feature",
      "geometry": {
        "type": "Polygon",
        "coordinates": [
          [
            [
              -39.69227798273638,
              -13.180905301890563
            ],
            [
              -39.709979458726295,
              -13.255650905697127
            ],
            [
              -39.889427178742466,
              -13.213905725163015
            ],
            [
              -39.871677924932285,
              -13.139185001201692
            ],
            [
              -39.69227798273638,
              -13.180905301890563
            ]
          ]
        ]
      },
      "properties": {
        "patch_id": 113,
        "tile_id": 113,
        "patch_number": 114,
        "patch_label": "P114",
        "name": "patch_0114_VV",
        "x_start": 18000,
        "y_start": 16000,
        "valid_x_end": 20000,
        "valid_y_end": 16838,
        "width": 2000,
        "height": 2000,
        "target_width": 2000,
        "target_height": 2000,
        "requires_padding": true,
        "processing_bbox_pixels": {
          "x0": 17840,
          "y0": 15840,
          "x1": 20160,
          "y1": 16838
        },
        "processing_requested_bbox_pixels": {
          "x0": 17840,
          "y0": 15840,
          "x1": 20160,
          "y1": 18160
        },
        "processing_width": 2320,
        "processing_height": 998,
        "processing_target_width": 2320,
        "processing_target_height": 998,
        "processing_requires_padding": false,
        "core_bbox_pixels": {
          "x0": 18000,
          "y0": 16000,
          "x1": 20000,
          "y1": 16838
        },
        "requested_bbox_pixels": {
          "x0": 18000,
          "y0": 16000,
          "x1": 20000,
          "y1": 18000
        },
        "halo_pixels": 160,
        "polarization": "VV",
        "display_bounds_lonlat": {
          "west": -39.90378809687627,
          "south": -13.25898380377091,
          "east": -39.67453152590924,
          "north": -13.121558125588734
        },
        "cfar_detection_count": 0,
        "yolo_detection_count": 0,
        "processing_bounds_lonlat": {
          "west": -39.90378809687627,
          "south": -13.25898380377091,
          "east": -39.67453152590924,
          "north": -13.121558125588734
        },
        "cfar_count": 0,
        "yolo_count": 0,
        "has_cfar_detection": false,
        "has_yolo_detection": false,
        "has_detection": false
      }
    },
    {
      "type": "Feature",
      "geometry": {
        "type": "Polygon",
        "coordinates": [
          [
            [
              -39.871767656216804,
              -13.139164102960642
            ],
            [
              -39.88951693447987,
              -13.213884814680284
            ],
            [
              -40.068909967391555,
              -13.172025217114967
            ],
            [
              -40.05111204312836,
              -13.097329880218087
            ],
            [
              -39.871767656216804,
              -13.139164102960642
            ]
          ]
        ]
      },
      "properties": {
        "patch_id": 114,
        "tile_id": 114,
        "patch_number": 115,
        "patch_label": "P115",
        "name": "patch_0115_VV",
        "x_start": 20000,
        "y_start": 16000,
        "valid_x_end": 22000,
        "valid_y_end": 16838,
        "width": 2000,
        "height": 2000,
        "target_width": 2000,
        "target_height": 2000,
        "requires_padding": true,
        "processing_bbox_pixels": {
          "x0": 19840,
          "y0": 15840,
          "x1": 22160,
          "y1": 16838
        },
        "processing_requested_bbox_pixels": {
          "x0": 19840,
          "y0": 15840,
          "x1": 22160,
          "y1": 18160
        },
        "processing_width": 2320,
        "processing_height": 998,
        "processing_target_width": 2320,
        "processing_target_height": 998,
        "processing_requires_padding": false,
        "core_bbox_pixels": {
          "x0": 20000,
          "y0": 16000,
          "x1": 22000,
          "y1": 16838
        },
        "requested_bbox_pixels": {
          "x0": 20000,
          "y0": 16000,
          "x1": 22000,
          "y1": 18000
        },
        "halo_pixels": 160,
        "polarization": "VV",
        "display_bounds_lonlat": {
          "west": -40.08326462283573,
          "south": -13.217230491917222,
          "east": -39.854018465611944,
          "north": -13.079695086286472
        },
        "cfar_detection_count": 0,
        "yolo_detection_count": 0,
        "processing_bounds_lonlat": {
          "west": -40.08326462283573,
          "south": -13.217230491917222,
          "east": -39.854018465611944,
          "north": -13.079695086286472
        },
        "cfar_count": 0,
        "yolo_count": 0,
        "has_cfar_detection": false,
        "has_yolo_detection": false,
        "has_detection": false
      }
    },
    {
      "type": "Feature",
      "geometry": {
        "type": "Polygon",
        "coordinates": [
          [
            [
              -40.05120173693165,
              -13.097308902030033
            ],
            [
              -40.06899968408976,
              -13.172004226023521
            ],
            [
              -40.24832679391383,
              -13.130011040415528
            ],
            [
              -40.2304824361473,
              -13.055342030810415
            ],
            [
              -40.05120173693165,
              -13.097308902030033
            ]
          ]
        ]
      },
      "properties": {
        "patch_id": 115,
        "tile_id": 115,
        "patch_number": 116,
        "patch_label": "P116",
        "name": "patch_0116_VV",
        "x_start": 22000,
        "y_start": 16000,
        "valid_x_end": 24000,
        "valid_y_end": 16838,
        "width": 2000,
        "height": 2000,
        "target_width": 2000,
        "target_height": 2000,
        "requires_padding": true,
        "processing_bbox_pixels": {
          "x0": 21840,
          "y0": 15840,
          "x1": 24160,
          "y1": 16838
        },
        "processing_requested_bbox_pixels": {
          "x0": 21840,
          "y0": 15840,
          "x1": 24160,
          "y1": 18160
        },
        "processing_width": 2320,
        "processing_height": 998,
        "processing_target_width": 2320,
        "processing_target_height": 998,
        "processing_requires_padding": false,
        "core_bbox_pixels": {
          "x0": 22000,
          "y0": 16000,
          "x1": 24000,
          "y1": 16838
        },
        "requested_bbox_pixels": {
          "x0": 22000,
          "y0": 16000,
          "x1": 24000,
          "y1": 18000
        },
        "halo_pixels": 160,
        "polarization": "VV",
        "display_bounds_lonlat": {
          "west": -40.262678116103686,
          "south": -13.17535955329636,
          "east": -40.033447767056266,
          "north": -13.03770588792199
        },
        "cfar_detection_count": 0,
        "yolo_detection_count": 0,
        "processing_bounds_lonlat": {
          "west": -40.262678116103686,
          "south": -13.17535955329636,
          "east": -40.033447767056266,
          "north": -13.03770588792199
        },
        "cfar_count": 0,
        "yolo_count": 0,
        "has_cfar_detection": false,
        "has_yolo_detection": false,
        "has_detection": false
      }
    },
    {
      "type": "Feature",
      "geometry": {
        "type": "Polygon",
        "coordinates": [
          [
            [
              -40.230572108188,
              -13.055321012610541
            ],
            [
              -40.24841648966846,
              -13.129990008650545
            ],
            [
              -40.40886033710804,
              -13.092313619814135
            ],
            [
              -40.3909734334095,
              -13.017668905315444
            ],
            [
              -40.230572108188,
              -13.055321012610541
            ]
          ]
        ]
      },
      "properties": {
        "patch_id": 116,
        "tile_id": 116,
        "patch_number": 117,
        "patch_label": "P117",
        "name": "patch_0117_VV",
        "x_start": 24000,
        "y_start": 16000,
        "valid_x_end": 25791,
        "valid_y_end": 16838,
        "width": 2000,
        "height": 2000,
        "target_width": 2000,
        "target_height": 2000,
        "requires_padding": true,
        "processing_bbox_pixels": {
          "x0": 23840,
          "y0": 15840,
          "x1": 25791,
          "y1": 16838
        },
        "processing_requested_bbox_pixels": {
          "x0": 23840,
          "y0": 15840,
          "x1": 26160,
          "y1": 18160
        },
        "processing_width": 1951,
        "processing_height": 998,
        "processing_target_width": 1951,
        "processing_target_height": 998,
        "processing_requires_padding": false,
        "core_bbox_pixels": {
          "x0": 24000,
          "y0": 16000,
          "x1": 25791,
          "y1": 16838
        },
        "requested_bbox_pixels": {
          "x0": 24000,
          "y0": 16000,
          "x1": 26000,
          "y1": 18000
        },
        "halo_pixels": 160,
        "polarization": "VV",
        "display_bounds_lonlat": {
          "west": -40.40886033710804,
          "south": -13.133355091047973,
          "east": -40.21281419135824,
          "north": -13.003399903738632
        },
        "cfar_detection_count": 0,
        "yolo_detection_count": 0,
        "processing_bounds_lonlat": {
          "west": -40.40886033710804,
          "south": -13.133355091047973,
          "east": -40.21281419135824,
          "north": -13.003399903738632
        },
        "cfar_count": 0,
        "yolo_count": 0,
        "has_cfar_detection": false,
        "has_yolo_detection": false,
        "has_detection": false
      }
    }
  ]
}
