{
  "type": "FeatureCollection",
  "features": [
    {
      "type": "Feature",
      "geometry": {
        "type": "Polygon",
        "coordinates": [
          [
            [
              -45.94829287358283,
              -27.11108206236957
            ],
            [
              -45.94917184734816,
              -27.110879573347148
            ],
            [
              -45.94947052941201,
              -27.11194527210884
            ],
            [
              -45.948591547761076,
              -27.112147762989345
            ],
            [
              -45.94829287358283,
              -27.11108206236957
            ]
          ]
        ]
      },
      "properties": {
        "lat": -27.111547416028966,
        "lon": -45.948735203241334,
        "area_px": 9,
        "min_sigma0_dB": 0.5799999833106995,
        "mean_sigma0_dB": 4.679999828338623,
        "max_sigma0_dB": 10.930000305175781,
        "threshold_cfar_dB": -1.19,
        "pixel_coords": {
          "row": 1374,
          "col": 1164,
          "row_resampled": 458,
          "col_resampled": 388
        },
        "bbox_pixel_coords": {
          "row_min": 1368,
          "row_max": 1380,
          "col_min": 1161,
          "col_max": 1170
        },
        "global_pixel_coords": {
          "row": 1374,
          "col": 3004
        },
        "source_product": "S1C_IW_GRDH_1SDV_20260808T083114_20260808T083139_008901_011A80_4DB5",
        "source_arquivo_id": null,
        "patch_id": 1,
        "patch_name": "patch_0002_VV",
        "geotiff_name": "patch_0002_VV_sigma0_preproc.tif",
        "polarization": "VV",
        "input_scale": "linear",
        "georef_method": "snap_geolocation_grid",
        "geocoding_method": "geolocation_grid",
        "geolocation_grid_status": null,
        "snap_geolocation_grid_used": null,
        "raster_crs": "EPSG:4326",
        "raster_transform": [
          0.00011455919246375529,
          0.0,
          -48.39278760987701,
          0.0,
          -0.00012450216928630096,
          -26.454757021334594,
          0.0,
          0.0,
          1.0
        ],
        "core_bbox_pixels": {
          "x0": 2000,
          "y0": 0,
          "x1": 4000,
          "y1": 2000
        },
        "processing_bbox_pixels": {
          "x0": 1840,
          "y0": 0,
          "x1": 4160,
          "y1": 2160
        },
        "core_bounds_lonlat": {
          "west": -46.06151674691978,
          "south": -27.18959788471158,
          "east": -45.81655100410111,
          "north": -26.967153672699695
        },
        "processing_bounds_lonlat": {
          "west": -46.08114949162343,
          "south": -27.207396156985574,
          "east": -45.80093240512944,
          "north": -26.96354356638221
        },
        "halo_pixels": 160,
        "valid_bbox_fraction": 1.0,
        "artifact_aspect_ratio": 1.25,
        "land_mask_info": {
          "enabled": true,
          "applied": true,
          "status": "ok",
          "stage": "cfar_water_mask",
          "resampled_shape": [
            720,
            773
          ],
          "sample_shape": [
            119,
            128
          ],
          "sample_max_dim": 128,
          "available": true,
          "method": "natural_earth_land_point_mask",
          "bounds_lonlat": {
            "west": -46.06151674691978,
            "south": -27.18959788471158,
            "east": -45.81655100410111,
            "north": -26.967153672699695
          },
          "mask_path": "/content/sismom_colab_work_v2/sources/api/copernicus_meta_1-main/copernicus-platform/frontend/public/shapes/ne_10m_land/ne_10m_land.shp",
          "land_buffer_degrees": 0.0,
          "valid_geolocation_points": 15232,
          "land_points": 0,
          "water_points": 15232,
          "land_fraction": 0.0,
          "water_fraction": 1.0,
          "valid_pixels_before_land_mask": 556560,
          "valid_pixels_after_land_mask": 556560,
          "pixels_masked_by_land": 0,
          "valid_water_fraction": 1.0,
          "land_skip_threshold": 0.99,
          "min_water_fraction": 0.01,
          "skip_land_tiles": true,
          "skipped": false,
          "reason": "water_candidate",
          "message": "CFAR restrito aos pixels de água."
        },
        "land_fraction": 0.0,
        "water_fraction": 1.0,
        "valid_water_fraction": 1.0,
        "land_mask_method": "natural_earth_land_point_mask",
        "wave_age": null,
        "wave_age_class": null,
        "wave_age_factor": 1.35,
        "wave_age_status": "fallback",
        "era5_time": null,
        "era5_lon": null,
        "era5_lat": null,
        "u10": null,
        "peak_wave_period": null,
        "friction_velocity": null,
        "phase_speed": null,
        "patch_label": "P002",
        "id": 1,
        "source": "cfar",
        "detection_method": "cfar"
      }
    },
    {
      "type": "Feature",
      "geometry": {
        "type": "Polygon",
        "coordinates": [
          [
            [
              -46.078372721355706,
              -27.099229817056514
            ],
            [
              -46.07866560018461,
              -27.0991620470463
            ],
            [
              -46.07896539694906,
              -27.100227482167206
            ],
            [
              -46.07867251552449,
              -27.100295252796784
            ],
            [
              -46.078372721355706,
              -27.099229817056514
            ]
          ]
        ]
      },
      "properties": {
        "lat": -27.099762534926647,
        "lon": -46.0785226184401,
        "area_px": 7,
        "min_sigma0_dB": 6.139999866485596,
        "mean_sigma0_dB": 10.029999732971191,
        "max_sigma0_dB": 13.449999809265137,
        "threshold_cfar_dB": -0.26,
        "pixel_coords": {
          "row": 1566,
          "col": 444,
          "row_resampled": 522,
          "col_resampled": 148
        },
        "bbox_pixel_coords": {
          "row_min": 1560,
          "row_max": 1572,
          "col_min": 444,
          "col_max": 447
        },
        "global_pixel_coords": {
          "row": 1566,
          "col": 4284
        },
        "source_product": "S1C_IW_GRDH_1SDV_20260808T083114_20260808T083139_008901_011A80_4DB5",
        "source_arquivo_id": null,
        "patch_id": 2,
        "patch_name": "patch_0003_VV",
        "geotiff_name": "patch_0003_VV_sigma0_preproc.tif",
        "polarization": "VV",
        "input_scale": "linear",
        "georef_method": "snap_geolocation_grid",
        "geocoding_method": "geolocation_grid",
        "geolocation_grid_status": null,
        "snap_geolocation_grid_used": null,
        "raster_crs": "EPSG:4326",
        "raster_transform": [
          0.00011455919246375529,
          0.0,
          -48.1636692249495,
          0.0,
          -0.00012450216928630096,
          -26.454757021334594,
          0.0,
          0.0,
          1.0
        ],
        "core_bbox_pixels": {
          "x0": 4000,
          "y0": 0,
          "x1": 6000,
          "y1": 2000
        },
        "processing_bbox_pixels": {
          "x0": 3840,
          "y0": 0,
          "x1": 6160,
          "y1": 2160
        },
        "core_bounds_lonlat": {
          "west": -46.256792147700295,
          "south": -27.144623444267857,
          "east": -46.01170556687782,
          "north": -26.9219577199744
        },
        "processing_bounds_lonlat": {
          "west": -46.2764397975853,
          "south": -27.162438702303508,
          "east": -45.99610009535281,
          "north": -26.918333546475356
        },
        "halo_pixels": 160,
        "valid_bbox_fraction": 1.0,
        "artifact_aspect_ratio": 2.5,
        "land_mask_info": {
          "enabled": true,
          "applied": true,
          "status": "ok",
          "stage": "cfar_water_mask",
          "resampled_shape": [
            720,
            773
          ],
          "sample_shape": [
            119,
            128
          ],
          "sample_max_dim": 128,
          "available": true,
          "method": "natural_earth_land_point_mask",
          "bounds_lonlat": {
            "west": -46.256792147700295,
            "south": -27.144623444267857,
            "east": -46.01170556687782,
            "north": -26.9219577199744
          },
          "mask_path": "/content/sismom_colab_work_v2/sources/api/copernicus_meta_1-main/copernicus-platform/frontend/public/shapes/ne_10m_land/ne_10m_land.shp",
          "land_buffer_degrees": 0.0,
          "valid_geolocation_points": 15232,
          "land_points": 0,
          "water_points": 15232,
          "land_fraction": 0.0,
          "water_fraction": 1.0,
          "valid_pixels_before_land_mask": 556560,
          "valid_pixels_after_land_mask": 556560,
          "pixels_masked_by_land": 0,
          "valid_water_fraction": 1.0,
          "land_skip_threshold": 0.99,
          "min_water_fraction": 0.01,
          "skip_land_tiles": true,
          "skipped": false,
          "reason": "water_candidate",
          "message": "CFAR restrito aos pixels de água."
        },
        "land_fraction": 0.0,
        "water_fraction": 1.0,
        "valid_water_fraction": 1.0,
        "land_mask_method": "natural_earth_land_point_mask",
        "wave_age": null,
        "wave_age_class": null,
        "wave_age_factor": 1.35,
        "wave_age_status": "fallback",
        "era5_time": null,
        "era5_lon": null,
        "era5_lat": null,
        "u10": null,
        "peak_wave_period": null,
        "friction_velocity": null,
        "phase_speed": null,
        "patch_label": "P003",
        "id": 2,
        "source": "cfar",
        "detection_method": "cfar"
      }
    },
    {
      "type": "Feature",
      "geometry": {
        "type": "Polygon",
        "coordinates": [
          [
            [
              -46.12261203690855,
              -27.091262772445617
            ],
            [
              -46.12319780503861,
              -27.091127229947748
            ],
            [
              -46.1234979911504,
              -27.0921925721647
            ],
            [
              -46.12291221782907,
              -27.09232811590129
            ],
            [
              -46.12261203690855,
              -27.091262772445617
            ]
          ]
        ]
      },
      "properties": {
        "lat": -27.091727672614837,
        "lon": -46.12305501273515,
        "area_px": 10,
        "min_sigma0_dB": 0.23000000417232513,
        "mean_sigma0_dB": 6.869999885559082,
        "max_sigma0_dB": 14.25,
        "threshold_cfar_dB": 0.16,
        "pixel_coords": {
          "row": 1590,
          "col": 894,
          "row_resampled": 530,
          "col_resampled": 298
        },
        "bbox_pixel_coords": {
          "row_min": 1584,
          "row_max": 1596,
          "col_min": 891,
          "col_max": 897
        },
        "global_pixel_coords": {
          "row": 1590,
          "col": 4734
        },
        "source_product": "S1C_IW_GRDH_1SDV_20260808T083114_20260808T083139_008901_011A80_4DB5",
        "source_arquivo_id": null,
        "patch_id": 2,
        "patch_name": "patch_0003_VV",
        "geotiff_name": "patch_0003_VV_sigma0_preproc.tif",
        "polarization": "VV",
        "input_scale": "linear",
        "georef_method": "snap_geolocation_grid",
        "geocoding_method": "geolocation_grid",
        "geolocation_grid_status": null,
        "snap_geolocation_grid_used": null,
        "raster_crs": "EPSG:4326",
        "raster_transform": [
          0.00011455919246375529,
          0.0,
          -48.1636692249495,
          0.0,
          -0.00012450216928630096,
          -26.454757021334594,
          0.0,
          0.0,
          1.0
        ],
        "core_bbox_pixels": {
          "x0": 4000,
          "y0": 0,
          "x1": 6000,
          "y1": 2000
        },
        "processing_bbox_pixels": {
          "x0": 3840,
          "y0": 0,
          "x1": 6160,
          "y1": 2160
        },
        "core_bounds_lonlat": {
          "west": -46.256792147700295,
          "south": -27.144623444267857,
          "east": -46.01170556687782,
          "north": -26.9219577199744
        },
        "processing_bounds_lonlat": {
          "west": -46.2764397975853,
          "south": -27.162438702303508,
          "east": -45.99610009535281,
          "north": -26.918333546475356
        },
        "halo_pixels": 160,
        "valid_bbox_fraction": 1.0,
        "artifact_aspect_ratio": 1.6667,
        "land_mask_info": {
          "enabled": true,
          "applied": true,
          "status": "ok",
          "stage": "cfar_water_mask",
          "resampled_shape": [
            720,
            773
          ],
          "sample_shape": [
            119,
            128
          ],
          "sample_max_dim": 128,
          "available": true,
          "method": "natural_earth_land_point_mask",
          "bounds_lonlat": {
            "west": -46.256792147700295,
            "south": -27.144623444267857,
            "east": -46.01170556687782,
            "north": -26.9219577199744
          },
          "mask_path": "/content/sismom_colab_work_v2/sources/api/copernicus_meta_1-main/copernicus-platform/frontend/public/shapes/ne_10m_land/ne_10m_land.shp",
          "land_buffer_degrees": 0.0,
          "valid_geolocation_points": 15232,
          "land_points": 0,
          "water_points": 15232,
          "land_fraction": 0.0,
          "water_fraction": 1.0,
          "valid_pixels_before_land_mask": 556560,
          "valid_pixels_after_land_mask": 556560,
          "pixels_masked_by_land": 0,
          "valid_water_fraction": 1.0,
          "land_skip_threshold": 0.99,
          "min_water_fraction": 0.01,
          "skip_land_tiles": true,
          "skipped": false,
          "reason": "water_candidate",
          "message": "CFAR restrito aos pixels de água."
        },
        "land_fraction": 0.0,
        "water_fraction": 1.0,
        "valid_water_fraction": 1.0,
        "land_mask_method": "natural_earth_land_point_mask",
        "wave_age": null,
        "wave_age_class": null,
        "wave_age_factor": 1.35,
        "wave_age_status": "fallback",
        "era5_time": null,
        "era5_lon": null,
        "era5_lat": null,
        "u10": null,
        "peak_wave_period": null,
        "friction_velocity": null,
        "phase_speed": null,
        "patch_label": "P003",
        "id": 3,
        "source": "cfar",
        "detection_method": "cfar"
      }
    },
    {
      "type": "Feature",
      "geometry": {
        "type": "Polygon",
        "coordinates": [
          [
            [
              -47.35817122976438,
              -26.80304815684309
            ],
            [
              -47.35817122976438,
              -26.80304815684309
            ],
            [
              -47.35832667529279,
              -26.803579406895206
            ],
            [
              -47.35832667529279,
              -26.803579406895206
            ],
            [
              -47.35817122976438,
              -26.80304815684309
            ]
          ]
        ]
      },
      "properties": {
        "lat": -26.80331378186915,
        "lon": -47.358248952528584,
        "area_px": 3,
        "min_sigma0_dB": -9.8100004196167,
        "mean_sigma0_dB": -7.659999847412109,
        "max_sigma0_dB": -5.550000190734863,
        "threshold_cfar_dB": -12.64,
        "pixel_coords": {
          "row": 1629,
          "col": 1569,
          "row_resampled": 543,
          "col_resampled": 523
        },
        "bbox_pixel_coords": {
          "row_min": 1626,
          "row_max": 1632,
          "col_min": 1569,
          "col_max": 1569
        },
        "global_pixel_coords": {
          "row": 1629,
          "col": 17409
        },
        "source_product": "S1C_IW_GRDH_1SDV_20260808T083114_20260808T083139_008901_011A80_4DB5",
        "source_arquivo_id": null,
        "patch_id": 8,
        "patch_name": "patch_0009_VV",
        "geotiff_name": "patch_0009_VV_sigma0_preproc.tif",
        "polarization": "VV",
        "input_scale": "linear",
        "georef_method": "snap_geolocation_grid",
        "geocoding_method": "geolocation_grid",
        "geolocation_grid_status": null,
        "snap_geolocation_grid_used": null,
        "raster_crs": "EPSG:4326",
        "raster_transform": [
          0.00011455919246375529,
          0.0,
          -46.78895891538444,
          0.0,
          -0.00012450216928630096,
          -26.454757021334594,
          0.0,
          0.0,
          1.0
        ],
        "core_bbox_pixels": {
          "x0": 16000,
          "y0": 0,
          "x1": 18000,
          "y1": 2000
        },
        "processing_bbox_pixels": {
          "x0": 15840,
          "y0": 0,
          "x1": 18160,
          "y1": 2160
        },
        "core_bounds_lonlat": {
          "west": -47.42515776482147,
          "south": -26.8690598810857,
          "east": -47.17931817622037,
          "north": -26.64525704473214
        },
        "processing_bounds_lonlat": {
          "west": -47.4448668076648,
          "south": -26.88697080279393,
          "east": -47.16378909186074,
          "north": -26.64150861137958
        },
        "halo_pixels": 160,
        "valid_bbox_fraction": 1.0,
        "artifact_aspect_ratio": 3.0,
        "land_mask_info": {
          "enabled": true,
          "applied": true,
          "status": "ok",
          "stage": "cfar_water_mask",
          "resampled_shape": [
            720,
            773
          ],
          "sample_shape": [
            119,
            128
          ],
          "sample_max_dim": 128,
          "available": true,
          "method": "natural_earth_land_point_mask",
          "bounds_lonlat": {
            "west": -47.42515776482147,
            "south": -26.8690598810857,
            "east": -47.17931817622037,
            "north": -26.64525704473214
          },
          "mask_path": "/content/sismom_colab_work_v2/sources/api/copernicus_meta_1-main/copernicus-platform/frontend/public/shapes/ne_10m_land/ne_10m_land.shp",
          "land_buffer_degrees": 0.0,
          "valid_geolocation_points": 15232,
          "land_points": 0,
          "water_points": 15232,
          "land_fraction": 0.0,
          "water_fraction": 1.0,
          "valid_pixels_before_land_mask": 556560,
          "valid_pixels_after_land_mask": 556560,
          "pixels_masked_by_land": 0,
          "valid_water_fraction": 1.0,
          "land_skip_threshold": 0.99,
          "min_water_fraction": 0.01,
          "skip_land_tiles": true,
          "skipped": false,
          "reason": "water_candidate",
          "message": "CFAR restrito aos pixels de água."
        },
        "land_fraction": 0.0,
        "water_fraction": 1.0,
        "valid_water_fraction": 1.0,
        "land_mask_method": "natural_earth_land_point_mask",
        "wave_age": null,
        "wave_age_class": null,
        "wave_age_factor": 1.35,
        "wave_age_status": "fallback",
        "era5_time": null,
        "era5_lon": null,
        "era5_lat": null,
        "u10": null,
        "peak_wave_period": null,
        "friction_velocity": null,
        "phase_speed": null,
        "patch_label": "P009",
        "id": 4,
        "source": "cfar",
        "detection_method": "cfar"
      }
    },
    {
      "type": "Feature",
      "geometry": {
        "type": "Polygon",
        "coordinates": [
          [
            [
              -47.83143019042224,
              -26.571183181742782
            ],
            [
              -47.83230159237101,
              -26.570969181534444
            ],
            [
              -47.83269557478262,
              -26.57229565708165
            ],
            [
              -47.831824163702656,
              -26.572509660246023
            ],
            [
              -47.83143019042224,
              -26.571183181742782
            ]
          ]
        ]
      },
      "properties": {
        "lat": -26.571571105550245,
        "lon": -47.83216871680191,
        "area_px": 12,
        "min_sigma0_dB": -0.3700000047683716,
        "mean_sigma0_dB": 4.760000228881836,
        "max_sigma0_dB": 11.720000267028809,
        "threshold_cfar_dB": -0.67,
        "pixel_coords": {
          "row": 402,
          "col": 786,
          "row_resampled": 134,
          "col_resampled": 262
        },
        "bbox_pixel_coords": {
          "row_min": 396,
          "row_max": 411,
          "col_min": 780,
          "col_max": 789
        },
        "global_pixel_coords": {
          "row": 402,
          "col": 22626
        },
        "source_product": "S1C_IW_GRDH_1SDV_20260808T083114_20260808T083139_008901_011A80_4DB5",
        "source_arquivo_id": null,
        "patch_id": 11,
        "patch_name": "patch_0012_VV",
        "geotiff_name": "patch_0012_VV_sigma0_preproc.tif",
        "polarization": "VV",
        "input_scale": "linear",
        "georef_method": "snap_geolocation_grid",
        "geocoding_method": "geolocation_grid",
        "geolocation_grid_status": null,
        "snap_geolocation_grid_used": null,
        "raster_crs": "EPSG:4326",
        "raster_transform": [
          0.00011455919246375529,
          0.0,
          -46.101603760601904,
          0.0,
          -0.00012450216928630096,
          -26.454757021334594,
          0.0,
          0.0,
          1.0
        ],
        "core_bbox_pixels": {
          "x0": 22000,
          "y0": 0,
          "x1": 24000,
          "y1": 2000
        },
        "processing_bbox_pixels": {
          "x0": 21840,
          "y0": 0,
          "x1": 24160,
          "y1": 2160
        },
        "core_bounds_lonlat": {
          "west": -48.007183329952355,
          "south": -26.727690866722035,
          "east": -47.7610090159315,
          "north": -26.503338177268827
        },
        "processing_bounds_lonlat": {
          "west": -48.026917028418325,
          "south": -26.74563692878615,
          "east": -47.74551299435141,
          "north": -26.49952151821083
        },
        "halo_pixels": 160,
        "valid_bbox_fraction": 1.0,
        "artifact_aspect_ratio": 1.5,
        "land_mask_info": {
          "enabled": true,
          "applied": true,
          "status": "ok",
          "stage": "cfar_water_mask",
          "resampled_shape": [
            720,
            773
          ],
          "sample_shape": [
            119,
            128
          ],
          "sample_max_dim": 128,
          "available": true,
          "method": "natural_earth_land_point_mask",
          "bounds_lonlat": {
            "west": -48.007183329952355,
            "south": -26.727690866722035,
            "east": -47.7610090159315,
            "north": -26.503338177268827
          },
          "mask_path": "/content/sismom_colab_work_v2/sources/api/copernicus_meta_1-main/copernicus-platform/frontend/public/shapes/ne_10m_land/ne_10m_land.shp",
          "land_buffer_degrees": 0.0,
          "valid_geolocation_points": 15232,
          "land_points": 0,
          "water_points": 15232,
          "land_fraction": 0.0,
          "water_fraction": 1.0,
          "valid_pixels_before_land_mask": 556560,
          "valid_pixels_after_land_mask": 556560,
          "pixels_masked_by_land": 0,
          "valid_water_fraction": 1.0,
          "land_skip_threshold": 0.99,
          "min_water_fraction": 0.01,
          "skip_land_tiles": true,
          "skipped": false,
          "reason": "water_candidate",
          "message": "CFAR restrito aos pixels de água."
        },
        "land_fraction": 0.0,
        "water_fraction": 1.0,
        "valid_water_fraction": 1.0,
        "land_mask_method": "natural_earth_land_point_mask",
        "wave_age": null,
        "wave_age_class": null,
        "wave_age_factor": 1.35,
        "wave_age_status": "fallback",
        "era5_time": null,
        "era5_lon": null,
        "era5_lat": null,
        "u10": null,
        "peak_wave_period": null,
        "friction_velocity": null,
        "phase_speed": null,
        "patch_label": "P012",
        "id": 5,
        "source": "cfar",
        "detection_method": "cfar"
      }
    },
    {
      "type": "Feature",
      "geometry": {
        "type": "Polygon",
        "coordinates": [
          [
            [
              -45.97312046130946,
              -27.235080503174196
            ],
            [
              -45.97400032105983,
              -27.23487780171139
            ],
            [
              -45.974674177943335,
              -27.237275393681745
            ],
            [
              -45.97379430093082,
              -27.23747809932523
            ],
            [
              -45.97312046130946,
              -27.235080503174196
            ]
          ]
        ]
      },
      "properties": {
        "lat": -27.236078533689916,
        "lon": -45.97371323472643,
        "area_px": 13,
        "min_sigma0_dB": -1.7300000190734863,
        "mean_sigma0_dB": 2.180000066757202,
        "max_sigma0_dB": 6.869999885559082,
        "threshold_cfar_dB": -2.15,
        "pixel_coords": {
          "row": 912,
          "col": 1068,
          "row_resampled": 304,
          "col_resampled": 356
        },
        "bbox_pixel_coords": {
          "row_min": 900,
          "row_max": 927,
          "col_min": 1065,
          "col_max": 1074
        },
        "global_pixel_coords": {
          "row": 2752,
          "col": 2908
        },
        "source_product": "S1C_IW_GRDH_1SDV_20260808T083114_20260808T083139_008901_011A80_4DB5",
        "source_arquivo_id": null,
        "patch_id": 15,
        "patch_name": "patch_0016_VV",
        "geotiff_name": "patch_0016_VV_sigma0_preproc.tif",
        "polarization": "VV",
        "input_scale": "linear",
        "georef_method": "snap_geolocation_grid",
        "geocoding_method": "geolocation_grid",
        "geolocation_grid_status": null,
        "snap_geolocation_grid_used": null,
        "raster_crs": "EPSG:4326",
        "raster_transform": [
          0.00011455919246375529,
          0.0,
          -48.39278760987701,
          0.0,
          -0.00012450216928630096,
          -26.683841012821386,
          0.0,
          0.0,
          1.0
        ],
        "core_bbox_pixels": {
          "x0": 2000,
          "y0": 2000,
          "x1": 4000,
          "y1": 4000
        },
        "processing_bbox_pixels": {
          "x0": 1840,
          "y0": 1840,
          "x1": 4160,
          "y1": 4160
        },
        "core_bounds_lonlat": {
          "west": -46.111605123492765,
          "south": -27.367225359354187,
          "east": -45.86619568973097,
          "north": -27.1447348228598
        },
        "processing_bounds_lonlat": {
          "west": -46.13127301701922,
          "south": -27.38502738510379,
          "east": -45.8465760958293,
          "north": -27.1269143369104
        },
        "halo_pixels": 160,
        "valid_bbox_fraction": 1.0,
        "artifact_aspect_ratio": 2.5,
        "land_mask_info": {
          "enabled": true,
          "applied": true,
          "status": "ok",
          "stage": "cfar_water_mask",
          "resampled_shape": [
            773,
            773
          ],
          "sample_shape": [
            128,
            128
          ],
          "sample_max_dim": 128,
          "available": true,
          "method": "natural_earth_land_point_mask",
          "bounds_lonlat": {
            "west": -46.111605123492765,
            "south": -27.367225359354187,
            "east": -45.86619568973097,
            "north": -27.1447348228598
          },
          "mask_path": "/content/sismom_colab_work_v2/sources/api/copernicus_meta_1-main/copernicus-platform/frontend/public/shapes/ne_10m_land/ne_10m_land.shp",
          "land_buffer_degrees": 0.0,
          "valid_geolocation_points": 16384,
          "land_points": 0,
          "water_points": 16384,
          "land_fraction": 0.0,
          "water_fraction": 1.0,
          "valid_pixels_before_land_mask": 597529,
          "valid_pixels_after_land_mask": 597529,
          "pixels_masked_by_land": 0,
          "valid_water_fraction": 1.0,
          "land_skip_threshold": 0.99,
          "min_water_fraction": 0.01,
          "skip_land_tiles": true,
          "skipped": false,
          "reason": "water_candidate",
          "message": "CFAR restrito aos pixels de água."
        },
        "land_fraction": 0.0,
        "water_fraction": 1.0,
        "valid_water_fraction": 1.0,
        "land_mask_method": "natural_earth_land_point_mask",
        "wave_age": null,
        "wave_age_class": null,
        "wave_age_factor": 1.35,
        "wave_age_status": "fallback",
        "era5_time": null,
        "era5_lon": null,
        "era5_lat": null,
        "u10": null,
        "peak_wave_period": null,
        "friction_velocity": null,
        "phase_speed": null,
        "patch_label": "P016",
        "id": 6,
        "source": "cfar",
        "detection_method": "cfar"
      }
    },
    {
      "type": "Feature",
      "geometry": {
        "type": "Polygon",
        "coordinates": [
          [
            [
              -46.64565169015191,
              -27.162291066205672
            ],
            [
              -46.64565169015191,
              -27.162291066205672
            ],
            [
              -46.645880613367666,
              -27.163089209497123
            ],
            [
              -46.645880613367666,
              -27.163089209497123
            ],
            [
              -46.64565169015191,
              -27.162291066205672
            ]
          ]
        ]
      },
      "properties": {
        "lat": -27.162557113969488,
        "lon": -46.64572799789083,
        "area_px": 4,
        "min_sigma0_dB": -7.809999942779541,
        "mean_sigma0_dB": -5.199999809265137,
        "max_sigma0_dB": -3.440000057220459,
        "threshold_cfar_dB": -8.58,
        "pixel_coords": {
          "row": 1788,
          "col": 1722,
          "row_resampled": 596,
          "col_resampled": 574
        },
        "bbox_pixel_coords": {
          "row_min": 1785,
          "row_max": 1794,
          "col_min": 1722,
          "col_max": 1722
        },
        "global_pixel_coords": {
          "row": 3628,
          "col": 9562
        },
        "source_product": "S1C_IW_GRDH_1SDV_20260808T083114_20260808T083139_008901_011A80_4DB5",
        "source_arquivo_id": null,
        "patch_id": 18,
        "patch_name": "patch_0019_VV",
        "geotiff_name": "patch_0019_VV_sigma0_preproc.tif",
        "polarization": "VV",
        "input_scale": "linear",
        "georef_method": "snap_geolocation_grid",
        "geocoding_method": "geolocation_grid",
        "geolocation_grid_status": null,
        "snap_geolocation_grid_used": null,
        "raster_crs": "EPSG:4326",
        "raster_transform": [
          0.00011455919246375529,
          0.0,
          -47.70543245509448,
          0.0,
          -0.00012450216928630096,
          -26.683841012821386,
          0.0,
          0.0,
          1.0
        ],
        "core_bbox_pixels": {
          "x0": 8000,
          "y0": 2000,
          "x1": 10000,
          "y1": 4000
        },
        "processing_bbox_pixels": {
          "x0": 7840,
          "y0": 1840,
          "x1": 10160,
          "y1": 4160
        },
        "core_bounds_lonlat": {
          "west": -46.69783325571777,
          "south": -27.2312594981445,
          "east": -46.452042535392586,
          "north": -27.008153591709387
        },
        "processing_bounds_lonlat": {
          "west": -46.717537164990496,
          "south": -27.249115470519797,
          "east": -46.43239477800297,
          "north": -26.990294144013017
        },
        "halo_pixels": 160,
        "valid_bbox_fraction": 1.0,
        "artifact_aspect_ratio": 4.0,
        "land_mask_info": {
          "enabled": true,
          "applied": true,
          "status": "ok",
          "stage": "cfar_water_mask",
          "resampled_shape": [
            773,
            773
          ],
          "sample_shape": [
            128,
            128
          ],
          "sample_max_dim": 128,
          "available": true,
          "method": "natural_earth_land_point_mask",
          "bounds_lonlat": {
            "west": -46.69783325571777,
            "south": -27.2312594981445,
            "east": -46.452042535392586,
            "north": -27.008153591709387
          },
          "mask_path": "/content/sismom_colab_work_v2/sources/api/copernicus_meta_1-main/copernicus-platform/frontend/public/shapes/ne_10m_land/ne_10m_land.shp",
          "land_buffer_degrees": 0.0,
          "valid_geolocation_points": 16384,
          "land_points": 0,
          "water_points": 16384,
          "land_fraction": 0.0,
          "water_fraction": 1.0,
          "valid_pixels_before_land_mask": 597529,
          "valid_pixels_after_land_mask": 597529,
          "pixels_masked_by_land": 0,
          "valid_water_fraction": 1.0,
          "land_skip_threshold": 0.99,
          "min_water_fraction": 0.01,
          "skip_land_tiles": true,
          "skipped": false,
          "reason": "water_candidate",
          "message": "CFAR restrito aos pixels de água."
        },
        "land_fraction": 0.0,
        "water_fraction": 1.0,
        "valid_water_fraction": 1.0,
        "land_mask_method": "natural_earth_land_point_mask",
        "wave_age": null,
        "wave_age_class": null,
        "wave_age_factor": 1.35,
        "wave_age_status": "fallback",
        "era5_time": null,
        "era5_lon": null,
        "era5_lat": null,
        "u10": null,
        "peak_wave_period": null,
        "friction_velocity": null,
        "phase_speed": null,
        "patch_label": "P019",
        "id": 7,
        "source": "cfar",
        "detection_method": "cfar"
      }
    },
    {
      "type": "Feature",
      "geometry": {
        "type": "Polygon",
        "coordinates": [
          [
            [
              -48.166364620577326,
              -26.741515731412505
            ],
            [
              -48.1666551004021,
              -26.741443767375234
            ],
            [
              -48.166893907266626,
              -26.742239010333922
            ],
            [
              -48.16660342560638,
              -26.74231097498351
            ],
            [
              -48.166364620577326,
              -26.741515731412505
            ]
          ]
        ]
      },
      "properties": {
        "lat": -26.74178081260284,
        "lon": -48.16644422225369,
        "area_px": 6,
        "min_sigma0_dB": -8.850000381469727,
        "mean_sigma0_dB": -6.400000095367432,
        "max_sigma0_dB": -3.680000066757202,
        "threshold_cfar_dB": -15.15,
        "pixel_coords": {
          "row": 1224,
          "col": 1512,
          "row_resampled": 408,
          "col_resampled": 504
        },
        "bbox_pixel_coords": {
          "row_min": 1221,
          "row_max": 1230,
          "col_min": 1512,
          "col_max": 1515
        },
        "global_pixel_coords": {
          "row": 3064,
          "col": 25352
        },
        "source_product": "S1C_IW_GRDH_1SDV_20260808T083114_20260808T083139_008901_011A80_4DB5",
        "source_arquivo_id": null,
        "patch_id": 26,
        "patch_name": "patch_0027_VV",
        "geotiff_name": "patch_0027_VV_sigma0_preproc.tif",
        "polarization": "VV",
        "input_scale": "linear",
        "georef_method": "snap_geolocation_grid",
        "geocoding_method": "geolocation_grid",
        "geolocation_grid_status": null,
        "snap_geolocation_grid_used": null,
        "raster_crs": "EPSG:4326",
        "raster_transform": [
          0.00011455919246375529,
          0.0,
          -45.872485375674394,
          0.0,
          -0.00012450216928630096,
          -26.683841012821386,
          0.0,
          0.0,
          1.0
        ],
        "core_bbox_pixels": {
          "x0": 24000,
          "y0": 2000,
          "x1": 26000,
          "y1": 4000
        },
        "processing_bbox_pixels": {
          "x0": 23840,
          "y0": 1840,
          "x1": 26033,
          "y1": 4160
        },
        "core_bounds_lonlat": {
          "west": -48.25396280607627,
          "south": -26.856805541937945,
          "east": -48.0073066549392,
          "north": -26.6322606744863
        },
        "processing_bounds_lonlat": {
          "west": -48.261426599285535,
          "south": -26.874777132317057,
          "east": -47.98757926107114,
          "north": -26.61733424940313
        },
        "halo_pixels": 160,
        "valid_bbox_fraction": 1.0,
        "artifact_aspect_ratio": 2.0,
        "land_mask_info": {
          "enabled": true,
          "applied": true,
          "status": "ok",
          "stage": "cfar_water_mask",
          "resampled_shape": [
            773,
            731
          ],
          "sample_shape": [
            128,
            121
          ],
          "sample_max_dim": 128,
          "available": true,
          "method": "natural_earth_land_point_mask",
          "bounds_lonlat": {
            "west": -48.25396280607627,
            "south": -26.856805541937945,
            "east": -48.0073066549392,
            "north": -26.6322606744863
          },
          "mask_path": "/content/sismom_colab_work_v2/sources/api/copernicus_meta_1-main/copernicus-platform/frontend/public/shapes/ne_10m_land/ne_10m_land.shp",
          "land_buffer_degrees": 0.0,
          "valid_geolocation_points": 15488,
          "land_points": 0,
          "water_points": 15488,
          "land_fraction": 0.0,
          "water_fraction": 1.0,
          "valid_pixels_before_land_mask": 468865,
          "valid_pixels_after_land_mask": 468865,
          "pixels_masked_by_land": 0,
          "valid_water_fraction": 1.0,
          "land_skip_threshold": 0.99,
          "min_water_fraction": 0.01,
          "skip_land_tiles": true,
          "skipped": false,
          "reason": "water_candidate",
          "message": "CFAR restrito aos pixels de água."
        },
        "land_fraction": 0.0,
        "water_fraction": 1.0,
        "valid_water_fraction": 1.0,
        "land_mask_method": "natural_earth_land_point_mask",
        "wave_age": null,
        "wave_age_class": null,
        "wave_age_factor": 1.35,
        "wave_age_status": "fallback",
        "era5_time": null,
        "era5_lon": null,
        "era5_lat": null,
        "u10": null,
        "peak_wave_period": null,
        "friction_velocity": null,
        "phase_speed": null,
        "patch_label": "P027",
        "id": 8,
        "source": "cfar",
        "detection_method": "cfar"
      }
    },
    {
      "type": "Feature",
      "geometry": {
        "type": "Polygon",
        "coordinates": [
          [
            [
              -48.18093554960311,
              -26.79315749323978
            ],
            [
              -48.18122614812158,
              -26.793085489605712
            ],
            [
              -48.18146494945237,
              -26.79388073440136
            ],
            [
              -48.181174349098434,
              -26.793952738647747
            ],
            [
              -48.18093554960311,
              -26.79315749323978
            ]
          ]
        ]
      },
      "properties": {
        "lat": -26.79335057120426,
        "lon": -48.18130574856519,
        "area_px": 5,
        "min_sigma0_dB": 15.09000015258789,
        "mean_sigma0_dB": 19.93000030517578,
        "max_sigma0_dB": 27.559999465942383,
        "threshold_cfar_dB": 11.62,
        "pixel_coords": {
          "row": 1806,
          "col": 1506,
          "row_resampled": 602,
          "col_resampled": 502
        },
        "bbox_pixel_coords": {
          "row_min": 1803,
          "row_max": 1812,
          "col_min": 1503,
          "col_max": 1506
        },
        "global_pixel_coords": {
          "row": 3646,
          "col": 25346
        },
        "source_product": "S1C_IW_GRDH_1SDV_20260808T083114_20260808T083139_008901_011A80_4DB5",
        "source_arquivo_id": null,
        "patch_id": 26,
        "patch_name": "patch_0027_VV",
        "geotiff_name": "patch_0027_VV_sigma0_preproc.tif",
        "polarization": "VV",
        "input_scale": "linear",
        "georef_method": "snap_geolocation_grid",
        "geocoding_method": "geolocation_grid",
        "geolocation_grid_status": null,
        "snap_geolocation_grid_used": null,
        "raster_crs": "EPSG:4326",
        "raster_transform": [
          0.00011455919246375529,
          0.0,
          -45.872485375674394,
          0.0,
          -0.00012450216928630096,
          -26.683841012821386,
          0.0,
          0.0,
          1.0
        ],
        "core_bbox_pixels": {
          "x0": 24000,
          "y0": 2000,
          "x1": 26000,
          "y1": 4000
        },
        "processing_bbox_pixels": {
          "x0": 23840,
          "y0": 1840,
          "x1": 26033,
          "y1": 4160
        },
        "core_bounds_lonlat": {
          "west": -48.25396280607627,
          "south": -26.856805541937945,
          "east": -48.0073066549392,
          "north": -26.6322606744863
        },
        "processing_bounds_lonlat": {
          "west": -48.261426599285535,
          "south": -26.874777132317057,
          "east": -47.98757926107114,
          "north": -26.61733424940313
        },
        "halo_pixels": 160,
        "valid_bbox_fraction": 1.0,
        "artifact_aspect_ratio": 2.0,
        "land_mask_info": {
          "enabled": true,
          "applied": true,
          "status": "ok",
          "stage": "cfar_water_mask",
          "resampled_shape": [
            773,
            731
          ],
          "sample_shape": [
            128,
            121
          ],
          "sample_max_dim": 128,
          "available": true,
          "method": "natural_earth_land_point_mask",
          "bounds_lonlat": {
            "west": -48.25396280607627,
            "south": -26.856805541937945,
            "east": -48.0073066549392,
            "north": -26.6322606744863
          },
          "mask_path": "/content/sismom_colab_work_v2/sources/api/copernicus_meta_1-main/copernicus-platform/frontend/public/shapes/ne_10m_land/ne_10m_land.shp",
          "land_buffer_degrees": 0.0,
          "valid_geolocation_points": 15488,
          "land_points": 0,
          "water_points": 15488,
          "land_fraction": 0.0,
          "water_fraction": 1.0,
          "valid_pixels_before_land_mask": 468865,
          "valid_pixels_after_land_mask": 468865,
          "pixels_masked_by_land": 0,
          "valid_water_fraction": 1.0,
          "land_skip_threshold": 0.99,
          "min_water_fraction": 0.01,
          "skip_land_tiles": true,
          "skipped": false,
          "reason": "water_candidate",
          "message": "CFAR restrito aos pixels de água."
        },
        "land_fraction": 0.0,
        "water_fraction": 1.0,
        "valid_water_fraction": 1.0,
        "land_mask_method": "natural_earth_land_point_mask",
        "wave_age": null,
        "wave_age_class": null,
        "wave_age_factor": 1.35,
        "wave_age_status": "fallback",
        "era5_time": null,
        "era5_lon": null,
        "era5_lat": null,
        "u10": null,
        "peak_wave_period": null,
        "friction_velocity": null,
        "phase_speed": null,
        "patch_label": "P027",
        "id": 9,
        "source": "cfar",
        "detection_method": "cfar"
      }
    },
    {
      "type": "Feature",
      "geometry": {
        "type": "Polygon",
        "coordinates": [
          [
            [
              -48.18133354876198,
              -26.794482902253062
            ],
            [
              -48.18191475191717,
              -26.794338892943863
            ],
            [
              -48.18231275719429,
              -26.795664299916076
            ],
            [
              -48.18173154792083,
              -26.795808311266345
            ],
            [
              -48.18133354876198,
              -26.794482902253062
            ]
          ]
        ]
      },
      "properties": {
        "lat": -26.794941060795562,
        "lon": -48.18178335122677,
        "area_px": 8,
        "min_sigma0_dB": 12.850000381469727,
        "mean_sigma0_dB": 18.329999923706055,
        "max_sigma0_dB": 26.770000457763672,
        "threshold_cfar_dB": 11.61,
        "pixel_coords": {
          "row": 1824,
          "col": 1506,
          "row_resampled": 608,
          "col_resampled": 502
        },
        "bbox_pixel_coords": {
          "row_min": 1818,
          "row_max": 1833,
          "col_min": 1503,
          "col_max": 1509
        },
        "global_pixel_coords": {
          "row": 3664,
          "col": 25346
        },
        "source_product": "S1C_IW_GRDH_1SDV_20260808T083114_20260808T083139_008901_011A80_4DB5",
        "source_arquivo_id": null,
        "patch_id": 26,
        "patch_name": "patch_0027_VV",
        "geotiff_name": "patch_0027_VV_sigma0_preproc.tif",
        "polarization": "VV",
        "input_scale": "linear",
        "georef_method": "snap_geolocation_grid",
        "geocoding_method": "geolocation_grid",
        "geolocation_grid_status": null,
        "snap_geolocation_grid_used": null,
        "raster_crs": "EPSG:4326",
        "raster_transform": [
          0.00011455919246375529,
          0.0,
          -45.872485375674394,
          0.0,
          -0.00012450216928630096,
          -26.683841012821386,
          0.0,
          0.0,
          1.0
        ],
        "core_bbox_pixels": {
          "x0": 24000,
          "y0": 2000,
          "x1": 26000,
          "y1": 4000
        },
        "processing_bbox_pixels": {
          "x0": 23840,
          "y0": 1840,
          "x1": 26033,
          "y1": 4160
        },
        "core_bounds_lonlat": {
          "west": -48.25396280607627,
          "south": -26.856805541937945,
          "east": -48.0073066549392,
          "north": -26.6322606744863
        },
        "processing_bounds_lonlat": {
          "west": -48.261426599285535,
          "south": -26.874777132317057,
          "east": -47.98757926107114,
          "north": -26.61733424940313
        },
        "halo_pixels": 160,
        "valid_bbox_fraction": 1.0,
        "artifact_aspect_ratio": 2.0,
        "land_mask_info": {
          "enabled": true,
          "applied": true,
          "status": "ok",
          "stage": "cfar_water_mask",
          "resampled_shape": [
            773,
            731
          ],
          "sample_shape": [
            128,
            121
          ],
          "sample_max_dim": 128,
          "available": true,
          "method": "natural_earth_land_point_mask",
          "bounds_lonlat": {
            "west": -48.25396280607627,
            "south": -26.856805541937945,
            "east": -48.0073066549392,
            "north": -26.6322606744863
          },
          "mask_path": "/content/sismom_colab_work_v2/sources/api/copernicus_meta_1-main/copernicus-platform/frontend/public/shapes/ne_10m_land/ne_10m_land.shp",
          "land_buffer_degrees": 0.0,
          "valid_geolocation_points": 15488,
          "land_points": 0,
          "water_points": 15488,
          "land_fraction": 0.0,
          "water_fraction": 1.0,
          "valid_pixels_before_land_mask": 468865,
          "valid_pixels_after_land_mask": 468865,
          "pixels_masked_by_land": 0,
          "valid_water_fraction": 1.0,
          "land_skip_threshold": 0.99,
          "min_water_fraction": 0.01,
          "skip_land_tiles": true,
          "skipped": false,
          "reason": "water_candidate",
          "message": "CFAR restrito aos pixels de água."
        },
        "land_fraction": 0.0,
        "water_fraction": 1.0,
        "valid_water_fraction": 1.0,
        "land_mask_method": "natural_earth_land_point_mask",
        "wave_age": null,
        "wave_age_class": null,
        "wave_age_factor": 1.35,
        "wave_age_status": "fallback",
        "era5_time": null,
        "era5_lon": null,
        "era5_lat": null,
        "u10": null,
        "peak_wave_period": null,
        "friction_velocity": null,
        "phase_speed": null,
        "patch_label": "P027",
        "id": 10,
        "source": "cfar",
        "detection_method": "cfar"
      }
    },
    {
      "type": "Feature",
      "geometry": {
        "type": "Polygon",
        "coordinates": [
          [
            [
              -46.422986593640545,
              -27.392400299600535
            ],
            [
              -46.42386686541054,
              -27.392194770614765
            ],
            [
              -46.424094676424545,
              -27.392993272082297
            ],
            [
              -46.42321439887178,
              -27.393198802524967
            ],
            [
              -46.422986593640545,
              -27.392400299600535
            ]
          ]
        ]
      },
      "properties": {
        "lat": -27.392529447594413,
        "lon": -46.42364937782386,
        "area_px": 9,
        "min_sigma0_dB": 1.1200000047683716,
        "mean_sigma0_dB": 5.480000019073486,
        "max_sigma0_dB": 11.15999984741211,
        "threshold_cfar_dB": 0.0,
        "pixel_coords": {
          "row": 1668,
          "col": 960,
          "row_resampled": 556,
          "col_resampled": 320
        },
        "bbox_pixel_coords": {
          "row_min": 1665,
          "row_max": 1674,
          "col_min": 954,
          "col_max": 963
        },
        "global_pixel_coords": {
          "row": 5508,
          "col": 6800
        },
        "source_product": "S1C_IW_GRDH_1SDV_20260808T083114_20260808T083139_008901_011A80_4DB5",
        "source_arquivo_id": null,
        "patch_id": 31,
        "patch_name": "patch_0032_VV",
        "geotiff_name": "patch_0032_VV_sigma0_preproc.tif",
        "polarization": "VV",
        "input_scale": "linear",
        "georef_method": "snap_geolocation_grid",
        "geocoding_method": "geolocation_grid",
        "geolocation_grid_status": null,
        "snap_geolocation_grid_used": null,
        "raster_crs": "EPSG:4326",
        "raster_transform": [
          0.00011455919246375529,
          0.0,
          -47.93455084002199,
          0.0,
          -0.00012450216928630096,
          -26.93284535139399,
          0.0,
          0.0,
          1.0
        ],
        "core_bbox_pixels": {
          "x0": 6000,
          "y0": 4000,
          "x1": 8000,
          "y1": 6000
        },
        "processing_bbox_pixels": {
          "x0": 5840,
          "y0": 3840,
          "x1": 8160,
          "y1": 6160
        },
        "core_bounds_lonlat": {
          "west": -46.55341007566367,
          "south": -27.454319052662736,
          "east": -46.307293242212566,
          "north": -27.231371094987658
        },
        "processing_bounds_lonlat": {
          "west": -46.57313408092296,
          "south": -27.47215661477752,
          "east": -46.28761450304385,
          "north": -27.213516077552438
        },
        "halo_pixels": 160,
        "valid_bbox_fraction": 1.0,
        "artifact_aspect_ratio": 1.0,
        "land_mask_info": {
          "enabled": true,
          "applied": true,
          "status": "ok",
          "stage": "cfar_water_mask",
          "resampled_shape": [
            773,
            773
          ],
          "sample_shape": [
            128,
            128
          ],
          "sample_max_dim": 128,
          "available": true,
          "method": "natural_earth_land_point_mask",
          "bounds_lonlat": {
            "west": -46.55341007566367,
            "south": -27.454319052662736,
            "east": -46.307293242212566,
            "north": -27.231371094987658
          },
          "mask_path": "/content/sismom_colab_work_v2/sources/api/copernicus_meta_1-main/copernicus-platform/frontend/public/shapes/ne_10m_land/ne_10m_land.shp",
          "land_buffer_degrees": 0.0,
          "valid_geolocation_points": 16384,
          "land_points": 0,
          "water_points": 16384,
          "land_fraction": 0.0,
          "water_fraction": 1.0,
          "valid_pixels_before_land_mask": 597529,
          "valid_pixels_after_land_mask": 597529,
          "pixels_masked_by_land": 0,
          "valid_water_fraction": 1.0,
          "land_skip_threshold": 0.99,
          "min_water_fraction": 0.01,
          "skip_land_tiles": true,
          "skipped": false,
          "reason": "water_candidate",
          "message": "CFAR restrito aos pixels de água."
        },
        "land_fraction": 0.0,
        "water_fraction": 1.0,
        "valid_water_fraction": 1.0,
        "land_mask_method": "natural_earth_land_point_mask",
        "wave_age": null,
        "wave_age_class": null,
        "wave_age_factor": 1.35,
        "wave_age_status": "fallback",
        "era5_time": null,
        "era5_lon": null,
        "era5_lat": null,
        "u10": null,
        "peak_wave_period": null,
        "friction_velocity": null,
        "phase_speed": null,
        "patch_label": "P032",
        "id": 11,
        "source": "cfar",
        "detection_method": "cfar"
      }
    },
    {
      "type": "Feature",
      "geometry": {
        "type": "Polygon",
        "coordinates": [
          [
            [
              -47.05018647599604,
              -27.21016019790332
            ],
            [
              -47.05018647599604,
              -27.21016019790332
            ],
            [
              -47.05034115110614,
              -27.210691802808206
            ],
            [
              -47.05034115110614,
              -27.210691802808206
            ],
            [
              -47.05018647599604,
              -27.21016019790332
            ]
          ]
        ]
      },
      "properties": {
        "lat": -27.210426000355767,
        "lon": -47.0502638135511,
        "area_px": 3,
        "min_sigma0_dB": -9.710000038146973,
        "mean_sigma0_dB": -6.53000020980835,
        "max_sigma0_dB": -4.090000152587891,
        "threshold_cfar_dB": -10.37,
        "pixel_coords": {
          "row": 1305,
          "col": 1470,
          "row_resampled": 435,
          "col_resampled": 490
        },
        "bbox_pixel_coords": {
          "row_min": 1302,
          "row_max": 1308,
          "col_min": 1470,
          "col_max": 1470
        },
        "global_pixel_coords": {
          "row": 5145,
          "col": 13310
        },
        "source_product": "S1C_IW_GRDH_1SDV_20260808T083114_20260808T083139_008901_011A80_4DB5",
        "source_arquivo_id": null,
        "patch_id": 34,
        "patch_name": "patch_0035_VV",
        "geotiff_name": "patch_0035_VV_sigma0_preproc.tif",
        "polarization": "VV",
        "input_scale": "linear",
        "georef_method": "snap_geolocation_grid",
        "geocoding_method": "geolocation_grid",
        "geolocation_grid_status": null,
        "snap_geolocation_grid_used": null,
        "raster_crs": "EPSG:4326",
        "raster_transform": [
          0.00011455919246375529,
          0.0,
          -47.24719568523946,
          0.0,
          -0.00012450216928630096,
          -26.93284535139399,
          0.0,
          0.0,
          1.0
        ],
        "core_bbox_pixels": {
          "x0": 12000,
          "y0": 4000,
          "x1": 14000,
          "y1": 6000
        },
        "processing_bbox_pixels": {
          "x0": 11840,
          "y0": 3840,
          "x1": 14160,
          "y1": 6160
        },
        "core_bounds_lonlat": {
          "west": -47.13954204773286,
          "south": -27.31650206361967,
          "east": -46.89304744667996,
          "north": -27.09296018372765
        },
        "processing_bounds_lonlat": {
          "west": -47.159302158017205,
          "south": -27.33439263455708,
          "east": -46.873340861538104,
          "north": -27.075067026670066
        },
        "halo_pixels": 160,
        "valid_bbox_fraction": 1.0,
        "artifact_aspect_ratio": 3.0,
        "land_mask_info": {
          "enabled": true,
          "applied": true,
          "status": "ok",
          "stage": "cfar_water_mask",
          "resampled_shape": [
            773,
            773
          ],
          "sample_shape": [
            128,
            128
          ],
          "sample_max_dim": 128,
          "available": true,
          "method": "natural_earth_land_point_mask",
          "bounds_lonlat": {
            "west": -47.13954204773286,
            "south": -27.31650206361967,
            "east": -46.89304744667996,
            "north": -27.09296018372765
          },
          "mask_path": "/content/sismom_colab_work_v2/sources/api/copernicus_meta_1-main/copernicus-platform/frontend/public/shapes/ne_10m_land/ne_10m_land.shp",
          "land_buffer_degrees": 0.0,
          "valid_geolocation_points": 16384,
          "land_points": 0,
          "water_points": 16384,
          "land_fraction": 0.0,
          "water_fraction": 1.0,
          "valid_pixels_before_land_mask": 597529,
          "valid_pixels_after_land_mask": 597529,
          "pixels_masked_by_land": 0,
          "valid_water_fraction": 1.0,
          "land_skip_threshold": 0.99,
          "min_water_fraction": 0.01,
          "skip_land_tiles": true,
          "skipped": false,
          "reason": "water_candidate",
          "message": "CFAR restrito aos pixels de água."
        },
        "land_fraction": 0.0,
        "water_fraction": 1.0,
        "valid_water_fraction": 1.0,
        "land_mask_method": "natural_earth_land_point_mask",
        "wave_age": null,
        "wave_age_class": null,
        "wave_age_factor": 1.35,
        "wave_age_status": "fallback",
        "era5_time": null,
        "era5_lon": null,
        "era5_lat": null,
        "u10": null,
        "peak_wave_period": null,
        "friction_velocity": null,
        "phase_speed": null,
        "patch_label": "P035",
        "id": 12,
        "source": "cfar",
        "detection_method": "cfar"
      }
    },
    {
      "type": "Feature",
      "geometry": {
        "type": "Polygon",
        "coordinates": [
          [
            [
              -47.200930773034145,
              -27.254033805594133
            ],
            [
              -47.20122335484527,
              -27.25396368052176
            ],
            [
              -47.2013012167682,
              -27.254229370927572
            ],
            [
              -47.201008634326286,
              -27.254299496182938
            ],
            [
              -47.200930773034145,
              -27.254033805594133
            ]
          ]
        ]
      },
      "properties": {
        "lat": -27.254299496182938,
        "lon": -47.201008634326286,
        "area_px": 4,
        "min_sigma0_dB": -9.40999984741211,
        "mean_sigma0_dB": -6.809999942779541,
        "max_sigma0_dB": -4.920000076293945,
        "threshold_cfar_dB": -11.09,
        "pixel_coords": {
          "row": 2148,
          "col": 792,
          "row_resampled": 716,
          "col_resampled": 264
        },
        "bbox_pixel_coords": {
          "row_min": 2145,
          "row_max": 2148,
          "col_min": 792,
          "col_max": 795
        },
        "global_pixel_coords": {
          "row": 5988,
          "col": 14632
        },
        "source_product": "S1C_IW_GRDH_1SDV_20260808T083114_20260808T083139_008901_011A80_4DB5",
        "source_arquivo_id": null,
        "patch_id": 35,
        "patch_name": "patch_0036_VV",
        "geotiff_name": "patch_0036_VV_sigma0_preproc.tif",
        "polarization": "VV",
        "input_scale": "linear",
        "georef_method": "snap_geolocation_grid",
        "geocoding_method": "geolocation_grid",
        "geolocation_grid_status": null,
        "snap_geolocation_grid_used": null,
        "raster_crs": "EPSG:4326",
        "raster_transform": [
          0.00011455919246375529,
          0.0,
          -47.01807730031195,
          0.0,
          -0.00012450216928630096,
          -26.93284535139399,
          0.0,
          0.0,
          1.0
        ],
        "core_bbox_pixels": {
          "x0": 14000,
          "y0": 4000,
          "x1": 16000,
          "y1": 6000
        },
        "processing_bbox_pixels": {
          "x0": 13840,
          "y0": 3840,
          "x1": 16160,
          "y1": 6160
        },
        "core_bounds_lonlat": {
          "west": -47.33459405061082,
          "south": -27.2700187804993,
          "east": -47.08797996513129,
          "north": -27.04628525848531
        },
        "processing_bounds_lonlat": {
          "west": -47.354359447468326,
          "south": -27.28791739691252,
          "east": -47.068259030193644,
          "north": -27.028370656422762
        },
        "halo_pixels": 160,
        "valid_bbox_fraction": 1.0,
        "artifact_aspect_ratio": 1.0,
        "land_mask_info": {
          "enabled": true,
          "applied": true,
          "status": "ok",
          "stage": "cfar_water_mask",
          "resampled_shape": [
            773,
            773
          ],
          "sample_shape": [
            128,
            128
          ],
          "sample_max_dim": 128,
          "available": true,
          "method": "natural_earth_land_point_mask",
          "bounds_lonlat": {
            "west": -47.33459405061082,
            "south": -27.2700187804993,
            "east": -47.08797996513129,
            "north": -27.04628525848531
          },
          "mask_path": "/content/sismom_colab_work_v2/sources/api/copernicus_meta_1-main/copernicus-platform/frontend/public/shapes/ne_10m_land/ne_10m_land.shp",
          "land_buffer_degrees": 0.0,
          "valid_geolocation_points": 16384,
          "land_points": 0,
          "water_points": 16384,
          "land_fraction": 0.0,
          "water_fraction": 1.0,
          "valid_pixels_before_land_mask": 597529,
          "valid_pixels_after_land_mask": 597529,
          "pixels_masked_by_land": 0,
          "valid_water_fraction": 1.0,
          "land_skip_threshold": 0.99,
          "min_water_fraction": 0.01,
          "skip_land_tiles": true,
          "skipped": false,
          "reason": "water_candidate",
          "message": "CFAR restrito aos pixels de água."
        },
        "land_fraction": 0.0,
        "water_fraction": 1.0,
        "valid_water_fraction": 1.0,
        "land_mask_method": "natural_earth_land_point_mask",
        "wave_age": null,
        "wave_age_class": null,
        "wave_age_factor": 1.35,
        "wave_age_status": "fallback",
        "era5_time": null,
        "era5_lon": null,
        "era5_lat": null,
        "u10": null,
        "peak_wave_period": null,
        "friction_velocity": null,
        "phase_speed": null,
        "patch_label": "P036",
        "id": 13,
        "source": "cfar",
        "detection_method": "cfar"
      }
    },
    {
      "type": "Feature",
      "geometry": {
        "type": "Polygon",
        "coordinates": [
          [
            [
              -48.197213187971656,
              -26.84513974298597
            ],
            [
              -48.197213187971656,
              -26.84513974298597
            ],
            [
              -48.19737290438268,
              -26.845669826377396
            ],
            [
              -48.19737290438268,
              -26.845669826377396
            ],
            [
              -48.197213187971656,
              -26.84513974298597
            ]
          ]
        ]
      },
      "properties": {
        "lat": -26.845404784681683,
        "lon": -48.197293046177165,
        "area_px": 3,
        "min_sigma0_dB": -9.220000267028809,
        "mean_sigma0_dB": -7.989999771118164,
        "max_sigma0_dB": -6.690000057220459,
        "threshold_cfar_dB": -15.55,
        "pixel_coords": {
          "row": 396,
          "col": 1509,
          "row_resampled": 132,
          "col_resampled": 503
        },
        "bbox_pixel_coords": {
          "row_min": 393,
          "row_max": 399,
          "col_min": 1509,
          "col_max": 1509
        },
        "global_pixel_coords": {
          "row": 4236,
          "col": 25349
        },
        "source_product": "S1C_IW_GRDH_1SDV_20260808T083114_20260808T083139_008901_011A80_4DB5",
        "source_arquivo_id": null,
        "patch_id": 40,
        "patch_name": "patch_0041_VV",
        "geotiff_name": "patch_0041_VV_sigma0_preproc.tif",
        "polarization": "VV",
        "input_scale": "linear",
        "georef_method": "snap_geolocation_grid",
        "geocoding_method": "geolocation_grid",
        "geolocation_grid_status": null,
        "snap_geolocation_grid_used": null,
        "raster_crs": "EPSG:4326",
        "raster_transform": [
          0.00011455919246375529,
          0.0,
          -45.872485375674394,
          0.0,
          -0.00012450216928630096,
          -26.93284535139399,
          0.0,
          0.0,
          1.0
        ],
        "core_bbox_pixels": {
          "x0": 24000,
          "y0": 4000,
          "x1": 26000,
          "y1": 6000
        },
        "processing_bbox_pixels": {
          "x0": 23840,
          "y0": 3840,
          "x1": 26033,
          "y1": 6160
        },
        "core_bounds_lonlat": {
          "west": -48.307321773762034,
          "south": -27.033556040597446,
          "east": -48.060213309864345,
          "north": -26.808948788008383
        },
        "processing_bounds_lonlat": {
          "west": -48.31480410111731,
          "south": -27.051533005125393,
          "east": -48.04044822031969,
          "north": -26.794023402067413
        },
        "halo_pixels": 160,
        "valid_bbox_fraction": 1.0,
        "artifact_aspect_ratio": 3.0,
        "land_mask_info": {
          "enabled": true,
          "applied": true,
          "status": "ok",
          "stage": "cfar_water_mask",
          "resampled_shape": [
            773,
            731
          ],
          "sample_shape": [
            128,
            121
          ],
          "sample_max_dim": 128,
          "available": true,
          "method": "natural_earth_land_point_mask",
          "bounds_lonlat": {
            "west": -48.307321773762034,
            "south": -27.033556040597446,
            "east": -48.060213309864345,
            "north": -26.808948788008383
          },
          "mask_path": "/content/sismom_colab_work_v2/sources/api/copernicus_meta_1-main/copernicus-platform/frontend/public/shapes/ne_10m_land/ne_10m_land.shp",
          "land_buffer_degrees": 0.0,
          "valid_geolocation_points": 15488,
          "land_points": 0,
          "water_points": 15488,
          "land_fraction": 0.0,
          "water_fraction": 1.0,
          "valid_pixels_before_land_mask": 470180,
          "valid_pixels_after_land_mask": 470180,
          "pixels_masked_by_land": 0,
          "valid_water_fraction": 1.0,
          "land_skip_threshold": 0.99,
          "min_water_fraction": 0.01,
          "skip_land_tiles": true,
          "skipped": false,
          "reason": "water_candidate",
          "message": "CFAR restrito aos pixels de água."
        },
        "land_fraction": 0.0,
        "water_fraction": 1.0,
        "valid_water_fraction": 1.0,
        "land_mask_method": "natural_earth_land_point_mask",
        "wave_age": null,
        "wave_age_class": null,
        "wave_age_factor": 1.35,
        "wave_age_status": "fallback",
        "era5_time": null,
        "era5_lon": null,
        "era5_lat": null,
        "u10": null,
        "peak_wave_period": null,
        "friction_velocity": null,
        "phase_speed": null,
        "patch_label": "P041",
        "id": 14,
        "source": "cfar",
        "detection_method": "cfar"
      }
    },
    {
      "type": "Feature",
      "geometry": {
        "type": "Polygon",
        "coordinates": [
          [
            [
              -48.15568977844583,
              -26.92208110396073
            ],
            [
              -48.15627205579082,
              -26.921937215095856
            ],
            [
              -48.156431524719366,
              -26.922467382099153
            ],
            [
              -48.155849244863816,
              -26.922611271760253
            ],
            [
              -48.15568977844583,
              -26.92208110396073
            ]
          ]
        ]
      },
      "properties": {
        "lat": -26.922274243228998,
        "lon": -48.15606065095496,
        "area_px": 5,
        "min_sigma0_dB": -9.920000076293945,
        "mean_sigma0_dB": -7.960000038146973,
        "max_sigma0_dB": -4.480000019073486,
        "threshold_cfar_dB": -15.97,
        "pixel_coords": {
          "row": 1098,
          "col": 891,
          "row_resampled": 366,
          "col_resampled": 297
        },
        "bbox_pixel_coords": {
          "row_min": 1095,
          "row_max": 1101,
          "col_min": 888,
          "col_max": 894
        },
        "global_pixel_coords": {
          "row": 4938,
          "col": 24731
        },
        "source_product": "S1C_IW_GRDH_1SDV_20260808T083114_20260808T083139_008901_011A80_4DB5",
        "source_arquivo_id": null,
        "patch_id": 40,
        "patch_name": "patch_0041_VV",
        "geotiff_name": "patch_0041_VV_sigma0_preproc.tif",
        "polarization": "VV",
        "input_scale": "linear",
        "georef_method": "snap_geolocation_grid",
        "geocoding_method": "geolocation_grid",
        "geolocation_grid_status": null,
        "snap_geolocation_grid_used": null,
        "raster_crs": "EPSG:4326",
        "raster_transform": [
          0.00011455919246375529,
          0.0,
          -45.872485375674394,
          0.0,
          -0.00012450216928630096,
          -26.93284535139399,
          0.0,
          0.0,
          1.0
        ],
        "core_bbox_pixels": {
          "x0": 24000,
          "y0": 4000,
          "x1": 26000,
          "y1": 6000
        },
        "processing_bbox_pixels": {
          "x0": 23840,
          "y0": 3840,
          "x1": 26033,
          "y1": 6160
        },
        "core_bounds_lonlat": {
          "west": -48.307321773762034,
          "south": -27.033556040597446,
          "east": -48.060213309864345,
          "north": -26.808948788008383
        },
        "processing_bounds_lonlat": {
          "west": -48.31480410111731,
          "south": -27.051533005125393,
          "east": -48.04044822031969,
          "north": -26.794023402067413
        },
        "halo_pixels": 160,
        "valid_bbox_fraction": 1.0,
        "artifact_aspect_ratio": 1.0,
        "land_mask_info": {
          "enabled": true,
          "applied": true,
          "status": "ok",
          "stage": "cfar_water_mask",
          "resampled_shape": [
            773,
            731
          ],
          "sample_shape": [
            128,
            121
          ],
          "sample_max_dim": 128,
          "available": true,
          "method": "natural_earth_land_point_mask",
          "bounds_lonlat": {
            "west": -48.307321773762034,
            "south": -27.033556040597446,
            "east": -48.060213309864345,
            "north": -26.808948788008383
          },
          "mask_path": "/content/sismom_colab_work_v2/sources/api/copernicus_meta_1-main/copernicus-platform/frontend/public/shapes/ne_10m_land/ne_10m_land.shp",
          "land_buffer_degrees": 0.0,
          "valid_geolocation_points": 15488,
          "land_points": 0,
          "water_points": 15488,
          "land_fraction": 0.0,
          "water_fraction": 1.0,
          "valid_pixels_before_land_mask": 470180,
          "valid_pixels_after_land_mask": 470180,
          "pixels_masked_by_land": 0,
          "valid_water_fraction": 1.0,
          "land_skip_threshold": 0.99,
          "min_water_fraction": 0.01,
          "skip_land_tiles": true,
          "skipped": false,
          "reason": "water_candidate",
          "message": "CFAR restrito aos pixels de água."
        },
        "land_fraction": 0.0,
        "water_fraction": 1.0,
        "valid_water_fraction": 1.0,
        "land_mask_method": "natural_earth_land_point_mask",
        "wave_age": null,
        "wave_age_class": null,
        "wave_age_factor": 1.35,
        "wave_age_status": "fallback",
        "era5_time": null,
        "era5_lon": null,
        "era5_lat": null,
        "u10": null,
        "peak_wave_period": null,
        "friction_velocity": null,
        "phase_speed": null,
        "patch_label": "P041",
        "id": 15,
        "source": "cfar",
        "detection_method": "cfar"
      }
    },
    {
      "type": "Feature",
      "geometry": {
        "type": "Polygon",
        "coordinates": [
          [
            [
              -48.16988558211297,
              -26.97239790717841
            ],
            [
              -48.17163305963281,
              -26.971965980465022
            ],
            [
              -48.17219120514422,
              -26.973821563574962
            ],
            [
              -48.170443701304066,
              -26.974253498656942
            ],
            [
              -48.16988558211297,
              -26.97239790717841
            ]
          ]
        ]
      },
      "properties": {
        "lat": -26.973242296614988,
        "lon": -48.171078286785736,
        "area_px": 15,
        "min_sigma0_dB": 15.390000343322754,
        "mean_sigma0_dB": 18.84000015258789,
        "max_sigma0_dB": 20.959999084472656,
        "threshold_cfar_dB": 14.3,
        "pixel_coords": {
          "row": 1674,
          "col": 888,
          "row_resampled": 558,
          "col_resampled": 296
        },
        "bbox_pixel_coords": {
          "row_min": 1662,
          "row_max": 1683,
          "col_min": 879,
          "col_max": 897
        },
        "global_pixel_coords": {
          "row": 5514,
          "col": 24728
        },
        "source_product": "S1C_IW_GRDH_1SDV_20260808T083114_20260808T083139_008901_011A80_4DB5",
        "source_arquivo_id": null,
        "patch_id": 40,
        "patch_name": "patch_0041_VV",
        "geotiff_name": "patch_0041_VV_sigma0_preproc.tif",
        "polarization": "VV",
        "input_scale": "linear",
        "georef_method": "snap_geolocation_grid",
        "geocoding_method": "geolocation_grid",
        "geolocation_grid_status": null,
        "snap_geolocation_grid_used": null,
        "raster_crs": "EPSG:4326",
        "raster_transform": [
          0.00011455919246375529,
          0.0,
          -45.872485375674394,
          0.0,
          -0.00012450216928630096,
          -26.93284535139399,
          0.0,
          0.0,
          1.0
        ],
        "core_bbox_pixels": {
          "x0": 24000,
          "y0": 4000,
          "x1": 26000,
          "y1": 6000
        },
        "processing_bbox_pixels": {
          "x0": 23840,
          "y0": 3840,
          "x1": 26033,
          "y1": 6160
        },
        "core_bounds_lonlat": {
          "west": -48.307321773762034,
          "south": -27.033556040597446,
          "east": -48.060213309864345,
          "north": -26.808948788008383
        },
        "processing_bounds_lonlat": {
          "west": -48.31480410111731,
          "south": -27.051533005125393,
          "east": -48.04044822031969,
          "north": -26.794023402067413
        },
        "halo_pixels": 160,
        "valid_bbox_fraction": 1.0,
        "artifact_aspect_ratio": 1.1429,
        "land_mask_info": {
          "enabled": true,
          "applied": true,
          "status": "ok",
          "stage": "cfar_water_mask",
          "resampled_shape": [
            773,
            731
          ],
          "sample_shape": [
            128,
            121
          ],
          "sample_max_dim": 128,
          "available": true,
          "method": "natural_earth_land_point_mask",
          "bounds_lonlat": {
            "west": -48.307321773762034,
            "south": -27.033556040597446,
            "east": -48.060213309864345,
            "north": -26.808948788008383
          },
          "mask_path": "/content/sismom_colab_work_v2/sources/api/copernicus_meta_1-main/copernicus-platform/frontend/public/shapes/ne_10m_land/ne_10m_land.shp",
          "land_buffer_degrees": 0.0,
          "valid_geolocation_points": 15488,
          "land_points": 0,
          "water_points": 15488,
          "land_fraction": 0.0,
          "water_fraction": 1.0,
          "valid_pixels_before_land_mask": 470180,
          "valid_pixels_after_land_mask": 470180,
          "pixels_masked_by_land": 0,
          "valid_water_fraction": 1.0,
          "land_skip_threshold": 0.99,
          "min_water_fraction": 0.01,
          "skip_land_tiles": true,
          "skipped": false,
          "reason": "water_candidate",
          "message": "CFAR restrito aos pixels de água."
        },
        "land_fraction": 0.0,
        "water_fraction": 1.0,
        "valid_water_fraction": 1.0,
        "land_mask_method": "natural_earth_land_point_mask",
        "wave_age": null,
        "wave_age_class": null,
        "wave_age_factor": 1.35,
        "wave_age_status": "fallback",
        "era5_time": null,
        "era5_lon": null,
        "era5_lat": null,
        "u10": null,
        "peak_wave_period": null,
        "friction_velocity": null,
        "phase_speed": null,
        "patch_label": "P041",
        "id": 16,
        "source": "cfar",
        "detection_method": "cfar"
      }
    },
    {
      "type": "Feature",
      "geometry": {
        "type": "Polygon",
        "coordinates": [
          [
            [
              -45.925433745266645,
              -27.644306152318162
            ],
            [
              -45.925433745266645,
              -27.644306152318162
            ],
            [
              -45.925583654184784,
              -27.64483899064602
            ],
            [
              -45.925583654184784,
              -27.64483899064602
            ],
            [
              -45.925433745266645,
              -27.644306152318162
            ]
          ]
        ]
      },
      "properties": {
        "lat": -27.64457257148209,
        "lon": -45.92550869972572,
        "area_px": 3,
        "min_sigma0_dB": -5.71999979019165,
        "mean_sigma0_dB": -4.320000171661377,
        "max_sigma0_dB": -3.430000066757202,
        "threshold_cfar_dB": -6.12,
        "pixel_coords": {
          "row": 1116,
          "col": 1344,
          "row_resampled": 372,
          "col_resampled": 448
        },
        "bbox_pixel_coords": {
          "row_min": 1113,
          "row_max": 1119,
          "col_min": 1344,
          "col_max": 1344
        },
        "global_pixel_coords": {
          "row": 6956,
          "col": 1344
        },
        "source_product": "S1C_IW_GRDH_1SDV_20260808T083114_20260808T083139_008901_011A80_4DB5",
        "source_arquivo_id": null,
        "patch_id": 42,
        "patch_name": "patch_0043_VV",
        "geotiff_name": "patch_0043_VV_sigma0_preproc.tif",
        "polarization": "VV",
        "input_scale": "linear",
        "georef_method": "snap_geolocation_grid",
        "geocoding_method": "geolocation_grid",
        "geolocation_grid_status": null,
        "snap_geolocation_grid_used": null,
        "raster_crs": "EPSG:4326",
        "raster_transform": [
          0.00011455919246375529,
          0.0,
          -48.60357652401032,
          0.0,
          -0.00012450216928630096,
          -27.18184968996659,
          0.0,
          0.0,
          1.0
        ],
        "core_bbox_pixels": {
          "x0": 0,
          "y0": 6000,
          "x1": 2000,
          "y1": 8000
        },
        "processing_bbox_pixels": {
          "x0": 0,
          "y0": 5840,
          "x1": 2160,
          "y1": 8160
        },
        "core_bounds_lonlat": {
          "west": -46.01592531048058,
          "south": -27.767343264530844,
          "east": -45.76977079545724,
          "north": -27.54494350695032
        },
        "processing_bounds_lonlat": {
          "west": -46.03565621497217,
          "south": -27.781554189417733,
          "east": -45.76578890161954,
          "north": -27.52713841991416
        },
        "halo_pixels": 160,
        "valid_bbox_fraction": 1.0,
        "artifact_aspect_ratio": 3.0,
        "land_mask_info": {
          "enabled": true,
          "applied": true,
          "status": "ok",
          "stage": "cfar_water_mask",
          "resampled_shape": [
            773,
            720
          ],
          "sample_shape": [
            128,
            119
          ],
          "sample_max_dim": 128,
          "available": true,
          "method": "natural_earth_land_point_mask",
          "bounds_lonlat": {
            "west": -46.01592531048058,
            "south": -27.767343264530844,
            "east": -45.76977079545724,
            "north": -27.54494350695032
          },
          "mask_path": "/content/sismom_colab_work_v2/sources/api/copernicus_meta_1-main/copernicus-platform/frontend/public/shapes/ne_10m_land/ne_10m_land.shp",
          "land_buffer_degrees": 0.0,
          "valid_geolocation_points": 15232,
          "land_points": 0,
          "water_points": 15232,
          "land_fraction": 0.0,
          "water_fraction": 1.0,
          "valid_pixels_before_land_mask": 418966,
          "valid_pixels_after_land_mask": 418966,
          "pixels_masked_by_land": 0,
          "valid_water_fraction": 1.0,
          "land_skip_threshold": 0.99,
          "min_water_fraction": 0.01,
          "skip_land_tiles": true,
          "skipped": false,
          "reason": "water_candidate",
          "message": "CFAR restrito aos pixels de água."
        },
        "land_fraction": 0.0,
        "water_fraction": 1.0,
        "valid_water_fraction": 1.0,
        "land_mask_method": "natural_earth_land_point_mask",
        "wave_age": null,
        "wave_age_class": null,
        "wave_age_factor": 1.35,
        "wave_age_status": "fallback",
        "era5_time": null,
        "era5_lon": null,
        "era5_lat": null,
        "u10": null,
        "peak_wave_period": null,
        "friction_velocity": null,
        "phase_speed": null,
        "patch_label": "P043",
        "id": 17,
        "source": "cfar",
        "detection_method": "cfar"
      }
    },
    {
      "type": "Feature",
      "geometry": {
        "type": "Polygon",
        "coordinates": [
          [
            [
              -47.02322249327347,
              -27.319663322339675
            ],
            [
              -47.02322249327347,
              -27.319663322339675
            ],
            [
              -47.02337739725208,
              -27.32019492622097
            ],
            [
              -47.02337739725208,
              -27.32019492622097
            ],
            [
              -47.02322249327347,
              -27.319663322339675
            ]
          ]
        ]
      },
      "properties": {
        "lat": -27.31992912428032,
        "lon": -47.02329994526278,
        "area_px": 3,
        "min_sigma0_dB": -9.890000343322754,
        "mean_sigma0_dB": -8.800000190734863,
        "max_sigma0_dB": -8.050000190734863,
        "threshold_cfar_dB": -10.87,
        "pixel_coords": {
          "row": 393,
          "col": 906,
          "row_resampled": 131,
          "col_resampled": 302
        },
        "bbox_pixel_coords": {
          "row_min": 390,
          "row_max": 396,
          "col_min": 906,
          "col_max": 906
        },
        "global_pixel_coords": {
          "row": 6233,
          "col": 12746
        },
        "source_product": "S1C_IW_GRDH_1SDV_20260808T083114_20260808T083139_008901_011A80_4DB5",
        "source_arquivo_id": null,
        "patch_id": 48,
        "patch_name": "patch_0049_VV",
        "geotiff_name": "patch_0049_VV_sigma0_preproc.tif",
        "polarization": "VV",
        "input_scale": "linear",
        "georef_method": "snap_geolocation_grid",
        "geocoding_method": "geolocation_grid",
        "geolocation_grid_status": null,
        "snap_geolocation_grid_used": null,
        "raster_crs": "EPSG:4326",
        "raster_transform": [
          0.00011455919246375529,
          0.0,
          -47.24719568523946,
          0.0,
          -0.00012450216928630096,
          -27.18184968996659,
          0.0,
          0.0,
          1.0
        ],
        "core_bbox_pixels": {
          "x0": 12000,
          "y0": 6000,
          "x1": 14000,
          "y1": 8000
        },
        "processing_bbox_pixels": {
          "x0": 11840,
          "y0": 5840,
          "x1": 14160,
          "y1": 8160
        },
        "core_bounds_lonlat": {
          "west": -47.19139803083367,
          "south": -27.493727290593583,
          "east": -46.94444825289385,
          "north": -27.270130643743357
        },
        "processing_bounds_lonlat": {
          "west": -47.211193697030474,
          "south": -27.51162253641297,
          "east": -46.92470617984043,
          "north": -27.25223302205939
        },
        "halo_pixels": 160,
        "valid_bbox_fraction": 1.0,
        "artifact_aspect_ratio": 3.0,
        "land_mask_info": {
          "enabled": true,
          "applied": true,
          "status": "ok",
          "stage": "cfar_water_mask",
          "resampled_shape": [
            773,
            773
          ],
          "sample_shape": [
            128,
            128
          ],
          "sample_max_dim": 128,
          "available": true,
          "method": "natural_earth_land_point_mask",
          "bounds_lonlat": {
            "west": -47.19139803083367,
            "south": -27.493727290593583,
            "east": -46.94444825289385,
            "north": -27.270130643743357
          },
          "mask_path": "/content/sismom_colab_work_v2/sources/api/copernicus_meta_1-main/copernicus-platform/frontend/public/shapes/ne_10m_land/ne_10m_land.shp",
          "land_buffer_degrees": 0.0,
          "valid_geolocation_points": 16384,
          "land_points": 0,
          "water_points": 16384,
          "land_fraction": 0.0,
          "water_fraction": 1.0,
          "valid_pixels_before_land_mask": 597529,
          "valid_pixels_after_land_mask": 597529,
          "pixels_masked_by_land": 0,
          "valid_water_fraction": 1.0,
          "land_skip_threshold": 0.99,
          "min_water_fraction": 0.01,
          "skip_land_tiles": true,
          "skipped": false,
          "reason": "water_candidate",
          "message": "CFAR restrito aos pixels de água."
        },
        "land_fraction": 0.0,
        "water_fraction": 1.0,
        "valid_water_fraction": 1.0,
        "land_mask_method": "natural_earth_land_point_mask",
        "wave_age": null,
        "wave_age_class": null,
        "wave_age_factor": 1.35,
        "wave_age_status": "fallback",
        "era5_time": null,
        "era5_lon": null,
        "era5_lat": null,
        "u10": null,
        "peak_wave_period": null,
        "friction_velocity": null,
        "phase_speed": null,
        "patch_label": "P049",
        "id": 18,
        "source": "cfar",
        "detection_method": "cfar"
      }
    },
    {
      "type": "Feature",
      "geometry": {
        "type": "Polygon",
        "coordinates": [
          [
            [
              -47.14807564612441,
              -27.366365900231813
            ],
            [
              -47.14807564612441,
              -27.366365900231813
            ],
            [
              -47.148231014593755,
              -27.366897379185435
            ],
            [
              -47.148231014593755,
              -27.366897379185435
            ],
            [
              -47.14807564612441,
              -27.366365900231813
            ]
          ]
        ]
      },
      "properties": {
        "lat": -27.366631639708626,
        "lon": -47.14815333035908,
        "area_px": 3,
        "min_sigma0_dB": -1.850000023841858,
        "mean_sigma0_dB": -0.9399999976158142,
        "max_sigma0_dB": 0.5400000214576721,
        "threshold_cfar_dB": -9.27,
        "pixel_coords": {
          "row": 1200,
          "col": 1971,
          "row_resampled": 400,
          "col_resampled": 657
        },
        "bbox_pixel_coords": {
          "row_min": 1197,
          "row_max": 1203,
          "col_min": 1971,
          "col_max": 1971
        },
        "global_pixel_coords": {
          "row": 7040,
          "col": 13811
        },
        "source_product": "S1C_IW_GRDH_1SDV_20260808T083114_20260808T083139_008901_011A80_4DB5",
        "source_arquivo_id": null,
        "patch_id": 48,
        "patch_name": "patch_0049_VV",
        "geotiff_name": "patch_0049_VV_sigma0_preproc.tif",
        "polarization": "VV",
        "input_scale": "linear",
        "georef_method": "snap_geolocation_grid",
        "geocoding_method": "geolocation_grid",
        "geolocation_grid_status": null,
        "snap_geolocation_grid_used": null,
        "raster_crs": "EPSG:4326",
        "raster_transform": [
          0.00011455919246375529,
          0.0,
          -47.24719568523946,
          0.0,
          -0.00012450216928630096,
          -27.18184968996659,
          0.0,
          0.0,
          1.0
        ],
        "core_bbox_pixels": {
          "x0": 12000,
          "y0": 6000,
          "x1": 14000,
          "y1": 8000
        },
        "processing_bbox_pixels": {
          "x0": 11840,
          "y0": 5840,
          "x1": 14160,
          "y1": 8160
        },
        "core_bounds_lonlat": {
          "west": -47.19139803083367,
          "south": -27.493727290593583,
          "east": -46.94444825289385,
          "north": -27.270130643743357
        },
        "processing_bounds_lonlat": {
          "west": -47.211193697030474,
          "south": -27.51162253641297,
          "east": -46.92470617984043,
          "north": -27.25223302205939
        },
        "halo_pixels": 160,
        "valid_bbox_fraction": 1.0,
        "artifact_aspect_ratio": 3.0,
        "land_mask_info": {
          "enabled": true,
          "applied": true,
          "status": "ok",
          "stage": "cfar_water_mask",
          "resampled_shape": [
            773,
            773
          ],
          "sample_shape": [
            128,
            128
          ],
          "sample_max_dim": 128,
          "available": true,
          "method": "natural_earth_land_point_mask",
          "bounds_lonlat": {
            "west": -47.19139803083367,
            "south": -27.493727290593583,
            "east": -46.94444825289385,
            "north": -27.270130643743357
          },
          "mask_path": "/content/sismom_colab_work_v2/sources/api/copernicus_meta_1-main/copernicus-platform/frontend/public/shapes/ne_10m_land/ne_10m_land.shp",
          "land_buffer_degrees": 0.0,
          "valid_geolocation_points": 16384,
          "land_points": 0,
          "water_points": 16384,
          "land_fraction": 0.0,
          "water_fraction": 1.0,
          "valid_pixels_before_land_mask": 597529,
          "valid_pixels_after_land_mask": 597529,
          "pixels_masked_by_land": 0,
          "valid_water_fraction": 1.0,
          "land_skip_threshold": 0.99,
          "min_water_fraction": 0.01,
          "skip_land_tiles": true,
          "skipped": false,
          "reason": "water_candidate",
          "message": "CFAR restrito aos pixels de água."
        },
        "land_fraction": 0.0,
        "water_fraction": 1.0,
        "valid_water_fraction": 1.0,
        "land_mask_method": "natural_earth_land_point_mask",
        "wave_age": null,
        "wave_age_class": null,
        "wave_age_factor": 1.35,
        "wave_age_status": "fallback",
        "era5_time": null,
        "era5_lon": null,
        "era5_lat": null,
        "u10": null,
        "peak_wave_period": null,
        "friction_velocity": null,
        "phase_speed": null,
        "patch_label": "P049",
        "id": 19,
        "source": "cfar",
        "detection_method": "cfar"
      }
    },
    {
      "type": "Feature",
      "geometry": {
        "type": "Polygon",
        "coordinates": [
          [
            [
              -47.05394974778659,
              -27.571192948827
            ],
            [
              -47.055417478072705,
              -27.57084409707312
            ],
            [
              -47.055572689283224,
              -27.571375682987593
            ],
            [
              -47.054104952518756,
              -27.571724536571395
            ],
            [
              -47.05394974778659,
              -27.571192948827
            ]
          ]
        ]
      },
      "properties": {
        "lat": -27.57131920163166,
        "lon": -47.0546144435625,
        "area_px": 8,
        "min_sigma0_dB": -0.3400000035762787,
        "mean_sigma0_dB": 6.619999885559082,
        "max_sigma0_dB": 15.229999542236328,
        "threshold_cfar_dB": -0.94,
        "pixel_coords": {
          "row": 1125,
          "col": 504,
          "row_resampled": 375,
          "col_resampled": 168
        },
        "bbox_pixel_coords": {
          "row_min": 1122,
          "row_max": 1128,
          "col_min": 498,
          "col_max": 513
        },
        "global_pixel_coords": {
          "row": 8965,
          "col": 12344
        },
        "source_product": "S1C_IW_GRDH_1SDV_20260808T083114_20260808T083139_008901_011A80_4DB5",
        "source_arquivo_id": null,
        "patch_id": 62,
        "patch_name": "patch_0063_VV",
        "geotiff_name": "patch_0063_VV_sigma0_preproc.tif",
        "polarization": "VV",
        "input_scale": "linear",
        "georef_method": "snap_geolocation_grid",
        "geocoding_method": "geolocation_grid",
        "geolocation_grid_status": null,
        "snap_geolocation_grid_used": null,
        "raster_crs": "EPSG:4326",
        "raster_transform": [
          0.00011455919246375529,
          0.0,
          -47.24719568523946,
          0.0,
          -0.00012450216928630096,
          -27.430854028539194,
          0.0,
          0.0,
          1.0
        ],
        "core_bbox_pixels": {
          "x0": 12000,
          "y0": 8000,
          "x1": 14000,
          "y1": 10000
        },
        "processing_bbox_pixels": {
          "x0": 11840,
          "y0": 7840,
          "x1": 14160,
          "y1": 10160
        },
        "core_bounds_lonlat": {
          "west": -47.2434214320179,
          "south": -27.670929539782588,
          "east": -46.99601580818367,
          "north": -27.447277296284096
        },
        "processing_bounds_lonlat": {
          "west": -47.26325312014323,
          "south": -27.68882921124346,
          "east": -46.97623804900149,
          "north": -27.429375209973742
        },
        "halo_pixels": 160,
        "valid_bbox_fraction": 1.0,
        "artifact_aspect_ratio": 2.0,
        "land_mask_info": {
          "enabled": true,
          "applied": true,
          "status": "ok",
          "stage": "cfar_water_mask",
          "resampled_shape": [
            773,
            773
          ],
          "sample_shape": [
            128,
            128
          ],
          "sample_max_dim": 128,
          "available": true,
          "method": "natural_earth_land_point_mask",
          "bounds_lonlat": {
            "west": -47.2434214320179,
            "south": -27.670929539782588,
            "east": -46.99601580818367,
            "north": -27.447277296284096
          },
          "mask_path": "/content/sismom_colab_work_v2/sources/api/copernicus_meta_1-main/copernicus-platform/frontend/public/shapes/ne_10m_land/ne_10m_land.shp",
          "land_buffer_degrees": 0.0,
          "valid_geolocation_points": 16384,
          "land_points": 0,
          "water_points": 16384,
          "land_fraction": 0.0,
          "water_fraction": 1.0,
          "valid_pixels_before_land_mask": 597529,
          "valid_pixels_after_land_mask": 597529,
          "pixels_masked_by_land": 0,
          "valid_water_fraction": 1.0,
          "land_skip_threshold": 0.99,
          "min_water_fraction": 0.01,
          "skip_land_tiles": true,
          "skipped": false,
          "reason": "water_candidate",
          "message": "CFAR restrito aos pixels de água."
        },
        "land_fraction": 0.0,
        "water_fraction": 1.0,
        "valid_water_fraction": 1.0,
        "land_mask_method": "natural_earth_land_point_mask",
        "wave_age": null,
        "wave_age_class": null,
        "wave_age_factor": 1.35,
        "wave_age_status": "fallback",
        "era5_time": null,
        "era5_lon": null,
        "era5_lat": null,
        "u10": null,
        "peak_wave_period": null,
        "friction_velocity": null,
        "phase_speed": null,
        "patch_label": "P063",
        "id": 20,
        "source": "cfar",
        "detection_method": "cfar"
      }
    },
    {
      "type": "Feature",
      "geometry": {
        "type": "Polygon",
        "coordinates": [
          [
            [
              -48.32790251643914,
              -27.268055744756516
            ],
            [
              -48.33052789206472,
              -27.267404447054133
            ],
            [
              -48.333341427215075,
              -27.276678267777445
            ],
            [
              -48.33071585852967,
              -27.27732962755656
            ],
            [
              -48.32790251643914,
              -27.268055744756516
            ]
          ]
        ]
      },
      "properties": {
        "lat": -27.272535690362066,
        "lon": -48.330516255833835,
        "area_px": 87,
        "min_sigma0_dB": -9.970000267028809,
        "mean_sigma0_dB": -5.840000152587891,
        "max_sigma0_dB": 2.509999990463257,
        "threshold_cfar_dB": -10.08,
        "pixel_coords": {
          "row": 1242,
          "col": 1548,
          "row_resampled": 414,
          "col_resampled": 516
        },
        "bbox_pixel_coords": {
          "row_min": 1188,
          "row_max": 1293,
          "col_min": 1536,
          "col_max": 1563
        },
        "global_pixel_coords": {
          "row": 9082,
          "col": 25388
        },
        "source_product": "S1C_IW_GRDH_1SDV_20260808T083114_20260808T083139_008901_011A80_4DB5",
        "source_arquivo_id": null,
        "patch_id": 68,
        "patch_name": "patch_0069_VV",
        "geotiff_name": "patch_0069_VV_sigma0_preproc.tif",
        "polarization": "VV",
        "input_scale": "linear",
        "georef_method": "snap_geolocation_grid",
        "geocoding_method": "geolocation_grid",
        "geolocation_grid_status": null,
        "snap_geolocation_grid_used": null,
        "raster_crs": "EPSG:4326",
        "raster_transform": [
          0.00011455919246375529,
          0.0,
          -45.872485375674394,
          0.0,
          -0.00012450216928630096,
          -27.430854028539194,
          0.0,
          0.0,
          1.0
        ],
        "core_bbox_pixels": {
          "x0": 24000,
          "y0": 8000,
          "x1": 26000,
          "y1": 10000
        },
        "processing_bbox_pixels": {
          "x0": 23840,
          "y0": 7840,
          "x1": 26033,
          "y1": 10160
        },
        "core_bounds_lonlat": {
          "west": -48.414594588719524,
          "south": -27.38698201623579,
          "east": -48.166564126586735,
          "north": -27.162245948098
        },
        "processing_bounds_lonlat": {
          "west": -48.4221140340334,
          "south": -27.404969395884105,
          "east": -48.14672702755349,
          "north": -27.147321327720704
        },
        "halo_pixels": 160,
        "valid_bbox_fraction": 1.0,
        "artifact_aspect_ratio": 3.6,
        "land_mask_info": {
          "enabled": true,
          "applied": true,
          "status": "ok",
          "stage": "cfar_water_mask",
          "resampled_shape": [
            773,
            731
          ],
          "sample_shape": [
            128,
            121
          ],
          "sample_max_dim": 128,
          "available": true,
          "method": "natural_earth_land_point_mask",
          "bounds_lonlat": {
            "west": -48.414594588719524,
            "south": -27.38698201623579,
            "east": -48.166564126586735,
            "north": -27.162245948098
          },
          "mask_path": "/content/sismom_colab_work_v2/sources/api/copernicus_meta_1-main/copernicus-platform/frontend/public/shapes/ne_10m_land/ne_10m_land.shp",
          "land_buffer_degrees": 0.0,
          "valid_geolocation_points": 15488,
          "land_points": 0,
          "water_points": 15488,
          "land_fraction": 0.0,
          "water_fraction": 1.0,
          "valid_pixels_before_land_mask": 472787,
          "valid_pixels_after_land_mask": 472787,
          "pixels_masked_by_land": 0,
          "valid_water_fraction": 1.0,
          "land_skip_threshold": 0.99,
          "min_water_fraction": 0.01,
          "skip_land_tiles": true,
          "skipped": false,
          "reason": "water_candidate",
          "message": "CFAR restrito aos pixels de água."
        },
        "land_fraction": 0.0,
        "water_fraction": 1.0,
        "valid_water_fraction": 1.0,
        "land_mask_method": "natural_earth_land_point_mask",
        "wave_age": null,
        "wave_age_class": null,
        "wave_age_factor": 1.35,
        "wave_age_status": "fallback",
        "era5_time": null,
        "era5_lon": null,
        "era5_lat": null,
        "u10": null,
        "peak_wave_period": null,
        "friction_velocity": null,
        "phase_speed": null,
        "patch_label": "P069",
        "id": 21,
        "source": "cfar",
        "detection_method": "cfar"
      }
    },
    {
      "type": "Feature",
      "geometry": {
        "type": "Polygon",
        "coordinates": [
          [
            [
              -46.25694640254068,
              -28.036574709520234
            ],
            [
              -46.258127682821076,
              -28.03630256593029
            ],
            [
              -46.25866034779086,
              -28.038166114983248
            ],
            [
              -46.25747904830292,
              -28.038438262908706
            ],
            [
              -46.25694640254068,
              -28.036574709520234
            ]
          ]
        ]
      },
      "properties": {
        "lat": -28.03723730253414,
        "lon": -46.25776532355202,
        "area_px": 14,
        "min_sigma0_dB": -4.230000019073486,
        "mean_sigma0_dB": 0.5299999713897705,
        "max_sigma0_dB": 6.659999847412109,
        "threshold_cfar_dB": -4.73,
        "pixel_coords": {
          "row": 2076,
          "col": 1614,
          "row_resampled": 692,
          "col_resampled": 538
        },
        "bbox_pixel_coords": {
          "row_min": 2067,
          "row_max": 2088,
          "col_min": 1608,
          "col_max": 1620
        },
        "global_pixel_coords": {
          "row": 11916,
          "col": 3454
        },
        "source_product": "S1C_IW_GRDH_1SDV_20260808T083114_20260808T083139_008901_011A80_4DB5",
        "source_arquivo_id": null,
        "patch_id": 71,
        "patch_name": "patch_0072_VV",
        "geotiff_name": "patch_0072_VV_sigma0_preproc.tif",
        "polarization": "VV",
        "input_scale": "linear",
        "georef_method": "snap_geolocation_grid",
        "geocoding_method": "geolocation_grid",
        "geolocation_grid_status": null,
        "snap_geolocation_grid_used": null,
        "raster_crs": "EPSG:4326",
        "raster_transform": [
          0.00011455919246375529,
          0.0,
          -48.39278760987701,
          0.0,
          -0.00012450216928630096,
          -27.679858367111795,
          0.0,
          0.0,
          1.0
        ],
        "core_bbox_pixels": {
          "x0": 2000,
          "y0": 10000,
          "x1": 4000,
          "y1": 12000
        },
        "processing_bbox_pixels": {
          "x0": 1840,
          "y0": 9840,
          "x1": 4160,
          "y1": 12160
        },
        "core_bounds_lonlat": {
          "west": -46.31351937602342,
          "south": -28.077525472248308,
          "east": -46.06630590333479,
          "north": -27.854847402381896
        },
        "processing_bounds_lonlat": {
          "west": -46.33332955255401,
          "south": -28.095342743285766,
          "east": -46.04654298503248,
          "north": -27.83701154829021
        },
        "halo_pixels": 160,
        "valid_bbox_fraction": 1.0,
        "artifact_aspect_ratio": 1.6,
        "land_mask_info": {
          "enabled": true,
          "applied": true,
          "status": "ok",
          "stage": "cfar_water_mask",
          "resampled_shape": [
            773,
            773
          ],
          "sample_shape": [
            128,
            128
          ],
          "sample_max_dim": 128,
          "available": true,
          "method": "natural_earth_land_point_mask",
          "bounds_lonlat": {
            "west": -46.31351937602342,
            "south": -28.077525472248308,
            "east": -46.06630590333479,
            "north": -27.854847402381896
          },
          "mask_path": "/content/sismom_colab_work_v2/sources/api/copernicus_meta_1-main/copernicus-platform/frontend/public/shapes/ne_10m_land/ne_10m_land.shp",
          "land_buffer_degrees": 0.0,
          "valid_geolocation_points": 16384,
          "land_points": 0,
          "water_points": 16384,
          "land_fraction": 0.0,
          "water_fraction": 1.0,
          "valid_pixels_before_land_mask": 597529,
          "valid_pixels_after_land_mask": 597529,
          "pixels_masked_by_land": 0,
          "valid_water_fraction": 1.0,
          "land_skip_threshold": 0.99,
          "min_water_fraction": 0.01,
          "skip_land_tiles": true,
          "skipped": false,
          "reason": "water_candidate",
          "message": "CFAR restrito aos pixels de água."
        },
        "land_fraction": 0.0,
        "water_fraction": 1.0,
        "valid_water_fraction": 1.0,
        "land_mask_method": "natural_earth_land_point_mask",
        "wave_age": null,
        "wave_age_class": null,
        "wave_age_factor": 1.35,
        "wave_age_status": "fallback",
        "era5_time": null,
        "era5_lon": null,
        "era5_lat": null,
        "u10": null,
        "peak_wave_period": null,
        "friction_velocity": null,
        "phase_speed": null,
        "patch_label": "P072",
        "id": 22,
        "source": "cfar",
        "detection_method": "cfar"
      }
    },
    {
      "type": "Feature",
      "geometry": {
        "type": "Polygon",
        "coordinates": [
          [
            [
              -46.659381659005675,
              -27.895995401656222
            ],
            [
              -46.660265851354644,
              -27.895788903754124
            ],
            [
              -46.66065106748995,
              -27.897118877172876
            ],
            [
              -46.65976686507937,
              -27.89732537750315
            ],
            [
              -46.659381659005675,
              -27.895995401656222
            ]
          ]
        ]
      },
      "properties": {
        "lat": -27.89665572092504,
        "lon": -46.660202248240516,
        "area_px": 12,
        "min_sigma0_dB": -3.5299999713897705,
        "mean_sigma0_dB": 0.5699999928474426,
        "max_sigma0_dB": 8.729999542236328,
        "threshold_cfar_dB": -4.24,
        "pixel_coords": {
          "row": 1578,
          "col": 1836,
          "row_resampled": 526,
          "col_resampled": 612
        },
        "bbox_pixel_coords": {
          "row_min": 1569,
          "row_max": 1584,
          "col_min": 1830,
          "col_max": 1839
        },
        "global_pixel_coords": {
          "row": 11418,
          "col": 7676
        },
        "source_product": "S1C_IW_GRDH_1SDV_20260808T083114_20260808T083139_008901_011A80_4DB5",
        "source_arquivo_id": null,
        "patch_id": 73,
        "patch_name": "patch_0074_VV",
        "geotiff_name": "patch_0074_VV_sigma0_preproc.tif",
        "polarization": "VV",
        "input_scale": "linear",
        "georef_method": "snap_geolocation_grid",
        "geocoding_method": "geolocation_grid",
        "geolocation_grid_status": null,
        "snap_geolocation_grid_used": null,
        "raster_crs": "EPSG:4326",
        "raster_transform": [
          0.00011455919246375529,
          0.0,
          -47.93455084002199,
          0.0,
          -0.00012450216928630096,
          -27.679858367111795,
          0.0,
          0.0,
          1.0
        ],
        "core_bbox_pixels": {
          "x0": 6000,
          "y0": 10000,
          "x1": 8000,
          "y1": 12000
        },
        "processing_bbox_pixels": {
          "x0": 5840,
          "y0": 9840,
          "x1": 8160,
          "y1": 12160
        },
        "core_bounds_lonlat": {
          "west": -46.70685901528693,
          "south": -27.986595374266816,
          "east": -46.45937607661191,
          "north": -27.76349679330457
        },
        "processing_bounds_lonlat": {
          "west": -46.7266906698877,
          "south": -28.0044450509312,
          "east": -46.43959072465641,
          "north": -27.745629076735238
        },
        "halo_pixels": 160,
        "valid_bbox_fraction": 1.0,
        "artifact_aspect_ratio": 1.5,
        "land_mask_info": {
          "enabled": true,
          "applied": true,
          "status": "ok",
          "stage": "cfar_water_mask",
          "resampled_shape": [
            773,
            773
          ],
          "sample_shape": [
            128,
            128
          ],
          "sample_max_dim": 128,
          "available": true,
          "method": "natural_earth_land_point_mask",
          "bounds_lonlat": {
            "west": -46.70685901528693,
            "south": -27.986595374266816,
            "east": -46.45937607661191,
            "north": -27.76349679330457
          },
          "mask_path": "/content/sismom_colab_work_v2/sources/api/copernicus_meta_1-main/copernicus-platform/frontend/public/shapes/ne_10m_land/ne_10m_land.shp",
          "land_buffer_degrees": 0.0,
          "valid_geolocation_points": 16384,
          "land_points": 0,
          "water_points": 16384,
          "land_fraction": 0.0,
          "water_fraction": 1.0,
          "valid_pixels_before_land_mask": 597529,
          "valid_pixels_after_land_mask": 597529,
          "pixels_masked_by_land": 0,
          "valid_water_fraction": 1.0,
          "land_skip_threshold": 0.99,
          "min_water_fraction": 0.01,
          "skip_land_tiles": true,
          "skipped": false,
          "reason": "water_candidate",
          "message": "CFAR restrito aos pixels de água."
        },
        "land_fraction": 0.0,
        "water_fraction": 1.0,
        "valid_water_fraction": 1.0,
        "land_mask_method": "natural_earth_land_point_mask",
        "wave_age": null,
        "wave_age_class": null,
        "wave_age_factor": 1.35,
        "wave_age_status": "fallback",
        "era5_time": null,
        "era5_lon": null,
        "era5_lat": null,
        "u10": null,
        "peak_wave_period": null,
        "friction_velocity": null,
        "phase_speed": null,
        "patch_label": "P074",
        "id": 23,
        "source": "cfar",
        "detection_method": "cfar"
      }
    },
    {
      "type": "Feature",
      "geometry": {
        "type": "Polygon",
        "coordinates": [
          [
            [
              -48.36540300559315,
              -27.423349078527895
            ],
            [
              -48.367155456925325,
              -27.42291415784085
            ],
            [
              -48.36763921678957,
              -27.424503778310694
            ],
            [
              -48.36588674240127,
              -27.424938706598972
            ],
            [
              -48.36540300559315,
              -27.423349078527895
            ]
          ]
        ]
      },
      "properties": {
        "lat": -27.423926430319604,
        "lon": -48.366521105427324,
        "area_px": 17,
        "min_sigma0_dB": -9.40999984741211,
        "mean_sigma0_dB": -6.019999980926514,
        "max_sigma0_dB": 1.9600000381469727,
        "threshold_cfar_dB": -9.91,
        "pixel_coords": {
          "row": 930,
          "col": 1452,
          "row_resampled": 310,
          "col_resampled": 484
        },
        "bbox_pixel_coords": {
          "row_min": 921,
          "row_max": 939,
          "col_min": 1443,
          "col_max": 1461
        },
        "global_pixel_coords": {
          "row": 10770,
          "col": 25292
        },
        "source_product": "S1C_IW_GRDH_1SDV_20260808T083114_20260808T083139_008901_011A80_4DB5",
        "source_arquivo_id": null,
        "patch_id": 82,
        "patch_name": "patch_0083_VV",
        "geotiff_name": "patch_0083_VV_sigma0_preproc.tif",
        "polarization": "VV",
        "input_scale": "linear",
        "georef_method": "snap_geolocation_grid",
        "geocoding_method": "geolocation_grid",
        "geolocation_grid_status": null,
        "snap_geolocation_grid_used": null,
        "raster_crs": "EPSG:4326",
        "raster_transform": [
          0.00011455919246375529,
          0.0,
          -45.872485375674394,
          0.0,
          -0.00012450216928630096,
          -27.679858367111795,
          0.0,
          0.0,
          1.0
        ],
        "core_bbox_pixels": {
          "x0": 24000,
          "y0": 10000,
          "x1": 26000,
          "y1": 12000
        },
        "processing_bbox_pixels": {
          "x0": 23840,
          "y0": 9840,
          "x1": 26033,
          "y1": 12160
        },
        "core_bounds_lonlat": {
          "west": -48.46851051495224,
          "south": -27.563655698774937,
          "east": -48.22001470873496,
          "north": -27.33885574086457
        },
        "processing_bounds_lonlat": {
          "west": -48.47604848979648,
          "south": -27.5816481742189,
          "east": -48.200141629575064,
          "north": -27.32393175965686
        },
        "halo_pixels": 160,
        "valid_bbox_fraction": 1.0,
        "artifact_aspect_ratio": 1.0,
        "land_mask_info": {
          "enabled": true,
          "applied": true,
          "status": "ok",
          "stage": "cfar_water_mask",
          "resampled_shape": [
            773,
            731
          ],
          "sample_shape": [
            128,
            121
          ],
          "sample_max_dim": 128,
          "available": true,
          "method": "natural_earth_land_point_mask",
          "bounds_lonlat": {
            "west": -48.46851051495224,
            "south": -27.563655698774937,
            "east": -48.22001470873496,
            "north": -27.33885574086457
          },
          "mask_path": "/content/sismom_colab_work_v2/sources/api/copernicus_meta_1-main/copernicus-platform/frontend/public/shapes/ne_10m_land/ne_10m_land.shp",
          "land_buffer_degrees": 0.0,
          "valid_geolocation_points": 15488,
          "land_points": 2949,
          "water_points": 12539,
          "land_fraction": 0.19040547520661158,
          "water_fraction": 0.8095945247933884,
          "valid_pixels_before_land_mask": 481371,
          "valid_pixels_after_land_mask": 427067,
          "pixels_masked_by_land": 54304,
          "valid_water_fraction": 0.8871888834184029,
          "land_skip_threshold": 0.99,
          "min_water_fraction": 0.01,
          "skip_land_tiles": true,
          "skipped": false,
          "reason": "water_candidate",
          "message": "CFAR restrito aos pixels de água."
        },
        "land_fraction": 0.19040547520661158,
        "water_fraction": 0.8095945247933884,
        "valid_water_fraction": 0.8871888834184029,
        "land_mask_method": "natural_earth_land_point_mask",
        "wave_age": null,
        "wave_age_class": null,
        "wave_age_factor": 1.35,
        "wave_age_status": "fallback",
        "era5_time": null,
        "era5_lon": null,
        "era5_lat": null,
        "u10": null,
        "peak_wave_period": null,
        "friction_velocity": null,
        "phase_speed": null,
        "patch_label": "P083",
        "id": 24,
        "source": "cfar",
        "detection_method": "cfar"
      }
    },
    {
      "type": "Feature",
      "geometry": {
        "type": "Polygon",
        "coordinates": [
          [
            [
              -48.36538320579231,
              -27.425348621129206
            ],
            [
              -48.365967365202636,
              -27.425203644610818
            ],
            [
              -48.36612861080534,
              -27.425733520634516
            ],
            [
              -48.36554444883323,
              -27.42587849799748
            ],
            [
              -48.36538320579231,
              -27.425348621129206
            ]
          ]
        ]
      },
      "properties": {
        "lat": -27.425541071093,
        "lon": -48.365755907658375,
        "area_px": 6,
        "min_sigma0_dB": -5.230000019073486,
        "mean_sigma0_dB": -3.609999895095825,
        "max_sigma0_dB": -0.75,
        "threshold_cfar_dB": -8.03,
        "pixel_coords": {
          "row": 945,
          "col": 1440,
          "row_resampled": 315,
          "col_resampled": 480
        },
        "bbox_pixel_coords": {
          "row_min": 942,
          "row_max": 948,
          "col_min": 1437,
          "col_max": 1443
        },
        "global_pixel_coords": {
          "row": 10785,
          "col": 25280
        },
        "source_product": "S1C_IW_GRDH_1SDV_20260808T083114_20260808T083139_008901_011A80_4DB5",
        "source_arquivo_id": null,
        "patch_id": 82,
        "patch_name": "patch_0083_VV",
        "geotiff_name": "patch_0083_VV_sigma0_preproc.tif",
        "polarization": "VV",
        "input_scale": "linear",
        "georef_method": "snap_geolocation_grid",
        "geocoding_method": "geolocation_grid",
        "geolocation_grid_status": null,
        "snap_geolocation_grid_used": null,
        "raster_crs": "EPSG:4326",
        "raster_transform": [
          0.00011455919246375529,
          0.0,
          -45.872485375674394,
          0.0,
          -0.00012450216928630096,
          -27.679858367111795,
          0.0,
          0.0,
          1.0
        ],
        "core_bbox_pixels": {
          "x0": 24000,
          "y0": 10000,
          "x1": 26000,
          "y1": 12000
        },
        "processing_bbox_pixels": {
          "x0": 23840,
          "y0": 9840,
          "x1": 26033,
          "y1": 12160
        },
        "core_bounds_lonlat": {
          "west": -48.46851051495224,
          "south": -27.563655698774937,
          "east": -48.22001470873496,
          "north": -27.33885574086457
        },
        "processing_bounds_lonlat": {
          "west": -48.47604848979648,
          "south": -27.5816481742189,
          "east": -48.200141629575064,
          "north": -27.32393175965686
        },
        "halo_pixels": 160,
        "valid_bbox_fraction": 1.0,
        "artifact_aspect_ratio": 1.0,
        "land_mask_info": {
          "enabled": true,
          "applied": true,
          "status": "ok",
          "stage": "cfar_water_mask",
          "resampled_shape": [
            773,
            731
          ],
          "sample_shape": [
            128,
            121
          ],
          "sample_max_dim": 128,
          "available": true,
          "method": "natural_earth_land_point_mask",
          "bounds_lonlat": {
            "west": -48.46851051495224,
            "south": -27.563655698774937,
            "east": -48.22001470873496,
            "north": -27.33885574086457
          },
          "mask_path": "/content/sismom_colab_work_v2/sources/api/copernicus_meta_1-main/copernicus-platform/frontend/public/shapes/ne_10m_land/ne_10m_land.shp",
          "land_buffer_degrees": 0.0,
          "valid_geolocation_points": 15488,
          "land_points": 2949,
          "water_points": 12539,
          "land_fraction": 0.19040547520661158,
          "water_fraction": 0.8095945247933884,
          "valid_pixels_before_land_mask": 481371,
          "valid_pixels_after_land_mask": 427067,
          "pixels_masked_by_land": 54304,
          "valid_water_fraction": 0.8871888834184029,
          "land_skip_threshold": 0.99,
          "min_water_fraction": 0.01,
          "skip_land_tiles": true,
          "skipped": false,
          "reason": "water_candidate",
          "message": "CFAR restrito aos pixels de água."
        },
        "land_fraction": 0.19040547520661158,
        "water_fraction": 0.8095945247933884,
        "valid_water_fraction": 0.8871888834184029,
        "land_mask_method": "natural_earth_land_point_mask",
        "wave_age": null,
        "wave_age_class": null,
        "wave_age_factor": 1.35,
        "wave_age_status": "fallback",
        "era5_time": null,
        "era5_lon": null,
        "era5_lat": null,
        "u10": null,
        "peak_wave_period": null,
        "friction_velocity": null,
        "phase_speed": null,
        "patch_label": "P083",
        "id": 25,
        "source": "cfar",
        "detection_method": "cfar"
      }
    },
    {
      "type": "Feature",
      "geometry": {
        "type": "Polygon",
        "coordinates": [
          [
            [
              -48.34656921043855,
              -27.441985817037555
            ],
            [
              -48.34744552996967,
              -27.441768325655662
            ],
            [
              -48.34768725426613,
              -27.442563187198907
            ],
            [
              -48.34681092897103,
              -27.442780680481107
            ],
            [
              -48.34656921043855,
              -27.441985817037555
            ]
          ]
        ]
      },
      "properties": {
        "lat": -27.442443228450333,
        "lon": -48.34702246391018,
        "area_px": 8,
        "min_sigma0_dB": -7.46999979019165,
        "mean_sigma0_dB": -3.2300000190734863,
        "max_sigma0_dB": 4.710000038146973,
        "threshold_cfar_dB": -11.1,
        "pixel_coords": {
          "row": 1074,
          "col": 1212,
          "row_resampled": 358,
          "col_resampled": 404
        },
        "bbox_pixel_coords": {
          "row_min": 1068,
          "row_max": 1077,
          "col_min": 1209,
          "col_max": 1218
        },
        "global_pixel_coords": {
          "row": 10914,
          "col": 25052
        },
        "source_product": "S1C_IW_GRDH_1SDV_20260808T083114_20260808T083139_008901_011A80_4DB5",
        "source_arquivo_id": null,
        "patch_id": 82,
        "patch_name": "patch_0083_VV",
        "geotiff_name": "patch_0083_VV_sigma0_preproc.tif",
        "polarization": "VV",
        "input_scale": "linear",
        "georef_method": "snap_geolocation_grid",
        "geocoding_method": "geolocation_grid",
        "geolocation_grid_status": null,
        "snap_geolocation_grid_used": null,
        "raster_crs": "EPSG:4326",
        "raster_transform": [
          0.00011455919246375529,
          0.0,
          -45.872485375674394,
          0.0,
          -0.00012450216928630096,
          -27.679858367111795,
          0.0,
          0.0,
          1.0
        ],
        "core_bbox_pixels": {
          "x0": 24000,
          "y0": 10000,
          "x1": 26000,
          "y1": 12000
        },
        "processing_bbox_pixels": {
          "x0": 23840,
          "y0": 9840,
          "x1": 26033,
          "y1": 12160
        },
        "core_bounds_lonlat": {
          "west": -48.46851051495224,
          "south": -27.563655698774937,
          "east": -48.22001470873496,
          "north": -27.33885574086457
        },
        "processing_bounds_lonlat": {
          "west": -48.47604848979648,
          "south": -27.5816481742189,
          "east": -48.200141629575064,
          "north": -27.32393175965686
        },
        "halo_pixels": 160,
        "valid_bbox_fraction": 1.0,
        "artifact_aspect_ratio": 1.0,
        "land_mask_info": {
          "enabled": true,
          "applied": true,
          "status": "ok",
          "stage": "cfar_water_mask",
          "resampled_shape": [
            773,
            731
          ],
          "sample_shape": [
            128,
            121
          ],
          "sample_max_dim": 128,
          "available": true,
          "method": "natural_earth_land_point_mask",
          "bounds_lonlat": {
            "west": -48.46851051495224,
            "south": -27.563655698774937,
            "east": -48.22001470873496,
            "north": -27.33885574086457
          },
          "mask_path": "/content/sismom_colab_work_v2/sources/api/copernicus_meta_1-main/copernicus-platform/frontend/public/shapes/ne_10m_land/ne_10m_land.shp",
          "land_buffer_degrees": 0.0,
          "valid_geolocation_points": 15488,
          "land_points": 2949,
          "water_points": 12539,
          "land_fraction": 0.19040547520661158,
          "water_fraction": 0.8095945247933884,
          "valid_pixels_before_land_mask": 481371,
          "valid_pixels_after_land_mask": 427067,
          "pixels_masked_by_land": 54304,
          "valid_water_fraction": 0.8871888834184029,
          "land_skip_threshold": 0.99,
          "min_water_fraction": 0.01,
          "skip_land_tiles": true,
          "skipped": false,
          "reason": "water_candidate",
          "message": "CFAR restrito aos pixels de água."
        },
        "land_fraction": 0.19040547520661158,
        "water_fraction": 0.8095945247933884,
        "valid_water_fraction": 0.8871888834184029,
        "land_mask_method": "natural_earth_land_point_mask",
        "wave_age": null,
        "wave_age_class": null,
        "wave_age_factor": 1.35,
        "wave_age_status": "fallback",
        "era5_time": null,
        "era5_lon": null,
        "era5_lat": null,
        "u10": null,
        "peak_wave_period": null,
        "friction_velocity": null,
        "phase_speed": null,
        "patch_label": "P083",
        "id": 26,
        "source": "cfar",
        "detection_method": "cfar"
      }
    },
    {
      "type": "Feature",
      "geometry": {
        "type": "Polygon",
        "coordinates": [
          [
            [
              -48.34697207465935,
              -27.443310589443477
            ],
            [
              -48.34755629406862,
              -27.443165593077428
            ],
            [
              -48.347798016441786,
              -27.44396045525411
            ],
            [
              -48.34721379318986,
              -27.444105452887033
            ],
            [
              -48.34697207465935,
              -27.443310589443477
            ]
          ]
        ]
      },
      "properties": {
        "lat": -27.44350304553049,
        "lon": -48.34734475784858,
        "area_px": 7,
        "min_sigma0_dB": -9.029999732971191,
        "mean_sigma0_dB": -6.559999942779541,
        "max_sigma0_dB": -4.150000095367432,
        "threshold_cfar_dB": -11.08,
        "pixel_coords": {
          "row": 1086,
          "col": 1212,
          "row_resampled": 362,
          "col_resampled": 404
        },
        "bbox_pixel_coords": {
          "row_min": 1083,
          "row_max": 1092,
          "col_min": 1209,
          "col_max": 1215
        },
        "global_pixel_coords": {
          "row": 10926,
          "col": 25052
        },
        "source_product": "S1C_IW_GRDH_1SDV_20260808T083114_20260808T083139_008901_011A80_4DB5",
        "source_arquivo_id": null,
        "patch_id": 82,
        "patch_name": "patch_0083_VV",
        "geotiff_name": "patch_0083_VV_sigma0_preproc.tif",
        "polarization": "VV",
        "input_scale": "linear",
        "georef_method": "snap_geolocation_grid",
        "geocoding_method": "geolocation_grid",
        "geolocation_grid_status": null,
        "snap_geolocation_grid_used": null,
        "raster_crs": "EPSG:4326",
        "raster_transform": [
          0.00011455919246375529,
          0.0,
          -45.872485375674394,
          0.0,
          -0.00012450216928630096,
          -27.679858367111795,
          0.0,
          0.0,
          1.0
        ],
        "core_bbox_pixels": {
          "x0": 24000,
          "y0": 10000,
          "x1": 26000,
          "y1": 12000
        },
        "processing_bbox_pixels": {
          "x0": 23840,
          "y0": 9840,
          "x1": 26033,
          "y1": 12160
        },
        "core_bounds_lonlat": {
          "west": -48.46851051495224,
          "south": -27.563655698774937,
          "east": -48.22001470873496,
          "north": -27.33885574086457
        },
        "processing_bounds_lonlat": {
          "west": -48.47604848979648,
          "south": -27.5816481742189,
          "east": -48.200141629575064,
          "north": -27.32393175965686
        },
        "halo_pixels": 160,
        "valid_bbox_fraction": 1.0,
        "artifact_aspect_ratio": 1.3333,
        "land_mask_info": {
          "enabled": true,
          "applied": true,
          "status": "ok",
          "stage": "cfar_water_mask",
          "resampled_shape": [
            773,
            731
          ],
          "sample_shape": [
            128,
            121
          ],
          "sample_max_dim": 128,
          "available": true,
          "method": "natural_earth_land_point_mask",
          "bounds_lonlat": {
            "west": -48.46851051495224,
            "south": -27.563655698774937,
            "east": -48.22001470873496,
            "north": -27.33885574086457
          },
          "mask_path": "/content/sismom_colab_work_v2/sources/api/copernicus_meta_1-main/copernicus-platform/frontend/public/shapes/ne_10m_land/ne_10m_land.shp",
          "land_buffer_degrees": 0.0,
          "valid_geolocation_points": 15488,
          "land_points": 2949,
          "water_points": 12539,
          "land_fraction": 0.19040547520661158,
          "water_fraction": 0.8095945247933884,
          "valid_pixels_before_land_mask": 481371,
          "valid_pixels_after_land_mask": 427067,
          "pixels_masked_by_land": 54304,
          "valid_water_fraction": 0.8871888834184029,
          "land_skip_threshold": 0.99,
          "min_water_fraction": 0.01,
          "skip_land_tiles": true,
          "skipped": false,
          "reason": "water_candidate",
          "message": "CFAR restrito aos pixels de água."
        },
        "land_fraction": 0.19040547520661158,
        "water_fraction": 0.8095945247933884,
        "valid_water_fraction": 0.8871888834184029,
        "land_mask_method": "natural_earth_land_point_mask",
        "wave_age": null,
        "wave_age_class": null,
        "wave_age_factor": 1.35,
        "wave_age_status": "fallback",
        "era5_time": null,
        "era5_lon": null,
        "era5_lat": null,
        "u10": null,
        "peak_wave_period": null,
        "friction_velocity": null,
        "phase_speed": null,
        "patch_label": "P083",
        "id": 27,
        "source": "cfar",
        "detection_method": "cfar"
      }
    },
    {
      "type": "Feature",
      "geometry": {
        "type": "Polygon",
        "coordinates": [
          [
            [
              -48.354474913516995,
              -27.484477467345236
            ],
            [
              -48.35564373756156,
              -27.484187348327886
            ],
            [
              -48.35709864277694,
              -27.488955871892177
            ],
            [
              -48.35592977327162,
              -27.48924600560525
            ],
            [
              -48.354474913516995,
              -27.484477467345236
            ]
          ]
        ]
      },
      "properties": {
        "lat": -27.486716673292637,
        "lon": -48.355786766781776,
        "area_px": 38,
        "min_sigma0_dB": -5.420000076293945,
        "mean_sigma0_dB": -2.2300000190734863,
        "max_sigma0_dB": 3.630000114440918,
        "threshold_cfar_dB": -5.67,
        "pixel_coords": {
          "row": 1563,
          "col": 1167,
          "row_resampled": 521,
          "col_resampled": 389
        },
        "bbox_pixel_coords": {
          "row_min": 1536,
          "row_max": 1590,
          "col_min": 1161,
          "col_max": 1173
        },
        "global_pixel_coords": {
          "row": 11403,
          "col": 25007
        },
        "source_product": "S1C_IW_GRDH_1SDV_20260808T083114_20260808T083139_008901_011A80_4DB5",
        "source_arquivo_id": null,
        "patch_id": 82,
        "patch_name": "patch_0083_VV",
        "geotiff_name": "patch_0083_VV_sigma0_preproc.tif",
        "polarization": "VV",
        "input_scale": "linear",
        "georef_method": "snap_geolocation_grid",
        "geocoding_method": "geolocation_grid",
        "geolocation_grid_status": null,
        "snap_geolocation_grid_used": null,
        "raster_crs": "EPSG:4326",
        "raster_transform": [
          0.00011455919246375529,
          0.0,
          -45.872485375674394,
          0.0,
          -0.00012450216928630096,
          -27.679858367111795,
          0.0,
          0.0,
          1.0
        ],
        "core_bbox_pixels": {
          "x0": 24000,
          "y0": 10000,
          "x1": 26000,
          "y1": 12000
        },
        "processing_bbox_pixels": {
          "x0": 23840,
          "y0": 9840,
          "x1": 26033,
          "y1": 12160
        },
        "core_bounds_lonlat": {
          "west": -48.46851051495224,
          "south": -27.563655698774937,
          "east": -48.22001470873496,
          "north": -27.33885574086457
        },
        "processing_bounds_lonlat": {
          "west": -48.47604848979648,
          "south": -27.5816481742189,
          "east": -48.200141629575064,
          "north": -27.32393175965686
        },
        "halo_pixels": 160,
        "valid_bbox_fraction": 1.0,
        "artifact_aspect_ratio": 3.8,
        "land_mask_info": {
          "enabled": true,
          "applied": true,
          "status": "ok",
          "stage": "cfar_water_mask",
          "resampled_shape": [
            773,
            731
          ],
          "sample_shape": [
            128,
            121
          ],
          "sample_max_dim": 128,
          "available": true,
          "method": "natural_earth_land_point_mask",
          "bounds_lonlat": {
            "west": -48.46851051495224,
            "south": -27.563655698774937,
            "east": -48.22001470873496,
            "north": -27.33885574086457
          },
          "mask_path": "/content/sismom_colab_work_v2/sources/api/copernicus_meta_1-main/copernicus-platform/frontend/public/shapes/ne_10m_land/ne_10m_land.shp",
          "land_buffer_degrees": 0.0,
          "valid_geolocation_points": 15488,
          "land_points": 2949,
          "water_points": 12539,
          "land_fraction": 0.19040547520661158,
          "water_fraction": 0.8095945247933884,
          "valid_pixels_before_land_mask": 481371,
          "valid_pixels_after_land_mask": 427067,
          "pixels_masked_by_land": 54304,
          "valid_water_fraction": 0.8871888834184029,
          "land_skip_threshold": 0.99,
          "min_water_fraction": 0.01,
          "skip_land_tiles": true,
          "skipped": false,
          "reason": "water_candidate",
          "message": "CFAR restrito aos pixels de água."
        },
        "land_fraction": 0.19040547520661158,
        "water_fraction": 0.8095945247933884,
        "valid_water_fraction": 0.8871888834184029,
        "land_mask_method": "natural_earth_land_point_mask",
        "wave_age": null,
        "wave_age_class": null,
        "wave_age_factor": 1.35,
        "wave_age_status": "fallback",
        "era5_time": null,
        "era5_lon": null,
        "era5_lat": null,
        "u10": null,
        "peak_wave_period": null,
        "friction_velocity": null,
        "phase_speed": null,
        "patch_label": "P083",
        "id": 28,
        "source": "cfar",
        "detection_method": "cfar"
      }
    },
    {
      "type": "Feature",
      "geometry": {
        "type": "Polygon",
        "coordinates": [
          [
            [
              -48.360654959842066,
              -27.4872181913575
            ],
            [
              -48.362700468420385,
              -27.48671046164588
            ],
            [
              -48.363185512593404,
              -27.488299945007785
            ],
            [
              -48.361139977496336,
              -27.488807683291903
            ],
            [
              -48.360654959842066,
              -27.4872181913575
            ]
          ]
        ]
      },
      "properties": {
        "lat": -27.487722803611632,
        "lon": -48.362066338270225,
        "area_px": 15,
        "min_sigma0_dB": -5.760000228881836,
        "mean_sigma0_dB": -3.259999990463257,
        "max_sigma0_dB": 3.5899999141693115,
        "threshold_cfar_dB": -6.2,
        "pixel_coords": {
          "row": 1590,
          "col": 1224,
          "row_resampled": 530,
          "col_resampled": 408
        },
        "bbox_pixel_coords": {
          "row_min": 1581,
          "row_max": 1599,
          "col_min": 1212,
          "col_max": 1233
        },
        "global_pixel_coords": {
          "row": 11430,
          "col": 25064
        },
        "source_product": "S1C_IW_GRDH_1SDV_20260808T083114_20260808T083139_008901_011A80_4DB5",
        "source_arquivo_id": null,
        "patch_id": 82,
        "patch_name": "patch_0083_VV",
        "geotiff_name": "patch_0083_VV_sigma0_preproc.tif",
        "polarization": "VV",
        "input_scale": "linear",
        "georef_method": "snap_geolocation_grid",
        "geocoding_method": "geolocation_grid",
        "geolocation_grid_status": null,
        "snap_geolocation_grid_used": null,
        "raster_crs": "EPSG:4326",
        "raster_transform": [
          0.00011455919246375529,
          0.0,
          -45.872485375674394,
          0.0,
          -0.00012450216928630096,
          -27.679858367111795,
          0.0,
          0.0,
          1.0
        ],
        "core_bbox_pixels": {
          "x0": 24000,
          "y0": 10000,
          "x1": 26000,
          "y1": 12000
        },
        "processing_bbox_pixels": {
          "x0": 23840,
          "y0": 9840,
          "x1": 26033,
          "y1": 12160
        },
        "core_bounds_lonlat": {
          "west": -48.46851051495224,
          "south": -27.563655698774937,
          "east": -48.22001470873496,
          "north": -27.33885574086457
        },
        "processing_bounds_lonlat": {
          "west": -48.47604848979648,
          "south": -27.5816481742189,
          "east": -48.200141629575064,
          "north": -27.32393175965686
        },
        "halo_pixels": 160,
        "valid_bbox_fraction": 1.0,
        "artifact_aspect_ratio": 1.1429,
        "land_mask_info": {
          "enabled": true,
          "applied": true,
          "status": "ok",
          "stage": "cfar_water_mask",
          "resampled_shape": [
            773,
            731
          ],
          "sample_shape": [
            128,
            121
          ],
          "sample_max_dim": 128,
          "available": true,
          "method": "natural_earth_land_point_mask",
          "bounds_lonlat": {
            "west": -48.46851051495224,
            "south": -27.563655698774937,
            "east": -48.22001470873496,
            "north": -27.33885574086457
          },
          "mask_path": "/content/sismom_colab_work_v2/sources/api/copernicus_meta_1-main/copernicus-platform/frontend/public/shapes/ne_10m_land/ne_10m_land.shp",
          "land_buffer_degrees": 0.0,
          "valid_geolocation_points": 15488,
          "land_points": 2949,
          "water_points": 12539,
          "land_fraction": 0.19040547520661158,
          "water_fraction": 0.8095945247933884,
          "valid_pixels_before_land_mask": 481371,
          "valid_pixels_after_land_mask": 427067,
          "pixels_masked_by_land": 54304,
          "valid_water_fraction": 0.8871888834184029,
          "land_skip_threshold": 0.99,
          "min_water_fraction": 0.01,
          "skip_land_tiles": true,
          "skipped": false,
          "reason": "water_candidate",
          "message": "CFAR restrito aos pixels de água."
        },
        "land_fraction": 0.19040547520661158,
        "water_fraction": 0.8095945247933884,
        "valid_water_fraction": 0.8871888834184029,
        "land_mask_method": "natural_earth_land_point_mask",
        "wave_age": null,
        "wave_age_class": null,
        "wave_age_factor": 1.35,
        "wave_age_status": "fallback",
        "era5_time": null,
        "era5_lon": null,
        "era5_lat": null,
        "u10": null,
        "peak_wave_period": null,
        "friction_velocity": null,
        "phase_speed": null,
        "patch_label": "P083",
        "id": 29,
        "source": "cfar",
        "detection_method": "cfar"
      }
    },
    {
      "type": "Feature",
      "geometry": {
        "type": "Polygon",
        "coordinates": [
          [
            [
              -48.363266353290065,
              -27.488564858901434
            ],
            [
              -48.363266353290065,
              -27.488564858901434
            ],
            [
              -48.363428034684546,
              -27.489094686688738
            ],
            [
              -48.363428034684546,
              -27.489094686688738
            ],
            [
              -48.363266353290065,
              -27.488564858901434
            ]
          ]
        ]
      },
      "properties": {
        "lat": -27.488829772795086,
        "lon": -48.36334719398731,
        "area_px": 3,
        "min_sigma0_dB": -5.480000019073486,
        "mean_sigma0_dB": -4.869999885559082,
        "max_sigma0_dB": -4.389999866485596,
        "threshold_cfar_dB": -6.12,
        "pixel_coords": {
          "row": 1605,
          "col": 1233,
          "row_resampled": 535,
          "col_resampled": 411
        },
        "bbox_pixel_coords": {
          "row_min": 1602,
          "row_max": 1608,
          "col_min": 1233,
          "col_max": 1233
        },
        "global_pixel_coords": {
          "row": 11445,
          "col": 25073
        },
        "source_product": "S1C_IW_GRDH_1SDV_20260808T083114_20260808T083139_008901_011A80_4DB5",
        "source_arquivo_id": null,
        "patch_id": 82,
        "patch_name": "patch_0083_VV",
        "geotiff_name": "patch_0083_VV_sigma0_preproc.tif",
        "polarization": "VV",
        "input_scale": "linear",
        "georef_method": "snap_geolocation_grid",
        "geocoding_method": "geolocation_grid",
        "geolocation_grid_status": null,
        "snap_geolocation_grid_used": null,
        "raster_crs": "EPSG:4326",
        "raster_transform": [
          0.00011455919246375529,
          0.0,
          -45.872485375674394,
          0.0,
          -0.00012450216928630096,
          -27.679858367111795,
          0.0,
          0.0,
          1.0
        ],
        "core_bbox_pixels": {
          "x0": 24000,
          "y0": 10000,
          "x1": 26000,
          "y1": 12000
        },
        "processing_bbox_pixels": {
          "x0": 23840,
          "y0": 9840,
          "x1": 26033,
          "y1": 12160
        },
        "core_bounds_lonlat": {
          "west": -48.46851051495224,
          "south": -27.563655698774937,
          "east": -48.22001470873496,
          "north": -27.33885574086457
        },
        "processing_bounds_lonlat": {
          "west": -48.47604848979648,
          "south": -27.5816481742189,
          "east": -48.200141629575064,
          "north": -27.32393175965686
        },
        "halo_pixels": 160,
        "valid_bbox_fraction": 1.0,
        "artifact_aspect_ratio": 3.0,
        "land_mask_info": {
          "enabled": true,
          "applied": true,
          "status": "ok",
          "stage": "cfar_water_mask",
          "resampled_shape": [
            773,
            731
          ],
          "sample_shape": [
            128,
            121
          ],
          "sample_max_dim": 128,
          "available": true,
          "method": "natural_earth_land_point_mask",
          "bounds_lonlat": {
            "west": -48.46851051495224,
            "south": -27.563655698774937,
            "east": -48.22001470873496,
            "north": -27.33885574086457
          },
          "mask_path": "/content/sismom_colab_work_v2/sources/api/copernicus_meta_1-main/copernicus-platform/frontend/public/shapes/ne_10m_land/ne_10m_land.shp",
          "land_buffer_degrees": 0.0,
          "valid_geolocation_points": 15488,
          "land_points": 2949,
          "water_points": 12539,
          "land_fraction": 0.19040547520661158,
          "water_fraction": 0.8095945247933884,
          "valid_pixels_before_land_mask": 481371,
          "valid_pixels_after_land_mask": 427067,
          "pixels_masked_by_land": 54304,
          "valid_water_fraction": 0.8871888834184029,
          "land_skip_threshold": 0.99,
          "min_water_fraction": 0.01,
          "skip_land_tiles": true,
          "skipped": false,
          "reason": "water_candidate",
          "message": "CFAR restrito aos pixels de água."
        },
        "land_fraction": 0.19040547520661158,
        "water_fraction": 0.8095945247933884,
        "valid_water_fraction": 0.8871888834184029,
        "land_mask_method": "natural_earth_land_point_mask",
        "wave_age": null,
        "wave_age_class": null,
        "wave_age_factor": 1.35,
        "wave_age_status": "fallback",
        "era5_time": null,
        "era5_lon": null,
        "era5_lat": null,
        "u10": null,
        "peak_wave_period": null,
        "friction_velocity": null,
        "phase_speed": null,
        "patch_label": "P083",
        "id": 30,
        "source": "cfar",
        "detection_method": "cfar"
      }
    },
    {
      "type": "Feature",
      "geometry": {
        "type": "Polygon",
        "coordinates": [
          [
            [
              -48.383276215366045,
              -27.607755416606206
            ],
            [
              -48.38590866962773,
              -27.607101808099685
            ],
            [
              -48.38736331354315,
              -27.611870416164358
            ],
            [
              -48.38473075699531,
              -27.61252405773624
            ],
            [
              -48.383276215366045,
              -27.607755416606206
            ]
          ]
        ]
      },
      "properties": {
        "lat": -27.609776612149446,
        "lon": -48.38546598910339,
        "area_px": 53,
        "min_sigma0_dB": -9.609999656677246,
        "mean_sigma0_dB": -5.809999942779541,
        "max_sigma0_dB": 1.2000000476837158,
        "threshold_cfar_dB": -12.22,
        "pixel_coords": {
          "row": 936,
          "col": 1092,
          "row_resampled": 312,
          "col_resampled": 364
        },
        "bbox_pixel_coords": {
          "row_min": 909,
          "row_max": 963,
          "col_min": 1077,
          "col_max": 1104
        },
        "global_pixel_coords": {
          "row": 12776,
          "col": 24932
        },
        "source_product": "S1C_IW_GRDH_1SDV_20260808T083114_20260808T083139_008901_011A80_4DB5",
        "source_arquivo_id": null,
        "patch_id": 96,
        "patch_name": "patch_0097_VV",
        "geotiff_name": "patch_0097_VV_sigma0_preproc.tif",
        "polarization": "VV",
        "input_scale": "linear",
        "georef_method": "snap_geolocation_grid",
        "geocoding_method": "geolocation_grid",
        "geolocation_grid_status": null,
        "snap_geolocation_grid_used": null,
        "raster_crs": "EPSG:4326",
        "raster_transform": [
          0.00011455919246375529,
          0.0,
          -45.872485375674394,
          0.0,
          -0.00012450216928630096,
          -27.928862705684395,
          0.0,
          0.0,
          1.0
        ],
        "core_bbox_pixels": {
          "x0": 24000,
          "y0": 12000,
          "x1": 26000,
          "y1": 14000
        },
        "processing_bbox_pixels": {
          "x0": 23840,
          "y0": 11840,
          "x1": 26033,
          "y1": 14160
        },
        "core_bounds_lonlat": {
          "west": -48.52261409521448,
          "south": -27.740302855128878,
          "east": -48.273647415962124,
          "north": -27.515438221389456
        },
        "processing_bounds_lonlat": {
          "west": -48.53017122255836,
          "south": -27.75830063331805,
          "east": -48.253737570180185,
          "north": -27.500514665900447
        },
        "halo_pixels": 160,
        "valid_bbox_fraction": 1.0,
        "artifact_aspect_ratio": 1.9,
        "land_mask_info": {
          "enabled": true,
          "applied": true,
          "status": "ok",
          "stage": "cfar_water_mask",
          "resampled_shape": [
            773,
            731
          ],
          "sample_shape": [
            128,
            121
          ],
          "sample_max_dim": 128,
          "available": true,
          "method": "natural_earth_land_point_mask",
          "bounds_lonlat": {
            "west": -48.52261409521448,
            "south": -27.740302855128878,
            "east": -48.273647415962124,
            "north": -27.515438221389456
          },
          "mask_path": "/content/sismom_colab_work_v2/sources/api/copernicus_meta_1-main/copernicus-platform/frontend/public/shapes/ne_10m_land/ne_10m_land.shp",
          "land_buffer_degrees": 0.0,
          "valid_geolocation_points": 15488,
          "land_points": 4105,
          "water_points": 11383,
          "land_fraction": 0.2650439049586777,
          "water_fraction": 0.7349560950413223,
          "valid_pixels_before_land_mask": 485960,
          "valid_pixels_after_land_mask": 416091,
          "pixels_masked_by_land": 69869,
          "valid_water_fraction": 0.8562247921639641,
          "land_skip_threshold": 0.99,
          "min_water_fraction": 0.01,
          "skip_land_tiles": true,
          "skipped": false,
          "reason": "water_candidate",
          "message": "CFAR restrito aos pixels de água."
        },
        "land_fraction": 0.2650439049586777,
        "water_fraction": 0.7349560950413223,
        "valid_water_fraction": 0.8562247921639641,
        "land_mask_method": "natural_earth_land_point_mask",
        "wave_age": null,
        "wave_age_class": null,
        "wave_age_factor": 1.35,
        "wave_age_status": "fallback",
        "era5_time": null,
        "era5_lon": null,
        "era5_lat": null,
        "u10": null,
        "peak_wave_period": null,
        "friction_velocity": null,
        "phase_speed": null,
        "patch_label": "P097",
        "id": 31,
        "source": "cfar",
        "detection_method": "cfar"
      }
    },
    {
      "type": "Feature",
      "geometry": {
        "type": "Polygon",
        "coordinates": [
          [
            [
              -48.46168959817463,
              -27.69117135850105
            ],
            [
              -48.4622750488858,
              -27.691025964800886
            ],
            [
              -48.46259978862623,
              -27.692085377456973
            ],
            [
              -48.462014332785586,
              -27.692230772789998
            ],
            [
              -48.46168959817463,
              -27.69117135850105
            ]
          ]
        ]
      },
      "properties": {
        "lat": -27.691628368387228,
        "lon": -48.46214469211806,
        "area_px": 6,
        "min_sigma0_dB": -3.7300000190734863,
        "mean_sigma0_dB": -3.2799999713897705,
        "max_sigma0_dB": -2.7799999713897705,
        "threshold_cfar_dB": -3.71,
        "pixel_coords": {
          "row": 1998,
          "col": 1584,
          "row_resampled": 666,
          "col_resampled": 528
        },
        "bbox_pixel_coords": {
          "row_min": 1992,
          "row_max": 2004,
          "col_min": 1581,
          "col_max": 1587
        },
        "global_pixel_coords": {
          "row": 13838,
          "col": 25424
        },
        "source_product": "S1C_IW_GRDH_1SDV_20260808T083114_20260808T083139_008901_011A80_4DB5",
        "source_arquivo_id": null,
        "patch_id": 96,
        "patch_name": "patch_0097_VV",
        "geotiff_name": "patch_0097_VV_sigma0_preproc.tif",
        "polarization": "VV",
        "input_scale": "linear",
        "georef_method": "snap_geolocation_grid",
        "geocoding_method": "geolocation_grid",
        "geolocation_grid_status": null,
        "snap_geolocation_grid_used": null,
        "raster_crs": "EPSG:4326",
        "raster_transform": [
          0.00011455919246375529,
          0.0,
          -45.872485375674394,
          0.0,
          -0.00012450216928630096,
          -27.928862705684395,
          0.0,
          0.0,
          1.0
        ],
        "core_bbox_pixels": {
          "x0": 24000,
          "y0": 12000,
          "x1": 26000,
          "y1": 14000
        },
        "processing_bbox_pixels": {
          "x0": 23840,
          "y0": 11840,
          "x1": 26033,
          "y1": 14160
        },
        "core_bounds_lonlat": {
          "west": -48.52261409521448,
          "south": -27.740302855128878,
          "east": -48.273647415962124,
          "north": -27.515438221389456
        },
        "processing_bounds_lonlat": {
          "west": -48.53017122255836,
          "south": -27.75830063331805,
          "east": -48.253737570180185,
          "north": -27.500514665900447
        },
        "halo_pixels": 160,
        "valid_bbox_fraction": 1.0,
        "artifact_aspect_ratio": 1.6667,
        "land_mask_info": {
          "enabled": true,
          "applied": true,
          "status": "ok",
          "stage": "cfar_water_mask",
          "resampled_shape": [
            773,
            731
          ],
          "sample_shape": [
            128,
            121
          ],
          "sample_max_dim": 128,
          "available": true,
          "method": "natural_earth_land_point_mask",
          "bounds_lonlat": {
            "west": -48.52261409521448,
            "south": -27.740302855128878,
            "east": -48.273647415962124,
            "north": -27.515438221389456
          },
          "mask_path": "/content/sismom_colab_work_v2/sources/api/copernicus_meta_1-main/copernicus-platform/frontend/public/shapes/ne_10m_land/ne_10m_land.shp",
          "land_buffer_degrees": 0.0,
          "valid_geolocation_points": 15488,
          "land_points": 4105,
          "water_points": 11383,
          "land_fraction": 0.2650439049586777,
          "water_fraction": 0.7349560950413223,
          "valid_pixels_before_land_mask": 485960,
          "valid_pixels_after_land_mask": 416091,
          "pixels_masked_by_land": 69869,
          "valid_water_fraction": 0.8562247921639641,
          "land_skip_threshold": 0.99,
          "min_water_fraction": 0.01,
          "skip_land_tiles": true,
          "skipped": false,
          "reason": "water_candidate",
          "message": "CFAR restrito aos pixels de água."
        },
        "land_fraction": 0.2650439049586777,
        "water_fraction": 0.7349560950413223,
        "valid_water_fraction": 0.8562247921639641,
        "land_mask_method": "natural_earth_land_point_mask",
        "wave_age": null,
        "wave_age_class": null,
        "wave_age_factor": 1.35,
        "wave_age_status": "fallback",
        "era5_time": null,
        "era5_lon": null,
        "era5_lat": null,
        "u10": null,
        "peak_wave_period": null,
        "friction_velocity": null,
        "phase_speed": null,
        "patch_label": "P097",
        "id": 32,
        "source": "cfar",
        "detection_method": "cfar"
      }
    },
    {
      "type": "Feature",
      "geometry": {
        "type": "Polygon",
        "coordinates": [
          [
            [
              -48.461136149024654,
              -27.692448865789533
            ],
            [
              -48.46230706070591,
              -27.692158075123483
            ],
            [
              -48.46279416646945,
              -27.693747195332264
            ],
            [
              -48.46162323939983,
              -27.69403799089688
            ],
            [
              -48.461136149024654,
              -27.692448865789533
            ]
          ]
        ]
      },
      "properties": {
        "lat": -27.693098031785542,
        "lon": -48.46196515389997,
        "area_px": 12,
        "min_sigma0_dB": -3.3299999237060547,
        "mean_sigma0_dB": -1.4500000476837158,
        "max_sigma0_dB": 2.740000009536743,
        "threshold_cfar_dB": -3.38,
        "pixel_coords": {
          "row": 2013,
          "col": 1578,
          "row_resampled": 671,
          "col_resampled": 526
        },
        "bbox_pixel_coords": {
          "row_min": 2004,
          "row_max": 2022,
          "col_min": 1572,
          "col_max": 1584
        },
        "global_pixel_coords": {
          "row": 13853,
          "col": 25418
        },
        "source_product": "S1C_IW_GRDH_1SDV_20260808T083114_20260808T083139_008901_011A80_4DB5",
        "source_arquivo_id": null,
        "patch_id": 96,
        "patch_name": "patch_0097_VV",
        "geotiff_name": "patch_0097_VV_sigma0_preproc.tif",
        "polarization": "VV",
        "input_scale": "linear",
        "georef_method": "snap_geolocation_grid",
        "geocoding_method": "geolocation_grid",
        "geolocation_grid_status": null,
        "snap_geolocation_grid_used": null,
        "raster_crs": "EPSG:4326",
        "raster_transform": [
          0.00011455919246375529,
          0.0,
          -45.872485375674394,
          0.0,
          -0.00012450216928630096,
          -27.928862705684395,
          0.0,
          0.0,
          1.0
        ],
        "core_bbox_pixels": {
          "x0": 24000,
          "y0": 12000,
          "x1": 26000,
          "y1": 14000
        },
        "processing_bbox_pixels": {
          "x0": 23840,
          "y0": 11840,
          "x1": 26033,
          "y1": 14160
        },
        "core_bounds_lonlat": {
          "west": -48.52261409521448,
          "south": -27.740302855128878,
          "east": -48.273647415962124,
          "north": -27.515438221389456
        },
        "processing_bounds_lonlat": {
          "west": -48.53017122255836,
          "south": -27.75830063331805,
          "east": -48.253737570180185,
          "north": -27.500514665900447
        },
        "halo_pixels": 160,
        "valid_bbox_fraction": 1.0,
        "artifact_aspect_ratio": 1.4,
        "land_mask_info": {
          "enabled": true,
          "applied": true,
          "status": "ok",
          "stage": "cfar_water_mask",
          "resampled_shape": [
            773,
            731
          ],
          "sample_shape": [
            128,
            121
          ],
          "sample_max_dim": 128,
          "available": true,
          "method": "natural_earth_land_point_mask",
          "bounds_lonlat": {
            "west": -48.52261409521448,
            "south": -27.740302855128878,
            "east": -48.273647415962124,
            "north": -27.515438221389456
          },
          "mask_path": "/content/sismom_colab_work_v2/sources/api/copernicus_meta_1-main/copernicus-platform/frontend/public/shapes/ne_10m_land/ne_10m_land.shp",
          "land_buffer_degrees": 0.0,
          "valid_geolocation_points": 15488,
          "land_points": 4105,
          "water_points": 11383,
          "land_fraction": 0.2650439049586777,
          "water_fraction": 0.7349560950413223,
          "valid_pixels_before_land_mask": 485960,
          "valid_pixels_after_land_mask": 416091,
          "pixels_masked_by_land": 69869,
          "valid_water_fraction": 0.8562247921639641,
          "land_skip_threshold": 0.99,
          "min_water_fraction": 0.01,
          "skip_land_tiles": true,
          "skipped": false,
          "reason": "water_candidate",
          "message": "CFAR restrito aos pixels de água."
        },
        "land_fraction": 0.2650439049586777,
        "water_fraction": 0.7349560950413223,
        "valid_water_fraction": 0.8562247921639641,
        "land_mask_method": "natural_earth_land_point_mask",
        "wave_age": null,
        "wave_age_class": null,
        "wave_age_factor": 1.35,
        "wave_age_status": "fallback",
        "era5_time": null,
        "era5_lon": null,
        "era5_lat": null,
        "u10": null,
        "peak_wave_period": null,
        "friction_velocity": null,
        "phase_speed": null,
        "patch_label": "P097",
        "id": 33,
        "source": "cfar",
        "detection_method": "cfar"
      }
    },
    {
      "type": "Feature",
      "geometry": {
        "type": "Polygon",
        "coordinates": [
          [
            [
              -48.46320008793907,
              -27.695071462172912
            ],
            [
              -48.46320008793907,
              -27.695071462172912
            ],
            [
              -48.46336245652692,
              -27.69560116890917
            ],
            [
              -48.46336245652692,
              -27.69560116890917
            ],
            [
              -48.46320008793907,
              -27.695071462172912
            ]
          ]
        ]
      },
      "properties": {
        "lat": -27.69533631554104,
        "lon": -48.463281272233004,
        "area_px": 3,
        "min_sigma0_dB": -2.559999942779541,
        "mean_sigma0_dB": -1.5399999618530273,
        "max_sigma0_dB": -0.5199999809265137,
        "threshold_cfar_dB": -3.21,
        "pixel_coords": {
          "row": 2040,
          "col": 1584,
          "row_resampled": 680,
          "col_resampled": 528
        },
        "bbox_pixel_coords": {
          "row_min": 2037,
          "row_max": 2043,
          "col_min": 1584,
          "col_max": 1584
        },
        "global_pixel_coords": {
          "row": 13880,
          "col": 25424
        },
        "source_product": "S1C_IW_GRDH_1SDV_20260808T083114_20260808T083139_008901_011A80_4DB5",
        "source_arquivo_id": null,
        "patch_id": 96,
        "patch_name": "patch_0097_VV",
        "geotiff_name": "patch_0097_VV_sigma0_preproc.tif",
        "polarization": "VV",
        "input_scale": "linear",
        "georef_method": "snap_geolocation_grid",
        "geocoding_method": "geolocation_grid",
        "geolocation_grid_status": null,
        "snap_geolocation_grid_used": null,
        "raster_crs": "EPSG:4326",
        "raster_transform": [
          0.00011455919246375529,
          0.0,
          -45.872485375674394,
          0.0,
          -0.00012450216928630096,
          -27.928862705684395,
          0.0,
          0.0,
          1.0
        ],
        "core_bbox_pixels": {
          "x0": 24000,
          "y0": 12000,
          "x1": 26000,
          "y1": 14000
        },
        "processing_bbox_pixels": {
          "x0": 23840,
          "y0": 11840,
          "x1": 26033,
          "y1": 14160
        },
        "core_bounds_lonlat": {
          "west": -48.52261409521448,
          "south": -27.740302855128878,
          "east": -48.273647415962124,
          "north": -27.515438221389456
        },
        "processing_bounds_lonlat": {
          "west": -48.53017122255836,
          "south": -27.75830063331805,
          "east": -48.253737570180185,
          "north": -27.500514665900447
        },
        "halo_pixels": 160,
        "valid_bbox_fraction": 1.0,
        "artifact_aspect_ratio": 3.0,
        "land_mask_info": {
          "enabled": true,
          "applied": true,
          "status": "ok",
          "stage": "cfar_water_mask",
          "resampled_shape": [
            773,
            731
          ],
          "sample_shape": [
            128,
            121
          ],
          "sample_max_dim": 128,
          "available": true,
          "method": "natural_earth_land_point_mask",
          "bounds_lonlat": {
            "west": -48.52261409521448,
            "south": -27.740302855128878,
            "east": -48.273647415962124,
            "north": -27.515438221389456
          },
          "mask_path": "/content/sismom_colab_work_v2/sources/api/copernicus_meta_1-main/copernicus-platform/frontend/public/shapes/ne_10m_land/ne_10m_land.shp",
          "land_buffer_degrees": 0.0,
          "valid_geolocation_points": 15488,
          "land_points": 4105,
          "water_points": 11383,
          "land_fraction": 0.2650439049586777,
          "water_fraction": 0.7349560950413223,
          "valid_pixels_before_land_mask": 485960,
          "valid_pixels_after_land_mask": 416091,
          "pixels_masked_by_land": 69869,
          "valid_water_fraction": 0.8562247921639641,
          "land_skip_threshold": 0.99,
          "min_water_fraction": 0.01,
          "skip_land_tiles": true,
          "skipped": false,
          "reason": "water_candidate",
          "message": "CFAR restrito aos pixels de água."
        },
        "land_fraction": 0.2650439049586777,
        "water_fraction": 0.7349560950413223,
        "valid_water_fraction": 0.8562247921639641,
        "land_mask_method": "natural_earth_land_point_mask",
        "wave_age": null,
        "wave_age_class": null,
        "wave_age_factor": 1.35,
        "wave_age_status": "fallback",
        "era5_time": null,
        "era5_lon": null,
        "era5_lat": null,
        "u10": null,
        "peak_wave_period": null,
        "friction_velocity": null,
        "phase_speed": null,
        "patch_label": "P097",
        "id": 34,
        "source": "cfar",
        "detection_method": "cfar"
      }
    },
    {
      "type": "Feature",
      "geometry": {
        "type": "Polygon",
        "coordinates": [
          [
            [
              -48.46272779487151,
              -27.696613831810243
            ],
            [
              -48.46272779487151,
              -27.696613831810243
            ],
            [
              -48.46289015961301,
              -27.697143539771144
            ],
            [
              -48.46289015961301,
              -27.697143539771144
            ],
            [
              -48.46272779487151,
              -27.696613831810243
            ]
          ]
        ]
      },
      "properties": {
        "lat": -27.69687868579069,
        "lon": -48.462808977242254,
        "area_px": 3,
        "min_sigma0_dB": -2.940000057220459,
        "mean_sigma0_dB": -2.0799999237060547,
        "max_sigma0_dB": -0.47999998927116394,
        "threshold_cfar_dB": -3.12,
        "pixel_coords": {
          "row": 2055,
          "col": 1575,
          "row_resampled": 685,
          "col_resampled": 525
        },
        "bbox_pixel_coords": {
          "row_min": 2052,
          "row_max": 2058,
          "col_min": 1575,
          "col_max": 1575
        },
        "global_pixel_coords": {
          "row": 13895,
          "col": 25415
        },
        "source_product": "S1C_IW_GRDH_1SDV_20260808T083114_20260808T083139_008901_011A80_4DB5",
        "source_arquivo_id": null,
        "patch_id": 96,
        "patch_name": "patch_0097_VV",
        "geotiff_name": "patch_0097_VV_sigma0_preproc.tif",
        "polarization": "VV",
        "input_scale": "linear",
        "georef_method": "snap_geolocation_grid",
        "geocoding_method": "geolocation_grid",
        "geolocation_grid_status": null,
        "snap_geolocation_grid_used": null,
        "raster_crs": "EPSG:4326",
        "raster_transform": [
          0.00011455919246375529,
          0.0,
          -45.872485375674394,
          0.0,
          -0.00012450216928630096,
          -27.928862705684395,
          0.0,
          0.0,
          1.0
        ],
        "core_bbox_pixels": {
          "x0": 24000,
          "y0": 12000,
          "x1": 26000,
          "y1": 14000
        },
        "processing_bbox_pixels": {
          "x0": 23840,
          "y0": 11840,
          "x1": 26033,
          "y1": 14160
        },
        "core_bounds_lonlat": {
          "west": -48.52261409521448,
          "south": -27.740302855128878,
          "east": -48.273647415962124,
          "north": -27.515438221389456
        },
        "processing_bounds_lonlat": {
          "west": -48.53017122255836,
          "south": -27.75830063331805,
          "east": -48.253737570180185,
          "north": -27.500514665900447
        },
        "halo_pixels": 160,
        "valid_bbox_fraction": 1.0,
        "artifact_aspect_ratio": 3.0,
        "land_mask_info": {
          "enabled": true,
          "applied": true,
          "status": "ok",
          "stage": "cfar_water_mask",
          "resampled_shape": [
            773,
            731
          ],
          "sample_shape": [
            128,
            121
          ],
          "sample_max_dim": 128,
          "available": true,
          "method": "natural_earth_land_point_mask",
          "bounds_lonlat": {
            "west": -48.52261409521448,
            "south": -27.740302855128878,
            "east": -48.273647415962124,
            "north": -27.515438221389456
          },
          "mask_path": "/content/sismom_colab_work_v2/sources/api/copernicus_meta_1-main/copernicus-platform/frontend/public/shapes/ne_10m_land/ne_10m_land.shp",
          "land_buffer_degrees": 0.0,
          "valid_geolocation_points": 15488,
          "land_points": 4105,
          "water_points": 11383,
          "land_fraction": 0.2650439049586777,
          "water_fraction": 0.7349560950413223,
          "valid_pixels_before_land_mask": 485960,
          "valid_pixels_after_land_mask": 416091,
          "pixels_masked_by_land": 69869,
          "valid_water_fraction": 0.8562247921639641,
          "land_skip_threshold": 0.99,
          "min_water_fraction": 0.01,
          "skip_land_tiles": true,
          "skipped": false,
          "reason": "water_candidate",
          "message": "CFAR restrito aos pixels de água."
        },
        "land_fraction": 0.2650439049586777,
        "water_fraction": 0.7349560950413223,
        "valid_water_fraction": 0.8562247921639641,
        "land_mask_method": "natural_earth_land_point_mask",
        "wave_age": null,
        "wave_age_class": null,
        "wave_age_factor": 1.35,
        "wave_age_status": "fallback",
        "era5_time": null,
        "era5_lon": null,
        "era5_lat": null,
        "u10": null,
        "peak_wave_period": null,
        "friction_velocity": null,
        "phase_speed": null,
        "patch_label": "P097",
        "id": 35,
        "source": "cfar",
        "detection_method": "cfar"
      }
    },
    {
      "type": "Feature",
      "geometry": {
        "type": "Polygon",
        "coordinates": [
          [
            [
              -48.463800373148615,
              -27.69805755137921
            ],
            [
              -48.464093115174926,
              -27.69798484922234
            ],
            [
              -48.46425548376351,
              -27.698514555958596
            ],
            [
              -48.463962740454825,
              -27.69858725852368
            ],
            [
              -48.463800373148615,
              -27.69805755137921
            ]
          ]
        ]
      },
      "properties": {
        "lat": -27.69824970259047,
        "lon": -48.46417429946922,
        "area_px": 4,
        "min_sigma0_dB": -1.5099999904632568,
        "mean_sigma0_dB": -1.0700000524520874,
        "max_sigma0_dB": -0.03999999910593033,
        "threshold_cfar_dB": -3.42,
        "pixel_coords": {
          "row": 2073,
          "col": 1584,
          "row_resampled": 691,
          "col_resampled": 528
        },
        "bbox_pixel_coords": {
          "row_min": 2070,
          "row_max": 2076,
          "col_min": 1581,
          "col_max": 1584
        },
        "global_pixel_coords": {
          "row": 13913,
          "col": 25424
        },
        "source_product": "S1C_IW_GRDH_1SDV_20260808T083114_20260808T083139_008901_011A80_4DB5",
        "source_arquivo_id": null,
        "patch_id": 96,
        "patch_name": "patch_0097_VV",
        "geotiff_name": "patch_0097_VV_sigma0_preproc.tif",
        "polarization": "VV",
        "input_scale": "linear",
        "georef_method": "snap_geolocation_grid",
        "geocoding_method": "geolocation_grid",
        "geolocation_grid_status": null,
        "snap_geolocation_grid_used": null,
        "raster_crs": "EPSG:4326",
        "raster_transform": [
          0.00011455919246375529,
          0.0,
          -45.872485375674394,
          0.0,
          -0.00012450216928630096,
          -27.928862705684395,
          0.0,
          0.0,
          1.0
        ],
        "core_bbox_pixels": {
          "x0": 24000,
          "y0": 12000,
          "x1": 26000,
          "y1": 14000
        },
        "processing_bbox_pixels": {
          "x0": 23840,
          "y0": 11840,
          "x1": 26033,
          "y1": 14160
        },
        "core_bounds_lonlat": {
          "west": -48.52261409521448,
          "south": -27.740302855128878,
          "east": -48.273647415962124,
          "north": -27.515438221389456
        },
        "processing_bounds_lonlat": {
          "west": -48.53017122255836,
          "south": -27.75830063331805,
          "east": -48.253737570180185,
          "north": -27.500514665900447
        },
        "halo_pixels": 160,
        "valid_bbox_fraction": 1.0,
        "artifact_aspect_ratio": 1.5,
        "land_mask_info": {
          "enabled": true,
          "applied": true,
          "status": "ok",
          "stage": "cfar_water_mask",
          "resampled_shape": [
            773,
            731
          ],
          "sample_shape": [
            128,
            121
          ],
          "sample_max_dim": 128,
          "available": true,
          "method": "natural_earth_land_point_mask",
          "bounds_lonlat": {
            "west": -48.52261409521448,
            "south": -27.740302855128878,
            "east": -48.273647415962124,
            "north": -27.515438221389456
          },
          "mask_path": "/content/sismom_colab_work_v2/sources/api/copernicus_meta_1-main/copernicus-platform/frontend/public/shapes/ne_10m_land/ne_10m_land.shp",
          "land_buffer_degrees": 0.0,
          "valid_geolocation_points": 15488,
          "land_points": 4105,
          "water_points": 11383,
          "land_fraction": 0.2650439049586777,
          "water_fraction": 0.7349560950413223,
          "valid_pixels_before_land_mask": 485960,
          "valid_pixels_after_land_mask": 416091,
          "pixels_masked_by_land": 69869,
          "valid_water_fraction": 0.8562247921639641,
          "land_skip_threshold": 0.99,
          "min_water_fraction": 0.01,
          "skip_land_tiles": true,
          "skipped": false,
          "reason": "water_candidate",
          "message": "CFAR restrito aos pixels de água."
        },
        "land_fraction": 0.2650439049586777,
        "water_fraction": 0.7349560950413223,
        "valid_water_fraction": 0.8562247921639641,
        "land_mask_method": "natural_earth_land_point_mask",
        "wave_age": null,
        "wave_age_class": null,
        "wave_age_factor": 1.35,
        "wave_age_status": "fallback",
        "era5_time": null,
        "era5_lon": null,
        "era5_lat": null,
        "u10": null,
        "peak_wave_period": null,
        "friction_velocity": null,
        "phase_speed": null,
        "patch_label": "P097",
        "id": 36,
        "source": "cfar",
        "detection_method": "cfar"
      }
    },
    {
      "type": "Feature",
      "geometry": {
        "type": "Polygon",
        "coordinates": [
          [
            [
              -48.46353961857896,
              -27.69926237161475
            ],
            [
              -48.46441785235209,
              -27.699044262694855
            ],
            [
              -48.46506732670642,
              -27.701163089639895
            ],
            [
              -48.46418907754492,
              -27.70138120345836
            ],
            [
              -48.46353961857896,
              -27.69926237161475
            ]
          ]
        ]
      },
      "properties": {
        "lat": -27.70024908374683,
        "lon": -48.464157095217715,
        "area_px": 15,
        "min_sigma0_dB": -3.4600000381469727,
        "mean_sigma0_dB": -1.3899999856948853,
        "max_sigma0_dB": 0.8899999856948853,
        "threshold_cfar_dB": -3.42,
        "pixel_coords": {
          "row": 2094,
          "col": 1578,
          "row_resampled": 698,
          "col_resampled": 526
        },
        "bbox_pixel_coords": {
          "row_min": 2082,
          "row_max": 2106,
          "col_min": 1575,
          "col_max": 1584
        },
        "global_pixel_coords": {
          "row": 13934,
          "col": 25418
        },
        "source_product": "S1C_IW_GRDH_1SDV_20260808T083114_20260808T083139_008901_011A80_4DB5",
        "source_arquivo_id": null,
        "patch_id": 96,
        "patch_name": "patch_0097_VV",
        "geotiff_name": "patch_0097_VV_sigma0_preproc.tif",
        "polarization": "VV",
        "input_scale": "linear",
        "georef_method": "snap_geolocation_grid",
        "geocoding_method": "geolocation_grid",
        "geolocation_grid_status": null,
        "snap_geolocation_grid_used": null,
        "raster_crs": "EPSG:4326",
        "raster_transform": [
          0.00011455919246375529,
          0.0,
          -45.872485375674394,
          0.0,
          -0.00012450216928630096,
          -27.928862705684395,
          0.0,
          0.0,
          1.0
        ],
        "core_bbox_pixels": {
          "x0": 24000,
          "y0": 12000,
          "x1": 26000,
          "y1": 14000
        },
        "processing_bbox_pixels": {
          "x0": 23840,
          "y0": 11840,
          "x1": 26033,
          "y1": 14160
        },
        "core_bounds_lonlat": {
          "west": -48.52261409521448,
          "south": -27.740302855128878,
          "east": -48.273647415962124,
          "north": -27.515438221389456
        },
        "processing_bounds_lonlat": {
          "west": -48.53017122255836,
          "south": -27.75830063331805,
          "east": -48.253737570180185,
          "north": -27.500514665900447
        },
        "halo_pixels": 160,
        "valid_bbox_fraction": 1.0,
        "artifact_aspect_ratio": 2.25,
        "land_mask_info": {
          "enabled": true,
          "applied": true,
          "status": "ok",
          "stage": "cfar_water_mask",
          "resampled_shape": [
            773,
            731
          ],
          "sample_shape": [
            128,
            121
          ],
          "sample_max_dim": 128,
          "available": true,
          "method": "natural_earth_land_point_mask",
          "bounds_lonlat": {
            "west": -48.52261409521448,
            "south": -27.740302855128878,
            "east": -48.273647415962124,
            "north": -27.515438221389456
          },
          "mask_path": "/content/sismom_colab_work_v2/sources/api/copernicus_meta_1-main/copernicus-platform/frontend/public/shapes/ne_10m_land/ne_10m_land.shp",
          "land_buffer_degrees": 0.0,
          "valid_geolocation_points": 15488,
          "land_points": 4105,
          "water_points": 11383,
          "land_fraction": 0.2650439049586777,
          "water_fraction": 0.7349560950413223,
          "valid_pixels_before_land_mask": 485960,
          "valid_pixels_after_land_mask": 416091,
          "pixels_masked_by_land": 69869,
          "valid_water_fraction": 0.8562247921639641,
          "land_skip_threshold": 0.99,
          "min_water_fraction": 0.01,
          "skip_land_tiles": true,
          "skipped": false,
          "reason": "water_candidate",
          "message": "CFAR restrito aos pixels de água."
        },
        "land_fraction": 0.2650439049586777,
        "water_fraction": 0.7349560950413223,
        "valid_water_fraction": 0.8562247921639641,
        "land_mask_method": "natural_earth_land_point_mask",
        "wave_age": null,
        "wave_age_class": null,
        "wave_age_factor": 1.35,
        "wave_age_status": "fallback",
        "era5_time": null,
        "era5_lon": null,
        "era5_lat": null,
        "u10": null,
        "peak_wave_period": null,
        "friction_velocity": null,
        "phase_speed": null,
        "patch_label": "P097",
        "id": 37,
        "source": "cfar",
        "detection_method": "cfar"
      }
    },
    {
      "type": "Feature",
      "geometry": {
        "type": "Polygon",
        "coordinates": [
          [
            [
              -48.430278459340904,
              -27.839661316005813
            ],
            [
              -48.430865105159874,
              -27.839516022100707
            ],
            [
              -48.431108737698146,
              -27.84031020906761
            ],
            [
              -48.430522087957215,
              -27.840455504239586
            ],
            [
              -48.430278459340904,
              -27.839661316005813
            ]
          ]
        ]
      },
      "properties": {
        "lat": -27.83985339825337,
        "lon": -48.43065299244281,
        "area_px": 6,
        "min_sigma0_dB": -7.75,
        "mean_sigma0_dB": -6.230000019073486,
        "max_sigma0_dB": -3.4800000190734863,
        "threshold_cfar_dB": -8.52,
        "pixel_coords": {
          "row": 1476,
          "col": 852,
          "row_resampled": 492,
          "col_resampled": 284
        },
        "bbox_pixel_coords": {
          "row_min": 1473,
          "row_max": 1482,
          "col_min": 849,
          "col_max": 855
        },
        "global_pixel_coords": {
          "row": 15316,
          "col": 24692
        },
        "source_product": "S1C_IW_GRDH_1SDV_20260808T083114_20260808T083139_008901_011A80_4DB5",
        "source_arquivo_id": null,
        "patch_id": 110,
        "patch_name": "patch_0111_VV",
        "geotiff_name": "patch_0111_VV_sigma0_preproc.tif",
        "polarization": "VV",
        "input_scale": "linear",
        "georef_method": "snap_geolocation_grid",
        "geocoding_method": "geolocation_grid",
        "geolocation_grid_status": null,
        "snap_geolocation_grid_used": null,
        "raster_crs": "EPSG:4326",
        "raster_transform": [
          0.00011455919246375529,
          0.0,
          -45.872485375674394,
          0.0,
          -0.00012450216928630096,
          -28.177867044257,
          0.0,
          0.0,
          1.0
        ],
        "core_bbox_pixels": {
          "x0": 24000,
          "y0": 14000,
          "x1": 26000,
          "y1": 16000
        },
        "processing_bbox_pixels": {
          "x0": 23840,
          "y0": 13840,
          "x1": 26033,
          "y1": 16160
        },
        "core_bounds_lonlat": {
          "west": -48.57688031268643,
          "south": -27.916878431350906,
          "east": -48.32746865891453,
          "north": -27.69199469658323
        },
        "processing_bounds_lonlat": {
          "west": -48.5844518915953,
          "south": -27.934874421039137,
          "east": -48.307521795578516,
          "north": -27.67707159870721
        },
        "halo_pixels": 160,
        "valid_bbox_fraction": 1.0,
        "artifact_aspect_ratio": 1.3333,
        "land_mask_info": {
          "enabled": true,
          "applied": true,
          "status": "ok",
          "stage": "cfar_water_mask",
          "resampled_shape": [
            773,
            731
          ],
          "sample_shape": [
            128,
            121
          ],
          "sample_max_dim": 128,
          "available": true,
          "method": "natural_earth_land_point_mask",
          "bounds_lonlat": {
            "west": -48.57688031268643,
            "south": -27.916878431350906,
            "east": -48.32746865891453,
            "north": -27.69199469658323
          },
          "mask_path": "/content/sismom_colab_work_v2/sources/api/copernicus_meta_1-main/copernicus-platform/frontend/public/shapes/ne_10m_land/ne_10m_land.shp",
          "land_buffer_degrees": 0.0,
          "valid_geolocation_points": 15488,
          "land_points": 2060,
          "water_points": 13428,
          "land_fraction": 0.13300619834710745,
          "water_fraction": 0.8669938016528925,
          "valid_pixels_before_land_mask": 487286,
          "valid_pixels_after_land_mask": 468090,
          "pixels_masked_by_land": 19196,
          "valid_water_fraction": 0.9606062969180317,
          "land_skip_threshold": 0.99,
          "min_water_fraction": 0.01,
          "skip_land_tiles": true,
          "skipped": false,
          "reason": "water_candidate",
          "message": "CFAR restrito aos pixels de água."
        },
        "land_fraction": 0.13300619834710745,
        "water_fraction": 0.8669938016528925,
        "valid_water_fraction": 0.9606062969180317,
        "land_mask_method": "natural_earth_land_point_mask",
        "wave_age": null,
        "wave_age_class": null,
        "wave_age_factor": 1.35,
        "wave_age_status": "fallback",
        "era5_time": null,
        "era5_lon": null,
        "era5_lat": null,
        "u10": null,
        "peak_wave_period": null,
        "friction_velocity": null,
        "phase_speed": null,
        "patch_label": "P111",
        "id": 38,
        "source": "cfar",
        "detection_method": "cfar"
      }
    },
    {
      "type": "Feature",
      "geometry": {
        "type": "Polygon",
        "coordinates": [
          [
            [
              -48.428418843396045,
              -27.84183073917795
            ],
            [
              -48.4292990824163,
              -27.841612933570477
            ],
            [
              -48.429542701227696,
              -27.842407124971434
            ],
            [
              -48.42866245629118,
              -27.842624932479218
            ],
            [
              -48.428418843396045,
              -27.84183073917795
            ]
          ]
        ]
      },
      "properties": {
        "lat": -27.842022881441004,
        "lon": -48.42879348598111,
        "area_px": 8,
        "min_sigma0_dB": -7.599999904632568,
        "mean_sigma0_dB": -5.78000020980835,
        "max_sigma0_dB": -2.4700000286102295,
        "threshold_cfar_dB": -8.63,
        "pixel_coords": {
          "row": 1494,
          "col": 828,
          "row_resampled": 498,
          "col_resampled": 276
        },
        "bbox_pixel_coords": {
          "row_min": 1491,
          "row_max": 1500,
          "col_min": 825,
          "col_max": 834
        },
        "global_pixel_coords": {
          "row": 15334,
          "col": 24668
        },
        "source_product": "S1C_IW_GRDH_1SDV_20260808T083114_20260808T083139_008901_011A80_4DB5",
        "source_arquivo_id": null,
        "patch_id": 110,
        "patch_name": "patch_0111_VV",
        "geotiff_name": "patch_0111_VV_sigma0_preproc.tif",
        "polarization": "VV",
        "input_scale": "linear",
        "georef_method": "snap_geolocation_grid",
        "geocoding_method": "geolocation_grid",
        "geolocation_grid_status": null,
        "snap_geolocation_grid_used": null,
        "raster_crs": "EPSG:4326",
        "raster_transform": [
          0.00011455919246375529,
          0.0,
          -45.872485375674394,
          0.0,
          -0.00012450216928630096,
          -28.177867044257,
          0.0,
          0.0,
          1.0
        ],
        "core_bbox_pixels": {
          "x0": 24000,
          "y0": 14000,
          "x1": 26000,
          "y1": 16000
        },
        "processing_bbox_pixels": {
          "x0": 23840,
          "y0": 13840,
          "x1": 26033,
          "y1": 16160
        },
        "core_bounds_lonlat": {
          "west": -48.57688031268643,
          "south": -27.916878431350906,
          "east": -48.32746865891453,
          "north": -27.69199469658323
        },
        "processing_bounds_lonlat": {
          "west": -48.5844518915953,
          "south": -27.934874421039137,
          "east": -48.307521795578516,
          "north": -27.67707159870721
        },
        "halo_pixels": 160,
        "valid_bbox_fraction": 1.0,
        "artifact_aspect_ratio": 1.0,
        "land_mask_info": {
          "enabled": true,
          "applied": true,
          "status": "ok",
          "stage": "cfar_water_mask",
          "resampled_shape": [
            773,
            731
          ],
          "sample_shape": [
            128,
            121
          ],
          "sample_max_dim": 128,
          "available": true,
          "method": "natural_earth_land_point_mask",
          "bounds_lonlat": {
            "west": -48.57688031268643,
            "south": -27.916878431350906,
            "east": -48.32746865891453,
            "north": -27.69199469658323
          },
          "mask_path": "/content/sismom_colab_work_v2/sources/api/copernicus_meta_1-main/copernicus-platform/frontend/public/shapes/ne_10m_land/ne_10m_land.shp",
          "land_buffer_degrees": 0.0,
          "valid_geolocation_points": 15488,
          "land_points": 2060,
          "water_points": 13428,
          "land_fraction": 0.13300619834710745,
          "water_fraction": 0.8669938016528925,
          "valid_pixels_before_land_mask": 487286,
          "valid_pixels_after_land_mask": 468090,
          "pixels_masked_by_land": 19196,
          "valid_water_fraction": 0.9606062969180317,
          "land_skip_threshold": 0.99,
          "min_water_fraction": 0.01,
          "skip_land_tiles": true,
          "skipped": false,
          "reason": "water_candidate",
          "message": "CFAR restrito aos pixels de água."
        },
        "land_fraction": 0.13300619834710745,
        "water_fraction": 0.8669938016528925,
        "valid_water_fraction": 0.9606062969180317,
        "land_mask_method": "natural_earth_land_point_mask",
        "wave_age": null,
        "wave_age_class": null,
        "wave_age_factor": 1.35,
        "wave_age_status": "fallback",
        "era5_time": null,
        "era5_lon": null,
        "era5_lat": null,
        "u10": null,
        "peak_wave_period": null,
        "friction_velocity": null,
        "phase_speed": null,
        "patch_label": "P111",
        "id": 39,
        "source": "cfar",
        "detection_method": "cfar"
      }
    },
    {
      "type": "Feature",
      "geometry": {
        "type": "Polygon",
        "coordinates": [
          [
            [
              -48.428106946772985,
              -27.84390162719363
            ],
            [
              -48.431920846159066,
              -27.842957498957293
            ],
            [
              -48.43346385225003,
              -27.84798734974768
            ],
            [
              -48.42964979092716,
              -27.848931530136923
            ],
            [
              -48.428106946772985,
              -27.84390162719363
            ]
          ]
        ]
      },
      "properties": {
        "lat": -27.84611335150923,
        "lon": -48.430679589017025,
        "area_px": 39,
        "min_sigma0_dB": -8.539999961853027,
        "mean_sigma0_dB": -5.329999923706055,
        "max_sigma0_dB": -0.10000000149011612,
        "threshold_cfar_dB": -8.66,
        "pixel_coords": {
          "row": 1542,
          "col": 834,
          "row_resampled": 514,
          "col_resampled": 278
        },
        "bbox_pixel_coords": {
          "row_min": 1512,
          "row_max": 1569,
          "col_min": 816,
          "col_max": 855
        },
        "global_pixel_coords": {
          "row": 15382,
          "col": 24674
        },
        "source_product": "S1C_IW_GRDH_1SDV_20260808T083114_20260808T083139_008901_011A80_4DB5",
        "source_arquivo_id": null,
        "patch_id": 110,
        "patch_name": "patch_0111_VV",
        "geotiff_name": "patch_0111_VV_sigma0_preproc.tif",
        "polarization": "VV",
        "input_scale": "linear",
        "georef_method": "snap_geolocation_grid",
        "geocoding_method": "geolocation_grid",
        "geolocation_grid_status": null,
        "snap_geolocation_grid_used": null,
        "raster_crs": "EPSG:4326",
        "raster_transform": [
          0.00011455919246375529,
          0.0,
          -45.872485375674394,
          0.0,
          -0.00012450216928630096,
          -28.177867044257,
          0.0,
          0.0,
          1.0
        ],
        "core_bbox_pixels": {
          "x0": 24000,
          "y0": 14000,
          "x1": 26000,
          "y1": 16000
        },
        "processing_bbox_pixels": {
          "x0": 23840,
          "y0": 13840,
          "x1": 26033,
          "y1": 16160
        },
        "core_bounds_lonlat": {
          "west": -48.57688031268643,
          "south": -27.916878431350906,
          "east": -48.32746865891453,
          "north": -27.69199469658323
        },
        "processing_bounds_lonlat": {
          "west": -48.5844518915953,
          "south": -27.934874421039137,
          "east": -48.307521795578516,
          "north": -27.67707159870721
        },
        "halo_pixels": 160,
        "valid_bbox_fraction": 1.0,
        "artifact_aspect_ratio": 1.4286,
        "land_mask_info": {
          "enabled": true,
          "applied": true,
          "status": "ok",
          "stage": "cfar_water_mask",
          "resampled_shape": [
            773,
            731
          ],
          "sample_shape": [
            128,
            121
          ],
          "sample_max_dim": 128,
          "available": true,
          "method": "natural_earth_land_point_mask",
          "bounds_lonlat": {
            "west": -48.57688031268643,
            "south": -27.916878431350906,
            "east": -48.32746865891453,
            "north": -27.69199469658323
          },
          "mask_path": "/content/sismom_colab_work_v2/sources/api/copernicus_meta_1-main/copernicus-platform/frontend/public/shapes/ne_10m_land/ne_10m_land.shp",
          "land_buffer_degrees": 0.0,
          "valid_geolocation_points": 15488,
          "land_points": 2060,
          "water_points": 13428,
          "land_fraction": 0.13300619834710745,
          "water_fraction": 0.8669938016528925,
          "valid_pixels_before_land_mask": 487286,
          "valid_pixels_after_land_mask": 468090,
          "pixels_masked_by_land": 19196,
          "valid_water_fraction": 0.9606062969180317,
          "land_skip_threshold": 0.99,
          "min_water_fraction": 0.01,
          "skip_land_tiles": true,
          "skipped": false,
          "reason": "water_candidate",
          "message": "CFAR restrito aos pixels de água."
        },
        "land_fraction": 0.13300619834710745,
        "water_fraction": 0.8669938016528925,
        "valid_water_fraction": 0.9606062969180317,
        "land_mask_method": "natural_earth_land_point_mask",
        "wave_age": null,
        "wave_age_class": null,
        "wave_age_factor": 1.35,
        "wave_age_status": "fallback",
        "era5_time": null,
        "era5_lon": null,
        "era5_lat": null,
        "u10": null,
        "peak_wave_period": null,
        "friction_velocity": null,
        "phase_speed": null,
        "patch_label": "P111",
        "id": 40,
        "source": "cfar",
        "detection_method": "cfar"
      }
    },
    {
      "type": "Feature",
      "geometry": {
        "type": "Polygon",
        "coordinates": [
          [
            [
              -48.501052309273355,
              -27.834904489187256
            ],
            [
              -48.50134538007046,
              -27.83483168131864
            ],
            [
              -48.501508094807114,
              -27.83536104301429
            ],
            [
              -48.50121502272689,
              -27.8354338513052
            ],
            [
              -48.501052309273355,
              -27.834904489187256
            ]
          ]
        ]
      },
      "properties": {
        "lat": -27.835169170246225,
        "lon": -48.50113366600012,
        "area_px": 4,
        "min_sigma0_dB": -4.96999979019165,
        "mean_sigma0_dB": -2.450000047683716,
        "max_sigma0_dB": 3.0799999237060547,
        "threshold_cfar_dB": -5.08,
        "pixel_coords": {
          "row": 1611,
          "col": 1536,
          "row_resampled": 537,
          "col_resampled": 512
        },
        "bbox_pixel_coords": {
          "row_min": 1608,
          "row_max": 1614,
          "col_min": 1536,
          "col_max": 1539
        },
        "global_pixel_coords": {
          "row": 15451,
          "col": 25376
        },
        "source_product": "S1C_IW_GRDH_1SDV_20260808T083114_20260808T083139_008901_011A80_4DB5",
        "source_arquivo_id": null,
        "patch_id": 110,
        "patch_name": "patch_0111_VV",
        "geotiff_name": "patch_0111_VV_sigma0_preproc.tif",
        "polarization": "VV",
        "input_scale": "linear",
        "georef_method": "snap_geolocation_grid",
        "geocoding_method": "geolocation_grid",
        "geolocation_grid_status": null,
        "snap_geolocation_grid_used": null,
        "raster_crs": "EPSG:4326",
        "raster_transform": [
          0.00011455919246375529,
          0.0,
          -45.872485375674394,
          0.0,
          -0.00012450216928630096,
          -28.177867044257,
          0.0,
          0.0,
          1.0
        ],
        "core_bbox_pixels": {
          "x0": 24000,
          "y0": 14000,
          "x1": 26000,
          "y1": 16000
        },
        "processing_bbox_pixels": {
          "x0": 23840,
          "y0": 13840,
          "x1": 26033,
          "y1": 16160
        },
        "core_bounds_lonlat": {
          "west": -48.57688031268643,
          "south": -27.916878431350906,
          "east": -48.32746865891453,
          "north": -27.69199469658323
        },
        "processing_bounds_lonlat": {
          "west": -48.5844518915953,
          "south": -27.934874421039137,
          "east": -48.307521795578516,
          "north": -27.67707159870721
        },
        "halo_pixels": 160,
        "valid_bbox_fraction": 1.0,
        "artifact_aspect_ratio": 1.5,
        "land_mask_info": {
          "enabled": true,
          "applied": true,
          "status": "ok",
          "stage": "cfar_water_mask",
          "resampled_shape": [
            773,
            731
          ],
          "sample_shape": [
            128,
            121
          ],
          "sample_max_dim": 128,
          "available": true,
          "method": "natural_earth_land_point_mask",
          "bounds_lonlat": {
            "west": -48.57688031268643,
            "south": -27.916878431350906,
            "east": -48.32746865891453,
            "north": -27.69199469658323
          },
          "mask_path": "/content/sismom_colab_work_v2/sources/api/copernicus_meta_1-main/copernicus-platform/frontend/public/shapes/ne_10m_land/ne_10m_land.shp",
          "land_buffer_degrees": 0.0,
          "valid_geolocation_points": 15488,
          "land_points": 2060,
          "water_points": 13428,
          "land_fraction": 0.13300619834710745,
          "water_fraction": 0.8669938016528925,
          "valid_pixels_before_land_mask": 487286,
          "valid_pixels_after_land_mask": 468090,
          "pixels_masked_by_land": 19196,
          "valid_water_fraction": 0.9606062969180317,
          "land_skip_threshold": 0.99,
          "min_water_fraction": 0.01,
          "skip_land_tiles": true,
          "skipped": false,
          "reason": "water_candidate",
          "message": "CFAR restrito aos pixels de água."
        },
        "land_fraction": 0.13300619834710745,
        "water_fraction": 0.8669938016528925,
        "valid_water_fraction": 0.9606062969180317,
        "land_mask_method": "natural_earth_land_point_mask",
        "wave_age": null,
        "wave_age_class": null,
        "wave_age_factor": 1.35,
        "wave_age_status": "fallback",
        "era5_time": null,
        "era5_lon": null,
        "era5_lat": null,
        "u10": null,
        "peak_wave_period": null,
        "friction_velocity": null,
        "phase_speed": null,
        "patch_label": "P111",
        "id": 41,
        "source": "cfar",
        "detection_method": "cfar"
      }
    },
    {
      "type": "Feature",
      "geometry": {
        "type": "Polygon",
        "coordinates": [
          [
            [
              -48.5002054427311,
              -27.83625444827594
            ],
            [
              -48.50196388290712,
              -27.83581759599674
            ],
            [
              -48.503102895045565,
              -27.839523124910265
            ],
            [
              -48.50134440097834,
              -27.839959994925678
            ],
            [
              -48.5002054427311,
              -27.83625444827594
            ]
          ]
        ]
      },
      "properties": {
        "lat": -27.837888791027154,
        "lon": -48.50165415541451,
        "area_px": 35,
        "min_sigma0_dB": -5.230000019073486,
        "mean_sigma0_dB": -2.3399999141693115,
        "max_sigma0_dB": 2.259999990463257,
        "threshold_cfar_dB": -5.51,
        "pixel_coords": {
          "row": 1641,
          "col": 1533,
          "row_resampled": 547,
          "col_resampled": 511
        },
        "bbox_pixel_coords": {
          "row_min": 1620,
          "row_max": 1662,
          "col_min": 1524,
          "col_max": 1542
        },
        "global_pixel_coords": {
          "row": 15481,
          "col": 25373
        },
        "source_product": "S1C_IW_GRDH_1SDV_20260808T083114_20260808T083139_008901_011A80_4DB5",
        "source_arquivo_id": null,
        "patch_id": 110,
        "patch_name": "patch_0111_VV",
        "geotiff_name": "patch_0111_VV_sigma0_preproc.tif",
        "polarization": "VV",
        "input_scale": "linear",
        "georef_method": "snap_geolocation_grid",
        "geocoding_method": "geolocation_grid",
        "geolocation_grid_status": null,
        "snap_geolocation_grid_used": null,
        "raster_crs": "EPSG:4326",
        "raster_transform": [
          0.00011455919246375529,
          0.0,
          -45.872485375674394,
          0.0,
          -0.00012450216928630096,
          -28.177867044257,
          0.0,
          0.0,
          1.0
        ],
        "core_bbox_pixels": {
          "x0": 24000,
          "y0": 14000,
          "x1": 26000,
          "y1": 16000
        },
        "processing_bbox_pixels": {
          "x0": 23840,
          "y0": 13840,
          "x1": 26033,
          "y1": 16160
        },
        "core_bounds_lonlat": {
          "west": -48.57688031268643,
          "south": -27.916878431350906,
          "east": -48.32746865891453,
          "north": -27.69199469658323
        },
        "processing_bounds_lonlat": {
          "west": -48.5844518915953,
          "south": -27.934874421039137,
          "east": -48.307521795578516,
          "north": -27.67707159870721
        },
        "halo_pixels": 160,
        "valid_bbox_fraction": 1.0,
        "artifact_aspect_ratio": 2.1429,
        "land_mask_info": {
          "enabled": true,
          "applied": true,
          "status": "ok",
          "stage": "cfar_water_mask",
          "resampled_shape": [
            773,
            731
          ],
          "sample_shape": [
            128,
            121
          ],
          "sample_max_dim": 128,
          "available": true,
          "method": "natural_earth_land_point_mask",
          "bounds_lonlat": {
            "west": -48.57688031268643,
            "south": -27.916878431350906,
            "east": -48.32746865891453,
            "north": -27.69199469658323
          },
          "mask_path": "/content/sismom_colab_work_v2/sources/api/copernicus_meta_1-main/copernicus-platform/frontend/public/shapes/ne_10m_land/ne_10m_land.shp",
          "land_buffer_degrees": 0.0,
          "valid_geolocation_points": 15488,
          "land_points": 2060,
          "water_points": 13428,
          "land_fraction": 0.13300619834710745,
          "water_fraction": 0.8669938016528925,
          "valid_pixels_before_land_mask": 487286,
          "valid_pixels_after_land_mask": 468090,
          "pixels_masked_by_land": 19196,
          "valid_water_fraction": 0.9606062969180317,
          "land_skip_threshold": 0.99,
          "min_water_fraction": 0.01,
          "skip_land_tiles": true,
          "skipped": false,
          "reason": "water_candidate",
          "message": "CFAR restrito aos pixels de água."
        },
        "land_fraction": 0.13300619834710745,
        "water_fraction": 0.8669938016528925,
        "valid_water_fraction": 0.9606062969180317,
        "land_mask_method": "natural_earth_land_point_mask",
        "wave_age": null,
        "wave_age_class": null,
        "wave_age_factor": 1.35,
        "wave_age_status": "fallback",
        "era5_time": null,
        "era5_lon": null,
        "era5_lat": null,
        "u10": null,
        "peak_wave_period": null,
        "friction_velocity": null,
        "phase_speed": null,
        "patch_label": "P111",
        "id": 42,
        "source": "cfar",
        "detection_method": "cfar"
      }
    },
    {
      "type": "Feature",
      "geometry": {
        "type": "Polygon",
        "coordinates": [
          [
            [
              -48.50520346438015,
              -27.838146594713837
            ],
            [
              -48.505496544800685,
              -27.838073783678038
            ],
            [
              -48.50598472750692,
              -27.83966185609627
            ],
            [
              -48.505691643237014,
              -27.83973466839894
            ],
            [
              -48.50520346438015,
              -27.838146594713837
            ]
          ]
        ]
      },
      "properties": {
        "lat": -27.83894063155639,
        "lon": -48.50544755380731,
        "area_px": 8,
        "min_sigma0_dB": -5.5,
        "mean_sigma0_dB": -4.110000133514404,
        "max_sigma0_dB": -2.559999942779541,
        "threshold_cfar_dB": -5.72,
        "pixel_coords": {
          "row": 1662,
          "col": 1566,
          "row_resampled": 554,
          "col_resampled": 522
        },
        "bbox_pixel_coords": {
          "row_min": 1653,
          "row_max": 1671,
          "col_min": 1566,
          "col_max": 1569
        },
        "global_pixel_coords": {
          "row": 15502,
          "col": 25406
        },
        "source_product": "S1C_IW_GRDH_1SDV_20260808T083114_20260808T083139_008901_011A80_4DB5",
        "source_arquivo_id": null,
        "patch_id": 110,
        "patch_name": "patch_0111_VV",
        "geotiff_name": "patch_0111_VV_sigma0_preproc.tif",
        "polarization": "VV",
        "input_scale": "linear",
        "georef_method": "snap_geolocation_grid",
        "geocoding_method": "geolocation_grid",
        "geolocation_grid_status": null,
        "snap_geolocation_grid_used": null,
        "raster_crs": "EPSG:4326",
        "raster_transform": [
          0.00011455919246375529,
          0.0,
          -45.872485375674394,
          0.0,
          -0.00012450216928630096,
          -28.177867044257,
          0.0,
          0.0,
          1.0
        ],
        "core_bbox_pixels": {
          "x0": 24000,
          "y0": 14000,
          "x1": 26000,
          "y1": 16000
        },
        "processing_bbox_pixels": {
          "x0": 23840,
          "y0": 13840,
          "x1": 26033,
          "y1": 16160
        },
        "core_bounds_lonlat": {
          "west": -48.57688031268643,
          "south": -27.916878431350906,
          "east": -48.32746865891453,
          "north": -27.69199469658323
        },
        "processing_bounds_lonlat": {
          "west": -48.5844518915953,
          "south": -27.934874421039137,
          "east": -48.307521795578516,
          "north": -27.67707159870721
        },
        "halo_pixels": 160,
        "valid_bbox_fraction": 1.0,
        "artifact_aspect_ratio": 3.5,
        "land_mask_info": {
          "enabled": true,
          "applied": true,
          "status": "ok",
          "stage": "cfar_water_mask",
          "resampled_shape": [
            773,
            731
          ],
          "sample_shape": [
            128,
            121
          ],
          "sample_max_dim": 128,
          "available": true,
          "method": "natural_earth_land_point_mask",
          "bounds_lonlat": {
            "west": -48.57688031268643,
            "south": -27.916878431350906,
            "east": -48.32746865891453,
            "north": -27.69199469658323
          },
          "mask_path": "/content/sismom_colab_work_v2/sources/api/copernicus_meta_1-main/copernicus-platform/frontend/public/shapes/ne_10m_land/ne_10m_land.shp",
          "land_buffer_degrees": 0.0,
          "valid_geolocation_points": 15488,
          "land_points": 2060,
          "water_points": 13428,
          "land_fraction": 0.13300619834710745,
          "water_fraction": 0.8669938016528925,
          "valid_pixels_before_land_mask": 487286,
          "valid_pixels_after_land_mask": 468090,
          "pixels_masked_by_land": 19196,
          "valid_water_fraction": 0.9606062969180317,
          "land_skip_threshold": 0.99,
          "min_water_fraction": 0.01,
          "skip_land_tiles": true,
          "skipped": false,
          "reason": "water_candidate",
          "message": "CFAR restrito aos pixels de água."
        },
        "land_fraction": 0.13300619834710745,
        "water_fraction": 0.8669938016528925,
        "valid_water_fraction": 0.9606062969180317,
        "land_mask_method": "natural_earth_land_point_mask",
        "wave_age": null,
        "wave_age_class": null,
        "wave_age_factor": 1.35,
        "wave_age_status": "fallback",
        "era5_time": null,
        "era5_lon": null,
        "era5_lat": null,
        "u10": null,
        "peak_wave_period": null,
        "friction_velocity": null,
        "phase_speed": null,
        "patch_label": "P111",
        "id": 43,
        "source": "cfar",
        "detection_method": "cfar"
      }
    },
    {
      "type": "Feature",
      "geometry": {
        "type": "Polygon",
        "coordinates": [
          [
            [
              -48.50280981270035,
              -27.839595936579506
            ],
            [
              -48.503689059736004,
              -27.839377501571803
            ],
            [
              -48.50393313761761,
              -27.84017154221497
            ],
            [
              -48.50305388480788,
              -27.840389979122982
            ],
            [
              -48.50280981270035,
              -27.839595936579506
            ]
          ]
        ]
      },
      "properties": {
        "lat": -27.840052486183627,
        "lon": -48.5032656110668,
        "area_px": 4,
        "min_sigma0_dB": -5.599999904632568,
        "mean_sigma0_dB": -3.75,
        "max_sigma0_dB": -2.5299999713897705,
        "threshold_cfar_dB": -5.9,
        "pixel_coords": {
          "row": 1668,
          "col": 1542,
          "row_resampled": 556,
          "col_resampled": 514
        },
        "bbox_pixel_coords": {
          "row_min": 1662,
          "row_max": 1671,
          "col_min": 1539,
          "col_max": 1548
        },
        "global_pixel_coords": {
          "row": 15508,
          "col": 25382
        },
        "source_product": "S1C_IW_GRDH_1SDV_20260808T083114_20260808T083139_008901_011A80_4DB5",
        "source_arquivo_id": null,
        "patch_id": 110,
        "patch_name": "patch_0111_VV",
        "geotiff_name": "patch_0111_VV_sigma0_preproc.tif",
        "polarization": "VV",
        "input_scale": "linear",
        "georef_method": "snap_geolocation_grid",
        "geocoding_method": "geolocation_grid",
        "geolocation_grid_status": null,
        "snap_geolocation_grid_used": null,
        "raster_crs": "EPSG:4326",
        "raster_transform": [
          0.00011455919246375529,
          0.0,
          -45.872485375674394,
          0.0,
          -0.00012450216928630096,
          -28.177867044257,
          0.0,
          0.0,
          1.0
        ],
        "core_bbox_pixels": {
          "x0": 24000,
          "y0": 14000,
          "x1": 26000,
          "y1": 16000
        },
        "processing_bbox_pixels": {
          "x0": 23840,
          "y0": 13840,
          "x1": 26033,
          "y1": 16160
        },
        "core_bounds_lonlat": {
          "west": -48.57688031268643,
          "south": -27.916878431350906,
          "east": -48.32746865891453,
          "north": -27.69199469658323
        },
        "processing_bounds_lonlat": {
          "west": -48.5844518915953,
          "south": -27.934874421039137,
          "east": -48.307521795578516,
          "north": -27.67707159870721
        },
        "halo_pixels": 160,
        "valid_bbox_fraction": 1.0,
        "artifact_aspect_ratio": 1.0,
        "land_mask_info": {
          "enabled": true,
          "applied": true,
          "status": "ok",
          "stage": "cfar_water_mask",
          "resampled_shape": [
            773,
            731
          ],
          "sample_shape": [
            128,
            121
          ],
          "sample_max_dim": 128,
          "available": true,
          "method": "natural_earth_land_point_mask",
          "bounds_lonlat": {
            "west": -48.57688031268643,
            "south": -27.916878431350906,
            "east": -48.32746865891453,
            "north": -27.69199469658323
          },
          "mask_path": "/content/sismom_colab_work_v2/sources/api/copernicus_meta_1-main/copernicus-platform/frontend/public/shapes/ne_10m_land/ne_10m_land.shp",
          "land_buffer_degrees": 0.0,
          "valid_geolocation_points": 15488,
          "land_points": 2060,
          "water_points": 13428,
          "land_fraction": 0.13300619834710745,
          "water_fraction": 0.8669938016528925,
          "valid_pixels_before_land_mask": 487286,
          "valid_pixels_after_land_mask": 468090,
          "pixels_masked_by_land": 19196,
          "valid_water_fraction": 0.9606062969180317,
          "land_skip_threshold": 0.99,
          "min_water_fraction": 0.01,
          "skip_land_tiles": true,
          "skipped": false,
          "reason": "water_candidate",
          "message": "CFAR restrito aos pixels de água."
        },
        "land_fraction": 0.13300619834710745,
        "water_fraction": 0.8669938016528925,
        "valid_water_fraction": 0.9606062969180317,
        "land_mask_method": "natural_earth_land_point_mask",
        "wave_age": null,
        "wave_age_class": null,
        "wave_age_factor": 1.35,
        "wave_age_status": "fallback",
        "era5_time": null,
        "era5_lon": null,
        "era5_lat": null,
        "u10": null,
        "peak_wave_period": null,
        "friction_velocity": null,
        "phase_speed": null,
        "patch_label": "P111",
        "id": 44,
        "source": "cfar",
        "detection_method": "cfar"
      }
    },
    {
      "type": "Feature",
      "geometry": {
        "type": "Polygon",
        "coordinates": [
          [
            [
              -48.52013416660636,
              -27.836431534169463
            ],
            [
              -48.520427251498916,
              -27.83635872165565
            ],
            [
              -48.520508646720494,
              -27.836623390045894
            ],
            [
              -48.52021556118637,
              -27.83669620277086
            ],
            [
              -48.52013416660636,
              -27.836431534169463
            ]
          ]
        ]
      },
      "properties": {
        "lat": -27.83635872165565,
        "lon": -48.520427251498916,
        "area_px": 3,
        "min_sigma0_dB": -0.10999999940395355,
        "mean_sigma0_dB": 0.05999999865889549,
        "max_sigma0_dB": 0.15000000596046448,
        "threshold_cfar_dB": -0.17,
        "pixel_coords": {
          "row": 1674,
          "col": 1716,
          "row_resampled": 558,
          "col_resampled": 572
        },
        "bbox_pixel_coords": {
          "row_min": 1674,
          "row_max": 1677,
          "col_min": 1713,
          "col_max": 1716
        },
        "global_pixel_coords": {
          "row": 15514,
          "col": 25556
        },
        "source_product": "S1C_IW_GRDH_1SDV_20260808T083114_20260808T083139_008901_011A80_4DB5",
        "source_arquivo_id": null,
        "patch_id": 110,
        "patch_name": "patch_0111_VV",
        "geotiff_name": "patch_0111_VV_sigma0_preproc.tif",
        "polarization": "VV",
        "input_scale": "linear",
        "georef_method": "snap_geolocation_grid",
        "geocoding_method": "geolocation_grid",
        "geolocation_grid_status": null,
        "snap_geolocation_grid_used": null,
        "raster_crs": "EPSG:4326",
        "raster_transform": [
          0.00011455919246375529,
          0.0,
          -45.872485375674394,
          0.0,
          -0.00012450216928630096,
          -28.177867044257,
          0.0,
          0.0,
          1.0
        ],
        "core_bbox_pixels": {
          "x0": 24000,
          "y0": 14000,
          "x1": 26000,
          "y1": 16000
        },
        "processing_bbox_pixels": {
          "x0": 23840,
          "y0": 13840,
          "x1": 26033,
          "y1": 16160
        },
        "core_bounds_lonlat": {
          "west": -48.57688031268643,
          "south": -27.916878431350906,
          "east": -48.32746865891453,
          "north": -27.69199469658323
        },
        "processing_bounds_lonlat": {
          "west": -48.5844518915953,
          "south": -27.934874421039137,
          "east": -48.307521795578516,
          "north": -27.67707159870721
        },
        "halo_pixels": 160,
        "valid_bbox_fraction": 1.0,
        "artifact_aspect_ratio": 1.0,
        "land_mask_info": {
          "enabled": true,
          "applied": true,
          "status": "ok",
          "stage": "cfar_water_mask",
          "resampled_shape": [
            773,
            731
          ],
          "sample_shape": [
            128,
            121
          ],
          "sample_max_dim": 128,
          "available": true,
          "method": "natural_earth_land_point_mask",
          "bounds_lonlat": {
            "west": -48.57688031268643,
            "south": -27.916878431350906,
            "east": -48.32746865891453,
            "north": -27.69199469658323
          },
          "mask_path": "/content/sismom_colab_work_v2/sources/api/copernicus_meta_1-main/copernicus-platform/frontend/public/shapes/ne_10m_land/ne_10m_land.shp",
          "land_buffer_degrees": 0.0,
          "valid_geolocation_points": 15488,
          "land_points": 2060,
          "water_points": 13428,
          "land_fraction": 0.13300619834710745,
          "water_fraction": 0.8669938016528925,
          "valid_pixels_before_land_mask": 487286,
          "valid_pixels_after_land_mask": 468090,
          "pixels_masked_by_land": 19196,
          "valid_water_fraction": 0.9606062969180317,
          "land_skip_threshold": 0.99,
          "min_water_fraction": 0.01,
          "skip_land_tiles": true,
          "skipped": false,
          "reason": "water_candidate",
          "message": "CFAR restrito aos pixels de água."
        },
        "land_fraction": 0.13300619834710745,
        "water_fraction": 0.8669938016528925,
        "valid_water_fraction": 0.9606062969180317,
        "land_mask_method": "natural_earth_land_point_mask",
        "wave_age": null,
        "wave_age_class": null,
        "wave_age_factor": 1.35,
        "wave_age_status": "fallback",
        "era5_time": null,
        "era5_lon": null,
        "era5_lat": null,
        "u10": null,
        "peak_wave_period": null,
        "friction_velocity": null,
        "phase_speed": null,
        "patch_label": "P111",
        "id": 45,
        "source": "cfar",
        "detection_method": "cfar"
      }
    },
    {
      "type": "Feature",
      "geometry": {
        "type": "Polygon",
        "coordinates": [
          [
            [
              -47.799084292598955,
              -28.072593942890578
            ],
            [
              -47.80055661441777,
              -28.07223750431054
            ],
            [
              -47.801194678842904,
              -28.07435888010475
            ],
            [
              -47.79972233090886,
              -28.074715326286025
            ],
            [
              -47.799084292598955,
              -28.072593942890578
            ]
          ]
        ]
      },
      "properties": {
        "lat": -28.073512057636037,
        "lon": -47.799992245724994,
        "area_px": 23,
        "min_sigma0_dB": -7.659999847412109,
        "mean_sigma0_dB": 0.5099999904632568,
        "max_sigma0_dB": 14.680000305175781,
        "threshold_cfar_dB": -7.58,
        "pixel_coords": {
          "row": 309,
          "col": 186,
          "row_resampled": 103,
          "col_resampled": 62
        },
        "bbox_pixel_coords": {
          "row_min": 297,
          "row_max": 321,
          "col_min": 180,
          "col_max": 195
        },
        "global_pixel_coords": {
          "row": 16149,
          "col": 18026
        },
        "source_product": "S1C_IW_GRDH_1SDV_20260808T083114_20260808T083139_008901_011A80_4DB5",
        "source_arquivo_id": null,
        "patch_id": 121,
        "patch_name": "patch_0122_VV",
        "geotiff_name": "patch_0122_VV_sigma0_preproc.tif",
        "polarization": "VV",
        "input_scale": "linear",
        "georef_method": "snap_geolocation_grid",
        "geocoding_method": "geolocation_grid",
        "geolocation_grid_status": null,
        "snap_geolocation_grid_used": null,
        "raster_crs": "EPSG:4326",
        "raster_transform": [
          0.00011455919246375529,
          0.0,
          -46.559840530456924,
          0.0,
          -0.00012450216928630096,
          -28.4268713828296,
          0.0,
          0.0,
          1.0
        ],
        "core_bbox_pixels": {
          "x0": 18000,
          "y0": 16000,
          "x1": 20000,
          "y1": 16864
        },
        "processing_bbox_pixels": {
          "x0": 17840,
          "y0": 15840,
          "x1": 20160,
          "y1": 16864
        },
        "core_bounds_lonlat": {
          "west": -48.012611925155824,
          "south": -28.137241348625935,
          "east": -47.79347926039055,
          "north": -28.013260837746117
        },
        "processing_bounds_lonlat": {
          "west": -48.02830726773841,
          "south": -28.141045812810816,
          "east": -47.773524581537345,
          "north": -27.99529523748263
        },
        "halo_pixels": 160,
        "valid_bbox_fraction": 1.0,
        "artifact_aspect_ratio": 1.5,
        "land_mask_info": {
          "enabled": true,
          "applied": true,
          "status": "ok",
          "stage": "cfar_water_mask",
          "resampled_shape": [
            341,
            773
          ],
          "sample_shape": [
            56,
            128
          ],
          "sample_max_dim": 128,
          "available": true,
          "method": "natural_earth_land_point_mask",
          "bounds_lonlat": {
            "west": -48.012611925155824,
            "south": -28.137241348625935,
            "east": -47.79347926039055,
            "north": -28.013260837746117
          },
          "mask_path": "/content/sismom_colab_work_v2/sources/api/copernicus_meta_1-main/copernicus-platform/frontend/public/shapes/ne_10m_land/ne_10m_land.shp",
          "land_buffer_degrees": 0.0,
          "valid_geolocation_points": 7168,
          "land_points": 0,
          "water_points": 7168,
          "land_fraction": 0.0,
          "water_fraction": 1.0,
          "valid_pixels_before_land_mask": 263593,
          "valid_pixels_after_land_mask": 263593,
          "pixels_masked_by_land": 0,
          "valid_water_fraction": 1.0,
          "land_skip_threshold": 0.99,
          "min_water_fraction": 0.01,
          "skip_land_tiles": true,
          "skipped": false,
          "reason": "water_candidate",
          "message": "CFAR restrito aos pixels de água."
        },
        "land_fraction": 0.0,
        "water_fraction": 1.0,
        "valid_water_fraction": 1.0,
        "land_mask_method": "natural_earth_land_point_mask",
        "wave_age": null,
        "wave_age_class": null,
        "wave_age_factor": 1.35,
        "wave_age_status": "fallback",
        "era5_time": null,
        "era5_lon": null,
        "era5_lat": null,
        "u10": null,
        "peak_wave_period": null,
        "friction_velocity": null,
        "phase_speed": null,
        "patch_label": "P122",
        "id": 46,
        "source": "cfar",
        "detection_method": "cfar"
      }
    },
    {
      "type": "Feature",
      "geometry": {
        "type": "Polygon",
        "coordinates": [
          [
            [
              -48.53977886160184,
              -27.933162412314857
            ],
            [
              -48.54212537143512,
              -27.932579309736234
            ],
            [
              -48.54359019664908,
              -27.937343435776143
            ],
            [
              -48.54124359443098,
              -27.937926568759696
            ],
            [
              -48.53977886160184,
              -27.933162412314857
            ]
          ]
        ]
      },
      "properties": {
        "lat": -27.93525293164673,
        "lon": -48.541684506035175,
        "area_px": 45,
        "min_sigma0_dB": -7.159999847412109,
        "mean_sigma0_dB": -4.539999961853027,
        "max_sigma0_dB": 1.7599999904632568,
        "threshold_cfar_dB": -7.1,
        "pixel_coords": {
          "row": 771,
          "col": 1629,
          "row_resampled": 257,
          "col_resampled": 543
        },
        "bbox_pixel_coords": {
          "row_min": 744,
          "row_max": 798,
          "col_min": 1617,
          "col_max": 1641
        },
        "global_pixel_coords": {
          "row": 16611,
          "col": 25469
        },
        "source_product": "S1C_IW_GRDH_1SDV_20260808T083114_20260808T083139_008901_011A80_4DB5",
        "source_arquivo_id": null,
        "patch_id": 124,
        "patch_name": "patch_0125_VV",
        "geotiff_name": "patch_0125_VV_sigma0_preproc.tif",
        "polarization": "VV",
        "input_scale": "linear",
        "georef_method": "snap_geolocation_grid",
        "geocoding_method": "geolocation_grid",
        "geolocation_grid_status": null,
        "snap_geolocation_grid_used": null,
        "raster_crs": "EPSG:4326",
        "raster_transform": [
          0.00011455919246375529,
          0.0,
          -45.872485375674394,
          0.0,
          -0.00012450216928630096,
          -28.4268713828296,
          0.0,
          0.0,
          1.0
        ],
        "core_bbox_pixels": {
          "x0": 24000,
          "y0": 16000,
          "x1": 26000,
          "y1": 16864
        },
        "processing_bbox_pixels": {
          "x0": 23840,
          "y0": 15840,
          "x1": 26033,
          "y1": 16864
        },
        "core_bounds_lonlat": {
          "west": -48.60034942032817,
          "south": -27.99313446779195,
          "east": -48.38144947457028,
          "north": -27.868477968649948
        },
        "processing_bounds_lonlat": {
          "west": -48.60357652401032,
          "south": -27.997011611851825,
          "east": -48.361470384304745,
          "north": -27.853562794015904
        },
        "halo_pixels": 160,
        "valid_bbox_fraction": 1.0,
        "artifact_aspect_ratio": 2.1111,
        "land_mask_info": {
          "enabled": true,
          "applied": true,
          "status": "ok",
          "stage": "cfar_water_mask",
          "resampled_shape": [
            341,
            731
          ],
          "sample_shape": [
            60,
            128
          ],
          "sample_max_dim": 128,
          "available": true,
          "method": "natural_earth_land_point_mask",
          "bounds_lonlat": {
            "west": -48.60034942032817,
            "south": -27.99313446779195,
            "east": -48.38144947457028,
            "north": -27.868477968649948
          },
          "mask_path": "/content/sismom_colab_work_v2/sources/api/copernicus_meta_1-main/copernicus-platform/frontend/public/shapes/ne_10m_land/ne_10m_land.shp",
          "land_buffer_degrees": 0.0,
          "valid_geolocation_points": 7680,
          "land_points": 179,
          "water_points": 7501,
          "land_fraction": 0.023307291666666667,
          "water_fraction": 0.9766927083333333,
          "valid_pixels_before_land_mask": 215356,
          "valid_pixels_after_land_mask": 215356,
          "pixels_masked_by_land": 0,
          "valid_water_fraction": 1.0,
          "land_skip_threshold": 0.99,
          "min_water_fraction": 0.01,
          "skip_land_tiles": true,
          "skipped": false,
          "reason": "water_candidate",
          "message": "CFAR restrito aos pixels de água."
        },
        "land_fraction": 0.023307291666666667,
        "water_fraction": 0.9766927083333333,
        "valid_water_fraction": 1.0,
        "land_mask_method": "natural_earth_land_point_mask",
        "wave_age": null,
        "wave_age_class": null,
        "wave_age_factor": 1.35,
        "wave_age_status": "fallback",
        "era5_time": null,
        "era5_lon": null,
        "era5_lat": null,
        "u10": null,
        "peak_wave_period": null,
        "friction_velocity": null,
        "phase_speed": null,
        "patch_label": "P125",
        "id": 47,
        "source": "cfar",
        "detection_method": "cfar"
      }
    },
    {
      "type": "Feature",
      "geometry": {
        "type": "Polygon",
        "coordinates": [
          [
            [
              -48.539826178884454,
              -27.937424106643583
            ],
            [
              -48.54041282558961,
              -27.937278324664568
            ],
            [
              -48.54041282558961,
              -27.937278324664568
            ],
            [
              -48.539826178884454,
              -27.937424106643583
            ],
            [
              -48.539826178884454,
              -27.937424106643583
            ]
          ]
        ]
      },
      "properties": {
        "lat": -27.93735121565408,
        "lon": -48.54011950223703,
        "area_px": 3,
        "min_sigma0_dB": -6.980000019073486,
        "mean_sigma0_dB": -6.380000114440918,
        "max_sigma0_dB": -5.5,
        "threshold_cfar_dB": -7.15,
        "pixel_coords": {
          "row": 789,
          "col": 1608,
          "row_resampled": 263,
          "col_resampled": 536
        },
        "bbox_pixel_coords": {
          "row_min": 789,
          "row_max": 789,
          "col_min": 1605,
          "col_max": 1611
        },
        "global_pixel_coords": {
          "row": 16629,
          "col": 25448
        },
        "source_product": "S1C_IW_GRDH_1SDV_20260808T083114_20260808T083139_008901_011A80_4DB5",
        "source_arquivo_id": null,
        "patch_id": 124,
        "patch_name": "patch_0125_VV",
        "geotiff_name": "patch_0125_VV_sigma0_preproc.tif",
        "polarization": "VV",
        "input_scale": "linear",
        "georef_method": "snap_geolocation_grid",
        "geocoding_method": "geolocation_grid",
        "geolocation_grid_status": null,
        "snap_geolocation_grid_used": null,
        "raster_crs": "EPSG:4326",
        "raster_transform": [
          0.00011455919246375529,
          0.0,
          -45.872485375674394,
          0.0,
          -0.00012450216928630096,
          -28.4268713828296,
          0.0,
          0.0,
          1.0
        ],
        "core_bbox_pixels": {
          "x0": 24000,
          "y0": 16000,
          "x1": 26000,
          "y1": 16864
        },
        "processing_bbox_pixels": {
          "x0": 23840,
          "y0": 15840,
          "x1": 26033,
          "y1": 16864
        },
        "core_bounds_lonlat": {
          "west": -48.60034942032817,
          "south": -27.99313446779195,
          "east": -48.38144947457028,
          "north": -27.868477968649948
        },
        "processing_bounds_lonlat": {
          "west": -48.60357652401032,
          "south": -27.997011611851825,
          "east": -48.361470384304745,
          "north": -27.853562794015904
        },
        "halo_pixels": 160,
        "valid_bbox_fraction": 1.0,
        "artifact_aspect_ratio": 3.0,
        "land_mask_info": {
          "enabled": true,
          "applied": true,
          "status": "ok",
          "stage": "cfar_water_mask",
          "resampled_shape": [
            341,
            731
          ],
          "sample_shape": [
            60,
            128
          ],
          "sample_max_dim": 128,
          "available": true,
          "method": "natural_earth_land_point_mask",
          "bounds_lonlat": {
            "west": -48.60034942032817,
            "south": -27.99313446779195,
            "east": -48.38144947457028,
            "north": -27.868477968649948
          },
          "mask_path": "/content/sismom_colab_work_v2/sources/api/copernicus_meta_1-main/copernicus-platform/frontend/public/shapes/ne_10m_land/ne_10m_land.shp",
          "land_buffer_degrees": 0.0,
          "valid_geolocation_points": 7680,
          "land_points": 179,
          "water_points": 7501,
          "land_fraction": 0.023307291666666667,
          "water_fraction": 0.9766927083333333,
          "valid_pixels_before_land_mask": 215356,
          "valid_pixels_after_land_mask": 215356,
          "pixels_masked_by_land": 0,
          "valid_water_fraction": 1.0,
          "land_skip_threshold": 0.99,
          "min_water_fraction": 0.01,
          "skip_land_tiles": true,
          "skipped": false,
          "reason": "water_candidate",
          "message": "CFAR restrito aos pixels de água."
        },
        "land_fraction": 0.023307291666666667,
        "water_fraction": 0.9766927083333333,
        "valid_water_fraction": 1.0,
        "land_mask_method": "natural_earth_land_point_mask",
        "wave_age": null,
        "wave_age_class": null,
        "wave_age_factor": 1.35,
        "wave_age_status": "fallback",
        "era5_time": null,
        "era5_lon": null,
        "era5_lat": null,
        "u10": null,
        "peak_wave_period": null,
        "friction_velocity": null,
        "phase_speed": null,
        "patch_label": "P125",
        "id": 48,
        "source": "cfar",
        "detection_method": "cfar"
      }
    },
    {
      "type": "Feature",
      "geometry": {
        "type": "Polygon",
        "coordinates": [
          [
            [
              -48.53969559720708,
              -27.938026350460643
            ],
            [
              -48.540575571114175,
              -27.93780767622525
            ],
            [
              -48.54163341702276,
              -27.94124846136963
            ],
            [
              -48.54075341809477,
              -27.9414671438397
            ],
            [
              -48.53969559720708,
              -27.938026350460643
            ]
          ]
        ]
      },
      "properties": {
        "lat": -27.939733299577426,
        "lon": -48.540851851323524,
        "area_px": 24,
        "min_sigma0_dB": -7.010000228881836,
        "mean_sigma0_dB": -3.930000066757202,
        "max_sigma0_dB": -0.07999999821186066,
        "threshold_cfar_dB": -6.97,
        "pixel_coords": {
          "row": 816,
          "col": 1608,
          "row_resampled": 272,
          "col_resampled": 536
        },
        "bbox_pixel_coords": {
          "row_min": 795,
          "row_max": 834,
          "col_min": 1602,
          "col_max": 1611
        },
        "global_pixel_coords": {
          "row": 16656,
          "col": 25448
        },
        "source_product": "S1C_IW_GRDH_1SDV_20260808T083114_20260808T083139_008901_011A80_4DB5",
        "source_arquivo_id": null,
        "patch_id": 124,
        "patch_name": "patch_0125_VV",
        "geotiff_name": "patch_0125_VV_sigma0_preproc.tif",
        "polarization": "VV",
        "input_scale": "linear",
        "georef_method": "snap_geolocation_grid",
        "geocoding_method": "geolocation_grid",
        "geolocation_grid_status": null,
        "snap_geolocation_grid_used": null,
        "raster_crs": "EPSG:4326",
        "raster_transform": [
          0.00011455919246375529,
          0.0,
          -45.872485375674394,
          0.0,
          -0.00012450216928630096,
          -28.4268713828296,
          0.0,
          0.0,
          1.0
        ],
        "core_bbox_pixels": {
          "x0": 24000,
          "y0": 16000,
          "x1": 26000,
          "y1": 16864
        },
        "processing_bbox_pixels": {
          "x0": 23840,
          "y0": 15840,
          "x1": 26033,
          "y1": 16864
        },
        "core_bounds_lonlat": {
          "west": -48.60034942032817,
          "south": -27.99313446779195,
          "east": -48.38144947457028,
          "north": -27.868477968649948
        },
        "processing_bounds_lonlat": {
          "west": -48.60357652401032,
          "south": -27.997011611851825,
          "east": -48.361470384304745,
          "north": -27.853562794015904
        },
        "halo_pixels": 160,
        "valid_bbox_fraction": 1.0,
        "artifact_aspect_ratio": 3.5,
        "land_mask_info": {
          "enabled": true,
          "applied": true,
          "status": "ok",
          "stage": "cfar_water_mask",
          "resampled_shape": [
            341,
            731
          ],
          "sample_shape": [
            60,
            128
          ],
          "sample_max_dim": 128,
          "available": true,
          "method": "natural_earth_land_point_mask",
          "bounds_lonlat": {
            "west": -48.60034942032817,
            "south": -27.99313446779195,
            "east": -48.38144947457028,
            "north": -27.868477968649948
          },
          "mask_path": "/content/sismom_colab_work_v2/sources/api/copernicus_meta_1-main/copernicus-platform/frontend/public/shapes/ne_10m_land/ne_10m_land.shp",
          "land_buffer_degrees": 0.0,
          "valid_geolocation_points": 7680,
          "land_points": 179,
          "water_points": 7501,
          "land_fraction": 0.023307291666666667,
          "water_fraction": 0.9766927083333333,
          "valid_pixels_before_land_mask": 215356,
          "valid_pixels_after_land_mask": 215356,
          "pixels_masked_by_land": 0,
          "valid_water_fraction": 1.0,
          "land_skip_threshold": 0.99,
          "min_water_fraction": 0.01,
          "skip_land_tiles": true,
          "skipped": false,
          "reason": "water_candidate",
          "message": "CFAR restrito aos pixels de água."
        },
        "land_fraction": 0.023307291666666667,
        "water_fraction": 0.9766927083333333,
        "valid_water_fraction": 1.0,
        "land_mask_method": "natural_earth_land_point_mask",
        "wave_age": null,
        "wave_age_class": null,
        "wave_age_factor": 1.35,
        "wave_age_status": "fallback",
        "era5_time": null,
        "era5_lon": null,
        "era5_lat": null,
        "u10": null,
        "peak_wave_period": null,
        "friction_velocity": null,
        "phase_speed": null,
        "patch_label": "P125",
        "id": 49,
        "source": "cfar",
        "detection_method": "cfar"
      }
    }
  ]
}