{
  "type": "FeatureCollection",
  "features": [
    {
      "type": "Feature",
      "geometry": {
        "type": "Polygon",
        "coordinates": [
          [
            [
              -45.62125706660138,
              -27.056700806532753
            ],
            [
              -45.67059033160402,
              -27.23432651052497
            ],
            [
              -45.8660730399022,
              -27.189620306330426
            ],
            [
              -45.81645338784594,
              -27.012060099326643
            ],
            [
              -45.62125706660138,
              -27.056700806532753
            ]
          ]
        ]
      },
      "properties": {
        "patch_id": 0,
        "tile_id": 0,
        "patch_number": 1,
        "patch_label": "P001",
        "name": "patch_0001_VV",
        "x_start": 0,
        "y_start": 0,
        "valid_x_end": 2000,
        "valid_y_end": 2000,
        "width": 2000,
        "height": 2000,
        "target_width": 2000,
        "target_height": 2000,
        "requires_padding": false,
        "processing_bbox_pixels": {
          "x0": 0,
          "y0": 0,
          "x1": 2160,
          "y1": 2160
        },
        "processing_requested_bbox_pixels": {
          "x0": -160,
          "y0": -160,
          "x1": 2160,
          "y1": 2160
        },
        "processing_width": 2160,
        "processing_height": 2160,
        "processing_target_width": 2160,
        "processing_target_height": 2160,
        "processing_requires_padding": false,
        "core_bbox_pixels": {
          "x0": 0,
          "y0": 0,
          "x1": 2000,
          "y1": 2000
        },
        "requested_bbox_pixels": {
          "x0": 0,
          "y0": 0,
          "x1": 2000,
          "y1": 2000
        },
        "halo_pixels": 160,
        "polarization": "VV",
        "display_bounds_lonlat": {
          "west": -45.88569886619649,
          "south": -27.248541995613586,
          "east": -45.62125706660138,
          "north": -27.008477892856682
        },
        "cfar_detection_count": 0,
        "yolo_detection_count": 0,
        "processing_bounds_lonlat": {
          "west": -45.88569886619649,
          "south": -27.248541995613586,
          "east": -45.62125706660138,
          "north": -27.008477892856682
        },
        "cfar_count": 0,
        "yolo_count": 0,
        "has_cfar_detection": false,
        "has_yolo_detection": false,
        "has_detection": false
      }
    },
    {
      "type": "Feature",
      "geometry": {
        "type": "Polygon",
        "coordinates": [
          [
            [
              -45.81655100408156,
              -27.012037710536205
            ],
            [
              -45.86617079813789,
              -27.18959788471158
            ],
            [
              -46.06151674220879,
              -27.14464603335828
            ],
            [
              -46.011608048567965,
              -26.96715366423397
            ],
            [
              -45.81655100408156,
              -27.012037710536205
            ]
          ]
        ]
      },
      "properties": {
        "patch_id": 1,
        "tile_id": 1,
        "patch_number": 2,
        "patch_label": "P002",
        "name": "patch_0002_VV",
        "x_start": 2000,
        "y_start": 0,
        "valid_x_end": 4000,
        "valid_y_end": 2000,
        "width": 2000,
        "height": 2000,
        "target_width": 2000,
        "target_height": 2000,
        "requires_padding": false,
        "processing_bbox_pixels": {
          "x0": 1840,
          "y0": 0,
          "x1": 4160,
          "y1": 2160
        },
        "processing_requested_bbox_pixels": {
          "x0": 1840,
          "y0": -160,
          "x1": 4160,
          "y1": 2160
        },
        "processing_width": 2320,
        "processing_height": 2160,
        "processing_target_width": 2320,
        "processing_target_height": 2160,
        "processing_requires_padding": false,
        "core_bbox_pixels": {
          "x0": 2000,
          "y0": 0,
          "x1": 4000,
          "y1": 2000
        },
        "requested_bbox_pixels": {
          "x0": 2000,
          "y0": 0,
          "x1": 4000,
          "y1": 2000
        },
        "halo_pixels": 160,
        "polarization": "VV",
        "display_bounds_lonlat": {
          "west": -46.081149491633,
          "south": -27.207396156985578,
          "east": -45.8009324051572,
          "north": -26.96354356638221
        },
        "cfar_detection_count": 1,
        "yolo_detection_count": 1,
        "processing_bounds_lonlat": {
          "west": -46.081149491633,
          "south": -27.207396156985578,
          "east": -45.8009324051572,
          "north": -26.96354356638221
        },
        "cfar_count": 1,
        "yolo_count": 1,
        "has_cfar_detection": true,
        "has_yolo_detection": true,
        "has_detection": true
      }
    },
    {
      "type": "Feature",
      "geometry": {
        "type": "Polygon",
        "coordinates": [
          [
            [
              -46.01170556703602,
              -26.96713110953521
            ],
            [
              -46.06161440507867,
              -27.14462344426785
            ],
            [
              -46.25679214767514,
              -27.099381305760996
            ],
            [
              -46.20659641638814,
              -26.9219577199744
            ],
            [
              -46.01170556703602,
              -26.96713110953521
            ]
          ]
        ]
      },
      "properties": {
        "patch_id": 2,
        "tile_id": 2,
        "patch_number": 3,
        "patch_label": "P003",
        "name": "patch_0003_VV",
        "x_start": 4000,
        "y_start": 0,
        "valid_x_end": 6000,
        "valid_y_end": 2000,
        "width": 2000,
        "height": 2000,
        "target_width": 2000,
        "target_height": 2000,
        "requires_padding": false,
        "processing_bbox_pixels": {
          "x0": 3840,
          "y0": 0,
          "x1": 6160,
          "y1": 2160
        },
        "processing_requested_bbox_pixels": {
          "x0": 3840,
          "y0": -160,
          "x1": 6160,
          "y1": 2160
        },
        "processing_width": 2320,
        "processing_height": 2160,
        "processing_target_width": 2320,
        "processing_target_height": 2160,
        "processing_requires_padding": false,
        "core_bbox_pixels": {
          "x0": 4000,
          "y0": 0,
          "x1": 6000,
          "y1": 2000
        },
        "requested_bbox_pixels": {
          "x0": 4000,
          "y0": 0,
          "x1": 6000,
          "y1": 2000
        },
        "halo_pixels": 160,
        "polarization": "VV",
        "display_bounds_lonlat": {
          "west": -46.27643979752435,
          "south": -27.162438702303508,
          "east": -45.99610009535281,
          "north": -26.918333546475356
        },
        "cfar_detection_count": 2,
        "yolo_detection_count": 3,
        "processing_bounds_lonlat": {
          "west": -46.27643979752435,
          "south": -27.162438702303508,
          "east": -45.99610009535281,
          "north": -26.918333546475356
        },
        "cfar_count": 2,
        "yolo_count": 3,
        "has_cfar_detection": true,
        "has_yolo_detection": true,
        "has_detection": true
      }
    },
    {
      "type": "Feature",
      "geometry": {
        "type": "Polygon",
        "coordinates": [
          [
            [
              -46.206693880646455,
              -26.921935068890033
            ],
            [
              -46.256889754322174,
              -27.09935862028496
            ],
            [
              -46.45191970986601,
              -27.053862880396334
            ],
            [
              -46.40143670741801,
              -26.876510407592207
            ],
            [
              -46.206693880646455,
              -26.921935068890033
            ]
          ]
        ]
      },
      "properties": {
        "patch_id": 3,
        "tile_id": 3,
        "patch_number": 4,
        "patch_label": "P004",
        "name": "patch_0004_VV",
        "x_start": 6000,
        "y_start": 0,
        "valid_x_end": 8000,
        "valid_y_end": 2000,
        "width": 2000,
        "height": 2000,
        "target_width": 2000,
        "target_height": 2000,
        "requires_padding": false,
        "processing_bbox_pixels": {
          "x0": 5840,
          "y0": 0,
          "x1": 8160,
          "y1": 2160
        },
        "processing_requested_bbox_pixels": {
          "x0": 5840,
          "y0": -160,
          "x1": 8160,
          "y1": 2160
        },
        "processing_width": 2320,
        "processing_height": 2160,
        "processing_target_width": 2320,
        "processing_target_height": 2160,
        "processing_requires_padding": false,
        "core_bbox_pixels": {
          "x0": 6000,
          "y0": 0,
          "x1": 8000,
          "y1": 2000
        },
        "requested_bbox_pixels": {
          "x0": 6000,
          "y0": 0,
          "x1": 8000,
          "y1": 2000
        },
        "halo_pixels": 160,
        "polarization": "VV",
        "display_bounds_lonlat": {
          "west": -46.47157364893167,
          "south": -27.117188194438896,
          "east": -46.19109959181374,
          "north": -26.87285856869866
        },
        "cfar_detection_count": 0,
        "yolo_detection_count": 0,
        "processing_bounds_lonlat": {
          "west": -46.47157364893167,
          "south": -27.117188194438896,
          "east": -46.19109959181374,
          "north": -26.87285856869866
        },
        "cfar_count": 0,
        "yolo_count": 0,
        "has_cfar_detection": false,
        "has_yolo_detection": false,
        "has_detection": false
      }
    },
    {
      "type": "Feature",
      "geometry": {
        "type": "Polygon",
        "coordinates": [
          [
            [
              -46.40153406846121,
              -26.876487583599122
            ],
            [
              -46.4520172118667,
              -27.053840020448323
            ],
            [
              -46.64687952475084,
              -27.008064917323274
            ],
            [
              -46.59611432179289,
              -26.830785740903615
            ],
            [
              -46.40153406846121,
              -26.876487583599122
            ]
          ]
        ]
      },
      "properties": {
        "patch_id": 4,
        "tile_id": 4,
        "patch_number": 5,
        "patch_label": "P005",
        "name": "patch_0005_VV",
        "x_start": 8000,
        "y_start": 0,
        "valid_x_end": 10000,
        "valid_y_end": 2000,
        "width": 2000,
        "height": 2000,
        "target_width": 2000,
        "target_height": 2000,
        "requires_padding": false,
        "processing_bbox_pixels": {
          "x0": 7840,
          "y0": 0,
          "x1": 10160,
          "y1": 2160
        },
        "processing_requested_bbox_pixels": {
          "x0": 7840,
          "y0": -160,
          "x1": 10160,
          "y1": 2160
        },
        "processing_width": 2320,
        "processing_height": 2160,
        "processing_target_width": 2320,
        "processing_target_height": 2160,
        "processing_requires_padding": false,
        "core_bbox_pixels": {
          "x0": 8000,
          "y0": 0,
          "x1": 10000,
          "y1": 2000
        },
        "requested_bbox_pixels": {
          "x0": 8000,
          "y0": 0,
          "x1": 10000,
          "y1": 2000
        },
        "halo_pixels": 160,
        "polarization": "VV",
        "display_bounds_lonlat": {
          "west": -46.66654855783212,
          "south": -27.07169173438257,
          "east": -46.38595625461389,
          "north": -26.8271200693441
        },
        "cfar_detection_count": 0,
        "yolo_detection_count": 0,
        "processing_bounds_lonlat": {
          "west": -46.66654855783212,
          "south": -27.07169173438257,
          "east": -46.38595625461389,
          "north": -26.8271200693441
        },
        "cfar_count": 0,
        "yolo_count": 0,
        "has_cfar_detection": false,
        "has_yolo_detection": false,
        "has_detection": false
      }
    },
    {
      "type": "Feature",
      "geometry": {
        "type": "Polygon",
        "coordinates": [
          [
            [
              -46.59621163275119,
              -26.83076283045637
            ],
            [
              -46.64697697698829,
              -27.008041969357844
            ],
            [
              -46.84168613858856,
              -26.962006991582207
            ],
            [
              -46.79064092969396,
              -26.784802851530962
            ],
            [
              -46.59621163275119,
              -26.83076283045637
            ]
          ]
        ]
      },
      "properties": {
        "patch_id": 5,
        "tile_id": 5,
        "patch_number": 6,
        "patch_label": "P006",
        "name": "patch_0006_VV",
        "x_start": 10000,
        "y_start": 0,
        "valid_x_end": 12000,
        "valid_y_end": 2000,
        "width": 2000,
        "height": 2000,
        "target_width": 2000,
        "target_height": 2000,
        "requires_padding": false,
        "processing_bbox_pixels": {
          "x0": 9840,
          "y0": 0,
          "x1": 12160,
          "y1": 2160
        },
        "processing_requested_bbox_pixels": {
          "x0": 9840,
          "y0": -160,
          "x1": 12160,
          "y1": 2160
        },
        "processing_width": 2320,
        "processing_height": 2160,
        "processing_target_width": 2320,
        "processing_target_height": 2160,
        "processing_requires_padding": false,
        "core_bbox_pixels": {
          "x0": 10000,
          "y0": 0,
          "x1": 12000,
          "y1": 2000
        },
        "requested_bbox_pixels": {
          "x0": 10000,
          "y0": 0,
          "x1": 12000,
          "y1": 2000
        },
        "halo_pixels": 160,
        "polarization": "VV",
        "display_bounds_lonlat": {
          "west": -46.86136174343912,
          "south": -27.02590202307526,
          "east": -46.58064187841229,
          "north": -26.78110928006136
        },
        "cfar_detection_count": 0,
        "yolo_detection_count": 0,
        "processing_bounds_lonlat": {
          "west": -46.86136174343912,
          "south": -27.02590202307526,
          "east": -46.58064187841229,
          "north": -26.78110928006136
        },
        "cfar_count": 0,
        "yolo_count": 0,
        "has_cfar_detection": false,
        "has_yolo_detection": false,
        "has_detection": false
      }
    },
    {
      "type": "Feature",
      "geometry": {
        "type": "Polygon",
        "coordinates": [
          [
            [
              -46.79073814016041,
              -26.784779766709278
            ],
            [
              -46.84178349034993,
              -26.961983869242335
            ],
            [
              -47.03633692514796,
              -26.915678660868544
            ],
            [
              -46.98501058003296,
              -26.738549748744965
            ],
            [
              -46.79073814016041,
              -26.784779766709278
            ]
          ]
        ]
      },
      "properties": {
        "patch_id": 6,
        "tile_id": 6,
        "patch_number": 7,
        "patch_label": "P007",
        "name": "patch_0007_VV",
        "x_start": 12000,
        "y_start": 0,
        "valid_x_end": 14000,
        "valid_y_end": 2000,
        "width": 2000,
        "height": 2000,
        "target_width": 2000,
        "target_height": 2000,
        "requires_padding": false,
        "processing_bbox_pixels": {
          "x0": 11840,
          "y0": 0,
          "x1": 14160,
          "y1": 2160
        },
        "processing_requested_bbox_pixels": {
          "x0": 11840,
          "y0": -160,
          "x1": 14160,
          "y1": 2160
        },
        "processing_width": 2320,
        "processing_height": 2160,
        "processing_target_width": 2320,
        "processing_target_height": 2160,
        "processing_requires_padding": false,
        "core_bbox_pixels": {
          "x0": 12000,
          "y0": 0,
          "x1": 14000,
          "y1": 2000
        },
        "requested_bbox_pixels": {
          "x0": 12000,
          "y0": 0,
          "x1": 14000,
          "y1": 2000
        },
        "halo_pixels": 160,
        "polarization": "VV",
        "display_bounds_lonlat": {
          "west": -47.056026446672774,
          "south": -26.979865816957414,
          "east": -46.775184458708715,
          "north": -26.734842578999853
        },
        "cfar_detection_count": 0,
        "yolo_detection_count": 0,
        "processing_bounds_lonlat": {
          "west": -47.056026446672774,
          "south": -26.979865816957414,
          "east": -46.775184458708715,
          "north": -26.734842578999853
        },
        "cfar_count": 0,
        "yolo_count": 0,
        "has_cfar_detection": false,
        "has_yolo_detection": false,
        "has_detection": false
      }
    },
    {
      "type": "Feature",
      "geometry": {
        "type": "Polygon",
        "coordinates": [
          [
            [
              -46.98510773810402,
              -26.73852657893406
            ],
            [
              -47.03643422303693,
              -26.91565545334438
            ],
            [
              -47.23082470100316,
              -26.869083262984297
            ],
            [
              -47.1792211195455,
              -26.692034021197657
            ],
            [
              -46.98510773810402,
              -26.73852657893406
            ]
          ]
        ]
      },
      "properties": {
        "patch_id": 7,
        "tile_id": 7,
        "patch_number": 8,
        "patch_label": "P008",
        "name": "patch_0008_VV",
        "x_start": 14000,
        "y_start": 0,
        "valid_x_end": 16000,
        "valid_y_end": 2000,
        "width": 2000,
        "height": 2000,
        "target_width": 2000,
        "target_height": 2000,
        "requires_padding": false,
        "processing_bbox_pixels": {
          "x0": 13840,
          "y0": 0,
          "x1": 16160,
          "y1": 2160
        },
        "processing_requested_bbox_pixels": {
          "x0": 13840,
          "y0": -160,
          "x1": 16160,
          "y1": 2160
        },
        "processing_width": 2320,
        "processing_height": 2160,
        "processing_target_width": 2320,
        "processing_target_height": 2160,
        "processing_requires_padding": false,
        "core_bbox_pixels": {
          "x0": 14000,
          "y0": 0,
          "x1": 16000,
          "y1": 2000
        },
        "requested_bbox_pixels": {
          "x0": 14000,
          "y0": 0,
          "x1": 16000,
          "y1": 2000
        },
        "halo_pixels": 160,
        "polarization": "VV",
        "display_bounds_lonlat": {
          "west": -47.25052027418525,
          "south": -26.933544818681064,
          "east": -46.96956242901946,
          "north": -26.688299186058046
        },
        "cfar_detection_count": 0,
        "yolo_detection_count": 0,
        "processing_bounds_lonlat": {
          "west": -47.25052027418525,
          "south": -26.933544818681064,
          "east": -46.96956242901946,
          "north": -26.688299186058046
        },
        "cfar_count": 0,
        "yolo_count": 0,
        "has_cfar_detection": false,
        "has_yolo_detection": false,
        "has_detection": false
      }
    },
    {
      "type": "Feature",
      "geometry": {
        "type": "Polygon",
        "coordinates": [
          [
            [
              -47.17931817637219,
              -26.692010678478034
            ],
            [
              -47.23092189766635,
              -26.869059881085697
            ],
            [
              -47.42515776461234,
              -26.82222634990817
            ],
            [
              -47.373277890987666,
              -26.64525704473214
            ],
            [
              -47.17931817637219,
              -26.692010678478034
            ]
          ]
        ]
      },
      "properties": {
        "patch_id": 8,
        "tile_id": 8,
        "patch_number": 9,
        "patch_label": "P009",
        "name": "patch_0009_VV",
        "x_start": 16000,
        "y_start": 0,
        "valid_x_end": 18000,
        "valid_y_end": 2000,
        "width": 2000,
        "height": 2000,
        "target_width": 2000,
        "target_height": 2000,
        "requires_padding": false,
        "processing_bbox_pixels": {
          "x0": 15840,
          "y0": 0,
          "x1": 18160,
          "y1": 2160
        },
        "processing_requested_bbox_pixels": {
          "x0": 15840,
          "y0": -160,
          "x1": 18160,
          "y1": 2160
        },
        "processing_width": 2320,
        "processing_height": 2160,
        "processing_target_width": 2320,
        "processing_target_height": 2160,
        "processing_requires_padding": false,
        "core_bbox_pixels": {
          "x0": 16000,
          "y0": 0,
          "x1": 18000,
          "y1": 2000
        },
        "requested_bbox_pixels": {
          "x0": 16000,
          "y0": 0,
          "x1": 18000,
          "y1": 2000
        },
        "halo_pixels": 160,
        "polarization": "VV",
        "display_bounds_lonlat": {
          "west": -47.44486680754042,
          "south": -26.886970802793925,
          "east": -47.16378909198229,
          "north": -26.641508611379578
        },
        "cfar_detection_count": 1,
        "yolo_detection_count": 0,
        "processing_bounds_lonlat": {
          "west": -47.44486680754042,
          "south": -26.886970802793925,
          "east": -47.16378909198229,
          "north": -26.641508611379578
        },
        "cfar_count": 1,
        "yolo_count": 0,
        "has_cfar_detection": true,
        "has_yolo_detection": false,
        "has_detection": true
      }
    },
    {
      "type": "Feature",
      "geometry": {
        "type": "Polygon",
        "coordinates": [
          [
            [
              -47.373374895025734,
              -26.645233617023685
            ],
            [
              -47.425254905347614,
              -26.822202881555018
            ],
            [
              -47.619324904649865,
              -26.775095796129545
            ],
            [
              -47.567169229454464,
              -26.598210475010873
            ],
            [
              -47.373374895025734,
              -26.645233617023685
            ]
          ]
        ]
      },
      "properties": {
        "patch_id": 9,
        "tile_id": 9,
        "patch_number": 10,
        "patch_label": "P010",
        "name": "patch_0010_VV",
        "x_start": 18000,
        "y_start": 0,
        "valid_x_end": 20000,
        "valid_y_end": 2000,
        "width": 2000,
        "height": 2000,
        "target_width": 2000,
        "target_height": 2000,
        "requires_padding": false,
        "processing_bbox_pixels": {
          "x0": 17840,
          "y0": 0,
          "x1": 20160,
          "y1": 2160
        },
        "processing_requested_bbox_pixels": {
          "x0": 17840,
          "y0": -160,
          "x1": 20160,
          "y1": 2160
        },
        "processing_width": 2320,
        "processing_height": 2160,
        "processing_target_width": 2320,
        "processing_target_height": 2160,
        "processing_requires_padding": false,
        "core_bbox_pixels": {
          "x0": 18000,
          "y0": 0,
          "x1": 20000,
          "y1": 2000
        },
        "requested_bbox_pixels": {
          "x0": 18000,
          "y0": 0,
          "x1": 20000,
          "y1": 2000
        },
        "halo_pixels": 160,
        "polarization": "VV",
        "display_bounds_lonlat": {
          "west": -47.639039728787516,
          "south": -26.840121129586645,
          "east": -47.357854246994094,
          "north": -26.594434845169864
        },
        "cfar_detection_count": 0,
        "yolo_detection_count": 0,
        "processing_bounds_lonlat": {
          "west": -47.639039728787516,
          "south": -26.840121129586645,
          "east": -47.357854246994094,
          "north": -26.594434845169864
        },
        "cfar_count": 0,
        "yolo_count": 0,
        "has_cfar_detection": false,
        "has_yolo_detection": false,
        "has_detection": false
      }
    },
    {
      "type": "Feature",
      "geometry": {
        "type": "Polygon",
        "coordinates": [
          [
            [
              -47.56726613108336,
              -26.59818687732437
            ],
            [
              -47.61942194324411,
              -26.775072156137547
            ],
            [
              -47.81334160814756,
              -26.72771459307105
            ],
            [
              -47.76091216570286,
              -26.55091376861629
            ],
            [
              -47.56726613108336,
              -26.59818687732437
            ]
          ]
        ]
      },
      "properties": {
        "patch_id": 10,
        "tile_id": 10,
        "patch_number": 11,
        "patch_label": "P011",
        "name": "patch_0011_VV",
        "x_start": 20000,
        "y_start": 0,
        "valid_x_end": 22000,
        "valid_y_end": 2000,
        "width": 2000,
        "height": 2000,
        "target_width": 2000,
        "target_height": 2000,
        "requires_padding": false,
        "processing_bbox_pixels": {
          "x0": 19840,
          "y0": 0,
          "x1": 22160,
          "y1": 2160
        },
        "processing_requested_bbox_pixels": {
          "x0": 19840,
          "y0": -160,
          "x1": 22160,
          "y1": 2160
        },
        "processing_width": 2320,
        "processing_height": 2160,
        "processing_target_width": 2320,
        "processing_target_height": 2160,
        "processing_requires_padding": false,
        "core_bbox_pixels": {
          "x0": 20000,
          "y0": 0,
          "x1": 22000,
          "y1": 2000
        },
        "requested_bbox_pixels": {
          "x0": 20000,
          "y0": 0,
          "x1": 22000,
          "y1": 2000
        },
        "halo_pixels": 160,
        "polarization": "VV",
        "display_bounds_lonlat": {
          "west": -47.83306819694259,
          "south": -26.79301128121432,
          "east": -47.55176186703108,
          "north": -26.54712171813685
        },
        "cfar_detection_count": 0,
        "yolo_detection_count": 0,
        "processing_bounds_lonlat": {
          "west": -47.83306819694259,
          "south": -26.79301128121432,
          "east": -47.55176186703108,
          "north": -26.54712171813685
        },
        "cfar_count": 0,
        "yolo_count": 0,
        "has_cfar_detection": false,
        "has_yolo_detection": false,
        "has_detection": false
      }
    },
    {
      "type": "Feature",
      "geometry": {
        "type": "Polygon",
        "coordinates": [
          [
            [
              -47.7610090156665,
              -26.550890084475235
            ],
            [
              -47.81343859494457,
              -26.727690866722035
            ],
            [
              -48.00718332998853,
              -26.68005178877055
            ],
            [
              -47.954482718682826,
              -26.503338177268823
            ],
            [
              -47.7610090156665,
              -26.550890084475235
            ]
          ]
        ]
      },
      "properties": {
        "patch_id": 11,
        "tile_id": 11,
        "patch_number": 12,
        "patch_label": "P012",
        "name": "patch_0012_VV",
        "x_start": 22000,
        "y_start": 0,
        "valid_x_end": 24000,
        "valid_y_end": 2000,
        "width": 2000,
        "height": 2000,
        "target_width": 2000,
        "target_height": 2000,
        "requires_padding": false,
        "processing_bbox_pixels": {
          "x0": 21840,
          "y0": 0,
          "x1": 24160,
          "y1": 2160
        },
        "processing_requested_bbox_pixels": {
          "x0": 21840,
          "y0": -160,
          "x1": 24160,
          "y1": 2160
        },
        "processing_width": 2320,
        "processing_height": 2160,
        "processing_target_width": 2320,
        "processing_target_height": 2160,
        "processing_requires_padding": false,
        "core_bbox_pixels": {
          "x0": 22000,
          "y0": 0,
          "x1": 24000,
          "y1": 2000
        },
        "requested_bbox_pixels": {
          "x0": 22000,
          "y0": 0,
          "x1": 24000,
          "y1": 2000
        },
        "halo_pixels": 160,
        "polarization": "VV",
        "display_bounds_lonlat": {
          "west": -48.02691702839743,
          "south": -26.745636928786155,
          "east": -47.74551299427055,
          "north": -26.499521518210834
        },
        "cfar_detection_count": 1,
        "yolo_detection_count": 1,
        "processing_bounds_lonlat": {
          "west": -48.02691702839743,
          "south": -26.745636928786155,
          "east": -47.74551299427055,
          "north": -26.499521518210834
        },
        "cfar_count": 1,
        "yolo_count": 1,
        "has_cfar_detection": true,
        "has_yolo_detection": true,
        "has_detection": true
      }
    },
    {
      "type": "Feature",
      "geometry": {
        "type": "Polygon",
        "coordinates": [
          [
            [
              -47.95457946557528,
              -26.503314323149716
            ],
            [
              -48.007280212167856,
              -26.680027890880226
            ],
            [
              -48.20078571236209,
              -26.63217232876256
            ],
            [
              -48.14781411973242,
              -26.455546383282453
            ],
            [
              -47.95457946557528,
              -26.503314323149716
            ]
          ]
        ]
      },
      "properties": {
        "patch_id": 12,
        "tile_id": 12,
        "patch_number": 13,
        "patch_label": "P013",
        "name": "patch_0013_VV",
        "x_start": 24000,
        "y_start": 0,
        "valid_x_end": 26000,
        "valid_y_end": 2000,
        "width": 2000,
        "height": 2000,
        "target_width": 2000,
        "target_height": 2000,
        "requires_padding": false,
        "processing_bbox_pixels": {
          "x0": 23840,
          "y0": 0,
          "x1": 26033,
          "y1": 2160
        },
        "processing_requested_bbox_pixels": {
          "x0": 23840,
          "y0": -160,
          "x1": 26160,
          "y1": 2160
        },
        "processing_width": 2193,
        "processing_height": 2160,
        "processing_target_width": 2193,
        "processing_target_height": 2160,
        "processing_requires_padding": false,
        "core_bbox_pixels": {
          "x0": 24000,
          "y0": 0,
          "x1": 26000,
          "y1": 2000
        },
        "requested_bbox_pixels": {
          "x0": 24000,
          "y0": 0,
          "x1": 26000,
          "y1": 2000
        },
        "halo_pixels": 160,
        "polarization": "VV",
        "display_bounds_lonlat": {
          "west": -48.20823142297216,
          "south": -26.697994591627065,
          "east": -47.93909996537707,
          "north": -26.454757021334594
        },
        "cfar_detection_count": 0,
        "yolo_detection_count": 0,
        "processing_bounds_lonlat": {
          "west": -48.20823142297216,
          "south": -26.697994591627065,
          "east": -47.93909996537707,
          "north": -26.454757021334594
        },
        "cfar_count": 0,
        "yolo_count": 0,
        "has_cfar_detection": false,
        "has_yolo_detection": false,
        "has_detection": false
      }
    },
    {
      "type": "Feature",
      "geometry": {
        "type": "Polygon",
        "coordinates": [
          [
            [
              -48.14791073844067,
              -26.455522463223424
            ],
            [
              -48.20088246667635,
              -26.632148364834784
            ],
            [
              -48.20397860458393,
              -26.63138151914595
            ],
            [
              -48.15100253695833,
              -26.454757021334594
            ],
            [
              -48.14791073844067,
              -26.455522463223424
            ]
          ]
        ]
      },
      "properties": {
        "patch_id": 13,
        "tile_id": 13,
        "patch_number": 14,
        "patch_label": "P014",
        "name": "patch_0014_VV",
        "x_start": 26000,
        "y_start": 0,
        "valid_x_end": 26033,
        "valid_y_end": 2000,
        "width": 2000,
        "height": 2000,
        "target_width": 2000,
        "target_height": 2000,
        "requires_padding": true,
        "processing_bbox_pixels": {
          "x0": 25840,
          "y0": 0,
          "x1": 26033,
          "y1": 2160
        },
        "processing_requested_bbox_pixels": {
          "x0": 25840,
          "y0": -160,
          "x1": 28160,
          "y1": 2160
        },
        "processing_width": 193,
        "processing_height": 2160,
        "processing_target_width": 193,
        "processing_target_height": 2160,
        "processing_requires_padding": false,
        "core_bbox_pixels": {
          "x0": 26000,
          "y0": 0,
          "x1": 26033,
          "y1": 2000
        },
        "requested_bbox_pixels": {
          "x0": 26000,
          "y0": 0,
          "x1": 28000,
          "y1": 2000
        },
        "halo_pixels": 160,
        "polarization": "VV",
        "display_bounds_lonlat": {
          "west": -48.20823142297216,
          "south": -26.65011848602035,
          "east": -48.13245174233046,
          "north": -26.454757021334594
        },
        "cfar_detection_count": 0,
        "yolo_detection_count": 0,
        "processing_bounds_lonlat": {
          "west": -48.20823142297216,
          "south": -26.65011848602035,
          "east": -48.13245174233046,
          "north": -26.454757021334594
        },
        "cfar_count": 0,
        "yolo_count": 0,
        "has_cfar_detection": false,
        "has_yolo_detection": false,
        "has_detection": false
      }
    },
    {
      "type": "Feature",
      "geometry": {
        "type": "Polygon",
        "coordinates": [
          [
            [
              -45.6706150748544,
              -27.234415357306773
            ],
            [
              -45.72009402766358,
              -27.412018030707564
            ],
            [
              -45.91587360911548,
              -27.367247814014107
            ],
            [
              -45.86609793140591,
              -27.18970912130213
            ],
            [
              -45.6706150748544,
              -27.234415357306773
            ]
          ]
        ]
      },
      "properties": {
        "patch_id": 14,
        "tile_id": 14,
        "patch_number": 15,
        "patch_label": "P015",
        "name": "patch_0015_VV",
        "x_start": 0,
        "y_start": 2000,
        "valid_x_end": 2000,
        "valid_y_end": 4000,
        "width": 2000,
        "height": 2000,
        "target_width": 2000,
        "target_height": 2000,
        "requires_padding": false,
        "processing_bbox_pixels": {
          "x0": 0,
          "y0": 1840,
          "x1": 2160,
          "y1": 4160
        },
        "processing_requested_bbox_pixels": {
          "x0": -160,
          "y0": 1840,
          "x1": 2160,
          "y1": 4160
        },
        "processing_width": 2160,
        "processing_height": 2320,
        "processing_target_width": 2160,
        "processing_target_height": 2320,
        "processing_requires_padding": false,
        "core_bbox_pixels": {
          "x0": 0,
          "y0": 2000,
          "x1": 2000,
          "y1": 4000
        },
        "requested_bbox_pixels": {
          "x0": 0,
          "y0": 2000,
          "x1": 2000,
          "y1": 4000
        },
        "halo_pixels": 160,
        "polarization": "VV",
        "display_bounds_lonlat": {
          "west": -45.93553411167551,
          "south": -27.426232212926084,
          "east": -45.66665850542202,
          "north": -27.17191133568167
        },
        "cfar_detection_count": 0,
        "yolo_detection_count": 0,
        "processing_bounds_lonlat": {
          "west": -45.93553411167551,
          "south": -27.426232212926084,
          "east": -45.66665850542202,
          "north": -27.17191133568167
        },
        "cfar_count": 0,
        "yolo_count": 0,
        "has_cfar_detection": false,
        "has_yolo_detection": false,
        "has_detection": false
      }
    },
    {
      "type": "Feature",
      "geometry": {
        "type": "Polygon",
        "coordinates": [
          [
            [
              -45.866195689714566,
              -27.189686699666858
            ],
            [
              -45.9159715137605,
              -27.367225359354187
            ],
            [
              -46.11160511912176,
              -27.322205805959996
            ],
            [
              -46.06154177714309,
              -27.144734814394077
            ],
            [
              -45.866195689714566,
              -27.189686699666858
            ]
          ]
        ]
      },
      "properties": {
        "patch_id": 15,
        "tile_id": 15,
        "patch_number": 16,
        "patch_label": "P016",
        "name": "patch_0016_VV",
        "x_start": 2000,
        "y_start": 2000,
        "valid_x_end": 4000,
        "valid_y_end": 4000,
        "width": 2000,
        "height": 2000,
        "target_width": 2000,
        "target_height": 2000,
        "requires_padding": false,
        "processing_bbox_pixels": {
          "x0": 1840,
          "y0": 1840,
          "x1": 4160,
          "y1": 4160
        },
        "processing_requested_bbox_pixels": {
          "x0": 1840,
          "y0": 1840,
          "x1": 4160,
          "y1": 4160
        },
        "processing_width": 2320,
        "processing_height": 2320,
        "processing_target_width": 2320,
        "processing_target_height": 2320,
        "processing_requires_padding": false,
        "core_bbox_pixels": {
          "x0": 2000,
          "y0": 2000,
          "x1": 4000,
          "y1": 4000
        },
        "requested_bbox_pixels": {
          "x0": 2000,
          "y0": 2000,
          "x1": 4000,
          "y1": 4000
        },
        "halo_pixels": 160,
        "polarization": "VV",
        "display_bounds_lonlat": {
          "west": -46.131273017026764,
          "south": -27.38502738510379,
          "east": -45.84657609585212,
          "north": -27.1269143369104
        },
        "cfar_detection_count": 1,
        "yolo_detection_count": 1,
        "processing_bounds_lonlat": {
          "west": -46.131273017026764,
          "south": -27.38502738510379,
          "east": -45.84657609585212,
          "north": -27.1269143369104
        },
        "cfar_count": 1,
        "yolo_count": 1,
        "has_cfar_detection": true,
        "has_yolo_detection": true,
        "has_detection": true
      }
    },
    {
      "type": "Feature",
      "geometry": {
        "type": "Polygon",
        "coordinates": [
          [
            [
              -46.06163944008592,
              -27.14471222528644
            ],
            [
              -46.11170292770872,
              -27.32218318247959
            ],
            [
              -46.30717023842229,
              -27.27687210522975
            ],
            [
              -46.25681732740732,
              -27.099470052387915
            ],
            [
              -46.06163944008592,
              -27.14471222528644
            ]
          ]
        ]
      },
      "properties": {
        "patch_id": 16,
        "tile_id": 16,
        "patch_number": 17,
        "patch_label": "P017",
        "name": "patch_0017_VV",
        "x_start": 4000,
        "y_start": 2000,
        "valid_x_end": 6000,
        "valid_y_end": 4000,
        "width": 2000,
        "height": 2000,
        "target_width": 2000,
        "target_height": 2000,
        "requires_padding": false,
        "processing_bbox_pixels": {
          "x0": 3840,
          "y0": 1840,
          "x1": 6160,
          "y1": 4160
        },
        "processing_requested_bbox_pixels": {
          "x0": 3840,
          "y0": 1840,
          "x1": 6160,
          "y1": 4160
        },
        "processing_width": 2320,
        "processing_height": 2320,
        "processing_target_width": 2320,
        "processing_target_height": 2320,
        "processing_requires_padding": false,
        "core_bbox_pixels": {
          "x0": 4000,
          "y0": 2000,
          "x1": 6000,
          "y1": 4000
        },
        "requested_bbox_pixels": {
          "x0": 4000,
          "y0": 2000,
          "x1": 6000,
          "y1": 4000
        },
        "halo_pixels": 160,
        "polarization": "VV",
        "display_bounds_lonlat": {
          "west": -46.326852704213024,
          "south": -27.340002459102276,
          "east": -46.04200952066968,
          "north": -27.08164100467668
        },
        "cfar_detection_count": 0,
        "yolo_detection_count": 0,
        "processing_bounds_lonlat": {
          "west": -46.326852704213024,
          "south": -27.340002459102276,
          "east": -46.04200952066968,
          "north": -27.08164100467668
        },
        "cfar_count": 0,
        "yolo_count": 0,
        "has_cfar_detection": false,
        "has_yolo_detection": false,
        "has_detection": false
      }
    },
    {
      "type": "Feature",
      "geometry": {
        "type": "Polygon",
        "coordinates": [
          [
            [
              -46.25691493412561,
              -27.099447366894676
            ],
            [
              -46.30726798809969,
              -27.276849385148598
            ],
            [
              -46.502585795736266,
              -27.23128239426167
            ],
            [
              -46.45194503360152,
              -27.053951591448975
            ],
            [
              -46.25691493412561,
              -27.099447366894676
            ]
          ]
        ]
      },
      "properties": {
        "patch_id": 17,
        "tile_id": 17,
        "patch_number": 18,
        "patch_label": "P018",
        "name": "patch_0018_VV",
        "x_start": 6000,
        "y_start": 2000,
        "valid_x_end": 8000,
        "valid_y_end": 4000,
        "width": 2000,
        "height": 2000,
        "target_width": 2000,
        "target_height": 2000,
        "requires_padding": false,
        "processing_bbox_pixels": {
          "x0": 5840,
          "y0": 1840,
          "x1": 8160,
          "y1": 4160
        },
        "processing_requested_bbox_pixels": {
          "x0": 5840,
          "y0": 1840,
          "x1": 8160,
          "y1": 4160
        },
        "processing_width": 2320,
        "processing_height": 2320,
        "processing_target_width": 2320,
        "processing_target_height": 2320,
        "processing_requires_padding": false,
        "core_bbox_pixels": {
          "x0": 6000,
          "y0": 2000,
          "x1": 8000,
          "y1": 4000
        },
        "requested_bbox_pixels": {
          "x0": 6000,
          "y0": 2000,
          "x1": 8000,
          "y1": 4000
        },
        "halo_pixels": 160,
        "polarization": "VV",
        "display_bounds_lonlat": {
          "west": -46.52227454100965,
          "south": -27.294682951131534,
          "east": -46.237273442024865,
          "north": -27.036100340001134
        },
        "cfar_detection_count": 0,
        "yolo_detection_count": 0,
        "processing_bounds_lonlat": {
          "west": -46.52227454100965,
          "south": -27.294682951131534,
          "east": -46.237273442024865,
          "north": -27.036100340001134
        },
        "cfar_count": 0,
        "yolo_count": 0,
        "has_cfar_detection": false,
        "has_yolo_detection": false,
        "has_detection": false
      }
    },
    {
      "type": "Feature",
      "geometry": {
        "type": "Polygon",
        "coordinates": [
          [
            [
              -46.452042535673655,
              -27.053928731482976
            ],
            [
              -46.502683440908136,
              -27.2312594981445
            ],
            [
              -46.69783325560175,
              -27.185411053766956
            ],
            [
              -46.64690499237844,
              -27.008153591709387
            ],
            [
              -46.452042535673655,
              -27.053928731482976
            ]
          ]
        ]
      },
      "properties": {
        "patch_id": 18,
        "tile_id": 18,
        "patch_number": 19,
        "patch_label": "P019",
        "name": "patch_0019_VV",
        "x_start": 8000,
        "y_start": 2000,
        "valid_x_end": 10000,
        "valid_y_end": 4000,
        "width": 2000,
        "height": 2000,
        "target_width": 2000,
        "target_height": 2000,
        "requires_padding": false,
        "processing_bbox_pixels": {
          "x0": 7840,
          "y0": 1840,
          "x1": 10160,
          "y1": 4160
        },
        "processing_requested_bbox_pixels": {
          "x0": 7840,
          "y0": 1840,
          "x1": 10160,
          "y1": 4160
        },
        "processing_width": 2320,
        "processing_height": 2320,
        "processing_target_width": 2320,
        "processing_target_height": 2320,
        "processing_requires_padding": false,
        "core_bbox_pixels": {
          "x0": 8000,
          "y0": 2000,
          "x1": 10000,
          "y1": 4000
        },
        "requested_bbox_pixels": {
          "x0": 8000,
          "y0": 2000,
          "x1": 10000,
          "y1": 4000
        },
        "halo_pixels": 160,
        "polarization": "VV",
        "display_bounds_lonlat": {
          "west": -46.7175371649024,
          "south": -27.249115366388693,
          "east": -46.43239471359608,
          "north": -26.990294144013014
        },
        "cfar_detection_count": 1,
        "yolo_detection_count": 1,
        "processing_bounds_lonlat": {
          "west": -46.7175371649024,
          "south": -27.249115366388693,
          "east": -46.43239471359608,
          "north": -26.990294144013014
        },
        "cfar_count": 1,
        "yolo_count": 1,
        "has_cfar_detection": true,
        "has_yolo_detection": true,
        "has_detection": true
      }
    },
    {
      "type": "Feature",
      "geometry": {
        "type": "Polygon",
        "coordinates": [
          [
            [
              -46.647002444688454,
              -27.00813064372519
            ],
            [
              -46.697930852480795,
              -27.18538806846081
            ],
            [
              -46.89292426925678,
              -27.13927788006231
            ],
            [
              -46.84171174811644,
              -26.962095628431364
            ],
            [
              -46.647002444688454,
              -27.00813064372519
            ]
          ]
        ]
      },
      "properties": {
        "patch_id": 19,
        "tile_id": 19,
        "patch_number": 20,
        "patch_label": "P020",
        "name": "patch_0020_VV",
        "x_start": 10000,
        "y_start": 2000,
        "valid_x_end": 12000,
        "valid_y_end": 4000,
        "width": 2000,
        "height": 2000,
        "target_width": 2000,
        "target_height": 2000,
        "requires_padding": false,
        "processing_bbox_pixels": {
          "x0": 9840,
          "y0": 1840,
          "x1": 12160,
          "y1": 4160
        },
        "processing_requested_bbox_pixels": {
          "x0": 9840,
          "y0": 1840,
          "x1": 12160,
          "y1": 4160
        },
        "processing_width": 2320,
        "processing_height": 2320,
        "processing_target_width": 2320,
        "processing_target_height": 2320,
        "processing_requires_padding": false,
        "core_bbox_pixels": {
          "x0": 10000,
          "y0": 2000,
          "x1": 12000,
          "y1": 4000
        },
        "requested_bbox_pixels": {
          "x0": 10000,
          "y0": 2000,
          "x1": 12000,
          "y1": 4000
        },
        "halo_pixels": 160,
        "polarization": "VV",
        "display_bounds_lonlat": {
          "west": -46.91263451479184,
          "south": -27.203252396242714,
          "east": -46.62733973368354,
          "north": -26.944214286737335
        },
        "cfar_detection_count": 0,
        "yolo_detection_count": 0,
        "processing_bounds_lonlat": {
          "west": -46.91263451479184,
          "south": -27.203252396242714,
          "east": -46.62733973368354,
          "north": -26.944214286737335
        },
        "cfar_count": 0,
        "yolo_count": 0,
        "has_cfar_detection": false,
        "has_yolo_detection": false,
        "has_detection": false
      }
    },
    {
      "type": "Feature",
      "geometry": {
        "type": "Polygon",
        "coordinates": [
          [
            [
              -46.84180909994763,
              -26.96207250607273
            ],
            [
              -46.89302176116439,
              -27.139254720185484
            ],
            [
              -47.087856698109235,
              -27.092871596380462
            ],
            [
              -47.03636267535293,
              -26.91576725864487
            ],
            [
              -46.84180909994763,
              -26.96207250607273
            ]
          ]
        ]
      },
      "properties": {
        "patch_id": 20,
        "tile_id": 20,
        "patch_number": 21,
        "patch_label": "P021",
        "name": "patch_0021_VV",
        "x_start": 12000,
        "y_start": 2000,
        "valid_x_end": 14000,
        "valid_y_end": 4000,
        "width": 2000,
        "height": 2000,
        "target_width": 2000,
        "target_height": 2000,
        "requires_padding": false,
        "processing_bbox_pixels": {
          "x0": 11840,
          "y0": 1840,
          "x1": 14160,
          "y1": 4160
        },
        "processing_requested_bbox_pixels": {
          "x0": 11840,
          "y0": 1840,
          "x1": 14160,
          "y1": 4160
        },
        "processing_width": 2320,
        "processing_height": 2320,
        "processing_target_width": 2320,
        "processing_target_height": 2320,
        "processing_requires_padding": false,
        "core_bbox_pixels": {
          "x0": 12000,
          "y0": 2000,
          "x1": 14000,
          "y1": 4000
        },
        "requested_bbox_pixels": {
          "x0": 12000,
          "y0": 2000,
          "x1": 14000,
          "y1": 4000
        },
        "halo_pixels": 160,
        "polarization": "VV",
        "display_bounds_lonlat": {
          "west": -47.10758118765122,
          "south": -27.157140882280594,
          "east": -46.82213976868524,
          "north": -26.89787851768288
        },
        "cfar_detection_count": 0,
        "yolo_detection_count": 0,
        "processing_bounds_lonlat": {
          "west": -47.10758118765122,
          "south": -27.157140882280594,
          "east": -46.82213976868524,
          "north": -26.89787851768288
        },
        "cfar_count": 0,
        "yolo_count": 0,
        "has_cfar_detection": false,
        "has_yolo_detection": false,
        "has_detection": false
      }
    },
    {
      "type": "Feature",
      "geometry": {
        "type": "Polygon",
        "coordinates": [
          [
            [
              -47.03645997331277,
              -26.915744051100372
            ],
            [
              -47.08795413751115,
              -27.092848348387513
            ],
            [
              -47.28262434667117,
              -27.04619671155318
            ],
            [
              -47.230850590801595,
              -26.869171821113504
            ],
            [
              -47.03645997331277,
              -26.915744051100372
            ]
          ]
        ]
      },
      "properties": {
        "patch_id": 21,
        "tile_id": 21,
        "patch_number": 22,
        "patch_label": "P022",
        "name": "patch_0022_VV",
        "x_start": 14000,
        "y_start": 2000,
        "valid_x_end": 16000,
        "valid_y_end": 4000,
        "width": 2000,
        "height": 2000,
        "target_width": 2000,
        "target_height": 2000,
        "requires_padding": false,
        "processing_bbox_pixels": {
          "x0": 13840,
          "y0": 1840,
          "x1": 16160,
          "y1": 4160
        },
        "processing_requested_bbox_pixels": {
          "x0": 13840,
          "y0": 1840,
          "x1": 16160,
          "y1": 4160
        },
        "processing_width": 2320,
        "processing_height": 2320,
        "processing_target_width": 2320,
        "processing_target_height": 2320,
        "processing_requires_padding": false,
        "core_bbox_pixels": {
          "x0": 14000,
          "y0": 2000,
          "x1": 16000,
          "y1": 4000
        },
        "requested_bbox_pixels": {
          "x0": 14000,
          "y0": 2000,
          "x1": 16000,
          "y1": 4000
        },
        "halo_pixels": 160,
        "polarization": "VV",
        "display_bounds_lonlat": {
          "west": -47.30235457931121,
          "south": -27.11074250017434,
          "east": -47.01677676031405,
          "north": -26.85126153567242
        },
        "cfar_detection_count": 0,
        "yolo_detection_count": 0,
        "processing_bounds_lonlat": {
          "west": -47.30235457931121,
          "south": -27.11074250017434,
          "east": -47.01677676031405,
          "north": -26.85126153567242
        },
        "cfar_count": 0,
        "yolo_count": 0,
        "has_cfar_detection": false,
        "has_yolo_detection": false,
        "has_detection": false
      }
    },
    {
      "type": "Feature",
      "geometry": {
        "type": "Polygon",
        "coordinates": [
          [
            [
              -47.23094778753291,
              -26.869148439194575
            ],
            [
              -47.28272167986997,
              -27.04617328898955
            ],
            [
              -47.47723687297335,
              -26.999258468412897
            ],
            [
              -47.425183794024875,
              -26.822314867372345
            ],
            [
              -47.23094778753291,
              -26.869148439194575
            ]
          ]
        ]
      },
      "properties": {
        "patch_id": 22,
        "tile_id": 22,
        "patch_number": 23,
        "patch_label": "P023",
        "name": "patch_0023_VV",
        "x_start": 16000,
        "y_start": 2000,
        "valid_x_end": 18000,
        "valid_y_end": 4000,
        "width": 2000,
        "height": 2000,
        "target_width": 2000,
        "target_height": 2000,
        "requires_padding": false,
        "processing_bbox_pixels": {
          "x0": 15840,
          "y0": 1840,
          "x1": 18160,
          "y1": 4160
        },
        "processing_requested_bbox_pixels": {
          "x0": 15840,
          "y0": 1840,
          "x1": 18160,
          "y1": 4160
        },
        "processing_width": 2320,
        "processing_height": 2320,
        "processing_target_width": 2320,
        "processing_target_height": 2320,
        "processing_requires_padding": false,
        "core_bbox_pixels": {
          "x0": 16000,
          "y0": 2000,
          "x1": 18000,
          "y1": 4000
        },
        "requested_bbox_pixels": {
          "x0": 16000,
          "y0": 2000,
          "x1": 18000,
          "y1": 4000
        },
        "halo_pixels": 160,
        "polarization": "VV",
        "display_bounds_lonlat": {
          "west": -47.496981645781865,
          "south": -27.06408892557051,
          "east": -47.21125844095134,
          "north": -26.8043972351563
        },
        "cfar_detection_count": 0,
        "yolo_detection_count": 0,
        "processing_bounds_lonlat": {
          "west": -47.496981645781865,
          "south": -27.06408892557051,
          "east": -47.21125844095134,
          "north": -26.8043972351563
        },
        "cfar_count": 0,
        "yolo_count": 0,
        "has_cfar_detection": false,
        "has_yolo_detection": false,
        "has_detection": false
      }
    },
    {
      "type": "Feature",
      "geometry": {
        "type": "Polygon",
        "coordinates": [
          [
            [
              -47.4252809348314,
              -26.82229139899886
            ],
            [
              -47.47733415617928,
              -26.999234959394713
            ],
            [
              -47.67168101214955,
              -26.952045033142852
            ],
            [
              -47.619351072397215,
              -26.775184272187722
            ],
            [
              -47.4252809348314,
              -26.82229139899886
            ]
          ]
        ]
      },
      "properties": {
        "patch_id": 23,
        "tile_id": 23,
        "patch_number": 24,
        "patch_label": "P024",
        "name": "patch_0024_VV",
        "x_start": 18000,
        "y_start": 2000,
        "valid_x_end": 20000,
        "valid_y_end": 4000,
        "width": 2000,
        "height": 2000,
        "target_width": 2000,
        "target_height": 2000,
        "requires_padding": false,
        "processing_bbox_pixels": {
          "x0": 17840,
          "y0": 1840,
          "x1": 20160,
          "y1": 4160
        },
        "processing_requested_bbox_pixels": {
          "x0": 17840,
          "y0": 1840,
          "x1": 20160,
          "y1": 4160
        },
        "processing_width": 2320,
        "processing_height": 2320,
        "processing_target_width": 2320,
        "processing_target_height": 2320,
        "processing_requires_padding": false,
        "core_bbox_pixels": {
          "x0": 18000,
          "y0": 2000,
          "x1": 20000,
          "y1": 4000
        },
        "requested_bbox_pixels": {
          "x0": 18000,
          "y0": 2000,
          "x1": 20000,
          "y1": 4000
        },
        "halo_pixels": 160,
        "polarization": "VV",
        "display_bounds_lonlat": {
          "west": -47.691431344573715,
          "south": -27.017157922299077,
          "east": -47.405578291114125,
          "north": -26.757245860408528
        },
        "cfar_detection_count": 0,
        "yolo_detection_count": 0,
        "processing_bounds_lonlat": {
          "west": -47.691431344573715,
          "south": -27.017157922299077,
          "east": -47.405578291114125,
          "north": -26.757245860408528
        },
        "cfar_count": 0,
        "yolo_count": 0,
        "has_cfar_detection": false,
        "has_yolo_detection": false,
        "has_detection": false
      }
    },
    {
      "type": "Feature",
      "geometry": {
        "type": "Polygon",
        "coordinates": [
          [
            [
              -47.619448111061956,
              -26.775160632173826
            ],
            [
              -47.671778190981044,
              -26.952021349750233
            ],
            [
              -47.86597131486434,
              -26.904578171995354
            ],
            [
              -47.81336791225007,
              -26.727803026252722
            ],
            [
              -47.619448111061956,
              -26.775160632173826
            ]
          ]
        ]
      },
      "properties": {
        "patch_id": 24,
        "tile_id": 24,
        "patch_number": 25,
        "patch_label": "P025",
        "name": "patch_0025_VV",
        "x_start": 20000,
        "y_start": 2000,
        "valid_x_end": 22000,
        "valid_y_end": 4000,
        "width": 2000,
        "height": 2000,
        "target_width": 2000,
        "target_height": 2000,
        "requires_padding": false,
        "processing_bbox_pixels": {
          "x0": 19840,
          "y0": 1840,
          "x1": 22160,
          "y1": 4160
        },
        "processing_requested_bbox_pixels": {
          "x0": 19840,
          "y0": 1840,
          "x1": 22160,
          "y1": 4160
        },
        "processing_width": 2320,
        "processing_height": 2320,
        "processing_target_width": 2320,
        "processing_target_height": 2320,
        "processing_requires_padding": false,
        "core_bbox_pixels": {
          "x0": 20000,
          "y0": 2000,
          "x1": 22000,
          "y1": 4000
        },
        "requested_bbox_pixels": {
          "x0": 20000,
          "y0": 2000,
          "x1": 22000,
          "y1": 4000
        },
        "halo_pixels": 160,
        "polarization": "VV",
        "display_bounds_lonlat": {
          "west": -47.885733385095584,
          "south": -26.96996554329297,
          "east": -47.59973967448694,
          "north": -26.709854988068443
        },
        "cfar_detection_count": 0,
        "yolo_detection_count": 0,
        "processing_bounds_lonlat": {
          "west": -47.885733385095584,
          "south": -26.96996554329297,
          "east": -47.59973967448694,
          "north": -26.709854988068443
        },
        "cfar_count": 0,
        "yolo_count": 0,
        "has_cfar_detection": false,
        "has_yolo_detection": false,
        "has_detection": false
      }
    },
    {
      "type": "Feature",
      "geometry": {
        "type": "Polygon",
        "coordinates": [
          [
            [
              -47.81346489911361,
              -26.72777929988259
            ],
            [
              -47.86606843602334,
              -26.90455440322102
            ],
            [
              -48.060089766826266,
              -26.856829483621386
            ],
            [
              -48.007209772743884,
              -26.68014017927834
            ],
            [
              -47.81346489911361,
              -26.72777929988259
            ]
          ]
        ]
      },
      "properties": {
        "patch_id": 25,
        "tile_id": 25,
        "patch_number": 26,
        "patch_label": "P026",
        "name": "patch_0026_VV",
        "x_start": 22000,
        "y_start": 2000,
        "valid_x_end": 24000,
        "valid_y_end": 4000,
        "width": 2000,
        "height": 2000,
        "target_width": 2000,
        "target_height": 2000,
        "requires_padding": false,
        "processing_bbox_pixels": {
          "x0": 21840,
          "y0": 1840,
          "x1": 24160,
          "y1": 4160
        },
        "processing_requested_bbox_pixels": {
          "x0": 21840,
          "y0": 1840,
          "x1": 24160,
          "y1": 4160
        },
        "processing_width": 2320,
        "processing_height": 2320,
        "processing_target_width": 2320,
        "processing_target_height": 2320,
        "processing_requires_padding": false,
        "core_bbox_pixels": {
          "x0": 22000,
          "y0": 2000,
          "x1": 24000,
          "y1": 4000
        },
        "requested_bbox_pixels": {
          "x0": 22000,
          "y0": 2000,
          "x1": 24000,
          "y1": 4000
        },
        "halo_pixels": 160,
        "polarization": "VV",
        "display_bounds_lonlat": {
          "west": -48.079858461263754,
          "south": -26.922505497907487,
          "east": -47.79374281062638,
          "north": -26.662174208817323
        },
        "cfar_detection_count": 0,
        "yolo_detection_count": 0,
        "processing_bounds_lonlat": {
          "west": -48.079858461263754,
          "south": -26.922505497907487,
          "east": -47.79374281062638,
          "north": -26.662174208817323
        },
        "cfar_count": 0,
        "yolo_count": 0,
        "has_cfar_detection": false,
        "has_yolo_detection": false,
        "has_detection": false
      }
    },
    {
      "type": "Feature",
      "geometry": {
        "type": "Polygon",
        "coordinates": [
          [
            [
              -48.007306654990046,
              -26.680116281366118
            ],
            [
              -48.06018678367951,
              -26.856805541937945
            ],
            [
              -48.253962805840985,
              -26.808860455517554
            ],
            [
              -48.200812290238716,
              -26.632260674486304
            ],
            [
              -48.007306654990046,
              -26.680116281366118
            ]
          ]
        ]
      },
      "properties": {
        "patch_id": 26,
        "tile_id": 26,
        "patch_number": 27,
        "patch_label": "P027",
        "name": "patch_0027_VV",
        "x_start": 24000,
        "y_start": 2000,
        "valid_x_end": 26000,
        "valid_y_end": 4000,
        "width": 2000,
        "height": 2000,
        "target_width": 2000,
        "target_height": 2000,
        "requires_padding": false,
        "processing_bbox_pixels": {
          "x0": 23840,
          "y0": 1840,
          "x1": 26033,
          "y1": 4160
        },
        "processing_requested_bbox_pixels": {
          "x0": 23840,
          "y0": 1840,
          "x1": 26160,
          "y1": 4160
        },
        "processing_width": 2193,
        "processing_height": 2320,
        "processing_target_width": 2193,
        "processing_target_height": 2320,
        "processing_requires_padding": false,
        "core_bbox_pixels": {
          "x0": 24000,
          "y0": 2000,
          "x1": 26000,
          "y1": 4000
        },
        "requested_bbox_pixels": {
          "x0": 24000,
          "y0": 2000,
          "x1": 26000,
          "y1": 4000
        },
        "halo_pixels": 160,
        "polarization": "VV",
        "display_bounds_lonlat": {
          "west": -48.26142659928569,
          "south": -26.874777132317057,
          "east": -47.9875792611338,
          "north": -26.617334249403132
        },
        "cfar_detection_count": 3,
        "yolo_detection_count": 3,
        "processing_bounds_lonlat": {
          "west": -48.26142659928569,
          "south": -26.874777132317057,
          "east": -47.9875792611338,
          "north": -26.617334249403132
        },
        "cfar_count": 3,
        "yolo_count": 3,
        "has_cfar_detection": true,
        "has_yolo_detection": true,
        "has_detection": true
      }
    },
    {
      "type": "Feature",
      "geometry": {
        "type": "Polygon",
        "coordinates": [
          [
            [
              -48.20090904462096,
              -26.632236710535846
            ],
            [
              -48.25405969586525,
              -26.808836446232625
            ],
            [
              -48.25716017649526,
              -26.808068149114952
            ],
            [
              -48.204005184703945,
              -26.631469864121293
            ],
            [
              -48.20090904462096,
              -26.632236710535846
            ]
          ]
        ]
      },
      "properties": {
        "patch_id": 27,
        "tile_id": 27,
        "patch_number": 28,
        "patch_label": "P028",
        "name": "patch_0028_VV",
        "x_start": 26000,
        "y_start": 2000,
        "valid_x_end": 26033,
        "valid_y_end": 4000,
        "width": 2000,
        "height": 2000,
        "target_width": 2000,
        "target_height": 2000,
        "requires_padding": true,
        "processing_bbox_pixels": {
          "x0": 25840,
          "y0": 1840,
          "x1": 26033,
          "y1": 4160
        },
        "processing_requested_bbox_pixels": {
          "x0": 25840,
          "y0": 1840,
          "x1": 28160,
          "y1": 4160
        },
        "processing_width": 193,
        "processing_height": 2320,
        "processing_target_width": 193,
        "processing_target_height": 2320,
        "processing_requires_padding": false,
        "core_bbox_pixels": {
          "x0": 26000,
          "y0": 2000,
          "x1": 26033,
          "y1": 4000
        },
        "requested_bbox_pixels": {
          "x0": 26000,
          "y0": 2000,
          "x1": 28000,
          "y1": 4000
        },
        "halo_pixels": 160,
        "polarization": "VV",
        "display_bounds_lonlat": {
          "west": -48.26142659928569,
          "south": -26.82681170729682,
          "east": -48.18118049186029,
          "north": -26.617334249403132
        },
        "cfar_detection_count": 0,
        "yolo_detection_count": 0,
        "processing_bounds_lonlat": {
          "west": -48.26142659928569,
          "south": -26.82681170729682,
          "east": -48.18118049186029,
          "north": -26.617334249403132
        },
        "cfar_count": 0,
        "yolo_count": 0,
        "has_cfar_detection": false,
        "has_yolo_detection": false,
        "has_detection": false
      }
    },
    {
      "type": "Feature",
      "geometry": {
        "type": "Polygon",
        "coordinates": [
          [
            [
              -45.72011883944921,
              -27.412106869346427
            ],
            [
              -45.76974590862275,
              -27.589691469198733
            ],
            [
              -45.96582344814553,
              -27.544854711319022
            ],
            [
              -45.91589857061558,
              -27.367336619279612
            ],
            [
              -45.72011883944921,
              -27.412106869346427
            ]
          ]
        ]
      },
      "properties": {
        "patch_id": 28,
        "tile_id": 28,
        "patch_number": 29,
        "patch_label": "P029",
        "name": "patch_0029_VV",
        "x_start": 0,
        "y_start": 4000,
        "valid_x_end": 2000,
        "valid_y_end": 6000,
        "width": 2000,
        "height": 2000,
        "target_width": 2000,
        "target_height": 2000,
        "requires_padding": false,
        "processing_bbox_pixels": {
          "x0": 0,
          "y0": 3840,
          "x1": 2160,
          "y1": 6160
        },
        "processing_requested_bbox_pixels": {
          "x0": -160,
          "y0": 3840,
          "x1": 2160,
          "y1": 6160
        },
        "processing_width": 2160,
        "processing_height": 2320,
        "processing_target_width": 2160,
        "processing_target_height": 2320,
        "processing_requires_padding": false,
        "core_bbox_pixels": {
          "x0": 0,
          "y0": 4000,
          "x1": 2000,
          "y1": 6000
        },
        "requested_bbox_pixels": {
          "x0": 0,
          "y0": 4000,
          "x1": 2000,
          "y1": 6000
        },
        "halo_pixels": 160,
        "polarization": "VV",
        "display_bounds_lonlat": {
          "west": -45.98551914939966,
          "south": -27.603904022751436,
          "east": -45.71614895356708,
          "north": -27.349535468891744
        },
        "cfar_detection_count": 0,
        "yolo_detection_count": 0,
        "processing_bounds_lonlat": {
          "west": -45.98551914939966,
          "south": -27.603904022751436,
          "east": -45.71614895356708,
          "north": -27.349535468891744
        },
        "cfar_count": 0,
        "yolo_count": 0,
        "has_cfar_detection": false,
        "has_yolo_detection": false,
        "has_detection": false
      }
    },
    {
      "type": "Feature",
      "geometry": {
        "type": "Polygon",
        "coordinates": [
          [
            [
              -45.91599647533554,
              -27.367314164602487
            ],
            [
              -45.96592150193768,
              -27.544832222545175
            ],
            [
              -46.16184949825891,
              -27.499745688070067
            ],
            [
              -46.11163022782699,
              -27.32229457783447
            ],
            [
              -45.91599647533554,
              -27.367314164602487
            ]
          ]
        ]
      },
      "properties": {
        "patch_id": 29,
        "tile_id": 29,
        "patch_number": 30,
        "patch_label": "P030",
        "name": "patch_0030_VV",
        "x_start": 2000,
        "y_start": 4000,
        "valid_x_end": 4000,
        "valid_y_end": 6000,
        "width": 2000,
        "height": 2000,
        "target_width": 2000,
        "target_height": 2000,
        "requires_padding": false,
        "processing_bbox_pixels": {
          "x0": 1840,
          "y0": 3840,
          "x1": 4160,
          "y1": 6160
        },
        "processing_requested_bbox_pixels": {
          "x0": 1840,
          "y0": 3840,
          "x1": 4160,
          "y1": 6160
        },
        "processing_width": 2320,
        "processing_height": 2320,
        "processing_target_width": 2320,
        "processing_target_height": 2320,
        "processing_requires_padding": false,
        "core_bbox_pixels": {
          "x0": 2000,
          "y0": 4000,
          "x1": 4000,
          "y1": 6000
        },
        "requested_bbox_pixels": {
          "x0": 2000,
          "y0": 4000,
          "x1": 4000,
          "y1": 6000
        },
        "halo_pixels": 160,
        "polarization": "VV",
        "display_bounds_lonlat": {
          "west": -46.181552115532064,
          "south": -27.5626381451539,
          "east": -45.896339785107315,
          "north": -27.30447040966829
        },
        "cfar_detection_count": 0,
        "yolo_detection_count": 0,
        "processing_bounds_lonlat": {
          "west": -46.181552115532064,
          "south": -27.5626381451539,
          "east": -45.896339785107315,
          "north": -27.30447040966829
        },
        "cfar_count": 0,
        "yolo_count": 0,
        "has_cfar_detection": false,
        "has_yolo_detection": false,
        "has_detection": false
      }
    },
    {
      "type": "Feature",
      "geometry": {
        "type": "Polygon",
        "coordinates": [
          [
            [
              -46.111728036486234,
              -27.322271954336927
            ],
            [
              -46.16194745215487,
              -27.499723030036435
            ],
            [
              -46.35770578089417,
              -27.45434180842185
            ],
            [
              -46.30719549239498,
              -27.276960842076143
            ],
            [
              -46.111728036486234,
              -27.322271954336927
            ]
          ]
        ]
      },
      "properties": {
        "patch_id": 30,
        "tile_id": 30,
        "patch_number": 31,
        "patch_label": "P031",
        "name": "patch_0031_VV",
        "x_start": 4000,
        "y_start": 4000,
        "valid_x_end": 6000,
        "valid_y_end": 6000,
        "width": 2000,
        "height": 2000,
        "target_width": 2000,
        "target_height": 2000,
        "requires_padding": false,
        "processing_bbox_pixels": {
          "x0": 3840,
          "y0": 3840,
          "x1": 6160,
          "y1": 6160
        },
        "processing_requested_bbox_pixels": {
          "x0": 3840,
          "y0": 3840,
          "x1": 6160,
          "y1": 6160
        },
        "processing_width": 2320,
        "processing_height": 2320,
        "processing_target_width": 2320,
        "processing_target_height": 2320,
        "processing_requires_padding": false,
        "core_bbox_pixels": {
          "x0": 4000,
          "y0": 4000,
          "x1": 6000,
          "y1": 6000
        },
        "requested_bbox_pixels": {
          "x0": 4000,
          "y0": 4000,
          "x1": 6000,
          "y1": 6000
        },
        "halo_pixels": 160,
        "polarization": "VV",
        "display_bounds_lonlat": {
          "west": -46.37742331589805,
          "south": -27.517546136428248,
          "east": -46.092060688246384,
          "north": -27.25912819124411
        },
        "cfar_detection_count": 0,
        "yolo_detection_count": 0,
        "processing_bounds_lonlat": {
          "west": -46.37742331589805,
          "south": -27.517546136428248,
          "east": -46.092060688246384,
          "north": -27.25912819124411
        },
        "cfar_count": 0,
        "yolo_count": 0,
        "has_cfar_detection": false,
        "has_yolo_detection": false,
        "has_detection": false
      }
    },
    {
      "type": "Feature",
      "geometry": {
        "type": "Polygon",
        "coordinates": [
          [
            [
              -46.30729324214566,
              -27.276938121977004
            ],
            [
              -46.35780367675688,
              -27.454319052662733
            ],
            [
              -46.55341007587596,
              -27.4086800626295
            ],
            [
              -46.502611193664755,
              -27.231371094987654
            ],
            [
              -46.30729324214566,
              -27.276938121977004
            ]
          ]
        ]
      },
      "properties": {
        "patch_id": 31,
        "tile_id": 31,
        "patch_number": 32,
        "patch_label": "P032",
        "name": "patch_0032_VV",
        "x_start": 6000,
        "y_start": 4000,
        "valid_x_end": 8000,
        "valid_y_end": 6000,
        "width": 2000,
        "height": 2000,
        "target_width": 2000,
        "target_height": 2000,
        "requires_padding": false,
        "processing_bbox_pixels": {
          "x0": 5840,
          "y0": 3840,
          "x1": 8160,
          "y1": 6160
        },
        "processing_requested_bbox_pixels": {
          "x0": 5840,
          "y0": 3840,
          "x1": 8160,
          "y1": 6160
        },
        "processing_width": 2320,
        "processing_height": 2320,
        "processing_target_width": 2320,
        "processing_target_height": 2320,
        "processing_requires_padding": false,
        "core_bbox_pixels": {
          "x0": 6000,
          "y0": 4000,
          "x1": 8000,
          "y1": 6000
        },
        "requested_bbox_pixels": {
          "x0": 6000,
          "y0": 4000,
          "x1": 8000,
          "y1": 6000
        },
        "halo_pixels": 160,
        "polarization": "VV",
        "display_bounds_lonlat": {
          "west": -46.57313408101473,
          "south": -27.47215661477752,
          "east": -46.28761450304724,
          "north": -27.213516077552434
        },
        "cfar_detection_count": 1,
        "yolo_detection_count": 1,
        "processing_bounds_lonlat": {
          "west": -46.57313408101473,
          "south": -27.47215661477752,
          "east": -46.28761450304724,
          "north": -27.213516077552434
        },
        "cfar_count": 1,
        "yolo_count": 1,
        "has_cfar_detection": true,
        "has_yolo_detection": true,
        "has_detection": true
      }
    },
    {
      "type": "Feature",
      "geometry": {
        "type": "Polygon",
        "coordinates": [
          [
            [
              -46.502708838909136,
              -27.23134819885172
            ],
            [
              -46.55350786607046,
              -27.40865712927033
            ],
            [
              -46.74894524349523,
              -27.36273484053551
            ],
            [
              -46.69785879686863,
              -27.185499717649606
            ],
            [
              -46.502708838909136,
              -27.23134819885172
            ]
          ]
        ]
      },
      "properties": {
        "patch_id": 32,
        "tile_id": 32,
        "patch_number": 33,
        "patch_label": "P033",
        "name": "patch_0033_VV",
        "x_start": 8000,
        "y_start": 4000,
        "valid_x_end": 10000,
        "valid_y_end": 6000,
        "width": 2000,
        "height": 2000,
        "target_width": 2000,
        "target_height": 2000,
        "requires_padding": false,
        "processing_bbox_pixels": {
          "x0": 7840,
          "y0": 3840,
          "x1": 10160,
          "y1": 6160
        },
        "processing_requested_bbox_pixels": {
          "x0": 7840,
          "y0": 3840,
          "x1": 10160,
          "y1": 6160
        },
        "processing_width": 2320,
        "processing_height": 2320,
        "processing_target_width": 2320,
        "processing_target_height": 2320,
        "processing_requires_padding": false,
        "core_bbox_pixels": {
          "x0": 8000,
          "y0": 4000,
          "x1": 10000,
          "y1": 6000
        },
        "requested_bbox_pixels": {
          "x0": 8000,
          "y0": 4000,
          "x1": 10000,
          "y1": 6000
        },
        "halo_pixels": 160,
        "polarization": "VV",
        "display_bounds_lonlat": {
          "west": -46.768684505030635,
          "south": -27.42651732989974,
          "east": -46.4830237227403,
          "north": -27.16763630501861
        },
        "cfar_detection_count": 0,
        "yolo_detection_count": 0,
        "processing_bounds_lonlat": {
          "west": -46.768684505030635,
          "south": -27.42651732989974,
          "east": -46.4830237227403,
          "north": -27.16763630501861
        },
        "cfar_count": 0,
        "yolo_count": 0,
        "has_cfar_detection": false,
        "has_yolo_detection": false,
        "has_detection": false
      }
    },
    {
      "type": "Feature",
      "geometry": {
        "type": "Polygon",
        "coordinates": [
          [
            [
              -46.697956393818295,
              -27.185476732325476
            ],
            [
              -46.749042982761566,
              -27.362711818666554
            ],
            [
              -46.94432485367312,
              -27.316525261328394
            ],
            [
              -46.89294995481194,
              -27.13936650571439
            ],
            [
              -46.697956393818295,
              -27.185476732325476
            ]
          ]
        ]
      },
      "properties": {
        "patch_id": 33,
        "tile_id": 33,
        "patch_number": 34,
        "patch_label": "P034",
        "name": "patch_0034_VV",
        "x_start": 10000,
        "y_start": 4000,
        "valid_x_end": 12000,
        "valid_y_end": 6000,
        "width": 2000,
        "height": 2000,
        "target_width": 2000,
        "target_height": 2000,
        "requires_padding": false,
        "processing_bbox_pixels": {
          "x0": 9840,
          "y0": 3840,
          "x1": 12160,
          "y1": 6160
        },
        "processing_requested_bbox_pixels": {
          "x0": 9840,
          "y0": 3840,
          "x1": 12160,
          "y1": 6160
        },
        "processing_width": 2320,
        "processing_height": 2320,
        "processing_target_width": 2320,
        "processing_target_height": 2320,
        "processing_requires_padding": false,
        "core_bbox_pixels": {
          "x0": 10000,
          "y0": 4000,
          "x1": 12000,
          "y1": 6000
        },
        "requested_bbox_pixels": {
          "x0": 10000,
          "y0": 4000,
          "x1": 12000,
          "y1": 6000
        },
        "halo_pixels": 160,
        "polarization": "VV",
        "display_bounds_lonlat": {
          "west": -46.96407058568697,
          "south": -27.38058034853305,
          "east": -46.678256074565326,
          "north": -27.121481298559356
        },
        "cfar_detection_count": 0,
        "yolo_detection_count": 0,
        "processing_bounds_lonlat": {
          "west": -46.96407058568697,
          "south": -27.38058034853305,
          "east": -46.678256074565326,
          "north": -27.121481298559356
        },
        "cfar_count": 0,
        "yolo_count": 0,
        "has_cfar_detection": false,
        "has_yolo_detection": false,
        "has_detection": false
      }
    },
    {
      "type": "Feature",
      "geometry": {
        "type": "Polygon",
        "coordinates": [
          [
            [
              -46.89304744679139,
              -27.1393433458188
            ],
            [
              -46.94442248924277,
              -27.316502063619666
            ],
            [
              -47.13954204766155,
              -27.270042067593245
            ],
            [
              -47.08788252548962,
              -27.09296018372765
            ],
            [
              -46.89304744679139,
              -27.1393433458188
            ]
          ]
        ]
      },
      "properties": {
        "patch_id": 34,
        "tile_id": 34,
        "patch_number": 35,
        "patch_label": "P035",
        "name": "patch_0035_VV",
        "x_start": 12000,
        "y_start": 4000,
        "valid_x_end": 14000,
        "valid_y_end": 6000,
        "width": 2000,
        "height": 2000,
        "target_width": 2000,
        "target_height": 2000,
        "requires_padding": false,
        "processing_bbox_pixels": {
          "x0": 11840,
          "y0": 3840,
          "x1": 14160,
          "y1": 6160
        },
        "processing_requested_bbox_pixels": {
          "x0": 11840,
          "y0": 3840,
          "x1": 14160,
          "y1": 6160
        },
        "processing_width": 2320,
        "processing_height": 2320,
        "processing_target_width": 2320,
        "processing_target_height": 2320,
        "processing_requires_padding": false,
        "core_bbox_pixels": {
          "x0": 12000,
          "y0": 4000,
          "x1": 14000,
          "y1": 6000
        },
        "requested_bbox_pixels": {
          "x0": 12000,
          "y0": 4000,
          "x1": 14000,
          "y1": 6000
        },
        "halo_pixels": 160,
        "polarization": "VV",
        "display_bounds_lonlat": {
          "west": -47.15930215791333,
          "south": -27.334392634557084,
          "east": -46.873340861538104,
          "north": -27.07506702667007
        },
        "cfar_detection_count": 1,
        "yolo_detection_count": 0,
        "processing_bounds_lonlat": {
          "west": -47.15930215791333,
          "south": -27.334392634557084,
          "east": -46.873340861538104,
          "north": -27.07506702667007
        },
        "cfar_count": 1,
        "yolo_count": 0,
        "has_cfar_detection": true,
        "has_yolo_detection": false,
        "has_detection": true
      }
    },
    {
      "type": "Feature",
      "geometry": {
        "type": "Polygon",
        "coordinates": [
          [
            [
              -47.08797996496149,
              -27.09293693571515
            ],
            [
              -47.13963962812097,
              -27.2700187804993
            ],
            [
              -47.33459405073397,
              -27.22328646434535
            ],
            [
              -47.28265031637838,
              -27.046285258485312
            ],
            [
              -47.08797996496149,
              -27.09293693571515
            ]
          ]
        ]
      },
      "properties": {
        "patch_id": 35,
        "tile_id": 35,
        "patch_number": 36,
        "patch_label": "P036",
        "name": "patch_0036_VV",
        "x_start": 14000,
        "y_start": 4000,
        "valid_x_end": 16000,
        "valid_y_end": 6000,
        "width": 2000,
        "height": 2000,
        "target_width": 2000,
        "target_height": 2000,
        "requires_padding": false,
        "processing_bbox_pixels": {
          "x0": 13840,
          "y0": 3840,
          "x1": 16160,
          "y1": 6160
        },
        "processing_requested_bbox_pixels": {
          "x0": 13840,
          "y0": 3840,
          "x1": 16160,
          "y1": 6160
        },
        "processing_width": 2320,
        "processing_height": 2320,
        "processing_target_width": 2320,
        "processing_target_height": 2320,
        "processing_requires_padding": false,
        "core_bbox_pixels": {
          "x0": 14000,
          "y0": 4000,
          "x1": 16000,
          "y1": 6000
        },
        "requested_bbox_pixels": {
          "x0": 14000,
          "y0": 4000,
          "x1": 16000,
          "y1": 6000
        },
        "halo_pixels": 160,
        "polarization": "VV",
        "display_bounds_lonlat": {
          "west": -47.35435944750238,
          "south": -27.287917396912515,
          "east": -47.06825903015255,
          "north": -27.028370656422762
        },
        "cfar_detection_count": 1,
        "yolo_detection_count": 0,
        "processing_bounds_lonlat": {
          "west": -47.35435944750238,
          "south": -27.287917396912515,
          "east": -47.06825903015255,
          "north": -27.028370656422762
        },
        "cfar_count": 1,
        "yolo_count": 0,
        "has_cfar_detection": true,
        "has_yolo_detection": false,
        "has_detection": true
      }
    },
    {
      "type": "Feature",
      "geometry": {
        "type": "Polygon",
        "coordinates": [
          [
            [
              -47.28274764964638,
              -27.046261835901348
            ],
            [
              -47.334691523094264,
              -27.22326300141164
            ],
            [
              -47.52948803727753,
              -27.176266845688836
            ],
            [
              -47.477262983228655,
              -26.999346974679995
            ],
            [
              -47.28274764964638,
              -27.046261835901348
            ]
          ]
        ]
      },
      "properties": {
        "patch_id": 36,
        "tile_id": 36,
        "patch_number": 37,
        "patch_label": "P037",
        "name": "patch_0037_VV",
        "x_start": 16000,
        "y_start": 4000,
        "valid_x_end": 18000,
        "valid_y_end": 6000,
        "width": 2000,
        "height": 2000,
        "target_width": 2000,
        "target_height": 2000,
        "requires_padding": false,
        "processing_bbox_pixels": {
          "x0": 15840,
          "y0": 3840,
          "x1": 18160,
          "y1": 6160
        },
        "processing_requested_bbox_pixels": {
          "x0": 15840,
          "y0": 3840,
          "x1": 18160,
          "y1": 6160
        },
        "processing_width": 2320,
        "processing_height": 2320,
        "processing_target_width": 2320,
        "processing_target_height": 2320,
        "processing_requires_padding": false,
        "core_bbox_pixels": {
          "x0": 16000,
          "y0": 4000,
          "x1": 18000,
          "y1": 6000
        },
        "requested_bbox_pixels": {
          "x0": 16000,
          "y0": 4000,
          "x1": 18000,
          "y1": 6000
        },
        "halo_pixels": 160,
        "polarization": "VV",
        "display_bounds_lonlat": {
          "west": -47.54926852230573,
          "south": -27.241183333162606,
          "east": -47.26302094176573,
          "north": -26.98142504629405
        },
        "cfar_detection_count": 0,
        "yolo_detection_count": 0,
        "processing_bounds_lonlat": {
          "west": -47.54926852230573,
          "south": -27.241183333162606,
          "east": -47.26302094176573,
          "north": -26.98142504629405
        },
        "cfar_count": 0,
        "yolo_count": 0,
        "has_cfar_detection": false,
        "has_yolo_detection": false,
        "has_detection": false
      }
    },
    {
      "type": "Feature",
      "geometry": {
        "type": "Polygon",
        "coordinates": [
          [
            [
              -47.477360266505784,
              -26.999323465641478
            ],
            [
              -47.52958546255278,
              -27.17624329571067
            ],
            [
              -47.72421192718383,
              -27.128969698809343
            ],
            [
              -47.67170726205365,
              -26.952133497727004
            ],
            [
              -47.477360266505784,
              -26.999323465641478
            ]
          ]
        ]
      },
      "properties": {
        "patch_id": 37,
        "tile_id": 37,
        "patch_number": 38,
        "patch_label": "P038",
        "name": "patch_0038_VV",
        "x_start": 18000,
        "y_start": 4000,
        "valid_x_end": 20000,
        "valid_y_end": 6000,
        "width": 2000,
        "height": 2000,
        "target_width": 2000,
        "target_height": 2000,
        "requires_padding": false,
        "processing_bbox_pixels": {
          "x0": 17840,
          "y0": 3840,
          "x1": 20160,
          "y1": 6160
        },
        "processing_requested_bbox_pixels": {
          "x0": 17840,
          "y0": 3840,
          "x1": 20160,
          "y1": 6160
        },
        "processing_width": 2320,
        "processing_height": 2320,
        "processing_target_width": 2320,
        "processing_target_height": 2320,
        "processing_requires_padding": false,
        "core_bbox_pixels": {
          "x0": 18000,
          "y0": 4000,
          "x1": 20000,
          "y1": 6000
        },
        "requested_bbox_pixels": {
          "x0": 18000,
          "y0": 4000,
          "x1": 20000,
          "y1": 6000
        },
        "halo_pixels": 160,
        "polarization": "VV",
        "display_bounds_lonlat": {
          "west": -47.74399732111723,
          "south": -27.194171068677306,
          "east": -47.45761911026047,
          "north": -26.93419033870268
        },
        "cfar_detection_count": 0,
        "yolo_detection_count": 0,
        "processing_bounds_lonlat": {
          "west": -47.74399732111723,
          "south": -27.194171068677306,
          "east": -47.45761911026047,
          "north": -26.93419033870268
        },
        "cfar_count": 0,
        "yolo_count": 0,
        "has_cfar_detection": false,
        "has_yolo_detection": false,
        "has_detection": false
      }
    },
    {
      "type": "Feature",
      "geometry": {
        "type": "Polygon",
        "coordinates": [
          [
            [
              -47.67180444095267,
              -26.95210981431405
            ],
            [
              -47.72430924220009,
              -27.12894597416178
            ],
            [
              -47.918781667513464,
              -27.08141769850764
            ],
            [
              -47.86599770466721,
              -26.90466659408126
            ],
            [
              -47.67180444095267,
              -26.95210981431405
            ]
          ]
        ]
      },
      "properties": {
        "patch_id": 38,
        "tile_id": 38,
        "patch_number": 39,
        "patch_label": "P039",
        "name": "patch_0039_VV",
        "x_start": 20000,
        "y_start": 4000,
        "valid_x_end": 22000,
        "valid_y_end": 6000,
        "width": 2000,
        "height": 2000,
        "target_width": 2000,
        "target_height": 2000,
        "requires_padding": false,
        "processing_bbox_pixels": {
          "x0": 19840,
          "y0": 3840,
          "x1": 22160,
          "y1": 6160
        },
        "processing_requested_bbox_pixels": {
          "x0": 19840,
          "y0": 3840,
          "x1": 22160,
          "y1": 6160
        },
        "processing_width": 2320,
        "processing_height": 2320,
        "processing_target_width": 2320,
        "processing_target_height": 2320,
        "processing_requires_padding": false,
        "core_bbox_pixels": {
          "x0": 20000,
          "y0": 4000,
          "x1": 22000,
          "y1": 6000
        },
        "requested_bbox_pixels": {
          "x0": 20000,
          "y0": 4000,
          "x1": 22000,
          "y1": 6000
        },
        "halo_pixels": 160,
        "polarization": "VV",
        "display_bounds_lonlat": {
          "west": -47.93857926822958,
          "south": -27.146894898196802,
          "east": -47.65205754635346,
          "north": -26.886713978760973
        },
        "cfar_detection_count": 0,
        "yolo_detection_count": 0,
        "processing_bounds_lonlat": {
          "west": -47.93857926822958,
          "south": -27.146894898196802,
          "east": -47.65205754635346,
          "north": -26.886713978760973
        },
        "cfar_count": 0,
        "yolo_count": 0,
        "has_cfar_detection": false,
        "has_yolo_detection": false,
        "has_detection": false
      }
    },
    {
      "type": "Feature",
      "geometry": {
        "type": "Polygon",
        "coordinates": [
          [
            [
              -47.86609482589788,
              -26.90464282528503
            ],
            [
              -47.918878930895076,
              -27.081393886235144
            ],
            [
              -48.113174081627875,
              -27.03358002636895
            ],
            [
              -48.06011629298779,
              -26.85691786089626
            ],
            [
              -47.86609482589788,
              -26.90464282528503
            ]
          ]
        ]
      },
      "properties": {
        "patch_id": 39,
        "tile_id": 39,
        "patch_number": 40,
        "patch_label": "P040",
        "name": "patch_0040_VV",
        "x_start": 22000,
        "y_start": 4000,
        "valid_x_end": 24000,
        "valid_y_end": 6000,
        "width": 2000,
        "height": 2000,
        "target_width": 2000,
        "target_height": 2000,
        "requires_padding": false,
        "processing_bbox_pixels": {
          "x0": 21840,
          "y0": 3840,
          "x1": 24160,
          "y1": 6160
        },
        "processing_requested_bbox_pixels": {
          "x0": 21840,
          "y0": 3840,
          "x1": 24160,
          "y1": 6160
        },
        "processing_width": 2320,
        "processing_height": 2320,
        "processing_target_width": 2320,
        "processing_target_height": 2320,
        "processing_requires_padding": false,
        "core_bbox_pixels": {
          "x0": 22000,
          "y0": 4000,
          "x1": 24000,
          "y1": 6000
        },
        "requested_bbox_pixels": {
          "x0": 22000,
          "y0": 4000,
          "x1": 24000,
          "y1": 6000
        },
        "halo_pixels": 160,
        "polarization": "VV",
        "display_bounds_lonlat": {
          "west": -48.132978763644566,
          "south": -27.099349950123884,
          "east": -47.846334856133275,
          "north": -26.838947384613903
        },
        "cfar_detection_count": 0,
        "yolo_detection_count": 0,
        "processing_bounds_lonlat": {
          "west": -48.132978763644566,
          "south": -27.099349950123884,
          "east": -47.846334856133275,
          "north": -26.838947384613903
        },
        "cfar_count": 0,
        "yolo_count": 0,
        "has_cfar_detection": false,
        "has_yolo_detection": false,
        "has_detection": false
      }
    },
    {
      "type": "Feature",
      "geometry": {
        "type": "Polygon",
        "coordinates": [
          [
            [
              -48.06021330991186,
              -26.856893919190927
            ],
            [
              -48.11327123905227,
              -27.033556040597446
            ],
            [
              -48.30732177352169,
              -26.985521214013847
            ],
            [
              -48.253989468771096,
              -26.808948788008387
            ],
            [
              -48.06021330991186,
              -26.856893919190927
            ]
          ]
        ]
      },
      "properties": {
        "patch_id": 40,
        "tile_id": 40,
        "patch_number": 41,
        "patch_label": "P041",
        "name": "patch_0041_VV",
        "x_start": 24000,
        "y_start": 4000,
        "valid_x_end": 26000,
        "valid_y_end": 6000,
        "width": 2000,
        "height": 2000,
        "target_width": 2000,
        "target_height": 2000,
        "requires_padding": false,
        "processing_bbox_pixels": {
          "x0": 23840,
          "y0": 3840,
          "x1": 26033,
          "y1": 6160
        },
        "processing_requested_bbox_pixels": {
          "x0": 23840,
          "y0": 3840,
          "x1": 26160,
          "y1": 6160
        },
        "processing_width": 2193,
        "processing_height": 2320,
        "processing_target_width": 2193,
        "processing_target_height": 2320,
        "processing_requires_padding": false,
        "core_bbox_pixels": {
          "x0": 24000,
          "y0": 4000,
          "x1": 26000,
          "y1": 6000
        },
        "requested_bbox_pixels": {
          "x0": 24000,
          "y0": 4000,
          "x1": 26000,
          "y1": 6000
        },
        "halo_pixels": 160,
        "polarization": "VV",
        "display_bounds_lonlat": {
          "west": -48.31480410111888,
          "south": -27.051533005125393,
          "east": -48.040448220387304,
          "north": -26.794023402067413
        },
        "cfar_detection_count": 3,
        "yolo_detection_count": 2,
        "processing_bounds_lonlat": {
          "west": -48.31480410111888,
          "south": -27.051533005125393,
          "east": -48.040448220387304,
          "north": -26.794023402067413
        },
        "cfar_count": 3,
        "yolo_count": 2,
        "has_cfar_detection": true,
        "has_yolo_detection": true,
        "has_detection": true
      }
    },
    {
      "type": "Feature",
      "geometry": {
        "type": "Polygon",
        "coordinates": [
          [
            [
              -48.25408635886234,
              -26.808924778700778
            ],
            [
              -48.30741879899446,
              -26.985497159371768
            ],
            [
              -48.31052361397509,
              -26.98472741082525
            ],
            [
              -48.25718684163542,
              -26.80815648085739
            ],
            [
              -48.25408635886234,
              -26.808924778700778
            ]
          ]
        ]
      },
      "properties": {
        "patch_id": 41,
        "tile_id": 41,
        "patch_number": 42,
        "patch_label": "P042",
        "name": "patch_0042_VV",
        "x_start": 26000,
        "y_start": 4000,
        "valid_x_end": 26033,
        "valid_y_end": 6000,
        "width": 2000,
        "height": 2000,
        "target_width": 2000,
        "target_height": 2000,
        "requires_padding": true,
        "processing_bbox_pixels": {
          "x0": 25840,
          "y0": 3840,
          "x1": 26033,
          "y1": 6160
        },
        "processing_requested_bbox_pixels": {
          "x0": 25840,
          "y0": 3840,
          "x1": 28160,
          "y1": 6160
        },
        "processing_width": 193,
        "processing_height": 2320,
        "processing_target_width": 193,
        "processing_target_height": 2320,
        "processing_requires_padding": false,
        "core_bbox_pixels": {
          "x0": 26000,
          "y0": 4000,
          "x1": 26033,
          "y1": 6000
        },
        "requested_bbox_pixels": {
          "x0": 26000,
          "y0": 4000,
          "x1": 28000,
          "y1": 6000
        },
        "halo_pixels": 160,
        "polarization": "VV",
        "display_bounds_lonlat": {
          "west": -48.31480410111888,
          "south": -27.00347788604774,
          "east": -48.23431957618226,
          "north": -26.794023402067413
        },
        "cfar_detection_count": 0,
        "yolo_detection_count": 0,
        "processing_bounds_lonlat": {
          "west": -48.31480410111888,
          "south": -27.00347788604774,
          "east": -48.23431957618226,
          "north": -26.794023402067413
        },
        "cfar_count": 0,
        "yolo_count": 0,
        "has_cfar_detection": false,
        "has_yolo_detection": false,
        "has_detection": false
      }
    },
    {
      "type": "Feature",
      "geometry": {
        "type": "Polygon",
        "coordinates": [
          [
            [
              -45.769770795462776,
              -27.589780297658436
            ],
            [
              -45.81955410117254,
              -27.767343264530847
            ],
            [
              -46.015925310471125,
              -27.72244084982877
            ],
            [
              -45.96584848079764,
              -27.544943506950318
            ],
            [
              -45.769770795462776,
              -27.589780297658436
            ]
          ]
        ]
      },
      "properties": {
        "patch_id": 42,
        "tile_id": 42,
        "patch_number": 43,
        "patch_label": "P043",
        "name": "patch_0043_VV",
        "x_start": 0,
        "y_start": 6000,
        "valid_x_end": 2000,
        "valid_y_end": 8000,
        "width": 2000,
        "height": 2000,
        "target_width": 2000,
        "target_height": 2000,
        "requires_padding": false,
        "processing_bbox_pixels": {
          "x0": 0,
          "y0": 5840,
          "x1": 2160,
          "y1": 8160
        },
        "processing_requested_bbox_pixels": {
          "x0": -160,
          "y0": 5840,
          "x1": 2160,
          "y1": 8160
        },
        "processing_width": 2160,
        "processing_height": 2320,
        "processing_target_width": 2160,
        "processing_target_height": 2320,
        "processing_requires_padding": false,
        "core_bbox_pixels": {
          "x0": 0,
          "y0": 6000,
          "x1": 2000,
          "y1": 8000
        },
        "requested_bbox_pixels": {
          "x0": 0,
          "y0": 6000,
          "x1": 2000,
          "y1": 8000
        },
        "halo_pixels": 160,
        "polarization": "VV",
        "display_bounds_lonlat": {
          "west": -46.03565621492777,
          "south": -27.781554189417733,
          "east": -45.765788901622464,
          "north": -27.527138419914163
        },
        "cfar_detection_count": 1,
        "yolo_detection_count": 0,
        "processing_bounds_lonlat": {
          "west": -46.03565621492777,
          "south": -27.781554189417733,
          "east": -45.765788901622464,
          "north": -27.527138419914163
        },
        "cfar_count": 1,
        "yolo_count": 0,
        "has_cfar_detection": true,
        "has_yolo_detection": false,
        "has_detection": true
      }
    },
    {
      "type": "Feature",
      "geometry": {
        "type": "Polygon",
        "coordinates": [
          [
            [
              -45.96594653466281,
              -27.544921018160046
            ],
            [
              -46.016023511327646,
              -27.72241832821009
            ],
            [
              -46.21224773716591,
              -27.67726336965776
            ],
            [
              -46.161874678460634,
              -27.499834449692223
            ],
            [
              -45.96594653466281,
              -27.544921018160046
            ]
          ]
        ]
      },
      "properties": {
        "patch_id": 43,
        "tile_id": 43,
        "patch_number": 44,
        "patch_label": "P044",
        "name": "patch_0044_VV",
        "x_start": 2000,
        "y_start": 6000,
        "valid_x_end": 4000,
        "valid_y_end": 8000,
        "width": 2000,
        "height": 2000,
        "target_width": 2000,
        "target_height": 2000,
        "requires_padding": false,
        "processing_bbox_pixels": {
          "x0": 1840,
          "y0": 5840,
          "x1": 4160,
          "y1": 8160
        },
        "processing_requested_bbox_pixels": {
          "x0": 1840,
          "y0": 5840,
          "x1": 4160,
          "y1": 8160
        },
        "processing_width": 2320,
        "processing_height": 2320,
        "processing_target_width": 2320,
        "processing_target_height": 2320,
        "processing_requires_padding": false,
        "core_bbox_pixels": {
          "x0": 2000,
          "y0": 6000,
          "x1": 4000,
          "y1": 8000
        },
        "requested_bbox_pixels": {
          "x0": 2000,
          "y0": 6000,
          "x1": 4000,
          "y1": 8000
        },
        "halo_pixels": 160,
        "polarization": "VV",
        "display_bounds_lonlat": {
          "west": -46.231986027329924,
          "south": -27.740227877326376,
          "east": -45.94625454822487,
          "north": -27.4820063893303
        },
        "cfar_detection_count": 0,
        "yolo_detection_count": 0,
        "processing_bounds_lonlat": {
          "west": -46.231986027329924,
          "south": -27.740227877326376,
          "east": -45.94625454822487,
          "north": -27.4820063893303
        },
        "cfar_count": 0,
        "yolo_count": 0,
        "has_cfar_detection": false,
        "has_yolo_detection": false,
        "has_detection": false
      }
    },
    {
      "type": "Feature",
      "geometry": {
        "type": "Polygon",
        "coordinates": [
          [
            [
              -46.16197263243081,
              -27.499811791640678
            ],
            [
              -46.21234583908068,
              -27.67724067647542
            ],
            [
              -46.40839848382677,
              -27.63178911046615
            ],
            [
              -46.357731108024225,
              -27.454430534690445
            ],
            [
              -46.16197263243081,
              -27.499811791640678
            ]
          ]
        ]
      },
      "properties": {
        "patch_id": 44,
        "tile_id": 44,
        "patch_number": 45,
        "patch_label": "P045",
        "name": "patch_0045_VV",
        "x_start": 4000,
        "y_start": 6000,
        "valid_x_end": 6000,
        "valid_y_end": 8000,
        "width": 2000,
        "height": 2000,
        "target_width": 2000,
        "target_height": 2000,
        "requires_padding": false,
        "processing_bbox_pixels": {
          "x0": 3840,
          "y0": 5840,
          "x1": 6160,
          "y1": 8160
        },
        "processing_requested_bbox_pixels": {
          "x0": 3840,
          "y0": 5840,
          "x1": 6160,
          "y1": 8160
        },
        "processing_width": 2320,
        "processing_height": 2320,
        "processing_target_width": 2320,
        "processing_target_height": 2320,
        "processing_requires_padding": false,
        "core_bbox_pixels": {
          "x0": 4000,
          "y0": 6000,
          "x1": 6000,
          "y1": 8000
        },
        "requested_bbox_pixels": {
          "x0": 4000,
          "y0": 6000,
          "x1": 6000,
          "y1": 8000
        },
        "halo_pixels": 160,
        "polarization": "VV",
        "display_bounds_lonlat": {
          "west": -46.42815170123208,
          "south": -27.695067604147752,
          "east": -46.14227056758654,
          "north": -27.436593847937395
        },
        "cfar_detection_count": 0,
        "yolo_detection_count": 0,
        "processing_bounds_lonlat": {
          "west": -46.42815170123208,
          "south": -27.695067604147752,
          "east": -46.14227056758654,
          "north": -27.436593847937395
        },
        "cfar_count": 0,
        "yolo_count": 0,
        "has_cfar_detection": false,
        "has_yolo_detection": false,
        "has_detection": false
      }
    },
    {
      "type": "Feature",
      "geometry": {
        "type": "Polygon",
        "coordinates": [
          [
            [
              -46.35782900395923,
              -27.454407778914124
            ],
            [
              -46.408496525830394,
              -27.631766319510838
            ],
            [
              -46.604395420538765,
              -27.58605574053628
            ],
            [
              -46.55343554915517,
              -27.408768753323812
            ],
            [
              -46.35782900395923,
              -27.454407778914124
            ]
          ]
        ]
      },
      "properties": {
        "patch_id": 45,
        "tile_id": 45,
        "patch_number": 46,
        "patch_label": "P046",
        "name": "patch_0046_VV",
        "x_start": 6000,
        "y_start": 6000,
        "valid_x_end": 8000,
        "valid_y_end": 8000,
        "width": 2000,
        "height": 2000,
        "target_width": 2000,
        "target_height": 2000,
        "requires_padding": false,
        "processing_bbox_pixels": {
          "x0": 5840,
          "y0": 5840,
          "x1": 8160,
          "y1": 8160
        },
        "processing_requested_bbox_pixels": {
          "x0": 5840,
          "y0": 5840,
          "x1": 8160,
          "y1": 8160
        },
        "processing_width": 2320,
        "processing_height": 2320,
        "processing_target_width": 2320,
        "processing_target_height": 2320,
        "processing_requires_padding": false,
        "core_bbox_pixels": {
          "x0": 6000,
          "y0": 6000,
          "x1": 8000,
          "y1": 8000
        },
        "requested_bbox_pixels": {
          "x0": 6000,
          "y0": 6000,
          "x1": 8000,
          "y1": 8000
        },
        "halo_pixels": 160,
        "polarization": "VV",
        "display_bounds_lonlat": {
          "west": -46.62415518270014,
          "south": -27.64960788883644,
          "east": -46.33811514560551,
          "north": -27.390909362341464
        },
        "cfar_detection_count": 0,
        "yolo_detection_count": 0,
        "processing_bounds_lonlat": {
          "west": -46.62415518270014,
          "south": -27.64960788883644,
          "east": -46.33811514560551,
          "north": -27.390909362341464
        },
        "cfar_count": 0,
        "yolo_count": 0,
        "has_cfar_detection": false,
        "has_yolo_detection": false,
        "has_detection": false
      }
    },
    {
      "type": "Feature",
      "geometry": {
        "type": "Polygon",
        "coordinates": [
          [
            [
              -46.5535333394222,
              -27.408745819946663
            ],
            [
              -46.604493356830474,
              -27.586032770810533
            ],
            [
              -46.80022296633361,
              -27.540036058316574
            ],
            [
              -46.74897086284548,
              -27.362823493869694
            ],
            [
              -46.5535333394222,
              -27.408745819946663
            ]
          ]
        ]
      },
      "properties": {
        "patch_id": 46,
        "tile_id": 46,
        "patch_number": 47,
        "patch_label": "P047",
        "name": "patch_0047_VV",
        "x_start": 8000,
        "y_start": 6000,
        "valid_x_end": 10000,
        "valid_y_end": 8000,
        "width": 2000,
        "height": 2000,
        "target_width": 2000,
        "target_height": 2000,
        "requires_padding": false,
        "processing_bbox_pixels": {
          "x0": 7840,
          "y0": 5840,
          "x1": 10160,
          "y1": 8160
        },
        "processing_requested_bbox_pixels": {
          "x0": 7840,
          "y0": 5840,
          "x1": 10160,
          "y1": 8160
        },
        "processing_width": 2320,
        "processing_height": 2320,
        "processing_target_width": 2320,
        "processing_target_height": 2320,
        "processing_requires_padding": false,
        "core_bbox_pixels": {
          "x0": 8000,
          "y0": 6000,
          "x1": 10000,
          "y1": 8000
        },
        "requested_bbox_pixels": {
          "x0": 8000,
          "y0": 6000,
          "x1": 10000,
          "y1": 8000
        },
        "halo_pixels": 160,
        "polarization": "VV",
        "display_bounds_lonlat": {
          "west": -46.81999799009742,
          "south": -27.603896994233054,
          "east": -46.53381296743004,
          "north": -27.34495595873244
        },
        "cfar_detection_count": 0,
        "yolo_detection_count": 0,
        "processing_bounds_lonlat": {
          "west": -46.81999799009742,
          "south": -27.603896994233054,
          "east": -46.53381296743004,
          "north": -27.34495595873244
        },
        "cfar_count": 0,
        "yolo_count": 0,
        "has_cfar_detection": false,
        "has_yolo_detection": false,
        "has_detection": false
      }
    },
    {
      "type": "Feature",
      "geometry": {
        "type": "Polygon",
        "coordinates": [
          [
            [
              -46.74906860218548,
              -27.362800471981185
            ],
            [
              -46.80032085190511,
              -27.54001299813394
            ],
            [
              -46.99589218589446,
              -27.493750527796962
            ],
            [
              -46.94435061736627,
              -27.316613876579495
            ],
            [
              -46.74906860218548,
              -27.362800471981185
            ]
          ]
        ]
      },
      "properties": {
        "patch_id": 47,
        "tile_id": 47,
        "patch_number": 48,
        "patch_label": "P048",
        "name": "patch_0048_VV",
        "x_start": 10000,
        "y_start": 6000,
        "valid_x_end": 12000,
        "valid_y_end": 8000,
        "width": 2000,
        "height": 2000,
        "target_width": 2000,
        "target_height": 2000,
        "requires_padding": false,
        "processing_bbox_pixels": {
          "x0": 9840,
          "y0": 5840,
          "x1": 12160,
          "y1": 8160
        },
        "processing_requested_bbox_pixels": {
          "x0": 9840,
          "y0": 5840,
          "x1": 12160,
          "y1": 8160
        },
        "processing_width": 2320,
        "processing_height": 2320,
        "processing_target_width": 2320,
        "processing_target_height": 2320,
        "processing_requires_padding": false,
        "core_bbox_pixels": {
          "x0": 10000,
          "y0": 6000,
          "x1": 12000,
          "y1": 8000
        },
        "requested_bbox_pixels": {
          "x0": 10000,
          "y0": 6000,
          "x1": 12000,
          "y1": 8000
        },
        "halo_pixels": 160,
        "polarization": "VV",
        "display_bounds_lonlat": {
          "west": -47.0156736124928,
          "south": -27.55788588595584,
          "east": -46.72933308515506,
          "north": -27.298724300371337
        },
        "cfar_detection_count": 0,
        "yolo_detection_count": 0,
        "processing_bounds_lonlat": {
          "west": -47.0156736124928,
          "south": -27.55788588595584,
          "east": -46.72933308515506,
          "north": -27.298724300371337
        },
        "cfar_count": 0,
        "yolo_count": 0,
        "has_cfar_detection": false,
        "has_yolo_detection": false,
        "has_detection": false
      }
    },
    {
      "type": "Feature",
      "geometry": {
        "type": "Polygon",
        "coordinates": [
          [
            [
              -46.94444825300772,
              -27.31659067885122
            ],
            [
              -46.99598996516493,
              -27.493727290593583
            ],
            [
              -47.191398030763764,
              -27.447188731331064
            ],
            [
              -47.139567956132424,
              -27.270130643743354
            ],
            [
              -46.94444825300772,
              -27.31659067885122
            ]
          ]
        ]
      },
      "properties": {
        "patch_id": 48,
        "tile_id": 48,
        "patch_number": 49,
        "patch_label": "P049",
        "name": "patch_0049_VV",
        "x_start": 12000,
        "y_start": 6000,
        "valid_x_end": 14000,
        "valid_y_end": 8000,
        "width": 2000,
        "height": 2000,
        "target_width": 2000,
        "target_height": 2000,
        "requires_padding": false,
        "processing_bbox_pixels": {
          "x0": 11840,
          "y0": 5840,
          "x1": 14160,
          "y1": 8160
        },
        "processing_requested_bbox_pixels": {
          "x0": 11840,
          "y0": 5840,
          "x1": 14160,
          "y1": 8160
        },
        "processing_width": 2320,
        "processing_height": 2320,
        "processing_target_width": 2320,
        "processing_target_height": 2320,
        "processing_requires_padding": false,
        "core_bbox_pixels": {
          "x0": 12000,
          "y0": 6000,
          "x1": 14000,
          "y1": 8000
        },
        "requested_bbox_pixels": {
          "x0": 12000,
          "y0": 6000,
          "x1": 14000,
          "y1": 8000
        },
        "halo_pixels": 160,
        "polarization": "VV",
        "display_bounds_lonlat": {
          "west": -47.21119369692607,
          "south": -27.511622536412972,
          "east": -46.92470617984359,
          "north": -27.25223302205939
        },
        "cfar_detection_count": 2,
        "yolo_detection_count": 1,
        "processing_bounds_lonlat": {
          "west": -47.21119369692607,
          "south": -27.511622536412972,
          "east": -46.92470617984359,
          "north": -27.25223302205939
        },
        "cfar_count": 2,
        "yolo_count": 1,
        "has_cfar_detection": true,
        "has_yolo_detection": true,
        "has_detection": true
      }
    },
    {
      "type": "Feature",
      "geometry": {
        "type": "Polygon",
        "coordinates": [
          [
            [
              -47.13966553666483,
              -27.27010735662986
            ],
            [
              -47.191495756202016,
              -27.447165405136126
            ],
            [
              -47.38673453456482,
              -27.400353104515645
            ],
            [
              -47.33462010073849,
              -27.223375000376553
            ],
            [
              -47.13966553666483,
              -27.27010735662986
            ]
          ]
        ]
      },
      "properties": {
        "patch_id": 49,
        "tile_id": 49,
        "patch_number": 50,
        "patch_label": "P050",
        "name": "patch_0050_VV",
        "x_start": 14000,
        "y_start": 6000,
        "valid_x_end": 16000,
        "valid_y_end": 8000,
        "width": 2000,
        "height": 2000,
        "target_width": 2000,
        "target_height": 2000,
        "requires_padding": false,
        "processing_bbox_pixels": {
          "x0": 13840,
          "y0": 5840,
          "x1": 16160,
          "y1": 8160
        },
        "processing_requested_bbox_pixels": {
          "x0": 13840,
          "y0": 5840,
          "x1": 16160,
          "y1": 8160
        },
        "processing_width": 2320,
        "processing_height": 2320,
        "processing_target_width": 2320,
        "processing_target_height": 2320,
        "processing_requires_padding": false,
        "core_bbox_pixels": {
          "x0": 14000,
          "y0": 6000,
          "x1": 16000,
          "y1": 8000
        },
        "requested_bbox_pixels": {
          "x0": 14000,
          "y0": 6000,
          "x1": 16000,
          "y1": 8000
        },
        "halo_pixels": 160,
        "polarization": "VV",
        "display_bounds_lonlat": {
          "west": -47.40653580138191,
          "south": -27.465068486175728,
          "east": -47.11990913586647,
          "north": -27.20545566335483
        },
        "cfar_detection_count": 0,
        "yolo_detection_count": 0,
        "processing_bounds_lonlat": {
          "west": -47.40653580138191,
          "south": -27.465068486175728,
          "east": -47.11990913586647,
          "north": -27.20545566335483
        },
        "cfar_count": 0,
        "yolo_count": 0,
        "has_cfar_detection": false,
        "has_yolo_detection": false,
        "has_detection": false
      }
    },
    {
      "type": "Feature",
      "geometry": {
        "type": "Polygon",
        "coordinates": [
          [
            [
              -47.334717573169996,
              -27.22335153742329
            ],
            [
              -47.38683215037345,
              -27.40032960169362
            ],
            [
              -47.581911960722685,
              -27.35325118811928
            ],
            [
              -47.5295142288018,
              -27.1763553409345
            ],
            [
              -47.334717573169996,
              -27.22335153742329
            ]
          ]
        ]
      },
      "properties": {
        "patch_id": 50,
        "tile_id": 50,
        "patch_number": 51,
        "patch_label": "P051",
        "name": "patch_0051_VV",
        "x_start": 16000,
        "y_start": 6000,
        "valid_x_end": 18000,
        "valid_y_end": 8000,
        "width": 2000,
        "height": 2000,
        "target_width": 2000,
        "target_height": 2000,
        "requires_padding": false,
        "processing_bbox_pixels": {
          "x0": 15840,
          "y0": 5840,
          "x1": 18160,
          "y1": 8160
        },
        "processing_requested_bbox_pixels": {
          "x0": 15840,
          "y0": 5840,
          "x1": 18160,
          "y1": 8160
        },
        "processing_width": 2320,
        "processing_height": 2320,
        "processing_target_width": 2320,
        "processing_target_height": 2320,
        "processing_requires_padding": false,
        "core_bbox_pixels": {
          "x0": 16000,
          "y0": 6000,
          "x1": 18000,
          "y1": 8000
        },
        "requested_bbox_pixels": {
          "x0": 16000,
          "y0": 6000,
          "x1": 18000,
          "y1": 8000
        },
        "halo_pixels": 160,
        "polarization": "VV",
        "display_bounds_lonlat": {
          "west": -47.601727852675396,
          "south": -27.418254631929663,
          "east": -47.314955803782425,
          "north": -27.158428642275446
        },
        "cfar_detection_count": 0,
        "yolo_detection_count": 0,
        "processing_bounds_lonlat": {
          "west": -47.601727852675396,
          "south": -27.418254631929663,
          "east": -47.314955803782425,
          "north": -27.158428642275446
        },
        "cfar_count": 0,
        "yolo_count": 0,
        "has_cfar_detection": false,
        "has_yolo_detection": false,
        "has_detection": false
      }
    },
    {
      "type": "Feature",
      "geometry": {
        "type": "Polygon",
        "coordinates": [
          [
            [
              -47.52961165414742,
              -27.176331790935212
            ],
            [
              -47.582009526238835,
              -27.35322759591204
            ],
            [
              -47.776918821028325,
              -27.30586954103658
            ],
            [
              -47.7242382595541,
              -27.12905815145545
            ],
            [
              -47.52961165414742,
              -27.176331790935212
            ]
          ]
        ]
      },
      "properties": {
        "patch_id": 51,
        "tile_id": 51,
        "patch_number": 52,
        "patch_label": "P052",
        "name": "patch_0052_VV",
        "x_start": 18000,
        "y_start": 6000,
        "valid_x_end": 20000,
        "valid_y_end": 8000,
        "width": 2000,
        "height": 2000,
        "target_width": 2000,
        "target_height": 2000,
        "requires_padding": false,
        "processing_bbox_pixels": {
          "x0": 17840,
          "y0": 5840,
          "x1": 20160,
          "y1": 8160
        },
        "processing_requested_bbox_pixels": {
          "x0": 17840,
          "y0": 5840,
          "x1": 20160,
          "y1": 8160
        },
        "processing_width": 2320,
        "processing_height": 2320,
        "processing_target_width": 2320,
        "processing_target_height": 2320,
        "processing_requires_padding": false,
        "core_bbox_pixels": {
          "x0": 18000,
          "y0": 6000,
          "x1": 20000,
          "y1": 8000
        },
        "requested_bbox_pixels": {
          "x0": 18000,
          "y0": 6000,
          "x1": 20000,
          "y1": 8000
        },
        "halo_pixels": 160,
        "polarization": "VV",
        "display_bounds_lonlat": {
          "west": -47.79674020178356,
          "south": -27.37116017113118,
          "east": -47.509834743736164,
          "north": -27.11111034151719
        },
        "cfar_detection_count": 0,
        "yolo_detection_count": 0,
        "processing_bounds_lonlat": {
          "west": -47.79674020178356,
          "south": -27.37116017113118,
          "east": -47.509834743736164,
          "north": -27.11111034151719
        },
        "cfar_count": 0,
        "yolo_count": 0,
        "has_cfar_detection": false,
        "has_yolo_detection": false,
        "has_detection": false
      }
    },
    {
      "type": "Feature",
      "geometry": {
        "type": "Polygon",
        "coordinates": [
          [
            [
              -47.724335574640925,
              -27.129034426785996
            ],
            [
              -47.777016277202996,
              -27.305845772989567
            ],
            [
              -47.971768200608935,
              -27.258231190816048
            ],
            [
              -47.91880813882252,
              -27.081506108277246
            ],
            [
              -47.724335574640925,
              -27.129034426785996
            ]
          ]
        ]
      },
      "properties": {
        "patch_id": 52,
        "tile_id": 52,
        "patch_number": 53,
        "patch_label": "P053",
        "name": "patch_0053_VV",
        "x_start": 20000,
        "y_start": 6000,
        "valid_x_end": 22000,
        "valid_y_end": 8000,
        "width": 2000,
        "height": 2000,
        "target_width": 2000,
        "target_height": 2000,
        "requires_padding": false,
        "processing_bbox_pixels": {
          "x0": 19840,
          "y0": 5840,
          "x1": 22160,
          "y1": 8160
        },
        "processing_requested_bbox_pixels": {
          "x0": 19840,
          "y0": 5840,
          "x1": 22160,
          "y1": 8160
        },
        "processing_width": 2320,
        "processing_height": 2320,
        "processing_target_width": 2320,
        "processing_target_height": 2320,
        "processing_requires_padding": false,
        "core_bbox_pixels": {
          "x0": 20000,
          "y0": 6000,
          "x1": 22000,
          "y1": 8000
        },
        "requested_bbox_pixels": {
          "x0": 20000,
          "y0": 6000,
          "x1": 22000,
          "y1": 8000
        },
        "halo_pixels": 160,
        "polarization": "VV",
        "display_bounds_lonlat": {
          "west": -47.991602105174586,
          "south": -27.323799888786926,
          "east": -47.70455377377423,
          "north": -27.0635484415356
        },
        "cfar_detection_count": 0,
        "yolo_detection_count": 0,
        "processing_bounds_lonlat": {
          "west": -47.991602105174586,
          "south": -27.323799888786926,
          "east": -47.70455377377423,
          "north": -27.0635484415356
        },
        "cfar_count": 0,
        "yolo_count": 0,
        "has_cfar_detection": false,
        "has_yolo_detection": false,
        "has_detection": false
      }
    },
    {
      "type": "Feature",
      "geometry": {
        "type": "Polygon",
        "coordinates": [
          [
            [
              -47.91890540227283,
              -27.081482295983633
            ],
            [
              -47.97186560286161,
              -27.258207335527164
            ],
            [
              -48.166440133627056,
              -27.21030666687725
            ],
            [
              -48.11320069260503,
              -27.033668393019852
            ],
            [
              -47.91890540227283,
              -27.081482295983633
            ]
          ]
        ]
      },
      "properties": {
        "patch_id": 53,
        "tile_id": 53,
        "patch_number": 54,
        "patch_label": "P054",
        "name": "patch_0054_VV",
        "x_start": 22000,
        "y_start": 6000,
        "valid_x_end": 24000,
        "valid_y_end": 8000,
        "width": 2000,
        "height": 2000,
        "target_width": 2000,
        "target_height": 2000,
        "requires_padding": false,
        "processing_bbox_pixels": {
          "x0": 21840,
          "y0": 5840,
          "x1": 24160,
          "y1": 8160
        },
        "processing_requested_bbox_pixels": {
          "x0": 21840,
          "y0": 5840,
          "x1": 24160,
          "y1": 8160
        },
        "processing_width": 2320,
        "processing_height": 2320,
        "processing_target_width": 2320,
        "processing_target_height": 2320,
        "processing_requires_padding": false,
        "core_bbox_pixels": {
          "x0": 22000,
          "y0": 6000,
          "x1": 24000,
          "y1": 8000
        },
        "requested_bbox_pixels": {
          "x0": 22000,
          "y0": 6000,
          "x1": 24000,
          "y1": 8000
        },
        "halo_pixels": 160,
        "polarization": "VV",
        "display_bounds_lonlat": {
          "west": -48.18628079425447,
          "south": -27.276168399848228,
          "east": -47.89910956203822,
          "north": -27.01569258237783
        },
        "cfar_detection_count": 0,
        "yolo_detection_count": 0,
        "processing_bounds_lonlat": {
          "west": -48.18628079425447,
          "south": -27.276168399848228,
          "east": -47.89910956203822,
          "north": -27.01569258237783
        },
        "cfar_count": 0,
        "yolo_count": 0,
        "has_cfar_detection": false,
        "has_yolo_detection": false,
        "has_detection": false
      }
    },
    {
      "type": "Feature",
      "geometry": {
        "type": "Polygon",
        "coordinates": [
          [
            [
              -48.11329785009737,
              -27.033644407225673
            ],
            [
              -48.16653742798144,
              -27.2102826357486
            ],
            [
              -48.3608661962295,
              -27.16215763904622
            ],
            [
              -48.30734852422704,
              -26.985609535307592
            ],
            [
              -48.11329785009737,
              -27.033644407225673
            ]
          ]
        ]
      },
      "properties": {
        "patch_id": 54,
        "tile_id": 54,
        "patch_number": 55,
        "patch_label": "P055",
        "name": "patch_0055_VV",
        "x_start": 24000,
        "y_start": 6000,
        "valid_x_end": 26000,
        "valid_y_end": 8000,
        "width": 2000,
        "height": 2000,
        "target_width": 2000,
        "target_height": 2000,
        "requires_padding": false,
        "processing_bbox_pixels": {
          "x0": 23840,
          "y0": 5840,
          "x1": 26033,
          "y1": 8160
        },
        "processing_requested_bbox_pixels": {
          "x0": 23840,
          "y0": 5840,
          "x1": 26160,
          "y1": 8160
        },
        "processing_width": 2193,
        "processing_height": 2320,
        "processing_target_width": 2193,
        "processing_target_height": 2320,
        "processing_requires_padding": false,
        "core_bbox_pixels": {
          "x0": 24000,
          "y0": 6000,
          "x1": 26000,
          "y1": 8000
        },
        "requested_bbox_pixels": {
          "x0": 24000,
          "y0": 6000,
          "x1": 26000,
          "y1": 8000
        },
        "halo_pixels": 160,
        "polarization": "VV",
        "display_bounds_lonlat": {
          "west": -48.36836681802002,
          "south": -27.228264740155172,
          "east": -48.093496626920206,
          "north": -26.970684444113036
        },
        "cfar_detection_count": 0,
        "yolo_detection_count": 0,
        "processing_bounds_lonlat": {
          "west": -48.36836681802002,
          "south": -27.228264740155172,
          "east": -48.093496626920206,
          "north": -26.970684444113036
        },
        "cfar_count": 0,
        "yolo_count": 0,
        "has_cfar_detection": false,
        "has_yolo_detection": false,
        "has_detection": false
      }
    },
    {
      "type": "Feature",
      "geometry": {
        "type": "Polygon",
        "coordinates": [
          [
            [
              -48.307445549770776,
              -26.98558548064284
            ],
            [
              -48.36096336218958,
              -27.16213353944065
            ],
            [
              -48.36407267276202,
              -27.161362352062426
            ],
            [
              -48.3105503670223,
              -26.98481573137061
            ],
            [
              -48.307445549770776,
              -26.98558548064284
            ]
          ]
        ]
      },
      "properties": {
        "patch_id": 55,
        "tile_id": 55,
        "patch_number": 56,
        "patch_label": "P056",
        "name": "patch_0056_VV",
        "x_start": 26000,
        "y_start": 6000,
        "valid_x_end": 26033,
        "valid_y_end": 8000,
        "width": 2000,
        "height": 2000,
        "target_width": 2000,
        "target_height": 2000,
        "requires_padding": true,
        "processing_bbox_pixels": {
          "x0": 25840,
          "y0": 5840,
          "x1": 26033,
          "y1": 8160
        },
        "processing_requested_bbox_pixels": {
          "x0": 25840,
          "y0": 5840,
          "x1": 28160,
          "y1": 8160
        },
        "processing_width": 193,
        "processing_height": 2320,
        "processing_target_width": 193,
        "processing_target_height": 2320,
        "processing_requires_padding": false,
        "core_bbox_pixels": {
          "x0": 26000,
          "y0": 6000,
          "x1": 26033,
          "y1": 8000
        },
        "requested_bbox_pixels": {
          "x0": 26000,
          "y0": 6000,
          "x1": 28000,
          "y1": 8000
        },
        "halo_pixels": 160,
        "polarization": "VV",
        "display_bounds_lonlat": {
          "west": -48.36836681802002,
          "south": -27.180119481664885,
          "east": -48.287643153023716,
          "north": -26.970684444113036
        },
        "cfar_detection_count": 0,
        "yolo_detection_count": 0,
        "processing_bounds_lonlat": {
          "west": -48.36836681802002,
          "south": -27.180119481664885,
          "east": -48.287643153023716,
          "north": -26.970684444113036
        },
        "cfar_count": 0,
        "yolo_count": 0,
        "has_cfar_detection": false,
        "has_yolo_detection": false,
        "has_detection": false
      }
    },
    {
      "type": "Feature",
      "geometry": {
        "type": "Polygon",
        "coordinates": [
          [
            [
              -45.81957905658045,
              -27.76743208281139
            ],
            [
              -45.8695113640703,
              -27.944974057595203
            ],
            [
              -46.06618237314808,
              -27.90000529985694
            ],
            [
              -46.015950415756095,
              -27.722529635280903
            ],
            [
              -45.81957905658045,
              -27.76743208281139
            ]
          ]
        ]
      },
      "properties": {
        "patch_id": 56,
        "tile_id": 56,
        "patch_number": 57,
        "patch_label": "P057",
        "name": "patch_0057_VV",
        "x_start": 0,
        "y_start": 8000,
        "valid_x_end": 2000,
        "valid_y_end": 10000,
        "width": 2000,
        "height": 2000,
        "target_width": 2000,
        "target_height": 2000,
        "requires_padding": false,
        "processing_bbox_pixels": {
          "x0": 0,
          "y0": 7840,
          "x1": 2160,
          "y1": 10160
        },
        "processing_requested_bbox_pixels": {
          "x0": -160,
          "y0": 7840,
          "x1": 2160,
          "y1": 10160
        },
        "processing_width": 2160,
        "processing_height": 2320,
        "processing_target_width": 2160,
        "processing_target_height": 2320,
        "processing_requires_padding": false,
        "core_bbox_pixels": {
          "x0": 0,
          "y0": 8000,
          "x1": 2000,
          "y1": 10000
        },
        "requested_bbox_pixels": {
          "x0": 0,
          "y0": 8000,
          "x1": 2000,
          "y1": 10000
        },
        "halo_pixels": 160,
        "polarization": "VV",
        "display_bounds_lonlat": {
          "west": -46.085949110609064,
          "south": -27.959183516682863,
          "east": -45.815586191491214,
          "north": -27.704720921737184
        },
        "cfar_detection_count": 0,
        "yolo_detection_count": 0,
        "processing_bounds_lonlat": {
          "west": -46.085949110609064,
          "south": -27.959183516682863,
          "east": -45.815586191491214,
          "north": -27.704720921737184
        },
        "cfar_count": 0,
        "yolo_count": 0,
        "has_cfar_detection": false,
        "has_yolo_detection": false,
        "has_detection": false
      }
    },
    {
      "type": "Feature",
      "geometry": {
        "type": "Polygon",
        "coordinates": [
          [
            [
              -46.016048616687655,
              -27.722507113645797
            ],
            [
              -46.066280724107,
              -27.89998274440869
            ],
            [
              -46.26280428143846,
              -27.854758652557447
            ],
            [
              -46.21227299253965,
              -27.67735212022938
            ],
            [
              -46.016048616687655,
              -27.722507113645797
            ]
          ]
        ]
      },
      "properties": {
        "patch_id": 57,
        "tile_id": 57,
        "patch_number": 58,
        "patch_label": "P058",
        "name": "patch_0058_VV",
        "x_start": 2000,
        "y_start": 8000,
        "valid_x_end": 4000,
        "valid_y_end": 10000,
        "width": 2000,
        "height": 2000,
        "target_width": 2000,
        "target_height": 2000,
        "requires_padding": false,
        "processing_bbox_pixels": {
          "x0": 1840,
          "y0": 7840,
          "x1": 4160,
          "y1": 10160
        },
        "processing_requested_bbox_pixels": {
          "x0": 1840,
          "y0": 7840,
          "x1": 4160,
          "y1": 10160
        },
        "processing_width": 2320,
        "processing_height": 2320,
        "processing_target_width": 2320,
        "processing_target_height": 2320,
        "processing_requires_padding": false,
        "core_bbox_pixels": {
          "x0": 2000,
          "y0": 8000,
          "x1": 4000,
          "y1": 10000
        },
        "requested_bbox_pixels": {
          "x0": 2000,
          "y0": 8000,
          "x1": 4000,
          "y1": 10000
        },
        "halo_pixels": 160,
        "polarization": "VV",
        "display_bounds_lonlat": {
          "west": -46.28257790315022,
          "south": -27.917796105862,
          "east": -45.9963215296532,
          "north": -27.659520158541955
        },
        "cfar_detection_count": 0,
        "yolo_detection_count": 0,
        "processing_bounds_lonlat": {
          "west": -46.28257790315022,
          "south": -27.917796105862,
          "east": -45.9963215296532,
          "north": -27.659520158541955
        },
        "cfar_count": 0,
        "yolo_count": 0,
        "has_cfar_detection": false,
        "has_yolo_detection": false,
        "has_detection": false
      }
    },
    {
      "type": "Feature",
      "geometry": {
        "type": "Polygon",
        "coordinates": [
          [
            [
              -46.212371094527825,
              -27.677329427030465
            ],
            [
              -46.262902531290756,
              -27.854735925433978
            ],
            [
              -46.45925240630992,
              -27.809214578050522
            ],
            [
              -46.40842388733481,
              -27.631877826334936
            ],
            [
              -46.212371094527825,
              -27.677329427030465
            ]
          ]
        ]
      },
      "properties": {
        "patch_id": 58,
        "tile_id": 58,
        "patch_number": 59,
        "patch_label": "P059",
        "name": "patch_0059_VV",
        "x_start": 4000,
        "y_start": 8000,
        "valid_x_end": 6000,
        "valid_y_end": 10000,
        "width": 2000,
        "height": 2000,
        "target_width": 2000,
        "target_height": 2000,
        "requires_padding": false,
        "processing_bbox_pixels": {
          "x0": 3840,
          "y0": 7840,
          "x1": 6160,
          "y1": 10160
        },
        "processing_requested_bbox_pixels": {
          "x0": 3840,
          "y0": 7840,
          "x1": 6160,
          "y1": 10160
        },
        "processing_width": 2320,
        "processing_height": 2320,
        "processing_target_width": 2320,
        "processing_target_height": 2320,
        "processing_requires_padding": false,
        "core_bbox_pixels": {
          "x0": 4000,
          "y0": 8000,
          "x1": 6000,
          "y1": 10000
        },
        "requested_bbox_pixels": {
          "x0": 4000,
          "y0": 8000,
          "x1": 6000,
          "y1": 10000
        },
        "halo_pixels": 160,
        "polarization": "VV",
        "display_bounds_lonlat": {
          "west": -46.47904154167068,
          "south": -27.872566859490465,
          "east": -46.19263327607643,
          "north": -27.614037211949416
        },
        "cfar_detection_count": 0,
        "yolo_detection_count": 0,
        "processing_bounds_lonlat": {
          "west": -46.47904154167068,
          "south": -27.872566859490465,
          "east": -46.19263327607643,
          "north": -27.614037211949416
        },
        "cfar_count": 0,
        "yolo_count": 0,
        "has_cfar_detection": false,
        "has_yolo_detection": false,
        "has_detection": false
      }
    },
    {
      "type": "Feature",
      "geometry": {
        "type": "Polygon",
        "coordinates": [
          [
            [
              -46.40852192941381,
              -27.63185503536086
            ],
            [
              -46.45935059845415,
              -27.809191750543
            ],
            [
              -46.65554494493342,
              -27.76340812398649
            ],
            [
              -46.60442097087803,
              -27.58614441988603
            ],
            [
              -46.40852192941381,
              -27.63185503536086
            ]
          ]
        ]
      },
      "properties": {
        "patch_id": 59,
        "tile_id": 59,
        "patch_number": 60,
        "patch_label": "P060",
        "name": "patch_0060_VV",
        "x_start": 6000,
        "y_start": 8000,
        "valid_x_end": 8000,
        "valid_y_end": 10000,
        "width": 2000,
        "height": 2000,
        "target_width": 2000,
        "target_height": 2000,
        "requires_padding": false,
        "processing_bbox_pixels": {
          "x0": 5840,
          "y0": 7840,
          "x1": 8160,
          "y1": 10160
        },
        "processing_requested_bbox_pixels": {
          "x0": 5840,
          "y0": 7840,
          "x1": 8160,
          "y1": 10160
        },
        "processing_width": 2320,
        "processing_height": 2320,
        "processing_target_width": 2320,
        "processing_target_height": 2320,
        "processing_requires_padding": false,
        "core_bbox_pixels": {
          "x0": 6000,
          "y0": 8000,
          "x1": 8000,
          "y1": 10000
        },
        "requested_bbox_pixels": {
          "x0": 6000,
          "y0": 8000,
          "x1": 8000,
          "y1": 10000
        },
        "halo_pixels": 160,
        "polarization": "VV",
        "display_bounds_lonlat": {
          "west": -46.675340733873234,
          "south": -27.827037535071664,
          "east": -46.3887725451642,
          "north": -27.56828104527719
        },
        "cfar_detection_count": 0,
        "yolo_detection_count": 0,
        "processing_bounds_lonlat": {
          "west": -46.675340733873234,
          "south": -27.827037535071664,
          "east": -46.3887725451642,
          "north": -27.56828104527719
        },
        "cfar_count": 0,
        "yolo_count": 0,
        "has_cfar_detection": false,
        "has_yolo_detection": false,
        "has_detection": false
      }
    },
    {
      "type": "Feature",
      "geometry": {
        "type": "Polygon",
        "coordinates": [
          [
            [
              -46.604518907244305,
              -27.586121450141516
            ],
            [
              -46.65564302911751,
              -27.763385117216167
            ],
            [
              -46.85166593569045,
              -27.71731442970477
            ],
            [
              -46.8002486632119,
              -27.540124700822982
            ],
            [
              -46.604518907244305,
              -27.586121450141516
            ]
          ]
        ]
      },
      "properties": {
        "patch_id": 60,
        "tile_id": 60,
        "patch_number": 61,
        "patch_label": "P061",
        "name": "patch_0061_VV",
        "x_start": 8000,
        "y_start": 8000,
        "valid_x_end": 10000,
        "valid_y_end": 10000,
        "width": 2000,
        "height": 2000,
        "target_width": 2000,
        "target_height": 2000,
        "requires_padding": false,
        "processing_bbox_pixels": {
          "x0": 7840,
          "y0": 7840,
          "x1": 10160,
          "y1": 10160
        },
        "processing_requested_bbox_pixels": {
          "x0": 7840,
          "y0": 7840,
          "x1": 10160,
          "y1": 10160
        },
        "processing_width": 2320,
        "processing_height": 2320,
        "processing_target_width": 2320,
        "processing_target_height": 2320,
        "processing_requires_padding": false,
        "core_bbox_pixels": {
          "x0": 8000,
          "y0": 8000,
          "x1": 10000,
          "y1": 10000
        },
        "requested_bbox_pixels": {
          "x0": 8000,
          "y0": 8000,
          "x1": 10000,
          "y1": 10000
        },
        "halo_pixels": 160,
        "polarization": "VV",
        "display_bounds_lonlat": {
          "west": -46.87147678658591,
          "south": -27.78125364241513,
          "east": -46.5847628799272,
          "north": -27.522252728151997
        },
        "cfar_detection_count": 0,
        "yolo_detection_count": 0,
        "processing_bounds_lonlat": {
          "west": -46.87147678658591,
          "south": -27.78125364241513,
          "east": -46.5847628799272,
          "north": -27.522252728151997
        },
        "cfar_count": 0,
        "yolo_count": 0,
        "has_cfar_detection": false,
        "has_yolo_detection": false,
        "has_detection": false
      }
    },
    {
      "type": "Feature",
      "geometry": {
        "type": "Polygon",
        "coordinates": [
          [
            [
              -46.80034654885506,
              -27.540101640622364
            ],
            [
              -46.85176396651556,
              -27.717291332564493
            ],
            [
              -47.04762835046114,
              -27.67095281666626
            ],
            [
              -46.99591802895045,
              -27.493839132647082
            ],
            [
              -46.80034654885506,
              -27.540101640622364
            ]
          ]
        ]
      },
      "properties": {
        "patch_id": 61,
        "tile_id": 61,
        "patch_number": 62,
        "patch_label": "P062",
        "name": "patch_0062_VV",
        "x_start": 10000,
        "y_start": 8000,
        "valid_x_end": 12000,
        "valid_y_end": 10000,
        "width": 2000,
        "height": 2000,
        "target_width": 2000,
        "target_height": 2000,
        "requires_padding": false,
        "processing_bbox_pixels": {
          "x0": 9840,
          "y0": 7840,
          "x1": 12160,
          "y1": 10160
        },
        "processing_requested_bbox_pixels": {
          "x0": 9840,
          "y0": 7840,
          "x1": 12160,
          "y1": 10160
        },
        "processing_width": 2320,
        "processing_height": 2320,
        "processing_target_width": 2320,
        "processing_target_height": 2320,
        "processing_requires_padding": false,
        "core_bbox_pixels": {
          "x0": 10000,
          "y0": 8000,
          "x1": 12000,
          "y1": 10000
        },
        "requested_bbox_pixels": {
          "x0": 10000,
          "y0": 8000,
          "x1": 12000,
          "y1": 10000
        },
        "halo_pixels": 160,
        "polarization": "VV",
        "display_bounds_lonlat": {
          "west": -47.06744552755738,
          "south": -27.735168485644284,
          "east": -46.78057516745551,
          "north": -27.475944921346105
        },
        "cfar_detection_count": 0,
        "yolo_detection_count": 0,
        "processing_bounds_lonlat": {
          "west": -47.06744552755738,
          "south": -27.735168485644284,
          "east": -46.78057516745551,
          "north": -27.475944921346105
        },
        "cfar_count": 0,
        "yolo_count": 0,
        "has_cfar_detection": false,
        "has_yolo_detection": false,
        "has_detection": false
      }
    },
    {
      "type": "Feature",
      "geometry": {
        "type": "Polygon",
        "coordinates": [
          [
            [
              -46.996015808292896,
              -27.49381589542337
            ],
            [
              -47.04772627366974,
              -27.67092953978259
            ],
            [
              -47.24342143194556,
              -27.62431174497947
            ],
            [
              -47.19142401680166,
              -27.4472772962841
            ],
            [
              -46.996015808292896,
              -27.49381589542337
            ]
          ]
        ]
      },
      "properties": {
        "patch_id": 62,
        "tile_id": 62,
        "patch_number": 63,
        "patch_label": "P063",
        "name": "patch_0063_VV",
        "x_start": 12000,
        "y_start": 8000,
        "valid_x_end": 14000,
        "valid_y_end": 10000,
        "width": 2000,
        "height": 2000,
        "target_width": 2000,
        "target_height": 2000,
        "requires_padding": false,
        "processing_bbox_pixels": {
          "x0": 11840,
          "y0": 7840,
          "x1": 14160,
          "y1": 10160
        },
        "processing_requested_bbox_pixels": {
          "x0": 11840,
          "y0": 7840,
          "x1": 14160,
          "y1": 10160
        },
        "processing_width": 2320,
        "processing_height": 2320,
        "processing_target_width": 2320,
        "processing_target_height": 2320,
        "processing_requires_padding": false,
        "core_bbox_pixels": {
          "x0": 12000,
          "y0": 8000,
          "x1": 14000,
          "y1": 10000
        },
        "requested_bbox_pixels": {
          "x0": 12000,
          "y0": 8000,
          "x1": 14000,
          "y1": 10000
        },
        "halo_pixels": 160,
        "polarization": "VV",
        "display_bounds_lonlat": {
          "west": -47.26325312003621,
          "south": -27.68882921124346,
          "east": -46.97623804900415,
          "north": -27.429375209973745
        },
        "cfar_detection_count": 1,
        "yolo_detection_count": 1,
        "processing_bounds_lonlat": {
          "west": -47.26325312003621,
          "south": -27.68882921124346,
          "east": -46.97623804900415,
          "north": -27.429375209973745
        },
        "cfar_count": 1,
        "yolo_count": 1,
        "has_cfar_detection": true,
        "has_yolo_detection": true,
        "has_detection": true
      }
    },
    {
      "type": "Feature",
      "geometry": {
        "type": "Polygon",
        "coordinates": [
          [
            [
              -47.19152174231089,
              -27.44725397006961
            ],
            [
              -47.24351930065767,
              -27.624288379191174
            ],
            [
              -47.43904709696193,
              -27.57739611975867
            ],
            [
              -47.38676066498475,
              -27.400441629775386
            ],
            [
              -47.19152174231089,
              -27.44725397006961
            ]
          ]
        ]
      },
      "properties": {
        "patch_id": 63,
        "tile_id": 63,
        "patch_number": 64,
        "patch_label": "P064",
        "name": "patch_0064_VV",
        "x_start": 14000,
        "y_start": 8000,
        "valid_x_end": 16000,
        "valid_y_end": 10000,
        "width": 2000,
        "height": 2000,
        "target_width": 2000,
        "target_height": 2000,
        "requires_padding": false,
        "processing_bbox_pixels": {
          "x0": 13840,
          "y0": 7840,
          "x1": 16160,
          "y1": 10160
        },
        "processing_requested_bbox_pixels": {
          "x0": 13840,
          "y0": 7840,
          "x1": 16160,
          "y1": 10160
        },
        "processing_width": 2320,
        "processing_height": 2320,
        "processing_target_width": 2320,
        "processing_target_height": 2320,
        "processing_requires_padding": false,
        "core_bbox_pixels": {
          "x0": 14000,
          "y0": 8000,
          "x1": 16000,
          "y1": 10000
        },
        "requested_bbox_pixels": {
          "x0": 14000,
          "y0": 8000,
          "x1": 16000,
          "y1": 10000
        },
        "halo_pixels": 160,
        "polarization": "VV",
        "display_bounds_lonlat": {
          "west": -47.45888494824288,
          "south": -27.642196063526306,
          "east": -47.171729683010696,
          "north": -27.382517673846927
        },
        "cfar_detection_count": 0,
        "yolo_detection_count": 0,
        "processing_bounds_lonlat": {
          "west": -47.45888494824288,
          "south": -27.642196063526306,
          "east": -47.171729683010696,
          "north": -27.382517673846927
        },
        "cfar_count": 0,
        "yolo_count": 0,
        "has_cfar_detection": false,
        "has_yolo_detection": false,
        "has_detection": false
      }
    },
    {
      "type": "Feature",
      "geometry": {
        "type": "Polygon",
        "coordinates": [
          [
            [
              -47.3868582808666,
              -27.400418126932244
            ],
            [
              -47.43914485926281,
              -27.57737257519994
            ],
            [
              -47.63451123775532,
              -27.53021072995552
            ],
            [
              -47.58193823345634,
              -27.353339671149946
            ],
            [
              -47.3868582808666,
              -27.400418126932244
            ]
          ]
        ]
      },
      "properties": {
        "patch_id": 64,
        "tile_id": 64,
        "patch_number": 65,
        "patch_label": "P065",
        "name": "patch_0065_VV",
        "x_start": 16000,
        "y_start": 8000,
        "valid_x_end": 18000,
        "valid_y_end": 10000,
        "width": 2000,
        "height": 2000,
        "target_width": 2000,
        "target_height": 2000,
        "requires_padding": false,
        "processing_bbox_pixels": {
          "x0": 15840,
          "y0": 7840,
          "x1": 18160,
          "y1": 10160
        },
        "processing_requested_bbox_pixels": {
          "x0": 15840,
          "y0": 7840,
          "x1": 18160,
          "y1": 10160
        },
        "processing_width": 2320,
        "processing_height": 2320,
        "processing_target_width": 2320,
        "processing_target_height": 2320,
        "processing_requires_padding": false,
        "core_bbox_pixels": {
          "x0": 16000,
          "y0": 8000,
          "x1": 18000,
          "y1": 10000
        },
        "requested_bbox_pixels": {
          "x0": 16000,
          "y0": 8000,
          "x1": 18000,
          "y1": 10000
        },
        "halo_pixels": 160,
        "polarization": "VV",
        "display_bounds_lonlat": {
          "west": -47.65436339036435,
          "south": -27.59530235639911,
          "east": -47.36706074422132,
          "north": -27.335408170238388
        },
        "cfar_detection_count": 0,
        "yolo_detection_count": 0,
        "processing_bounds_lonlat": {
          "west": -47.65436339036435,
          "south": -27.59530235639911,
          "east": -47.36706074422132,
          "north": -27.335408170238388
        },
        "cfar_count": 0,
        "yolo_count": 0,
        "has_cfar_detection": false,
        "has_yolo_detection": false,
        "has_detection": false
      }
    },
    {
      "type": "Feature",
      "geometry": {
        "type": "Polygon",
        "coordinates": [
          [
            [
              -47.58203579904187,
              -27.35331607892159
            ],
            [
              -47.6346089439426,
              -27.530187096011577
            ],
            [
              -47.82980323400831,
              -27.482745256105346
            ],
            [
              -47.7769452371488,
              -27.30595798285609
            ],
            [
              -47.58203579904187,
              -27.35331607892159
            ]
          ]
        ]
      },
      "properties": {
        "patch_id": 65,
        "tile_id": 65,
        "patch_number": 66,
        "patch_label": "P066",
        "name": "patch_0066_VV",
        "x_start": 18000,
        "y_start": 8000,
        "valid_x_end": 20000,
        "valid_y_end": 10000,
        "width": 2000,
        "height": 2000,
        "target_width": 2000,
        "target_height": 2000,
        "requires_padding": false,
        "processing_bbox_pixels": {
          "x0": 17840,
          "y0": 7840,
          "x1": 20160,
          "y1": 10160
        },
        "processing_requested_bbox_pixels": {
          "x0": 17840,
          "y0": 7840,
          "x1": 20160,
          "y1": 10160
        },
        "processing_width": 2320,
        "processing_height": 2320,
        "processing_target_width": 2320,
        "processing_target_height": 2320,
        "processing_requires_padding": false,
        "core_bbox_pixels": {
          "x0": 18000,
          "y0": 8000,
          "x1": 20000,
          "y1": 10000
        },
        "requested_bbox_pixels": {
          "x0": 18000,
          "y0": 8000,
          "x1": 20000,
          "y1": 10000
        },
        "halo_pixels": 160,
        "polarization": "VV",
        "display_bounds_lonlat": {
          "west": -47.84966059296395,
          "south": -27.548124672440203,
          "east": -47.56222343116077,
          "north": -27.288004941366317
        },
        "cfar_detection_count": 0,
        "yolo_detection_count": 0,
        "processing_bounds_lonlat": {
          "west": -47.84966059296395,
          "south": -27.548124672440203,
          "east": -47.56222343116077,
          "north": -27.288004941366317
        },
        "cfar_count": 0,
        "yolo_count": 0,
        "has_cfar_detection": false,
        "has_yolo_detection": false,
        "has_detection": false
      }
    },
    {
      "type": "Feature",
      "geometry": {
        "type": "Polygon",
        "coordinates": [
          [
            [
              -47.77704269339408,
              -27.305934214787968
            ],
            [
              -47.82990083202148,
              -27.4827214453369
            ],
            [
              -48.02493810005778,
              -27.435019527897605
            ],
            [
              -47.971794759167,
              -27.25831958857328
            ],
            [
              -47.77704269339408,
              -27.305934214787968
            ]
          ]
        ]
      },
      "properties": {
        "patch_id": 66,
        "tile_id": 66,
        "patch_number": 67,
        "patch_label": "P067",
        "name": "patch_0067_VV",
        "x_start": 20000,
        "y_start": 8000,
        "valid_x_end": 22000,
        "valid_y_end": 10000,
        "width": 2000,
        "height": 2000,
        "target_width": 2000,
        "target_height": 2000,
        "requires_padding": false,
        "processing_bbox_pixels": {
          "x0": 19840,
          "y0": 7840,
          "x1": 22160,
          "y1": 10160
        },
        "processing_requested_bbox_pixels": {
          "x0": 19840,
          "y0": 7840,
          "x1": 22160,
          "y1": 10160
        },
        "processing_width": 2320,
        "processing_height": 2320,
        "processing_target_width": 2320,
        "processing_target_height": 2320,
        "processing_requires_padding": false,
        "core_bbox_pixels": {
          "x0": 20000,
          "y0": 8000,
          "x1": 22000,
          "y1": 10000
        },
        "requested_bbox_pixels": {
          "x0": 20000,
          "y0": 8000,
          "x1": 22000,
          "y1": 10000
        },
        "halo_pixels": 160,
        "polarization": "VV",
        "display_bounds_lonlat": {
          "west": -48.04480825316434,
          "south": -27.500680402783182,
          "east": -47.757224907918506,
          "north": -27.240357009178418
        },
        "cfar_detection_count": 0,
        "yolo_detection_count": 0,
        "processing_bounds_lonlat": {
          "west": -48.04480825316434,
          "south": -27.500680402783182,
          "east": -47.757224907918506,
          "north": -27.240357009178418
        },
        "cfar_count": 0,
        "yolo_count": 0,
        "has_cfar_detection": false,
        "has_yolo_detection": false,
        "has_detection": false
      }
    },
    {
      "type": "Feature",
      "geometry": {
        "type": "Polygon",
        "coordinates": [
          [
            [
              -47.97189216149131,
              -27.25829573326172
            ],
            [
              -48.02503564568798,
              -27.434995628236308
            ],
            [
              -48.219890490743865,
              -27.387006092229225
            ],
            [
              -48.16646683221658,
              -27.210395020295245
            ],
            [
              -47.97189216149131,
              -27.25829573326172
            ]
          ]
        ]
      },
      "properties": {
        "patch_id": 67,
        "tile_id": 67,
        "patch_number": 68,
        "patch_label": "P068",
        "name": "patch_0068_VV",
        "x_start": 22000,
        "y_start": 8000,
        "valid_x_end": 24000,
        "valid_y_end": 10000,
        "width": 2000,
        "height": 2000,
        "target_width": 2000,
        "target_height": 2000,
        "requires_padding": false,
        "processing_bbox_pixels": {
          "x0": 21840,
          "y0": 7840,
          "x1": 24160,
          "y1": 10160
        },
        "processing_requested_bbox_pixels": {
          "x0": 21840,
          "y0": 7840,
          "x1": 24160,
          "y1": 10160
        },
        "processing_width": 2320,
        "processing_height": 2320,
        "processing_target_width": 2320,
        "processing_target_height": 2320,
        "processing_requires_padding": false,
        "core_bbox_pixels": {
          "x0": 22000,
          "y0": 8000,
          "x1": 24000,
          "y1": 10000
        },
        "requested_bbox_pixels": {
          "x0": 22000,
          "y0": 8000,
          "x1": 24000,
          "y1": 10000
        },
        "halo_pixels": 160,
        "polarization": "VV",
        "display_bounds_lonlat": {
          "west": -48.23976718091997,
          "south": -27.452961928402686,
          "east": -47.95206021619814,
          "north": -27.1924140697746
        },
        "cfar_detection_count": 0,
        "yolo_detection_count": 0,
        "processing_bounds_lonlat": {
          "west": -48.23976718091997,
          "south": -27.452961928402686,
          "east": -47.95206021619814,
          "north": -27.1924140697746
        },
        "cfar_count": 0,
        "yolo_count": 0,
        "has_cfar_detection": false,
        "has_yolo_detection": false,
        "has_detection": false
      }
    },
    {
      "type": "Feature",
      "geometry": {
        "type": "Polygon",
        "coordinates": [
          [
            [
              -48.166564126640935,
              -27.210370989143914
            ],
            [
              -48.21998792565984,
              -27.386982016235788
            ],
            [
              -48.414594588477684,
              -27.33876744499174
            ],
            [
              -48.36089303239112,
              -27.162245948098004
            ],
            [
              -48.166564126640935,
              -27.210370989143914
            ]
          ]
        ]
      },
      "properties": {
        "patch_id": 68,
        "tile_id": 68,
        "patch_number": 69,
        "patch_label": "P069",
        "name": "patch_0069_VV",
        "x_start": 24000,
        "y_start": 8000,
        "valid_x_end": 26000,
        "valid_y_end": 10000,
        "width": 2000,
        "height": 2000,
        "target_width": 2000,
        "target_height": 2000,
        "requires_padding": false,
        "processing_bbox_pixels": {
          "x0": 23840,
          "y0": 7840,
          "x1": 26033,
          "y1": 10160
        },
        "processing_requested_bbox_pixels": {
          "x0": 23840,
          "y0": 7840,
          "x1": 26160,
          "y1": 10160
        },
        "processing_width": 2193,
        "processing_height": 2320,
        "processing_target_width": 2193,
        "processing_target_height": 2320,
        "processing_requires_padding": false,
        "core_bbox_pixels": {
          "x0": 24000,
          "y0": 8000,
          "x1": 26000,
          "y1": 10000
        },
        "requested_bbox_pixels": {
          "x0": 24000,
          "y0": 8000,
          "x1": 26000,
          "y1": 10000
        },
        "halo_pixels": 160,
        "polarization": "VV",
        "display_bounds_lonlat": {
          "west": -48.42211403403429,
          "south": -27.40496939588411,
          "east": -48.14672702762735,
          "north": -27.147321327720704
        },
        "cfar_detection_count": 1,
        "yolo_detection_count": 2,
        "processing_bounds_lonlat": {
          "west": -48.42211403403429,
          "south": -27.40496939588411,
          "east": -48.14672702762735,
          "north": -27.147321327720704
        },
        "cfar_count": 1,
        "yolo_count": 2,
        "has_cfar_detection": true,
        "has_yolo_detection": true,
        "has_detection": true
      }
    },
    {
      "type": "Feature",
      "geometry": {
        "type": "Polygon",
        "coordinates": [
          [
            [
              -48.3609901984193,
              -27.162221848470534
            ],
            [
              -48.414691892563766,
              -27.33874330060832
            ],
            [
              -48.417805623168555,
              -27.33797068033895
            ],
            [
              -48.36409951117089,
              -27.161450660391615
            ],
            [
              -48.3609901984193,
              -27.162221848470534
            ]
          ]
        ]
      },
      "properties": {
        "patch_id": 69,
        "tile_id": 69,
        "patch_number": 70,
        "patch_label": "P070",
        "name": "patch_0070_VV",
        "x_start": 26000,
        "y_start": 8000,
        "valid_x_end": 26033,
        "valid_y_end": 10000,
        "width": 2000,
        "height": 2000,
        "target_width": 2000,
        "target_height": 2000,
        "requires_padding": true,
        "processing_bbox_pixels": {
          "x0": 25840,
          "y0": 7840,
          "x1": 26033,
          "y1": 10160
        },
        "processing_requested_bbox_pixels": {
          "x0": 25840,
          "y0": 7840,
          "x1": 28160,
          "y1": 10160
        },
        "processing_width": 193,
        "processing_height": 2320,
        "processing_target_width": 193,
        "processing_target_height": 2320,
        "processing_requires_padding": false,
        "core_bbox_pixels": {
          "x0": 26000,
          "y0": 8000,
          "x1": 26033,
          "y1": 10000
        },
        "requested_bbox_pixels": {
          "x0": 26000,
          "y0": 8000,
          "x1": 28000,
          "y1": 10000
        },
        "halo_pixels": 160,
        "polarization": "VV",
        "display_bounds_lonlat": {
          "west": -48.42211403403429,
          "south": -27.356734338445385,
          "east": -48.3411515779177,
          "north": -27.147321327720704
        },
        "cfar_detection_count": 0,
        "yolo_detection_count": 0,
        "processing_bounds_lonlat": {
          "west": -48.42211403403429,
          "south": -27.356734338445385,
          "east": -48.3411515779177,
          "north": -27.147321327720704
        },
        "cfar_count": 0,
        "yolo_count": 0,
        "has_cfar_detection": false,
        "has_yolo_detection": false,
        "has_detection": false
      }
    },
    {
      "type": "Feature",
      "geometry": {
        "type": "Polygon",
        "coordinates": [
          [
            [
              -45.8695363932538,
              -27.9450628667145
            ],
            [
              -45.91962259785471,
              -28.122584602737
            ],
            [
              -46.116596553903605,
              -28.077548062487317
            ],
            [
              -46.066207552280645,
              -27.900094075057925
            ],
            [
              -45.8695363932538,
              -27.9450628667145
            ]
          ]
        ]
      },
      "properties": {
        "patch_id": 70,
        "tile_id": 70,
        "patch_number": 71,
        "patch_label": "P071",
        "name": "patch_0071_VV",
        "x_start": 0,
        "y_start": 10000,
        "valid_x_end": 2000,
        "valid_y_end": 12000,
        "width": 2000,
        "height": 2000,
        "target_width": 2000,
        "target_height": 2000,
        "requires_padding": false,
        "processing_bbox_pixels": {
          "x0": 0,
          "y0": 9840,
          "x1": 2160,
          "y1": 12160
        },
        "processing_requested_bbox_pixels": {
          "x0": -160,
          "y0": 9840,
          "x1": 2160,
          "y1": 12160
        },
        "processing_width": 2160,
        "processing_height": 2320,
        "processing_target_width": 2160,
        "processing_target_height": 2320,
        "processing_requires_padding": false,
        "core_bbox_pixels": {
          "x0": 0,
          "y0": 10000,
          "x1": 2000,
          "y1": 12000
        },
        "requested_bbox_pixels": {
          "x0": 0,
          "y0": 10000,
          "x1": 2000,
          "y1": 12000
        },
        "halo_pixels": 160,
        "polarization": "VV",
        "display_bounds_lonlat": {
          "west": -46.13639944803709,
          "south": -28.136792433221405,
          "east": -45.86553172392307,
          "north": -27.88228162875552
        },
        "cfar_detection_count": 0,
        "yolo_detection_count": 0,
        "processing_bounds_lonlat": {
          "west": -46.13639944803709,
          "south": -28.136792433221405,
          "east": -45.86553172392307,
          "north": -27.88228162875552
        },
        "cfar_count": 0,
        "yolo_count": 0,
        "has_cfar_detection": false,
        "has_yolo_detection": false,
        "has_detection": false
      }
    },
    {
      "type": "Feature",
      "geometry": {
        "type": "Polygon",
        "coordinates": [
          [
            [
              -46.06630590331463,
              -27.90007151959169
            ],
            [
              -46.11669505653678,
              -28.077525472248304
            ],
            [
              -46.31351937133017,
              -28.03223348637349
            ],
            [
              -46.26282960955214,
              -27.854847393821203
            ],
            [
              -46.06630590331463,
              -27.90007151959169
            ]
          ]
        ]
      },
      "properties": {
        "patch_id": 71,
        "tile_id": 71,
        "patch_number": 72,
        "patch_label": "P072",
        "name": "patch_0072_VV",
        "x_start": 2000,
        "y_start": 10000,
        "valid_x_end": 4000,
        "valid_y_end": 12000,
        "width": 2000,
        "height": 2000,
        "target_width": 2000,
        "target_height": 2000,
        "requires_padding": false,
        "processing_bbox_pixels": {
          "x0": 1840,
          "y0": 9840,
          "x1": 4160,
          "y1": 12160
        },
        "processing_requested_bbox_pixels": {
          "x0": 1840,
          "y0": 9840,
          "x1": 4160,
          "y1": 12160
        },
        "processing_width": 2320,
        "processing_height": 2320,
        "processing_target_width": 2320,
        "processing_target_height": 2320,
        "processing_requires_padding": false,
        "core_bbox_pixels": {
          "x0": 2000,
          "y0": 10000,
          "x1": 4000,
          "y1": 12000
        },
        "requested_bbox_pixels": {
          "x0": 2000,
          "y0": 10000,
          "x1": 4000,
          "y1": 12000
        },
        "halo_pixels": 160,
        "polarization": "VV",
        "display_bounds_lonlat": {
          "west": -46.33332955256159,
          "south": -28.095342743285762,
          "east": -46.046542985061436,
          "north": -27.837011548290214
        },
        "cfar_detection_count": 1,
        "yolo_detection_count": 1,
        "processing_bounds_lonlat": {
          "west": -46.33332955256159,
          "south": -28.095342743285762,
          "east": -46.046542985061436,
          "north": -27.837011548290214
        },
        "cfar_count": 1,
        "yolo_count": 1,
        "has_cfar_detection": true,
        "has_yolo_detection": true,
        "has_detection": true
      }
    },
    {
      "type": "Feature",
      "geometry": {
        "type": "Polygon",
        "coordinates": [
          [
            [
              -46.262927859479646,
              -27.854824666679896
            ],
            [
              -46.31361777172487,
              -28.032210723521388
            ],
            [
              -46.51026731044594,
              -27.98661823677429
            ],
            [
              -46.45927788432236,
              -27.809303283960798
            ],
            [
              -46.262927859479646,
              -27.854824666679896
            ]
          ]
        ]
      },
      "properties": {
        "patch_id": 72,
        "tile_id": 72,
        "patch_number": 73,
        "patch_label": "P073",
        "name": "patch_0073_VV",
        "x_start": 4000,
        "y_start": 10000,
        "valid_x_end": 6000,
        "valid_y_end": 12000,
        "width": 2000,
        "height": 2000,
        "target_width": 2000,
        "target_height": 2000,
        "requires_padding": false,
        "processing_bbox_pixels": {
          "x0": 3840,
          "y0": 9840,
          "x1": 6160,
          "y1": 12160
        },
        "processing_requested_bbox_pixels": {
          "x0": 3840,
          "y0": 9840,
          "x1": 6160,
          "y1": 12160
        },
        "processing_width": 2320,
        "processing_height": 2320,
        "processing_target_width": 2320,
        "processing_target_height": 2320,
        "processing_requires_padding": false,
        "core_bbox_pixels": {
          "x0": 4000,
          "y0": 10000,
          "x1": 6000,
          "y1": 12000
        },
        "requested_bbox_pixels": {
          "x0": 4000,
          "y0": 10000,
          "x1": 6000,
          "y1": 12000
        },
        "halo_pixels": 160,
        "polarization": "VV",
        "display_bounds_lonlat": {
          "west": -46.530092722917544,
          "south": -28.050045626720625,
          "east": -46.24315465430855,
          "north": -27.791458374793873
        },
        "cfar_detection_count": 0,
        "yolo_detection_count": 0,
        "processing_bounds_lonlat": {
          "west": -46.530092722917544,
          "south": -28.050045626720625,
          "east": -46.24315465430855,
          "north": -27.791458374793873
        },
        "cfar_count": 0,
        "yolo_count": 0,
        "has_cfar_detection": false,
        "has_yolo_detection": false,
        "has_detection": false
      }
    },
    {
      "type": "Feature",
      "geometry": {
        "type": "Polygon",
        "coordinates": [
          [
            [
              -46.45937607654099,
              -27.80928045643607
            ],
            [
              -46.51036565141355,
              -27.986595374266816
            ],
            [
              -46.70685901549835,
              -27.940738843440727
            ],
            [
              -46.65557057285726,
              -27.76349679330457
            ],
            [
              -46.45937607654099,
              -27.80928045643607
            ]
          ]
        ]
      },
      "properties": {
        "patch_id": 73,
        "tile_id": 73,
        "patch_number": 74,
        "patch_label": "P074",
        "name": "patch_0074_VV",
        "x_start": 6000,
        "y_start": 10000,
        "valid_x_end": 8000,
        "valid_y_end": 12000,
        "width": 2000,
        "height": 2000,
        "target_width": 2000,
        "target_height": 2000,
        "requires_padding": false,
        "processing_bbox_pixels": {
          "x0": 5840,
          "y0": 9840,
          "x1": 8160,
          "y1": 12160
        },
        "processing_requested_bbox_pixels": {
          "x0": 5840,
          "y0": 9840,
          "x1": 8160,
          "y1": 12160
        },
        "processing_width": 2320,
        "processing_height": 2320,
        "processing_target_width": 2320,
        "processing_target_height": 2320,
        "processing_requires_padding": false,
        "core_bbox_pixels": {
          "x0": 6000,
          "y0": 10000,
          "x1": 8000,
          "y1": 12000
        },
        "requested_bbox_pixels": {
          "x0": 6000,
          "y0": 10000,
          "x1": 8000,
          "y1": 12000
        },
        "halo_pixels": 160,
        "polarization": "VV",
        "display_bounds_lonlat": {
          "west": -46.72669066997809,
          "south": -28.0044450509312,
          "east": -46.439590724660746,
          "north": -27.74562907673524
        },
        "cfar_detection_count": 1,
        "yolo_detection_count": 1,
        "processing_bounds_lonlat": {
          "west": -46.72669066997809,
          "south": -28.0044450509312,
          "east": -46.439590724660746,
          "north": -27.74562907673524
        },
        "cfar_count": 1,
        "yolo_count": 1,
        "has_cfar_detection": true,
        "has_yolo_detection": true,
        "has_detection": true
      }
    },
    {
      "type": "Feature",
      "geometry": {
        "type": "Polygon",
        "coordinates": [
          [
            [
              -46.655668657113964,
              -27.763473786516258
            ],
            [
              -46.706957246477685,
              -27.940715799515335
            ],
            [
              -46.90327534005429,
              -27.894569637342684
            ],
            [
              -46.85169171073774,
              -27.71740306166271
            ],
            [
              -46.655668657113964,
              -27.763473786516258
            ]
          ]
        ]
      },
      "properties": {
        "patch_id": 74,
        "tile_id": 74,
        "patch_number": 75,
        "patch_label": "P075",
        "name": "patch_0075_VV",
        "x_start": 8000,
        "y_start": 10000,
        "valid_x_end": 10000,
        "valid_y_end": 12000,
        "width": 2000,
        "height": 2000,
        "target_width": 2000,
        "target_height": 2000,
        "requires_padding": false,
        "processing_bbox_pixels": {
          "x0": 7840,
          "y0": 9840,
          "x1": 10160,
          "y1": 12160
        },
        "processing_requested_bbox_pixels": {
          "x0": 7840,
          "y0": 9840,
          "x1": 10160,
          "y1": 12160
        },
        "processing_width": 2320,
        "processing_height": 2320,
        "processing_target_width": 2320,
        "processing_target_height": 2320,
        "processing_requires_padding": false,
        "core_bbox_pixels": {
          "x0": 8000,
          "y0": 10000,
          "x1": 10000,
          "y1": 12000
        },
        "requested_bbox_pixels": {
          "x0": 8000,
          "y0": 10000,
          "x1": 10000,
          "y1": 12000
        },
        "halo_pixels": 160,
        "polarization": "VV",
        "display_bounds_lonlat": {
          "west": -46.923122523170015,
          "south": -27.958588632750335,
          "east": -46.635876506208504,
          "north": -27.69952690331216
        },
        "cfar_detection_count": 0,
        "yolo_detection_count": 0,
        "processing_bounds_lonlat": {
          "west": -46.923122523170015,
          "south": -27.958588632750335,
          "east": -46.635876506208504,
          "north": -27.69952690331216
        },
        "cfar_count": 0,
        "yolo_count": 0,
        "has_cfar_detection": false,
        "has_yolo_detection": false,
        "has_detection": false
      }
    },
    {
      "type": "Feature",
      "geometry": {
        "type": "Polygon",
        "coordinates": [
          [
            [
              -46.8517897416376,
              -27.717379964502882
            ],
            [
              -46.90337351964199,
              -27.894546501692496
            ],
            [
              -47.099531412464884,
              -27.848130945135924
            ],
            [
              -47.04765427302014,
              -27.67104140974503
            ],
            [
              -46.8517897416376,
              -27.717379964502882
            ]
          ]
        ]
      },
      "properties": {
        "patch_id": 75,
        "tile_id": 75,
        "patch_number": 76,
        "patch_label": "P076",
        "name": "patch_0076_VV",
        "x_start": 10000,
        "y_start": 10000,
        "valid_x_end": 12000,
        "valid_y_end": 12000,
        "width": 2000,
        "height": 2000,
        "target_width": 2000,
        "target_height": 2000,
        "requires_padding": false,
        "processing_bbox_pixels": {
          "x0": 9840,
          "y0": 9840,
          "x1": 12160,
          "y1": 12160
        },
        "processing_requested_bbox_pixels": {
          "x0": 9840,
          "y0": 9840,
          "x1": 12160,
          "y1": 12160
        },
        "processing_width": 2320,
        "processing_height": 2320,
        "processing_target_width": 2320,
        "processing_target_height": 2320,
        "processing_requires_padding": false,
        "core_bbox_pixels": {
          "x0": 10000,
          "y0": 10000,
          "x1": 12000,
          "y1": 12000
        },
        "requested_bbox_pixels": {
          "x0": 10000,
          "y0": 10000,
          "x1": 12000,
          "y1": 12000
        },
        "halo_pixels": 160,
        "polarization": "VV",
        "display_bounds_lonlat": {
          "west": -47.11938446485705,
          "south": -27.91242795304324,
          "east": -46.83198269082398,
          "north": -27.65314269322424
        },
        "cfar_detection_count": 0,
        "yolo_detection_count": 0,
        "processing_bounds_lonlat": {
          "west": -47.11938446485705,
          "south": -27.91242795304324,
          "east": -46.83198269082398,
          "north": -27.65314269322424
        },
        "cfar_count": 0,
        "yolo_count": 0,
        "has_cfar_detection": false,
        "has_yolo_detection": false,
        "has_detection": false
      }
    },
    {
      "type": "Feature",
      "geometry": {
        "type": "Polygon",
        "coordinates": [
          [
            [
              -47.0477521963007,
              -27.67101813284259
            ],
            [
              -47.09962948259263,
              -27.848107629533146
            ],
            [
              -47.29561836058152,
              -27.801411104774985
            ],
            [
              -47.24344749950765,
              -27.6244002989854
            ],
            [
              -47.0477521963007,
              -27.67101813284259
            ]
          ]
        ]
      },
      "properties": {
        "patch_id": 76,
        "tile_id": 76,
        "patch_number": 77,
        "patch_label": "P077",
        "name": "patch_0077_VV",
        "x_start": 12000,
        "y_start": 10000,
        "valid_x_end": 14000,
        "valid_y_end": 12000,
        "width": 2000,
        "height": 2000,
        "target_width": 2000,
        "target_height": 2000,
        "requires_padding": false,
        "processing_bbox_pixels": {
          "x0": 11840,
          "y0": 9840,
          "x1": 14160,
          "y1": 12160
        },
        "processing_requested_bbox_pixels": {
          "x0": 11840,
          "y0": 9840,
          "x1": 14160,
          "y1": 12160
        },
        "processing_width": 2320,
        "processing_height": 2320,
        "processing_target_width": 2320,
        "processing_target_height": 2320,
        "processing_requires_padding": false,
        "core_bbox_pixels": {
          "x0": 12000,
          "y0": 10000,
          "x1": 14000,
          "y1": 12000
        },
        "requested_bbox_pixels": {
          "x0": 12000,
          "y0": 10000,
          "x1": 14000,
          "y1": 12000
        },
        "halo_pixels": 160,
        "polarization": "VV",
        "display_bounds_lonlat": {
          "west": -47.31548667183788,
          "south": -27.86601183619195,
          "east": -47.02793868533017,
          "north": -27.606493649168684
        },
        "cfar_detection_count": 0,
        "yolo_detection_count": 0,
        "processing_bounds_lonlat": {
          "west": -47.31548667183788,
          "south": -27.86601183619195,
          "east": -47.02793868533017,
          "north": -27.606493649168684
        },
        "cfar_count": 0,
        "yolo_count": 0,
        "has_cfar_detection": false,
        "has_yolo_detection": false,
        "has_detection": false
      }
    },
    {
      "type": "Feature",
      "geometry": {
        "type": "Polygon",
        "coordinates": [
          [
            [
              -47.24354536829282,
              -27.624376933176766
            ],
            [
              -47.295716376247334,
              -27.801387698912738
            ],
            [
              -47.491535813865354,
              -27.754414114586954
            ],
            [
              -47.43907330953557,
              -27.577484633099566
            ],
            [
              -47.24354536829282,
              -27.624376933176766
            ]
          ]
        ]
      },
      "properties": {
        "patch_id": 77,
        "tile_id": 77,
        "patch_number": 78,
        "patch_label": "P078",
        "name": "patch_0078_VV",
        "x_start": 14000,
        "y_start": 10000,
        "valid_x_end": 16000,
        "valid_y_end": 12000,
        "width": 2000,
        "height": 2000,
        "target_width": 2000,
        "target_height": 2000,
        "requires_padding": false,
        "processing_bbox_pixels": {
          "x0": 13840,
          "y0": 9840,
          "x1": 16160,
          "y1": 12160
        },
        "processing_requested_bbox_pixels": {
          "x0": 13840,
          "y0": 9840,
          "x1": 16160,
          "y1": 12160
        },
        "processing_width": 2320,
        "processing_height": 2320,
        "processing_target_width": 2320,
        "processing_target_height": 2320,
        "processing_requires_padding": false,
        "core_bbox_pixels": {
          "x0": 14000,
          "y0": 10000,
          "x1": 16000,
          "y1": 12000
        },
        "requested_bbox_pixels": {
          "x0": 14000,
          "y0": 10000,
          "x1": 16000,
          "y1": 12000
        },
        "halo_pixels": 160,
        "polarization": "VV",
        "display_bounds_lonlat": {
          "west": -47.51141028501565,
          "south": -27.81929994365813,
          "east": -47.2237173934035,
          "north": -27.559555886418813
        },
        "cfar_detection_count": 0,
        "yolo_detection_count": 0,
        "processing_bounds_lonlat": {
          "west": -47.51141028501565,
          "south": -27.81929994365813,
          "east": -47.2237173934035,
          "north": -27.559555886418813
        },
        "cfar_count": 0,
        "yolo_count": 0,
        "has_cfar_detection": false,
        "has_yolo_detection": false,
        "has_detection": false
      }
    },
    {
      "type": "Feature",
      "geometry": {
        "type": "Polygon",
        "coordinates": [
          [
            [
              -47.43917107190972,
              -27.5774610885205
            ],
            [
              -47.491633721241435,
              -27.75439052877212
            ],
            [
              -47.68728912581069,
              -27.70714621256632
            ],
            [
              -47.63453759595809,
              -27.530299202631387
            ],
            [
              -47.43917107190972,
              -27.5774610885205
            ]
          ]
        ]
      },
      "properties": {
        "patch_id": 78,
        "tile_id": 78,
        "patch_number": 79,
        "patch_label": "P079",
        "name": "patch_0079_VV",
        "x_start": 16000,
        "y_start": 10000,
        "valid_x_end": 18000,
        "valid_y_end": 12000,
        "width": 2000,
        "height": 2000,
        "target_width": 2000,
        "target_height": 2000,
        "requires_padding": false,
        "processing_bbox_pixels": {
          "x0": 15840,
          "y0": 9840,
          "x1": 18160,
          "y1": 12160
        },
        "processing_requested_bbox_pixels": {
          "x0": 15840,
          "y0": 9840,
          "x1": 18160,
          "y1": 12160
        },
        "processing_width": 2320,
        "processing_height": 2320,
        "processing_target_width": 2320,
        "processing_target_height": 2320,
        "processing_requires_padding": false,
        "core_bbox_pixels": {
          "x0": 16000,
          "y0": 10000,
          "x1": 18000,
          "y1": 12000
        },
        "requested_bbox_pixels": {
          "x0": 16000,
          "y0": 10000,
          "x1": 18000,
          "y1": 12000
        },
        "halo_pixels": 160,
        "polarization": "VV",
        "display_bounds_lonlat": {
          "west": -47.7071773381179,
          "south": -27.772325091926724,
          "east": -47.41933695254021,
          "north": -27.512362660721188
        },
        "cfar_detection_count": 0,
        "yolo_detection_count": 0,
        "processing_bounds_lonlat": {
          "west": -47.7071773381179,
          "south": -27.772325091926724,
          "east": -47.41933695254021,
          "north": -27.512362660721188
        },
        "cfar_count": 0,
        "yolo_count": 0,
        "has_cfar_detection": false,
        "has_yolo_detection": false,
        "has_detection": false
      }
    },
    {
      "type": "Feature",
      "geometry": {
        "type": "Polygon",
        "coordinates": [
          [
            [
              -47.6346353022178,
              -27.530275568667115
            ],
            [
              -47.687386976167,
              -27.707122537366267
            ],
            [
              -47.882866763714816,
              -27.659594771701535
            ],
            [
              -47.829829732996735,
              -27.482833685339386
            ],
            [
              -47.6346353022178,
              -27.530275568667115
            ]
          ]
        ]
      },
      "properties": {
        "patch_id": 79,
        "tile_id": 79,
        "patch_number": 80,
        "patch_label": "P080",
        "name": "patch_0080_VV",
        "x_start": 18000,
        "y_start": 10000,
        "valid_x_end": 20000,
        "valid_y_end": 12000,
        "width": 2000,
        "height": 2000,
        "target_width": 2000,
        "target_height": 2000,
        "requires_padding": false,
        "processing_bbox_pixels": {
          "x0": 17840,
          "y0": 9840,
          "x1": 20160,
          "y1": 12160
        },
        "processing_requested_bbox_pixels": {
          "x0": 17840,
          "y0": 9840,
          "x1": 20160,
          "y1": 12160
        },
        "processing_width": 2320,
        "processing_height": 2320,
        "processing_target_width": 2320,
        "processing_target_height": 2320,
        "processing_requires_padding": false,
        "core_bbox_pixels": {
          "x0": 18000,
          "y0": 10000,
          "x1": 20000,
          "y1": 12000
        },
        "requested_bbox_pixels": {
          "x0": 18000,
          "y0": 10000,
          "x1": 20000,
          "y1": 12000
        },
        "halo_pixels": 160,
        "polarization": "VV",
        "display_bounds_lonlat": {
          "west": -47.90276106546186,
          "south": -27.725064645503977,
          "east": -47.61478682872522,
          "north": -27.464875841989855
        },
        "cfar_detection_count": 0,
        "yolo_detection_count": 0,
        "processing_bounds_lonlat": {
          "west": -47.90276106546186,
          "south": -27.725064645503977,
          "east": -47.61478682872522,
          "north": -27.464875841989855
        },
        "cfar_count": 0,
        "yolo_count": 0,
        "has_cfar_detection": false,
        "has_yolo_detection": false,
        "has_detection": false
      }
    },
    {
      "type": "Feature",
      "geometry": {
        "type": "Polygon",
        "coordinates": [
          [
            [
              -47.8299273310815,
              -27.48280987454904
            ],
            [
              -47.88296450571923,
              -27.659570917731052
            ],
            [
              -48.078288327457656,
              -27.61178239423223
            ],
            [
              -48.02496474245585,
              -27.435107914255134
            ],
            [
              -47.8299273310815,
              -27.48280987454904
            ]
          ]
        ]
      },
      "properties": {
        "patch_id": 80,
        "tile_id": 80,
        "patch_number": 81,
        "patch_label": "P081",
        "name": "patch_0081_VV",
        "x_start": 20000,
        "y_start": 10000,
        "valid_x_end": 22000,
        "valid_y_end": 12000,
        "width": 2000,
        "height": 2000,
        "target_width": 2000,
        "target_height": 2000,
        "requires_padding": false,
        "processing_bbox_pixels": {
          "x0": 19840,
          "y0": 9840,
          "x1": 22160,
          "y1": 12160
        },
        "processing_requested_bbox_pixels": {
          "x0": 19840,
          "y0": 9840,
          "x1": 22160,
          "y1": 12160
        },
        "processing_width": 2320,
        "processing_height": 2320,
        "processing_target_width": 2320,
        "processing_target_height": 2320,
        "processing_requires_padding": false,
        "core_bbox_pixels": {
          "x0": 20000,
          "y0": 10000,
          "x1": 22000,
          "y1": 12000
        },
        "requested_bbox_pixels": {
          "x0": 20000,
          "y0": 10000,
          "x1": 22000,
          "y1": 12000
        },
        "halo_pixels": 160,
        "polarization": "VV",
        "display_bounds_lonlat": {
          "west": -48.098195111204895,
          "south": -27.677534872486447,
          "east": -47.81007361710817,
          "north": -27.41714003344233
        },
        "cfar_detection_count": 0,
        "yolo_detection_count": 0,
        "processing_bounds_lonlat": {
          "west": -48.098195111204895,
          "south": -27.677534872486447,
          "east": -47.81007361710817,
          "north": -27.41714003344233
        },
        "cfar_count": 0,
        "yolo_count": 0,
        "has_cfar_detection": false,
        "has_yolo_detection": false,
        "has_detection": false
      }
    },
    {
      "type": "Feature",
      "geometry": {
        "type": "Polygon",
        "coordinates": [
          [
            [
              -48.02506228815783,
              -27.435084014572723
            ],
            [
              -48.078386015991086,
              -27.6117584511597
            ],
            [
              -48.27352296815252,
              -27.563679819152565
            ],
            [
              -48.219917273799666,
              -27.38709443387704
            ],
            [
              -48.02506228815783,
              -27.435084014572723
            ]
          ]
        ]
      },
      "properties": {
        "patch_id": 81,
        "tile_id": 81,
        "patch_number": 82,
        "patch_label": "P082",
        "name": "patch_0082_VV",
        "x_start": 22000,
        "y_start": 10000,
        "valid_x_end": 24000,
        "valid_y_end": 12000,
        "width": 2000,
        "height": 2000,
        "target_width": 2000,
        "target_height": 2000,
        "requires_padding": false,
        "processing_bbox_pixels": {
          "x0": 21840,
          "y0": 9840,
          "x1": 24160,
          "y1": 12160
        },
        "processing_requested_bbox_pixels": {
          "x0": 21840,
          "y0": 9840,
          "x1": 24160,
          "y1": 12160
        },
        "processing_width": 2320,
        "processing_height": 2320,
        "processing_target_width": 2320,
        "processing_target_height": 2320,
        "processing_requires_padding": false,
        "core_bbox_pixels": {
          "x0": 22000,
          "y0": 10000,
          "x1": 24000,
          "y1": 12000
        },
        "requested_bbox_pixels": {
          "x0": 22000,
          "y0": 10000,
          "x1": 24000,
          "y1": 12000
        },
        "halo_pixels": 160,
        "polarization": "VV",
        "display_bounds_lonlat": {
          "west": -48.293436432556156,
          "south": -27.62972965206513,
          "east": -48.00519399093586,
          "north": -27.369108168325475
        },
        "cfar_detection_count": 0,
        "yolo_detection_count": 0,
        "processing_bounds_lonlat": {
          "west": -48.293436432556156,
          "south": -27.62972965206513,
          "east": -48.00519399093586,
          "north": -27.369108168325475
        },
        "cfar_count": 0,
        "yolo_count": 0,
        "has_cfar_detection": false,
        "has_yolo_detection": false,
        "has_detection": false
      }
    },
    {
      "type": "Feature",
      "geometry": {
        "type": "Polygon",
        "coordinates": [
          [
            [
              -48.220014708786586,
              -27.38707035786171
            ],
            [
              -48.27362054507526,
              -27.563655698774937
            ],
            [
              -48.468510514708704,
              -27.5153499377586
            ],
            [
              -48.41462151369693,
              -27.338855740864567
            ],
            [
              -48.220014708786586,
              -27.38707035786171
            ]
          ]
        ]
      },
      "properties": {
        "patch_id": 82,
        "tile_id": 82,
        "patch_number": 83,
        "patch_label": "P083",
        "name": "patch_0083_VV",
        "x_start": 24000,
        "y_start": 10000,
        "valid_x_end": 26000,
        "valid_y_end": 12000,
        "width": 2000,
        "height": 2000,
        "target_width": 2000,
        "target_height": 2000,
        "requires_padding": false,
        "processing_bbox_pixels": {
          "x0": 23840,
          "y0": 9840,
          "x1": 26033,
          "y1": 12160
        },
        "processing_requested_bbox_pixels": {
          "x0": 23840,
          "y0": 9840,
          "x1": 26160,
          "y1": 12160
        },
        "processing_width": 2193,
        "processing_height": 2320,
        "processing_target_width": 2193,
        "processing_target_height": 2320,
        "processing_requires_padding": false,
        "core_bbox_pixels": {
          "x0": 24000,
          "y0": 10000,
          "x1": 26000,
          "y1": 12000
        },
        "requested_bbox_pixels": {
          "x0": 24000,
          "y0": 10000,
          "x1": 26000,
          "y1": 12000
        },
        "halo_pixels": 160,
        "polarization": "VV",
        "display_bounds_lonlat": {
          "west": -48.47604848979648,
          "south": -27.581648174218895,
          "east": -48.200141629647845,
          "north": -27.323931759656855
        },
        "cfar_detection_count": 7,
        "yolo_detection_count": 3,
        "processing_bounds_lonlat": {
          "west": -48.47604848979648,
          "south": -27.581648174218895,
          "east": -48.200141629647845,
          "north": -27.323931759656855
        },
        "cfar_count": 7,
        "yolo_count": 3,
        "has_cfar_detection": true,
        "has_yolo_detection": true,
        "has_detection": true
      }
    },
    {
      "type": "Feature",
      "geometry": {
        "type": "Polygon",
        "coordinates": [
          [
            [
              -48.41471881785418,
              -27.338831596457688
            ],
            [
              -48.46860796035709,
              -27.515325747045072
            ],
            [
              -48.47172622095593,
              -27.514551644212048
            ],
            [
              -48.41783255073614,
              -27.33805897543758
            ],
            [
              -48.41471881785418,
              -27.338831596457688
            ]
          ]
        ]
      },
      "properties": {
        "patch_id": 83,
        "tile_id": 83,
        "patch_number": 84,
        "patch_label": "P084",
        "name": "patch_0084_VV",
        "x_start": 26000,
        "y_start": 10000,
        "valid_x_end": 26033,
        "valid_y_end": 12000,
        "width": 2000,
        "height": 2000,
        "target_width": 2000,
        "target_height": 2000,
        "requires_padding": true,
        "processing_bbox_pixels": {
          "x0": 25840,
          "y0": 9840,
          "x1": 26033,
          "y1": 12160
        },
        "processing_requested_bbox_pixels": {
          "x0": 25840,
          "y0": 9840,
          "x1": 28160,
          "y1": 12160
        },
        "processing_width": 193,
        "processing_height": 2320,
        "processing_target_width": 193,
        "processing_target_height": 2320,
        "processing_requires_padding": false,
        "core_bbox_pixels": {
          "x0": 26000,
          "y0": 10000,
          "x1": 26033,
          "y1": 12000
        },
        "requested_bbox_pixels": {
          "x0": 26000,
          "y0": 10000,
          "x1": 28000,
          "y1": 12000
        },
        "halo_pixels": 160,
        "polarization": "VV",
        "display_bounds_lonlat": {
          "west": -48.47604848979648,
          "south": -27.53332221909009,
          "east": -48.39484392515332,
          "north": -27.323931759656855
        },
        "cfar_detection_count": 0,
        "yolo_detection_count": 0,
        "processing_bounds_lonlat": {
          "west": -48.47604848979648,
          "south": -27.53332221909009,
          "east": -48.39484392515332,
          "north": -27.323931759656855
        },
        "cfar_count": 0,
        "yolo_count": 0,
        "has_cfar_detection": false,
        "has_yolo_detection": false,
        "has_detection": false
      }
    },
    {
      "type": "Feature",
      "geometry": {
        "type": "Polygon",
        "coordinates": [
          [
            [
              -45.91964769698573,
              -28.12267340167753
            ],
            [
              -45.96988820189138,
              -28.300174403064805
            ],
            [
              -46.16716846696668,
              -28.255069688701823
            ],
            [
              -46.11662180701716,
              -28.077636827581127
            ],
            [
              -45.91964769698573,
              -28.12267340167753
            ]
          ]
        ]
      },
      "properties": {
        "patch_id": 84,
        "tile_id": 84,
        "patch_number": 85,
        "patch_label": "P085",
        "name": "patch_0085_VV",
        "x_start": 0,
        "y_start": 12000,
        "valid_x_end": 2000,
        "valid_y_end": 14000,
        "width": 2000,
        "height": 2000,
        "target_width": 2000,
        "target_height": 2000,
        "requires_padding": false,
        "processing_bbox_pixels": {
          "x0": 0,
          "y0": 11840,
          "x1": 2160,
          "y1": 14160
        },
        "processing_requested_bbox_pixels": {
          "x0": -160,
          "y0": 11840,
          "x1": 2160,
          "y1": 14160
        },
        "processing_width": 2160,
        "processing_height": 2320,
        "processing_target_width": 2160,
        "processing_target_height": 2320,
        "processing_requires_padding": false,
        "core_bbox_pixels": {
          "x0": 0,
          "y0": 12000,
          "x1": 2000,
          "y1": 14000
        },
        "requested_bbox_pixels": {
          "x0": 0,
          "y0": 12000,
          "x1": 2000,
          "y1": 14000
        },
        "halo_pixels": 160,
        "polarization": "VV",
        "display_bounds_lonlat": {
          "west": -46.187007789576434,
          "south": -28.314380767749974,
          "east": -45.91563183593156,
          "north": -28.059820392116237
        },
        "cfar_detection_count": 0,
        "yolo_detection_count": 0,
        "processing_bounds_lonlat": {
          "west": -46.187007789576434,
          "south": -28.314380767749974,
          "east": -45.91563183593156,
          "north": -28.059820392116237
        },
        "cfar_count": 0,
        "yolo_count": 0,
        "has_cfar_detection": false,
        "has_yolo_detection": false,
        "has_detection": false
      }
    },
    {
      "type": "Feature",
      "geometry": {
        "type": "Polygon",
        "coordinates": [
          [
            [
              -46.116720309727434,
              -28.07761423732569
            ],
            [
              -46.167267122957995,
              -28.255047064928192
            ],
            [
              -46.36439667562675,
              -28.209686677124154
            ],
            [
              -46.31354477732535,
              -28.03232221745816
            ],
            [
              -46.116720309727434,
              -28.07761423732569
            ]
          ]
        ]
      },
      "properties": {
        "patch_id": 85,
        "tile_id": 85,
        "patch_number": 86,
        "patch_label": "P086",
        "name": "patch_0086_VV",
        "x_start": 2000,
        "y_start": 12000,
        "valid_x_end": 4000,
        "valid_y_end": 14000,
        "width": 2000,
        "height": 2000,
        "target_width": 2000,
        "target_height": 2000,
        "requires_padding": false,
        "processing_bbox_pixels": {
          "x0": 1840,
          "y0": 11840,
          "x1": 4160,
          "y1": 14160
        },
        "processing_requested_bbox_pixels": {
          "x0": 1840,
          "y0": 11840,
          "x1": 4160,
          "y1": 14160
        },
        "processing_width": 2320,
        "processing_height": 2320,
        "processing_target_width": 2320,
        "processing_target_height": 2320,
        "processing_requires_padding": false,
        "core_bbox_pixels": {
          "x0": 2000,
          "y0": 12000,
          "x1": 4000,
          "y1": 14000
        },
        "requested_bbox_pixels": {
          "x0": 2000,
          "y0": 12000,
          "x1": 4000,
          "y1": 14000
        },
        "halo_pixels": 160,
        "polarization": "VV",
        "display_bounds_lonlat": {
          "west": -46.384242976762785,
          "south": -28.272868168407886,
          "east": -46.09692133738057,
          "north": -28.014482245171113
        },
        "cfar_detection_count": 0,
        "yolo_detection_count": 0,
        "processing_bounds_lonlat": {
          "west": -46.384242976762785,
          "south": -28.272868168407886,
          "east": -46.09692133738057,
          "north": -28.014482245171113
        },
        "cfar_count": 0,
        "yolo_count": 0,
        "has_cfar_detection": false,
        "has_yolo_detection": false,
        "has_detection": false
      }
    },
    {
      "type": "Feature",
      "geometry": {
        "type": "Polygon",
        "coordinates": [
          [
            [
              -46.31364317779544,
              -28.032299454588145
            ],
            [
              -46.36449522764633,
              -28.20966387844974
            ],
            [
              -46.561446304845816,
              -28.163998935608866
            ],
            [
              -46.51029286636044,
              -27.986706931886122
            ],
            [
              -46.31364317779544,
              -28.032299454588145
            ]
          ]
        ]
      },
      "properties": {
        "patch_id": 86,
        "tile_id": 86,
        "patch_number": 87,
        "patch_label": "P087",
        "name": "patch_0087_VV",
        "x_start": 4000,
        "y_start": 12000,
        "valid_x_end": 6000,
        "valid_y_end": 14000,
        "width": 2000,
        "height": 2000,
        "target_width": 2000,
        "target_height": 2000,
        "requires_padding": false,
        "processing_bbox_pixels": {
          "x0": 3840,
          "y0": 11840,
          "x1": 6160,
          "y1": 14160
        },
        "processing_requested_bbox_pixels": {
          "x0": 3840,
          "y0": 11840,
          "x1": 6160,
          "y1": 14160
        },
        "processing_width": 2320,
        "processing_height": 2320,
        "processing_target_width": 2320,
        "processing_target_height": 2320,
        "processing_requires_padding": false,
        "core_bbox_pixels": {
          "x0": 4000,
          "y0": 12000,
          "x1": 6000,
          "y1": 14000
        },
        "requested_bbox_pixels": {
          "x0": 4000,
          "y0": 12000,
          "x1": 6000,
          "y1": 14000
        },
        "halo_pixels": 160,
        "polarization": "VV",
        "display_bounds_lonlat": {
          "west": -46.58130789576645,
          "south": -28.227502806282843,
          "east": -46.29383348306387,
          "north": -27.96885817037264
        },
        "cfar_detection_count": 0,
        "yolo_detection_count": 0,
        "processing_bounds_lonlat": {
          "west": -46.58130789576645,
          "south": -28.227502806282843,
          "east": -46.29383348306387,
          "north": -27.96885817037264
        },
        "cfar_count": 0,
        "yolo_count": 0,
        "has_cfar_detection": false,
        "has_yolo_detection": false,
        "has_detection": false
      }
    },
    {
      "type": "Feature",
      "geometry": {
        "type": "Polygon",
        "coordinates": [
          [
            [
              -46.51039120740248,
              -27.986684069360663
            ],
            [
              -46.56154479561158,
              -28.163976036438697
            ],
            [
              -46.75833777838935,
              -28.11804678496912
            ],
            [
              -46.70688472045511,
              -27.94082750228467
            ],
            [
              -46.51039120740248,
              -27.986684069360663
            ]
          ]
        ]
      },
      "properties": {
        "patch_id": 87,
        "tile_id": 87,
        "patch_number": 88,
        "patch_label": "P088",
        "name": "patch_0088_VV",
        "x_start": 6000,
        "y_start": 12000,
        "valid_x_end": 8000,
        "valid_y_end": 14000,
        "width": 2000,
        "height": 2000,
        "target_width": 2000,
        "target_height": 2000,
        "requires_padding": false,
        "processing_bbox_pixels": {
          "x0": 5840,
          "y0": 11840,
          "x1": 8160,
          "y1": 14160
        },
        "processing_requested_bbox_pixels": {
          "x0": 5840,
          "y0": 11840,
          "x1": 8160,
          "y1": 14160
        },
        "processing_width": 2320,
        "processing_height": 2320,
        "processing_target_width": 2320,
        "processing_target_height": 2320,
        "processing_requires_padding": false,
        "core_bbox_pixels": {
          "x0": 6000,
          "y0": 12000,
          "x1": 8000,
          "y1": 14000
        },
        "requested_bbox_pixels": {
          "x0": 6000,
          "y0": 12000,
          "x1": 8000,
          "y1": 14000
        },
        "halo_pixels": 160,
        "polarization": "VV",
        "display_bounds_lonlat": {
          "west": -46.77820581891616,
          "south": -28.181829871278477,
          "east": -46.49056958019089,
          "north": -27.922955556556175
        },
        "cfar_detection_count": 0,
        "yolo_detection_count": 0,
        "processing_bounds_lonlat": {
          "west": -46.77820581891616,
          "south": -28.181829871278477,
          "east": -46.49056958019089,
          "north": -27.922955556556175
        },
        "cfar_count": 0,
        "yolo_count": 0,
        "has_cfar_detection": false,
        "has_yolo_detection": false,
        "has_detection": false
      }
    },
    {
      "type": "Feature",
      "geometry": {
        "type": "Polygon",
        "coordinates": [
          [
            [
              -46.70698295150913,
              -27.940804458339727
            ],
            [
              -46.75843615872657,
              -28.11802370263252
            ],
            [
              -46.95505277918928,
              -28.07180153187646
            ],
            [
              -46.90330119357232,
              -27.89465825777925
            ],
            [
              -46.70698295150913,
              -27.940804458339727
            ]
          ]
        ]
      },
      "properties": {
        "patch_id": 88,
        "tile_id": 88,
        "patch_number": 89,
        "patch_label": "P089",
        "name": "patch_0089_VV",
        "x_start": 8000,
        "y_start": 12000,
        "valid_x_end": 10000,
        "valid_y_end": 14000,
        "width": 2000,
        "height": 2000,
        "target_width": 2000,
        "target_height": 2000,
        "requires_padding": false,
        "processing_bbox_pixels": {
          "x0": 7840,
          "y0": 11840,
          "x1": 10160,
          "y1": 14160
        },
        "processing_requested_bbox_pixels": {
          "x0": 7840,
          "y0": 11840,
          "x1": 10160,
          "y1": 14160
        },
        "processing_width": 2320,
        "processing_height": 2320,
        "processing_target_width": 2320,
        "processing_target_height": 2320,
        "processing_requires_padding": false,
        "core_bbox_pixels": {
          "x0": 8000,
          "y0": 12000,
          "x1": 10000,
          "y1": 14000
        },
        "requested_bbox_pixels": {
          "x0": 8000,
          "y0": 12000,
          "x1": 10000,
          "y1": 14000
        },
        "halo_pixels": 160,
        "polarization": "VV",
        "display_bounds_lonlat": {
          "west": -46.97493667465134,
          "south": -28.135900891056153,
          "east": -46.687155035716,
          "north": -27.87677776136858
        },
        "cfar_detection_count": 0,
        "yolo_detection_count": 0,
        "processing_bounds_lonlat": {
          "west": -46.97493667465134,
          "south": -28.135900891056153,
          "east": -46.687155035716,
          "north": -27.87677776136858
        },
        "cfar_count": 0,
        "yolo_count": 0,
        "has_cfar_detection": false,
        "has_yolo_detection": false,
        "has_detection": false
      }
    },
    {
      "type": "Feature",
      "geometry": {
        "type": "Polygon",
        "coordinates": [
          [
            [
              -46.90339937323378,
              -27.894635122110284
            ],
            [
              -46.95515110808937,
              -28.07177835868931
            ],
            [
              -47.15160494002549,
              -28.02528527842494
            ],
            [
              -47.099557411687506,
              -27.84821952759189
            ],
            [
              -46.90339937323378,
              -27.894635122110284
            ]
          ]
        ]
      },
      "properties": {
        "patch_id": 89,
        "tile_id": 89,
        "patch_number": 90,
        "patch_label": "P090",
        "name": "patch_0090_VV",
        "x_start": 10000,
        "y_start": 12000,
        "valid_x_end": 12000,
        "valid_y_end": 14000,
        "width": 2000,
        "height": 2000,
        "target_width": 2000,
        "target_height": 2000,
        "requires_padding": false,
        "processing_bbox_pixels": {
          "x0": 9840,
          "y0": 11840,
          "x1": 12160,
          "y1": 14160
        },
        "processing_requested_bbox_pixels": {
          "x0": 9840,
          "y0": 11840,
          "x1": 12160,
          "y1": 14160
        },
        "processing_width": 2320,
        "processing_height": 2320,
        "processing_target_width": 2320,
        "processing_target_height": 2320,
        "processing_requires_padding": false,
        "core_bbox_pixels": {
          "x0": 10000,
          "y0": 12000,
          "x1": 12000,
          "y1": 14000
        },
        "requested_bbox_pixels": {
          "x0": 10000,
          "y0": 12000,
          "x1": 12000,
          "y1": 14000
        },
        "halo_pixels": 160,
        "polarization": "VV",
        "display_bounds_lonlat": {
          "west": -47.17149543152928,
          "south": -28.089664187286672,
          "east": -46.88355594011475,
          "north": -27.830316355451497
        },
        "cfar_detection_count": 0,
        "yolo_detection_count": 0,
        "processing_bounds_lonlat": {
          "west": -47.17149543152928,
          "south": -28.089664187286672,
          "east": -46.88355594011475,
          "north": -27.830316355451497
        },
        "cfar_count": 0,
        "yolo_count": 0,
        "has_cfar_detection": false,
        "has_yolo_detection": false,
        "has_detection": false
      }
    },
    {
      "type": "Feature",
      "geometry": {
        "type": "Polygon",
        "coordinates": [
          [
            [
              -47.0996554818912,
              -27.848196211968776
            ],
            [
              -47.15170315948677,
              -28.025261922846916
            ],
            [
              -47.34798865816647,
              -27.978485668719088
            ],
            [
              -47.295644509915036,
              -27.801499647333866
            ],
            [
              -47.0996554818912,
              -27.848196211968776
            ]
          ]
        ]
      },
      "properties": {
        "patch_id": 90,
        "tile_id": 90,
        "patch_number": 91,
        "patch_label": "P091",
        "name": "patch_0091_VV",
        "x_start": 12000,
        "y_start": 12000,
        "valid_x_end": 14000,
        "valid_y_end": 14000,
        "width": 2000,
        "height": 2000,
        "target_width": 2000,
        "target_height": 2000,
        "requires_padding": false,
        "processing_bbox_pixels": {
          "x0": 11840,
          "y0": 11840,
          "x1": 14160,
          "y1": 14160
        },
        "processing_requested_bbox_pixels": {
          "x0": 11840,
          "y0": 11840,
          "x1": 14160,
          "y1": 14160
        },
        "processing_width": 2320,
        "processing_height": 2320,
        "processing_target_width": 2320,
        "processing_target_height": 2320,
        "processing_requires_padding": false,
        "core_bbox_pixels": {
          "x0": 12000,
          "y0": 12000,
          "x1": 14000,
          "y1": 14000
        },
        "requested_bbox_pixels": {
          "x0": 12000,
          "y0": 12000,
          "x1": 14000,
          "y1": 14000
        },
        "halo_pixels": 160,
        "polarization": "VV",
        "display_bounds_lonlat": {
          "west": -47.367893522677385,
          "south": -28.043170586742885,
          "east": -47.07980629859347,
          "north": -27.783588397317722
        },
        "cfar_detection_count": 0,
        "yolo_detection_count": 0,
        "processing_bounds_lonlat": {
          "west": -47.367893522677385,
          "south": -28.043170586742885,
          "east": -47.07980629859347,
          "north": -27.783588397317722
        },
        "cfar_count": 0,
        "yolo_count": 0,
        "has_cfar_detection": false,
        "has_yolo_detection": false,
        "has_detection": false
      }
    },
    {
      "type": "Feature",
      "geometry": {
        "type": "Polygon",
        "coordinates": [
          [
            [
              -47.29574252565499,
              -27.801476241452065
            ],
            [
              -47.348086821238354,
              -27.97846222306606
            ],
            [
              -47.54420009127824,
              -27.931407296842156
            ],
            [
              -47.49156211054722,
              -27.75450261643462
            ],
            [
              -47.29574252565499,
              -27.801476241452065
            ]
          ]
        ]
      },
      "properties": {
        "patch_id": 91,
        "tile_id": 91,
        "patch_number": 92,
        "patch_label": "P092",
        "name": "patch_0092_VV",
        "x_start": 14000,
        "y_start": 12000,
        "valid_x_end": 16000,
        "valid_y_end": 14000,
        "width": 2000,
        "height": 2000,
        "target_width": 2000,
        "target_height": 2000,
        "requires_padding": false,
        "processing_bbox_pixels": {
          "x0": 13840,
          "y0": 11840,
          "x1": 16160,
          "y1": 14160
        },
        "processing_requested_bbox_pixels": {
          "x0": 13840,
          "y0": 11840,
          "x1": 16160,
          "y1": 14160
        },
        "processing_width": 2320,
        "processing_height": 2320,
        "processing_target_width": 2320,
        "processing_target_height": 2320,
        "processing_requires_padding": false,
        "core_bbox_pixels": {
          "x0": 14000,
          "y0": 12000,
          "x1": 16000,
          "y1": 14000
        },
        "requested_bbox_pixels": {
          "x0": 14000,
          "y0": 12000,
          "x1": 16000,
          "y1": 14000
        },
        "halo_pixels": 160,
        "polarization": "VV",
        "display_bounds_lonlat": {
          "west": -47.564110602655354,
          "south": -27.996378939827054,
          "east": -47.27587798179134,
          "north": -27.7365691275876
        },
        "cfar_detection_count": 0,
        "yolo_detection_count": 0,
        "processing_bounds_lonlat": {
          "west": -47.564110602655354,
          "south": -27.996378939827054,
          "east": -47.27587798179134,
          "north": -27.7365691275876
        },
        "cfar_count": 0,
        "yolo_count": 0,
        "has_cfar_detection": false,
        "has_yolo_detection": false,
        "has_detection": false
      }
    },
    {
      "type": "Feature",
      "geometry": {
        "type": "Polygon",
        "coordinates": [
          [
            [
              -47.49166001799463,
              -27.75447903059867
            ],
            [
              -47.5442981431726,
              -27.931383669488035
            ],
            [
              -47.74024456094427,
              -27.884055573314996
            ],
            [
              -47.68731556536043,
              -27.707234672184917
            ],
            [
              -47.49166001799463,
              -27.75447903059867
            ]
          ]
        ]
      },
      "properties": {
        "patch_id": 92,
        "tile_id": 92,
        "patch_number": 93,
        "patch_label": "P093",
        "name": "patch_0093_VV",
        "x_start": 16000,
        "y_start": 12000,
        "valid_x_end": 18000,
        "valid_y_end": 14000,
        "width": 2000,
        "height": 2000,
        "target_width": 2000,
        "target_height": 2000,
        "requires_padding": false,
        "processing_bbox_pixels": {
          "x0": 15840,
          "y0": 11840,
          "x1": 18160,
          "y1": 14160
        },
        "processing_requested_bbox_pixels": {
          "x0": 15840,
          "y0": 11840,
          "x1": 18160,
          "y1": 14160
        },
        "processing_width": 2320,
        "processing_height": 2320,
        "processing_target_width": 2320,
        "processing_target_height": 2320,
        "processing_requires_padding": false,
        "core_bbox_pixels": {
          "x0": 16000,
          "y0": 12000,
          "x1": 18000,
          "y1": 14000
        },
        "requested_bbox_pixels": {
          "x0": 16000,
          "y0": 12000,
          "x1": 18000,
          "y1": 14000
        },
        "halo_pixels": 160,
        "polarization": "VV",
        "display_bounds_lonlat": {
          "west": -47.76017015789365,
          "south": -27.949322952019116,
          "east": -47.47178918003558,
          "north": -27.68929363835479
        },
        "cfar_detection_count": 0,
        "yolo_detection_count": 0,
        "processing_bounds_lonlat": {
          "west": -47.76017015789365,
          "south": -27.949322952019116,
          "east": -47.47178918003558,
          "north": -27.68929363835479
        },
        "cfar_count": 0,
        "yolo_count": 0,
        "has_cfar_detection": false,
        "has_yolo_detection": false,
        "has_detection": false
      }
    },
    {
      "type": "Feature",
      "geometry": {
        "type": "Polygon",
        "coordinates": [
          [
            [
              -47.687413415788264,
              -27.70721099696375
            ],
            [
              -47.740342557788395,
              -27.884031855885873
            ],
            [
              -47.936114007656215,
              -27.83641934752105
            ],
            [
              -47.882893349434255,
              -27.659683189091062
            ],
            [
              -47.687413415788264,
              -27.70721099696375
            ]
          ]
        ]
      },
      "properties": {
        "patch_id": 93,
        "tile_id": 93,
        "patch_number": 94,
        "patch_label": "P094",
        "name": "patch_0094_VV",
        "x_start": 18000,
        "y_start": 12000,
        "valid_x_end": 20000,
        "valid_y_end": 14000,
        "width": 2000,
        "height": 2000,
        "target_width": 2000,
        "target_height": 2000,
        "requires_padding": false,
        "processing_bbox_pixels": {
          "x0": 17840,
          "y0": 11840,
          "x1": 20160,
          "y1": 14160
        },
        "processing_requested_bbox_pixels": {
          "x0": 17840,
          "y0": 11840,
          "x1": 20160,
          "y1": 14160
        },
        "processing_width": 2320,
        "processing_height": 2320,
        "processing_target_width": 2320,
        "processing_target_height": 2320,
        "processing_requires_padding": false,
        "core_bbox_pixels": {
          "x0": 18000,
          "y0": 12000,
          "x1": 20000,
          "y1": 14000
        },
        "requested_bbox_pixels": {
          "x0": 18000,
          "y0": 12000,
          "x1": 20000,
          "y1": 14000
        },
        "halo_pixels": 160,
        "polarization": "VV",
        "display_bounds_lonlat": {
          "west": -47.95604516316756,
          "south": -27.90197892914267,
          "east": -47.667528836868954,
          "north": -27.641720308643247
        },
        "cfar_detection_count": 0,
        "yolo_detection_count": 0,
        "processing_bounds_lonlat": {
          "west": -47.95604516316756,
          "south": -27.90197892914267,
          "east": -47.667528836868954,
          "north": -27.641720308643247
        },
        "cfar_count": 0,
        "yolo_count": 0,
        "has_cfar_detection": false,
        "has_yolo_detection": false,
        "has_detection": false
      }
    },
    {
      "type": "Feature",
      "geometry": {
        "type": "Polygon",
        "coordinates": [
          [
            [
              -47.88299109151133,
              -27.659659335099462
            ],
            [
              -47.936211894196134,
              -27.836395450631706
            ],
            [
              -48.13182135126753,
              -27.78851908291032
            ],
            [
              -48.078315056426376,
              -27.611870767559473
            ],
            [
              -47.88299109151133,
              -27.659659335099462
            ]
          ]
        ]
      },
      "properties": {
        "patch_id": 94,
        "tile_id": 94,
        "patch_number": 95,
        "patch_label": "P095",
        "name": "patch_0095_VV",
        "x_start": 20000,
        "y_start": 12000,
        "valid_x_end": 22000,
        "valid_y_end": 14000,
        "width": 2000,
        "height": 2000,
        "target_width": 2000,
        "target_height": 2000,
        "requires_padding": false,
        "processing_bbox_pixels": {
          "x0": 19840,
          "y0": 11840,
          "x1": 22160,
          "y1": 14160
        },
        "processing_requested_bbox_pixels": {
          "x0": 19840,
          "y0": 11840,
          "x1": 22160,
          "y1": 14160
        },
        "processing_width": 2320,
        "processing_height": 2320,
        "processing_target_width": 2320,
        "processing_target_height": 2320,
        "processing_requires_padding": false,
        "core_bbox_pixels": {
          "x0": 20000,
          "y0": 12000,
          "x1": 22000,
          "y1": 14000
        },
        "requested_bbox_pixels": {
          "x0": 20000,
          "y0": 12000,
          "x1": 22000,
          "y1": 14000
        },
        "halo_pixels": 160,
        "polarization": "VV",
        "display_bounds_lonlat": {
          "west": -48.15176456220048,
          "south": -27.854364441489263,
          "east": -47.86310048920187,
          "north": -27.59389801297224
        },
        "cfar_detection_count": 0,
        "yolo_detection_count": 0,
        "processing_bounds_lonlat": {
          "west": -48.15176456220048,
          "south": -27.854364441489263,
          "east": -47.86310048920187,
          "north": -27.59389801297224
        },
        "cfar_count": 0,
        "yolo_count": 0,
        "has_cfar_detection": false,
        "has_yolo_detection": false,
        "has_detection": false
      }
    },
    {
      "type": "Feature",
      "geometry": {
        "type": "Polygon",
        "coordinates": [
          [
            [
              -48.0784127450307,
              -27.61184682446427
            ],
            [
              -48.13191918153045,
              -27.788495095170433
            ],
            [
              -48.32734397990461,
              -27.740327020863653
            ],
            [
              -48.27354983901539,
              -27.563768148140568
            ],
            [
              -48.0784127450307,
              -27.61184682446427
            ]
          ]
        ]
      },
      "properties": {
        "patch_id": 95,
        "tile_id": 95,
        "patch_number": 96,
        "patch_label": "P096",
        "name": "patch_0096_VV",
        "x_start": 22000,
        "y_start": 12000,
        "valid_x_end": 24000,
        "valid_y_end": 14000,
        "width": 2000,
        "height": 2000,
        "target_width": 2000,
        "target_height": 2000,
        "requires_padding": false,
        "processing_bbox_pixels": {
          "x0": 21840,
          "y0": 11840,
          "x1": 24160,
          "y1": 14160
        },
        "processing_requested_bbox_pixels": {
          "x0": 21840,
          "y0": 11840,
          "x1": 24160,
          "y1": 14160
        },
        "processing_width": 2320,
        "processing_height": 2320,
        "processing_target_width": 2320,
        "processing_target_height": 2320,
        "processing_requires_padding": false,
        "core_bbox_pixels": {
          "x0": 22000,
          "y0": 12000,
          "x1": 24000,
          "y1": 14000
        },
        "requested_bbox_pixels": {
          "x0": 22000,
          "y0": 12000,
          "x1": 24000,
          "y1": 14000
        },
        "halo_pixels": 160,
        "polarization": "VV",
        "display_bounds_lonlat": {
          "west": -48.34729441076853,
          "south": -27.806471615217767,
          "east": -48.05850770962782,
          "north": -27.545776826582532
        },
        "cfar_detection_count": 0,
        "yolo_detection_count": 0,
        "processing_bounds_lonlat": {
          "west": -48.34729441076853,
          "south": -27.806471615217767,
          "east": -48.05850770962782,
          "north": -27.545776826582532
        },
        "cfar_count": 0,
        "yolo_count": 0,
        "has_cfar_detection": false,
        "has_yolo_detection": false,
        "has_detection": false
      }
    },
    {
      "type": "Feature",
      "geometry": {
        "type": "Polygon",
        "coordinates": [
          [
            [
              -48.273647416009226,
              -27.563744027740267
            ],
            [
              -48.32744169813894,
              -27.740302855128878
            ],
            [
              -48.52261409496766,
              -27.69190642516737
            ],
            [
              -48.46853752657315,
              -27.51543822138946
            ],
            [
              -48.273647416009226,
              -27.563744027740267
            ]
          ]
        ]
      },
      "properties": {
        "patch_id": 96,
        "tile_id": 96,
        "patch_number": 97,
        "patch_label": "P097",
        "name": "patch_0097_VV",
        "x_start": 24000,
        "y_start": 12000,
        "valid_x_end": 26000,
        "valid_y_end": 14000,
        "width": 2000,
        "height": 2000,
        "target_width": 2000,
        "target_height": 2000,
        "requires_padding": false,
        "processing_bbox_pixels": {
          "x0": 23840,
          "y0": 11840,
          "x1": 26033,
          "y1": 14160
        },
        "processing_requested_bbox_pixels": {
          "x0": 23840,
          "y0": 11840,
          "x1": 26160,
          "y1": 14160
        },
        "processing_width": 2193,
        "processing_height": 2320,
        "processing_target_width": 2193,
        "processing_target_height": 2320,
        "processing_requires_padding": false,
        "core_bbox_pixels": {
          "x0": 24000,
          "y0": 12000,
          "x1": 26000,
          "y1": 14000
        },
        "requested_bbox_pixels": {
          "x0": 24000,
          "y0": 12000,
          "x1": 26000,
          "y1": 14000
        },
        "halo_pixels": 160,
        "polarization": "VV",
        "display_bounds_lonlat": {
          "west": -48.53017122255783,
          "south": -27.758300633318044,
          "east": -48.25373757024935,
          "north": -27.500514665900447
        },
        "cfar_detection_count": 7,
        "yolo_detection_count": 1,
        "processing_bounds_lonlat": {
          "west": -48.53017122255783,
          "south": -27.758300633318044,
          "east": -48.25373757024935,
          "north": -27.500514665900447
        },
        "cfar_count": 7,
        "yolo_count": 1,
        "has_cfar_detection": true,
        "has_yolo_detection": true,
        "has_detection": true
      }
    },
    {
      "type": "Feature",
      "geometry": {
        "type": "Polygon",
        "coordinates": [
          [
            [
              -48.468634972291696,
              -27.51541403065325
            ],
            [
              -48.52271168188349,
              -27.691882189096685
            ],
            [
              -48.52583446303966,
              -27.691106634834824
            ],
            [
              -48.47175323513545,
              -27.51463992709451
            ],
            [
              -48.468634972291696,
              -27.51541403065325
            ]
          ]
        ]
      },
      "properties": {
        "patch_id": 97,
        "tile_id": 97,
        "patch_number": 98,
        "patch_label": "P098",
        "name": "patch_0098_VV",
        "x_start": 26000,
        "y_start": 12000,
        "valid_x_end": 26033,
        "valid_y_end": 14000,
        "width": 2000,
        "height": 2000,
        "target_width": 2000,
        "target_height": 2000,
        "requires_padding": true,
        "processing_bbox_pixels": {
          "x0": 25840,
          "y0": 11840,
          "x1": 26033,
          "y1": 14160
        },
        "processing_requested_bbox_pixels": {
          "x0": 25840,
          "y0": 11840,
          "x1": 28160,
          "y1": 14160
        },
        "processing_width": 193,
        "processing_height": 2320,
        "processing_target_width": 193,
        "processing_target_height": 2320,
        "processing_requires_padding": false,
        "core_bbox_pixels": {
          "x0": 26000,
          "y0": 12000,
          "x1": 26033,
          "y1": 14000
        },
        "requested_bbox_pixels": {
          "x0": 26000,
          "y0": 12000,
          "x1": 28000,
          "y1": 14000
        },
        "halo_pixels": 160,
        "polarization": "VV",
        "display_bounds_lonlat": {
          "west": -48.53017122255783,
          "south": -27.709883963886917,
          "east": -48.44872354079931,
          "north": -27.500514665900447
        },
        "cfar_detection_count": 0,
        "yolo_detection_count": 0,
        "processing_bounds_lonlat": {
          "west": -48.53017122255783,
          "south": -27.709883963886917,
          "east": -48.44872354079931,
          "north": -27.500514665900447
        },
        "cfar_count": 0,
        "yolo_count": 0,
        "has_cfar_detection": false,
        "has_yolo_detection": false,
        "has_detection": false
      }
    },
    {
      "type": "Feature",
      "geometry": {
        "type": "Polygon",
        "coordinates": [
          [
            [
              -45.9699133773691,
              -28.30026319284409
            ],
            [
              -46.020287653345285,
              -28.477696486070954
            ],
            [
              -46.217874757907786,
              -28.432524015106715
            ],
            [
              -46.16719379455073,
              -28.25515844408944
            ],
            [
              -45.9699133773691,
              -28.30026319284409
            ]
          ]
        ]
      },
      "properties": {
        "patch_id": 98,
        "tile_id": 98,
        "patch_number": 99,
        "patch_label": "P099",
        "name": "patch_0099_VV",
        "x_start": 0,
        "y_start": 14000,
        "valid_x_end": 2000,
        "valid_y_end": 16000,
        "width": 2000,
        "height": 2000,
        "target_width": 2000,
        "target_height": 2000,
        "requires_padding": false,
        "processing_bbox_pixels": {
          "x0": 0,
          "y0": 13840,
          "x1": 2160,
          "y1": 16160
        },
        "processing_requested_bbox_pixels": {
          "x0": -160,
          "y0": 13840,
          "x1": 2160,
          "y1": 16160
        },
        "processing_width": 2160,
        "processing_height": 2320,
        "processing_target_width": 2160,
        "processing_target_height": 2320,
        "processing_requires_padding": false,
        "core_bbox_pixels": {
          "x0": 0,
          "y0": 14000,
          "x1": 2000,
          "y1": 16000
        },
        "requested_bbox_pixels": {
          "x0": 0,
          "y0": 14000,
          "x1": 2000,
          "y1": 16000
        },
        "halo_pixels": 160,
        "polarization": "VV",
        "display_bounds_lonlat": {
          "west": -46.237746570225944,
          "south": -28.491893730164996,
          "east": -45.96588530085641,
          "north": -28.23733821597148
        },
        "cfar_detection_count": 0,
        "yolo_detection_count": 0,
        "processing_bounds_lonlat": {
          "west": -46.237746570225944,
          "south": -28.491893730164996,
          "east": -45.96588530085641,
          "north": -28.23733821597148
        },
        "cfar_count": 0,
        "yolo_count": 0,
        "has_cfar_detection": false,
        "has_yolo_detection": false,
        "has_detection": false
      }
    },
    {
      "type": "Feature",
      "geometry": {
        "type": "Polygon",
        "coordinates": [
          [
            [
              -46.16729245061821,
              -28.2551358202986
            ],
            [
              -46.217973566249086,
              -28.432501356924213
            ],
            [
              -46.41541056131949,
              -28.387071013049642
            ],
            [
              -46.36442215567088,
              -28.209775398029663
            ],
            [
              -46.16729245061821,
              -28.2551358202986
            ]
          ]
        ]
      },
      "properties": {
        "patch_id": 99,
        "tile_id": 99,
        "patch_number": 100,
        "patch_label": "P100",
        "name": "patch_0100_VV",
        "x_start": 2000,
        "y_start": 14000,
        "valid_x_end": 4000,
        "valid_y_end": 16000,
        "width": 2000,
        "height": 2000,
        "target_width": 2000,
        "target_height": 2000,
        "requires_padding": false,
        "processing_bbox_pixels": {
          "x0": 1840,
          "y0": 13840,
          "x1": 4160,
          "y1": 16160
        },
        "processing_requested_bbox_pixels": {
          "x0": 1840,
          "y0": 13840,
          "x1": 4160,
          "y1": 16160
        },
        "processing_width": 2320,
        "processing_height": 2320,
        "processing_target_width": 2320,
        "processing_target_height": 2320,
        "processing_requires_padding": false,
        "core_bbox_pixels": {
          "x0": 2000,
          "y0": 14000,
          "x1": 4000,
          "y1": 16000
        },
        "requested_bbox_pixels": {
          "x0": 2000,
          "y0": 14000,
          "x1": 4000,
          "y1": 16000
        },
        "halo_pixels": 160,
        "polarization": "VV",
        "display_bounds_lonlat": {
          "west": -46.43528984870951,
          "south": -28.45031900816165,
          "east": -46.14745700210838,
          "north": -28.191931298892953
        },
        "cfar_detection_count": 0,
        "yolo_detection_count": 0,
        "processing_bounds_lonlat": {
          "west": -46.43528984870951,
          "south": -28.45031900816165,
          "east": -46.14745700210838,
          "north": -28.191931298892953
        },
        "cfar_count": 0,
        "yolo_count": 0,
        "has_cfar_detection": false,
        "has_yolo_detection": false,
        "has_detection": false
      }
    },
    {
      "type": "Feature",
      "geometry": {
        "type": "Polygon",
        "coordinates": [
          [
            [
              -46.3645207077668,
              -28.209752599337335
            ],
            [
              -46.41550926629628,
              -28.387048178477
            ],
            [
              -46.61276355729545,
              -28.341311336035602
            ],
            [
              -46.56147193690965,
              -28.164087619922256
            ],
            [
              -46.3645207077668,
              -28.209752599337335
            ]
          ]
        ]
      },
      "properties": {
        "patch_id": 100,
        "tile_id": 100,
        "patch_number": 101,
        "patch_label": "P101",
        "name": "patch_0101_VV",
        "x_start": 4000,
        "y_start": 14000,
        "valid_x_end": 6000,
        "valid_y_end": 16000,
        "width": 2000,
        "height": 2000,
        "target_width": 2000,
        "target_height": 2000,
        "requires_padding": false,
        "processing_bbox_pixels": {
          "x0": 3840,
          "y0": 13840,
          "x1": 6160,
          "y1": 16160
        },
        "processing_requested_bbox_pixels": {
          "x0": 3840,
          "y0": 13840,
          "x1": 6160,
          "y1": 16160
        },
        "processing_width": 2320,
        "processing_height": 2320,
        "processing_target_width": 2320,
        "processing_target_height": 2320,
        "processing_requires_padding": false,
        "core_bbox_pixels": {
          "x0": 4000,
          "y0": 14000,
          "x1": 6000,
          "y1": 16000
        },
        "requested_bbox_pixels": {
          "x0": 4000,
          "y0": 14000,
          "x1": 6000,
          "y1": 16000
        },
        "halo_pixels": 160,
        "polarization": "VV",
        "display_bounds_lonlat": {
          "west": -46.6326575522848,
          "south": -28.404883698877406,
          "east": -46.344674874464275,
          "north": -28.146234740022553
        },
        "cfar_detection_count": 0,
        "yolo_detection_count": 0,
        "processing_bounds_lonlat": {
          "west": -46.6326575522848,
          "south": -28.404883698877406,
          "east": -46.344674874464275,
          "north": -28.146234740022553
        },
        "cfar_count": 0,
        "yolo_count": 0,
        "has_cfar_detection": false,
        "has_yolo_detection": false,
        "has_detection": false
      }
    },
    {
      "type": "Feature",
      "geometry": {
        "type": "Polygon",
        "coordinates": [
          [
            [
              -46.5615704277509,
              -28.164064720733315
            ],
            [
              -46.61286219805063,
              -28.341288400905462
            ],
            [
              -46.8099581333554,
              -28.295285924849388
            ],
            [
              -46.75836356140541,
              -28.11813543276347
            ],
            [
              -46.5615704277509,
              -28.164064720733315
            ]
          ]
        ]
      },
      "properties": {
        "patch_id": 101,
        "tile_id": 101,
        "patch_number": 102,
        "patch_label": "P102",
        "name": "patch_0102_VV",
        "x_start": 6000,
        "y_start": 14000,
        "valid_x_end": 8000,
        "valid_y_end": 16000,
        "width": 2000,
        "height": 2000,
        "target_width": 2000,
        "target_height": 2000,
        "requires_padding": false,
        "processing_bbox_pixels": {
          "x0": 5840,
          "y0": 13840,
          "x1": 8160,
          "y1": 16160
        },
        "processing_requested_bbox_pixels": {
          "x0": 5840,
          "y0": 13840,
          "x1": 8160,
          "y1": 16160
        },
        "processing_width": 2320,
        "processing_height": 2320,
        "processing_target_width": 2320,
        "processing_target_height": 2320,
        "processing_requires_padding": false,
        "core_bbox_pixels": {
          "x0": 6000,
          "y0": 14000,
          "x1": 8000,
          "y1": 16000
        },
        "requested_bbox_pixels": {
          "x0": 6000,
          "y0": 14000,
          "x1": 8000,
          "y1": 16000
        },
        "halo_pixels": 160,
        "polarization": "VV",
        "display_bounds_lonlat": {
          "west": -46.829859076047036,
          "south": -28.359139027192185,
          "east": -46.54171267570431,
          "north": -28.10025908928137
        },
        "cfar_detection_count": 0,
        "yolo_detection_count": 0,
        "processing_bounds_lonlat": {
          "west": -46.829859076047036,
          "south": -28.359139027192185,
          "east": -46.54171267570431,
          "north": -28.10025908928137
        },
        "cfar_count": 0,
        "yolo_count": 0,
        "has_cfar_detection": false,
        "has_yolo_detection": false,
        "has_detection": false
      }
    },
    {
      "type": "Feature",
      "geometry": {
        "type": "Polygon",
        "coordinates": [
          [
            [
              -46.758461941817295,
              -28.1181123504081
            ],
            [
              -46.81005666511911,
              -28.295262804975827
            ],
            [
              -47.006975288994255,
              -28.248964898497274
            ],
            [
              -46.95507871252565,
              -28.07189014213386
            ],
            [
              -46.758461941817295,
              -28.1181123504081
            ]
          ]
        ]
      },
      "properties": {
        "patch_id": 102,
        "tile_id": 102,
        "patch_number": 103,
        "patch_label": "P103",
        "name": "patch_0103_VV",
        "x_start": 8000,
        "y_start": 14000,
        "valid_x_end": 10000,
        "valid_y_end": 16000,
        "width": 2000,
        "height": 2000,
        "target_width": 2000,
        "target_height": 2000,
        "requires_padding": false,
        "processing_bbox_pixels": {
          "x0": 7840,
          "y0": 13840,
          "x1": 10160,
          "y1": 16160
        },
        "processing_requested_bbox_pixels": {
          "x0": 7840,
          "y0": 13840,
          "x1": 10160,
          "y1": 16160
        },
        "processing_width": 2320,
        "processing_height": 2320,
        "processing_target_width": 2320,
        "processing_target_height": 2320,
        "processing_requires_padding": false,
        "core_bbox_pixels": {
          "x0": 8000,
          "y0": 14000,
          "x1": 10000,
          "y1": 16000
        },
        "requested_bbox_pixels": {
          "x0": 8000,
          "y0": 14000,
          "x1": 10000,
          "y1": 16000
        },
        "halo_pixels": 160,
        "polarization": "VV",
        "display_bounds_lonlat": {
          "west": -47.02689212446033,
          "south": -28.3131370408694,
          "east": -46.73859763845984,
          "north": -28.054005268476573
        },
        "cfar_detection_count": 0,
        "yolo_detection_count": 0,
        "processing_bounds_lonlat": {
          "west": -47.02689212446033,
          "south": -28.3131370408694,
          "east": -46.73859763845984,
          "north": -28.054005268476573
        },
        "cfar_count": 0,
        "yolo_count": 0,
        "has_cfar_detection": false,
        "has_yolo_detection": false,
        "has_detection": false
      }
    },
    {
      "type": "Feature",
      "geometry": {
        "type": "Polygon",
        "coordinates": [
          [
            [
              -46.95517704150153,
              -28.071866968927942
            ],
            [
              -47.00707376853448,
              -28.248941686984683
            ],
            [
              -47.20382837430824,
              -28.202369755190063
            ],
            [
              -47.151631024373316,
              -28.02537384888773
            ],
            [
              -46.95517704150153,
              -28.071866968927942
            ]
          ]
        ]
      },
      "properties": {
        "patch_id": 103,
        "tile_id": 103,
        "patch_number": 104,
        "patch_label": "P104",
        "name": "patch_0104_VV",
        "x_start": 10000,
        "y_start": 14000,
        "valid_x_end": 12000,
        "valid_y_end": 16000,
        "width": 2000,
        "height": 2000,
        "target_width": 2000,
        "target_height": 2000,
        "requires_padding": false,
        "processing_bbox_pixels": {
          "x0": 9840,
          "y0": 13840,
          "x1": 12160,
          "y1": 16160
        },
        "processing_requested_bbox_pixels": {
          "x0": 9840,
          "y0": 13840,
          "x1": 12160,
          "y1": 16160
        },
        "processing_width": 2320,
        "processing_height": 2320,
        "processing_target_width": 2320,
        "processing_target_height": 2320,
        "processing_requires_padding": false,
        "core_bbox_pixels": {
          "x0": 10000,
          "y0": 14000,
          "x1": 12000,
          "y1": 16000
        },
        "requested_bbox_pixels": {
          "x0": 10000,
          "y0": 14000,
          "x1": 12000,
          "y1": 16000
        },
        "halo_pixels": 160,
        "polarization": "VV",
        "display_bounds_lonlat": {
          "west": -47.22375130562,
          "south": -28.266824598907988,
          "east": -46.93529699835881,
          "north": -28.00746617972101
        },
        "cfar_detection_count": 0,
        "yolo_detection_count": 0,
        "processing_bounds_lonlat": {
          "west": -47.22375130562,
          "south": -28.266824598907988,
          "east": -46.93529699835881,
          "north": -28.00746617972101
        },
        "cfar_count": 0,
        "yolo_count": 0,
        "has_cfar_detection": false,
        "has_yolo_detection": false,
        "has_detection": false
      }
    },
    {
      "type": "Feature",
      "geometry": {
        "type": "Polygon",
        "coordinates": [
          [
            [
              -47.151729243907646,
              -28.02535049329016
            ],
            [
              -47.20392674190302,
              -28.20234636051104
            ],
            [
              -47.40050761510504,
              -28.15549040761246
            ],
            [
              -47.34801488871162,
              -27.97857419931295
            ],
            [
              -47.151729243907646,
              -28.02535049329016
            ]
          ]
        ]
      },
      "properties": {
        "patch_id": 104,
        "tile_id": 104,
        "patch_number": 105,
        "patch_label": "P105",
        "name": "patch_0105_VV",
        "x_start": 12000,
        "y_start": 14000,
        "valid_x_end": 14000,
        "valid_y_end": 16000,
        "width": 2000,
        "height": 2000,
        "target_width": 2000,
        "target_height": 2000,
        "requires_padding": false,
        "processing_bbox_pixels": {
          "x0": 11840,
          "y0": 13840,
          "x1": 14160,
          "y1": 16160
        },
        "processing_requested_bbox_pixels": {
          "x0": 11840,
          "y0": 13840,
          "x1": 14160,
          "y1": 16160
        },
        "processing_width": 2320,
        "processing_height": 2320,
        "processing_target_width": 2320,
        "processing_target_height": 2320,
        "processing_requires_padding": false,
        "core_bbox_pixels": {
          "x0": 12000,
          "y0": 14000,
          "x1": 14000,
          "y1": 16000
        },
        "requested_bbox_pixels": {
          "x0": 12000,
          "y0": 14000,
          "x1": 14000,
          "y1": 16000
        },
        "halo_pixels": 160,
        "polarization": "VV",
        "display_bounds_lonlat": {
          "west": -47.42044527038782,
          "south": -28.22025232290381,
          "east": -47.13184247424481,
          "north": -27.96065851707036
        },
        "cfar_detection_count": 0,
        "yolo_detection_count": 0,
        "processing_bounds_lonlat": {
          "west": -47.42044527038782,
          "south": -28.22025232290381,
          "east": -47.13184247424481,
          "north": -27.96065851707036
        },
        "cfar_count": 0,
        "yolo_count": 0,
        "has_cfar_detection": false,
        "has_yolo_detection": false,
        "has_detection": false
      }
    },
    {
      "type": "Feature",
      "geometry": {
        "type": "Polygon",
        "coordinates": [
          [
            [
              -47.34811305185664,
              -27.97855075363959
            ],
            [
              -47.40060592555294,
              -28.155466921294398
            ],
            [
              -47.597014246545115,
              -28.10833040706899
            ],
            [
              -47.544226468357785,
              -27.93149578677098
            ],
            [
              -47.34811305185664,
              -27.97855075363959
            ]
          ]
        ]
      },
      "properties": {
        "patch_id": 105,
        "tile_id": 105,
        "patch_number": 106,
        "patch_label": "P106",
        "name": "patch_0106_VV",
        "x_start": 14000,
        "y_start": 14000,
        "valid_x_end": 16000,
        "valid_y_end": 16000,
        "width": 2000,
        "height": 2000,
        "target_width": 2000,
        "target_height": 2000,
        "requires_padding": false,
        "processing_bbox_pixels": {
          "x0": 13840,
          "y0": 13840,
          "x1": 16160,
          "y1": 16160
        },
        "processing_requested_bbox_pixels": {
          "x0": 13840,
          "y0": 13840,
          "x1": 16160,
          "y1": 16160
        },
        "processing_width": 2320,
        "processing_height": 2320,
        "processing_target_width": 2320,
        "processing_target_height": 2320,
        "processing_requires_padding": false,
        "core_bbox_pixels": {
          "x0": 14000,
          "y0": 14000,
          "x1": 16000,
          "y1": 16000
        },
        "requested_bbox_pixels": {
          "x0": 14000,
          "y0": 14000,
          "x1": 16000,
          "y1": 16000
        },
        "halo_pixels": 160,
        "polarization": "VV",
        "display_bounds_lonlat": {
          "west": -47.61695796276257,
          "south": -28.173381186798544,
          "east": -47.328211904391104,
          "north": -27.91355753875831
        },
        "cfar_detection_count": 0,
        "yolo_detection_count": 0,
        "processing_bounds_lonlat": {
          "west": -47.61695796276257,
          "south": -28.173381186798544,
          "east": -47.328211904391104,
          "north": -27.91355753875831
        },
        "cfar_count": 0,
        "yolo_count": 0,
        "has_cfar_detection": false,
        "has_yolo_detection": false,
        "has_detection": false
      }
    },
    {
      "type": "Feature",
      "geometry": {
        "type": "Polygon",
        "coordinates": [
          [
            [
              -47.54432452032558,
              -27.931472159396527
            ],
            [
              -47.597112446305545,
              -28.10830673826134
            ],
            [
              -47.79335453190748,
              -28.06089494118889
            ],
            [
              -47.740271087037684,
              -27.884144021736514
            ],
            [
              -47.54432452032558,
              -27.931472159396527
            ]
          ]
        ]
      },
      "properties": {
        "patch_id": 106,
        "tile_id": 106,
        "patch_number": 107,
        "patch_label": "P107",
        "name": "patch_0107_VV",
        "x_start": 16000,
        "y_start": 14000,
        "valid_x_end": 18000,
        "valid_y_end": 16000,
        "width": 2000,
        "height": 2000,
        "target_width": 2000,
        "target_height": 2000,
        "requires_padding": false,
        "processing_bbox_pixels": {
          "x0": 15840,
          "y0": 13840,
          "x1": 18160,
          "y1": 16160
        },
        "processing_requested_bbox_pixels": {
          "x0": 15840,
          "y0": 13840,
          "x1": 18160,
          "y1": 16160
        },
        "processing_width": 2320,
        "processing_height": 2320,
        "processing_target_width": 2320,
        "processing_target_height": 2320,
        "processing_requires_padding": false,
        "core_bbox_pixels": {
          "x0": 16000,
          "y0": 14000,
          "x1": 18000,
          "y1": 16000
        },
        "requested_bbox_pixels": {
          "x0": 16000,
          "y0": 14000,
          "x1": 18000,
          "y1": 16000
        },
        "halo_pixels": 160,
        "polarization": "VV",
        "display_bounds_lonlat": {
          "west": -47.8133128955004,
          "south": -28.126243668204925,
          "east": -47.52441774913214,
          "north": -27.86619802278731
        },
        "cfar_detection_count": 0,
        "yolo_detection_count": 0,
        "processing_bounds_lonlat": {
          "west": -47.8133128955004,
          "south": -28.126243668204925,
          "east": -47.52441774913214,
          "north": -27.86619802278731
        },
        "cfar_count": 0,
        "yolo_count": 0,
        "has_cfar_detection": false,
        "has_yolo_detection": false,
        "has_detection": false
      }
    },
    {
      "type": "Feature",
      "geometry": {
        "type": "Polygon",
        "coordinates": [
          [
            [
              -47.74036908395722,
              -27.88412030428627
            ],
            [
              -47.79345267669177,
              -28.060871181530693
            ],
            [
              -47.98951671991519,
              -28.013172489945372
            ],
            [
              -47.93614067932093,
              -27.836507753343014
            ],
            [
              -47.74036908395722,
              -27.88412030428627
            ]
          ]
        ]
      },
      "properties": {
        "patch_id": 107,
        "tile_id": 107,
        "patch_number": 108,
        "patch_label": "P108",
        "name": "patch_0108_VV",
        "x_start": 18000,
        "y_start": 14000,
        "valid_x_end": 20000,
        "valid_y_end": 16000,
        "width": 2000,
        "height": 2000,
        "target_width": 2000,
        "target_height": 2000,
        "requires_padding": false,
        "processing_bbox_pixels": {
          "x0": 17840,
          "y0": 13840,
          "x1": 20160,
          "y1": 16160
        },
        "processing_requested_bbox_pixels": {
          "x0": 17840,
          "y0": 13840,
          "x1": 20160,
          "y1": 16160
        },
        "processing_width": 2320,
        "processing_height": 2320,
        "processing_target_width": 2320,
        "processing_target_height": 2320,
        "processing_requires_padding": false,
        "core_bbox_pixels": {
          "x0": 18000,
          "y0": 14000,
          "x1": 20000,
          "y1": 16000
        },
        "requested_bbox_pixels": {
          "x0": 18000,
          "y0": 14000,
          "x1": 20000,
          "y1": 16000
        },
        "halo_pixels": 160,
        "polarization": "VV",
        "display_bounds_lonlat": {
          "west": -48.00948064160123,
          "south": -28.078815890910402,
          "east": -47.720447318604485,
          "north": -27.818539876582218
        },
        "cfar_detection_count": 0,
        "yolo_detection_count": 0,
        "processing_bounds_lonlat": {
          "west": -48.00948064160123,
          "south": -28.078815890910402,
          "east": -47.720447318604485,
          "north": -27.818539876582218
        },
        "cfar_count": 0,
        "yolo_count": 0,
        "has_cfar_detection": false,
        "has_yolo_detection": false,
        "has_detection": false
      }
    },
    {
      "type": "Feature",
      "geometry": {
        "type": "Polygon",
        "coordinates": [
          [
            [
              -47.93623856593261,
              -27.836483856431776
            ],
            [
              -47.98961475202148,
              -28.013148549262915
            ],
            [
              -48.185511889535796,
              -27.965184639111712
            ],
            [
              -48.131848165364914,
              -27.788607444939174
            ],
            [
              -47.93623856593261,
              -27.836483856431776
            ]
          ]
        ]
      },
      "properties": {
        "patch_id": 108,
        "tile_id": 108,
        "patch_number": 109,
        "patch_label": "P109",
        "name": "patch_0109_VV",
        "x_start": 20000,
        "y_start": 14000,
        "valid_x_end": 22000,
        "valid_y_end": 16000,
        "width": 2000,
        "height": 2000,
        "target_width": 2000,
        "target_height": 2000,
        "requires_padding": false,
        "processing_bbox_pixels": {
          "x0": 19840,
          "y0": 13840,
          "x1": 22160,
          "y1": 16160
        },
        "processing_requested_bbox_pixels": {
          "x0": 19840,
          "y0": 13840,
          "x1": 22160,
          "y1": 16160
        },
        "processing_width": 2320,
        "processing_height": 2320,
        "processing_target_width": 2320,
        "processing_target_height": 2320,
        "processing_requires_padding": false,
        "core_bbox_pixels": {
          "x0": 20000,
          "y0": 14000,
          "x1": 22000,
          "y1": 16000
        },
        "requested_bbox_pixels": {
          "x0": 20000,
          "y0": 14000,
          "x1": 22000,
          "y1": 16000
        },
        "halo_pixels": 160,
        "polarization": "VV",
        "display_bounds_lonlat": {
          "west": -48.2054879363505,
          "south": -28.031115263623157,
          "east": -47.916311064207505,
          "north": -27.77062934461035
        },
        "cfar_detection_count": 0,
        "yolo_detection_count": 0,
        "processing_bounds_lonlat": {
          "west": -48.2054879363505,
          "south": -28.031115263623157,
          "east": -47.916311064207505,
          "north": -27.77062934461035
        },
        "cfar_count": 0,
        "yolo_count": 0,
        "has_cfar_detection": false,
        "has_yolo_detection": false,
        "has_detection": false
      }
    },
    {
      "type": "Feature",
      "geometry": {
        "type": "Polygon",
        "coordinates": [
          [
            [
              -48.13194599569865,
              -27.78858345717739
            ],
            [
              -48.18560986253823,
              -27.965160607578706
            ],
            [
              -48.381324593653545,
              -27.916902643231325
            ],
            [
              -48.3273709406583,
              -27.74041533763667
            ],
            [
              -48.13194599569865,
              -27.78858345717739
            ]
          ]
        ]
      },
      "properties": {
        "patch_id": 109,
        "tile_id": 109,
        "patch_number": 110,
        "patch_label": "P110",
        "name": "patch_0110_VV",
        "x_start": 22000,
        "y_start": 14000,
        "valid_x_end": 24000,
        "valid_y_end": 16000,
        "width": 2000,
        "height": 2000,
        "target_width": 2000,
        "target_height": 2000,
        "requires_padding": false,
        "processing_bbox_pixels": {
          "x0": 21840,
          "y0": 13840,
          "x1": 24160,
          "y1": 16160
        },
        "processing_requested_bbox_pixels": {
          "x0": 21840,
          "y0": 13840,
          "x1": 24160,
          "y1": 16160
        },
        "processing_width": 2320,
        "processing_height": 2320,
        "processing_target_width": 2320,
        "processing_target_height": 2320,
        "processing_requires_padding": false,
        "core_bbox_pixels": {
          "x0": 22000,
          "y0": 14000,
          "x1": 24000,
          "y1": 16000
        },
        "requested_bbox_pixels": {
          "x0": 22000,
          "y0": 14000,
          "x1": 24000,
          "y1": 16000
        },
        "halo_pixels": 160,
        "polarization": "VV",
        "display_bounds_lonlat": {
          "west": -48.4013074072952,
          "south": -27.983134851128725,
          "east": -48.11200466148008,
          "north": -27.722418713333425
        },
        "cfar_detection_count": 0,
        "yolo_detection_count": 0,
        "processing_bounds_lonlat": {
          "west": -48.4013074072952,
          "south": -27.983134851128725,
          "east": -48.11200466148008,
          "north": -27.722418713333425
        },
        "cfar_count": 0,
        "yolo_count": 0,
        "has_cfar_detection": false,
        "has_yolo_detection": false,
        "has_detection": false
      }
    },
    {
      "type": "Feature",
      "geometry": {
        "type": "Polygon",
        "coordinates": [
          [
            [
              -48.32746865896272,
              -27.74039117187921
            ],
            [
              -48.38142245516475,
              -27.916878431350902
            ],
            [
              -48.57688031243826,
              -27.868389756246245
            ],
            [
              -48.52264119736385,
              -27.691994696583237
            ],
            [
              -48.32746865896272,
              -27.74039117187921
            ]
          ]
        ]
      },
      "properties": {
        "patch_id": 110,
        "tile_id": 110,
        "patch_number": 111,
        "patch_label": "P111",
        "name": "patch_0111_VV",
        "x_start": 24000,
        "y_start": 14000,
        "valid_x_end": 26000,
        "valid_y_end": 16000,
        "width": 2000,
        "height": 2000,
        "target_width": 2000,
        "target_height": 2000,
        "requires_padding": false,
        "processing_bbox_pixels": {
          "x0": 23840,
          "y0": 13840,
          "x1": 26033,
          "y1": 16160
        },
        "processing_requested_bbox_pixels": {
          "x0": 23840,
          "y0": 13840,
          "x1": 26160,
          "y1": 16160
        },
        "processing_width": 2193,
        "processing_height": 2320,
        "processing_target_width": 2193,
        "processing_target_height": 2320,
        "processing_requires_padding": false,
        "core_bbox_pixels": {
          "x0": 24000,
          "y0": 14000,
          "x1": 26000,
          "y1": 16000
        },
        "requested_bbox_pixels": {
          "x0": 24000,
          "y0": 14000,
          "x1": 26000,
          "y1": 16000
        },
        "halo_pixels": 160,
        "polarization": "VV",
        "display_bounds_lonlat": {
          "west": -48.5844518915941,
          "south": -27.934874421039133,
          "east": -48.307521795649976,
          "north": -27.677071598707215
        },
        "cfar_detection_count": 8,
        "yolo_detection_count": 6,
        "processing_bounds_lonlat": {
          "west": -48.5844518915941,
          "south": -27.934874421039133,
          "east": -48.307521795649976,
          "north": -27.677071598707215
        },
        "cfar_count": 8,
        "yolo_count": 6,
        "has_cfar_detection": true,
        "has_yolo_detection": true,
        "has_detection": true
      }
    },
    {
      "type": "Feature",
      "geometry": {
        "type": "Polygon",
        "coordinates": [
          [
            [
              -48.522738784350935,
              -27.691970460489873
            ],
            [
              -48.576978041881475,
              -27.868365474029915
            ],
            [
              -48.58010538391291,
              -27.867588443107437
            ],
            [
              -48.525861567786855,
              -27.691194905502297
            ],
            [
              -48.522738784350935,
              -27.691970460489873
            ]
          ]
        ]
      },
      "properties": {
        "patch_id": 111,
        "tile_id": 111,
        "patch_number": 112,
        "patch_label": "P112",
        "name": "patch_0112_VV",
        "x_start": 26000,
        "y_start": 14000,
        "valid_x_end": 26033,
        "valid_y_end": 16000,
        "width": 2000,
        "height": 2000,
        "target_width": 2000,
        "target_height": 2000,
        "requires_padding": true,
        "processing_bbox_pixels": {
          "x0": 25840,
          "y0": 13840,
          "x1": 26033,
          "y1": 16160
        },
        "processing_requested_bbox_pixels": {
          "x0": 25840,
          "y0": 13840,
          "x1": 28160,
          "y1": 16160
        },
        "processing_width": 193,
        "processing_height": 2320,
        "processing_target_width": 193,
        "processing_target_height": 2320,
        "processing_requires_padding": false,
        "core_bbox_pixels": {
          "x0": 26000,
          "y0": 14000,
          "x1": 26033,
          "y1": 16000
        },
        "requested_bbox_pixels": {
          "x0": 26000,
          "y0": 14000,
          "x1": 28000,
          "y1": 16000
        },
        "halo_pixels": 160,
        "polarization": "VV",
        "display_bounds_lonlat": {
          "west": -48.5844518915941,
          "south": -27.886365210072853,
          "east": -48.50279029260645,
          "north": -27.677071598707215
        },
        "cfar_detection_count": 0,
        "yolo_detection_count": 0,
        "processing_bounds_lonlat": {
          "west": -48.5844518915941,
          "south": -27.886365210072853,
          "east": -48.50279029260645,
          "north": -27.677071598707215
        },
        "cfar_count": 0,
        "yolo_count": 0,
        "has_cfar_detection": false,
        "has_yolo_detection": false,
        "has_detection": false
      }
    },
    {
      "type": "Feature",
      "geometry": {
        "type": "Polygon",
        "coordinates": [
          [
            [
              -46.02031287692441,
              -28.47778521884654
            ],
            [
              -46.04208082474957,
              -28.554361604178773
            ],
            [
              -46.239801598874315,
              -28.50916029863001
            ],
            [
              -46.21790013619738,
              -28.43261271450894
            ],
            [
              -46.02031287692441,
              -28.47778521884654
            ]
          ]
        ]
      },
      "properties": {
        "patch_id": 112,
        "tile_id": 112,
        "patch_number": 113,
        "patch_label": "P113",
        "name": "patch_0113_VV",
        "x_start": 0,
        "y_start": 16000,
        "valid_x_end": 2000,
        "valid_y_end": 16864,
        "width": 2000,
        "height": 2000,
        "target_width": 2000,
        "target_height": 2000,
        "requires_padding": true,
        "processing_bbox_pixels": {
          "x0": 0,
          "y0": 15840,
          "x1": 2160,
          "y1": 16864
        },
        "processing_requested_bbox_pixels": {
          "x0": -160,
          "y0": 15840,
          "x1": 2160,
          "y1": 18160
        },
        "processing_width": 2160,
        "processing_height": 1024,
        "processing_target_width": 2160,
        "processing_target_height": 1024,
        "processing_requires_padding": false,
        "core_bbox_pixels": {
          "x0": 0,
          "y0": 16000,
          "x1": 2000,
          "y1": 16864
        },
        "requested_bbox_pixels": {
          "x0": 0,
          "y0": 16000,
          "x1": 2000,
          "y1": 18000
        },
        "halo_pixels": 160,
        "polarization": "VV",
        "display_bounds_lonlat": {
          "west": -46.25562146717239,
          "south": -28.554361604178773,
          "east": -46.016277104298496,
          "north": -28.41479593863324
        },
        "cfar_detection_count": 0,
        "yolo_detection_count": 0,
        "processing_bounds_lonlat": {
          "west": -46.25562146717239,
          "south": -28.554361604178773,
          "east": -46.016277104298496,
          "north": -28.41479593863324
        },
        "cfar_count": 0,
        "yolo_count": 0,
        "has_cfar_detection": false,
        "has_yolo_detection": false,
        "has_detection": false
      }
    },
    {
      "type": "Feature",
      "geometry": {
        "type": "Polygon",
        "coordinates": [
          [
            [
              -46.21799894461488,
              -28.432590056309238
            ],
            [
              -46.239900473046205,
              -28.509137625582877
            ],
            [
              -46.43747141968281,
              -28.4636766246184
            ],
            [
              -46.41543609472184,
              -28.387159676951924
            ],
            [
              -46.21799894461488,
              -28.432590056309238
            ]
          ]
        ]
      },
      "properties": {
        "patch_id": 113,
        "tile_id": 113,
        "patch_number": 114,
        "patch_label": "P114",
        "name": "patch_0114_VV",
        "x_start": 2000,
        "y_start": 16000,
        "valid_x_end": 4000,
        "valid_y_end": 16864,
        "width": 2000,
        "height": 2000,
        "target_width": 2000,
        "target_height": 2000,
        "requires_padding": true,
        "processing_bbox_pixels": {
          "x0": 1840,
          "y0": 15840,
          "x1": 4160,
          "y1": 16864
        },
        "processing_requested_bbox_pixels": {
          "x0": 1840,
          "y0": 15840,
          "x1": 4160,
          "y1": 18160
        },
        "processing_width": 2320,
        "processing_height": 1024,
        "processing_target_width": 2320,
        "processing_target_height": 1024,
        "processing_requires_padding": false,
        "core_bbox_pixels": {
          "x0": 2000,
          "y0": 16000,
          "x1": 4000,
          "y1": 16864
        },
        "requested_bbox_pixels": {
          "x0": 2000,
          "y0": 16000,
          "x1": 4000,
          "y1": 18000
        },
        "halo_pixels": 160,
        "polarization": "VV",
        "display_bounds_lonlat": {
          "west": -46.453273972884666,
          "south": -28.512765313124596,
          "east": -46.19813100826265,
          "north": -28.369318942752308
        },
        "cfar_detection_count": 0,
        "yolo_detection_count": 0,
        "processing_bounds_lonlat": {
          "west": -46.453273972884666,
          "south": -28.512765313124596,
          "east": -46.19813100826265,
          "north": -28.369318942752308
        },
        "cfar_count": 0,
        "yolo_count": 0,
        "has_cfar_detection": false,
        "has_yolo_detection": false,
        "has_detection": false
      }
    },
    {
      "type": "Feature",
      "geometry": {
        "type": "Polygon",
        "coordinates": [
          [
            [
              -46.41553479977523,
              -28.38713684236129
            ],
            [
              -46.43757019085339,
              -28.463653774505453
            ],
            [
              -46.634955185252245,
              -28.417886402066767
            ],
            [
              -46.612789242051285,
              -28.34139996458425
            ],
            [
              -46.41553479977523,
              -28.38713684236129
            ]
          ]
        ]
      },
      "properties": {
        "patch_id": 114,
        "tile_id": 114,
        "patch_number": 115,
        "patch_label": "P115",
        "name": "patch_0115_VV",
        "x_start": 4000,
        "y_start": 16000,
        "valid_x_end": 6000,
        "valid_y_end": 16864,
        "width": 2000,
        "height": 2000,
        "target_width": 2000,
        "target_height": 2000,
        "requires_padding": true,
        "processing_bbox_pixels": {
          "x0": 3840,
          "y0": 15840,
          "x1": 6160,
          "y1": 16864
        },
        "processing_requested_bbox_pixels": {
          "x0": 3840,
          "y0": 15840,
          "x1": 6160,
          "y1": 18160
        },
        "processing_width": 2320,
        "processing_height": 1024,
        "processing_target_width": 2320,
        "processing_target_height": 1024,
        "processing_requires_padding": false,
        "core_bbox_pixels": {
          "x0": 4000,
          "y0": 16000,
          "x1": 6000,
          "y1": 16864
        },
        "requested_bbox_pixels": {
          "x0": 4000,
          "y0": 16000,
          "x1": 6000,
          "y1": 18000
        },
        "halo_pixels": 160,
        "polarization": "VV",
        "display_bounds_lonlat": {
          "west": -46.650748011971196,
          "south": -28.467305099413572,
          "east": -46.395655890195044,
          "north": -28.323550213659264
        },
        "cfar_detection_count": 0,
        "yolo_detection_count": 0,
        "processing_bounds_lonlat": {
          "west": -46.650748011971196,
          "south": -28.467305099413572,
          "east": -46.395655890195044,
          "north": -28.323550213659264
        },
        "cfar_count": 0,
        "yolo_count": 0,
        "has_cfar_detection": false,
        "has_yolo_detection": false,
        "has_detection": false
      }
    },
    {
      "type": "Feature",
      "geometry": {
        "type": "Polygon",
        "coordinates": [
          [
            [
              -46.612887882880976,
              -28.341377029436906
            ],
            [
              -46.63505389038195,
              -28.41786345207199
            ],
            [
              -46.83228120945242,
              -28.37182924779404
            ],
            [
              -46.8099839702506,
              -28.29537451665835
            ],
            [
              -46.612887882880976,
              -28.341377029436906
            ]
          ]
        ]
      },
      "properties": {
        "patch_id": 115,
        "tile_id": 115,
        "patch_number": 116,
        "patch_label": "P116",
        "name": "patch_0116_VV",
        "x_start": 6000,
        "y_start": 16000,
        "valid_x_end": 8000,
        "valid_y_end": 16864,
        "width": 2000,
        "height": 2000,
        "target_width": 2000,
        "target_height": 2000,
        "requires_padding": true,
        "processing_bbox_pixels": {
          "x0": 5840,
          "y0": 15840,
          "x1": 8160,
          "y1": 16864
        },
        "processing_requested_bbox_pixels": {
          "x0": 5840,
          "y0": 15840,
          "x1": 8160,
          "y1": 18160
        },
        "processing_width": 2320,
        "processing_height": 1024,
        "processing_target_width": 2320,
        "processing_target_height": 1024,
        "processing_requires_padding": false,
        "core_bbox_pixels": {
          "x0": 6000,
          "y0": 16000,
          "x1": 8000,
          "y1": 16864
        },
        "requested_bbox_pixels": {
          "x0": 6000,
          "y0": 16000,
          "x1": 8000,
          "y1": 18000
        },
        "halo_pixels": 160,
        "polarization": "VV",
        "display_bounds_lonlat": {
          "west": -46.84805689328605,
          "south": -28.421535451235624,
          "east": -46.59299767689774,
          "north": -28.2775011249258
        },
        "cfar_detection_count": 0,
        "yolo_detection_count": 0,
        "processing_bounds_lonlat": {
          "west": -46.84805689328605,
          "south": -28.421535451235624,
          "east": -46.59299767689774,
          "north": -28.2775011249258
        },
        "cfar_count": 0,
        "yolo_count": 0,
        "has_cfar_detection": false,
        "has_yolo_detection": false,
        "has_detection": false
      }
    },
    {
      "type": "Feature",
      "geometry": {
        "type": "Polygon",
        "coordinates": [
          [
            [
              -46.81008250209106,
              -28.295351396766026
            ],
            [
              -46.832379807522976,
              -28.371806111704522
            ],
            [
              -47.029429540094796,
              -28.325475190233615
            ],
            [
              -47.00700127771225,
              -28.249053452075678
            ],
            [
              -46.81008250209106,
              -28.295351396766026
            ]
          ]
        ]
      },
      "properties": {
        "patch_id": 116,
        "tile_id": 116,
        "patch_number": 117,
        "patch_label": "P117",
        "name": "patch_0117_VV",
        "x_start": 8000,
        "y_start": 16000,
        "valid_x_end": 10000,
        "valid_y_end": 16864,
        "width": 2000,
        "height": 2000,
        "target_width": 2000,
        "target_height": 2000,
        "requires_padding": true,
        "processing_bbox_pixels": {
          "x0": 7840,
          "y0": 15840,
          "x1": 10160,
          "y1": 16864
        },
        "processing_requested_bbox_pixels": {
          "x0": 7840,
          "y0": 15840,
          "x1": 10160,
          "y1": 18160
        },
        "processing_width": 2320,
        "processing_height": 1024,
        "processing_target_width": 2320,
        "processing_target_height": 1024,
        "processing_requires_padding": false,
        "core_bbox_pixels": {
          "x0": 8000,
          "y0": 16000,
          "x1": 10000,
          "y1": 16864
        },
        "requested_bbox_pixels": {
          "x0": 8000,
          "y0": 16000,
          "x1": 10000,
          "y1": 18000
        },
        "halo_pixels": 160,
        "polarization": "VV",
        "display_bounds_lonlat": {
          "west": -47.04519661364321,
          "south": -28.375507775248025,
          "east": -46.7901854010199,
          "north": -28.231171534881614
        },
        "cfar_detection_count": 0,
        "yolo_detection_count": 0,
        "processing_bounds_lonlat": {
          "west": -47.04519661364321,
          "south": -28.375507775248025,
          "east": -46.7901854010199,
          "north": -28.231171534881614
        },
        "cfar_count": 0,
        "yolo_count": 0,
        "has_cfar_detection": false,
        "has_yolo_detection": false,
        "has_detection": false
      }
    },
    {
      "type": "Feature",
      "geometry": {
        "type": "Polygon",
        "coordinates": [
          [
            [
              -47.00709975732734,
              -28.249030240543533
            ],
            [
              -47.029528084319665,
              -28.325451961829394
            ],
            [
              -47.22641215812075,
              -28.278846263668978
            ],
            [
              -47.20385451294837,
              -28.202458269667467
            ],
            [
              -47.00709975732734,
              -28.249030240543533
            ]
          ]
        ]
      },
      "properties": {
        "patch_id": 117,
        "tile_id": 117,
        "patch_number": 118,
        "patch_label": "P118",
        "name": "patch_0118_VV",
        "x_start": 10000,
        "y_start": 16000,
        "valid_x_end": 12000,
        "valid_y_end": 16864,
        "width": 2000,
        "height": 2000,
        "target_width": 2000,
        "target_height": 2000,
        "requires_padding": true,
        "processing_bbox_pixels": {
          "x0": 9840,
          "y0": 15840,
          "x1": 12160,
          "y1": 16864
        },
        "processing_requested_bbox_pixels": {
          "x0": 9840,
          "y0": 15840,
          "x1": 12160,
          "y1": 18160
        },
        "processing_width": 2320,
        "processing_height": 1024,
        "processing_target_width": 2320,
        "processing_target_height": 1024,
        "processing_requires_padding": false,
        "core_bbox_pixels": {
          "x0": 10000,
          "y0": 16000,
          "x1": 12000,
          "y1": 16864
        },
        "requested_bbox_pixels": {
          "x0": 10000,
          "y0": 16000,
          "x1": 12000,
          "y1": 18000
        },
        "halo_pixels": 160,
        "polarization": "VV",
        "display_bounds_lonlat": {
          "west": -47.24216136252748,
          "south": -28.3291685065049,
          "east": -46.987186727583534,
          "north": -28.18455330200394
        },
        "cfar_detection_count": 0,
        "yolo_detection_count": 0,
        "processing_bounds_lonlat": {
          "west": -47.24216136252748,
          "south": -28.3291685065049,
          "east": -46.987186727583534,
          "north": -28.18455330200394
        },
        "cfar_count": 0,
        "yolo_count": 0,
        "has_cfar_detection": false,
        "has_yolo_detection": false,
        "has_detection": false
      }
    },
    {
      "type": "Feature",
      "geometry": {
        "type": "Polygon",
        "coordinates": [
          [
            [
              -47.2039528806182,
              -28.202434874968894
            ],
            [
              -47.226510590573426,
              -28.27882285209833
            ],
            [
              -47.423220393932866,
              -28.231932469330783
            ],
            [
              -47.40053390304496,
              -28.15557888222093
            ],
            [
              -47.2039528806182,
              -28.202434874968894
            ]
          ]
        ]
      },
      "properties": {
        "patch_id": 118,
        "tile_id": 118,
        "patch_number": 119,
        "patch_label": "P119",
        "name": "patch_0119_VV",
        "x_start": 12000,
        "y_start": 16000,
        "valid_x_end": 14000,
        "valid_y_end": 16864,
        "width": 2000,
        "height": 2000,
        "target_width": 2000,
        "target_height": 2000,
        "requires_padding": true,
        "processing_bbox_pixels": {
          "x0": 11840,
          "y0": 15840,
          "x1": 14160,
          "y1": 16864
        },
        "processing_requested_bbox_pixels": {
          "x0": 11840,
          "y0": 15840,
          "x1": 14160,
          "y1": 18160
        },
        "processing_width": 2320,
        "processing_height": 1024,
        "processing_target_width": 2320,
        "processing_target_height": 1024,
        "processing_requires_padding": false,
        "core_bbox_pixels": {
          "x0": 12000,
          "y0": 16000,
          "x1": 14000,
          "y1": 16864
        },
        "requested_bbox_pixels": {
          "x0": 12000,
          "y0": 16000,
          "x1": 14000,
          "y1": 18000
        },
        "halo_pixels": 160,
        "polarization": "VV",
        "display_bounds_lonlat": {
          "west": -47.438960338848815,
          "south": -28.282568703402085,
          "east": -47.18403377375134,
          "north": -28.137665651235203
        },
        "cfar_detection_count": 0,
        "yolo_detection_count": 0,
        "processing_bounds_lonlat": {
          "west": -47.438960338848815,
          "south": -28.282568703402085,
          "east": -47.18403377375134,
          "north": -28.137665651235203
        },
        "cfar_count": 0,
        "yolo_count": 0,
        "has_cfar_detection": false,
        "has_yolo_detection": false,
        "has_detection": false
      }
    },
    {
      "type": "Feature",
      "geometry": {
        "type": "Polygon",
        "coordinates": [
          [
            [
              -47.400632213567064,
              -28.155555395882537
            ],
            [
              -47.42331876850625,
              -28.231908965445427
            ],
            [
              -47.61985545609239,
              -28.184737078325202
            ],
            [
              -47.59704068313168,
              -28.108418840716276
            ],
            [
              -47.400632213567064,
              -28.155555395882537
            ]
          ]
        ]
      },
      "properties": {
        "patch_id": 119,
        "tile_id": 119,
        "patch_number": 120,
        "patch_label": "P120",
        "name": "patch_0120_VV",
        "x_start": 14000,
        "y_start": 16000,
        "valid_x_end": 16000,
        "valid_y_end": 16864,
        "width": 2000,
        "height": 2000,
        "target_width": 2000,
        "target_height": 2000,
        "requires_padding": true,
        "processing_bbox_pixels": {
          "x0": 13840,
          "y0": 15840,
          "x1": 16160,
          "y1": 16864
        },
        "processing_requested_bbox_pixels": {
          "x0": 13840,
          "y0": 15840,
          "x1": 16160,
          "y1": 18160
        },
        "processing_width": 2320,
        "processing_height": 1024,
        "processing_target_width": 2320,
        "processing_target_height": 1024,
        "processing_requires_padding": false,
        "core_bbox_pixels": {
          "x0": 14000,
          "y0": 16000,
          "x1": 16000,
          "y1": 16864
        },
        "requested_bbox_pixels": {
          "x0": 14000,
          "y0": 16000,
          "x1": 16000,
          "y1": 18000
        },
        "halo_pixels": 160,
        "polarization": "VV",
        "display_bounds_lonlat": {
          "west": -47.63557770130306,
          "south": -28.235669587102137,
          "east": -47.38069832972843,
          "north": -28.090482985080275
        },
        "cfar_detection_count": 0,
        "yolo_detection_count": 0,
        "processing_bounds_lonlat": {
          "west": -47.63557770130306,
          "south": -28.235669587102137,
          "east": -47.38069832972843,
          "north": -28.090482985080275
        },
        "cfar_count": 0,
        "yolo_count": 0,
        "has_cfar_detection": false,
        "has_yolo_detection": false,
        "has_detection": false
      }
    },
    {
      "type": "Feature",
      "geometry": {
        "type": "Polygon",
        "coordinates": [
          [
            [
              -47.59713888296653,
              -28.108395171887512
            ],
            [
              -47.619953720153006,
              -28.1847133912746
            ],
            [
              -47.81632259350261,
              -28.13726512652709
            ],
            [
              -47.79338111531367,
              -28.0609833326071
            ],
            [
              -47.59713888296653,
              -28.108395171887512
            ]
          ]
        ]
      },
      "properties": {
        "patch_id": 120,
        "tile_id": 120,
        "patch_number": 121,
        "patch_label": "P121",
        "name": "patch_0121_VV",
        "x_start": 16000,
        "y_start": 16000,
        "valid_x_end": 18000,
        "valid_y_end": 16864,
        "width": 2000,
        "height": 2000,
        "target_width": 2000,
        "target_height": 2000,
        "requires_padding": true,
        "processing_bbox_pixels": {
          "x0": 15840,
          "y0": 15840,
          "x1": 18160,
          "y1": 16864
        },
        "processing_requested_bbox_pixels": {
          "x0": 15840,
          "y0": 15840,
          "x1": 18160,
          "y1": 18160
        },
        "processing_width": 2320,
        "processing_height": 1024,
        "processing_target_width": 2320,
        "processing_target_height": 1024,
        "processing_requires_padding": false,
        "core_bbox_pixels": {
          "x0": 16000,
          "y0": 16000,
          "x1": 18000,
          "y1": 16864
        },
        "requested_bbox_pixels": {
          "x0": 16000,
          "y0": 16000,
          "x1": 18000,
          "y1": 18000
        },
        "halo_pixels": 160,
        "polarization": "VV",
        "display_bounds_lonlat": {
          "west": -47.83203578321433,
          "south": -28.188503319371865,
          "east": -47.577198957229555,
          "north": -28.04303969753498
        },
        "cfar_detection_count": 0,
        "yolo_detection_count": 1,
        "processing_bounds_lonlat": {
          "west": -47.83203578321433,
          "south": -28.188503319371865,
          "east": -47.577198957229555,
          "north": -28.04303969753498
        },
        "cfar_count": 0,
        "yolo_count": 1,
        "has_cfar_detection": false,
        "has_yolo_detection": true,
        "has_detection": true
      }
    },
    {
      "type": "Feature",
      "geometry": {
        "type": "Polygon",
        "coordinates": [
          [
            [
              -47.793479260170514,
              -28.060959572927793
            ],
            [
              -47.81642080096336,
              -28.137241348625935
            ],
            [
              -48.0126119252354,
              -28.08950498978966
            ],
            [
              -47.989543450478465,
              -28.013260837746117
            ],
            [
              -47.793479260170514,
              -28.060959572927793
            ]
          ]
        ]
      },
      "properties": {
        "patch_id": 121,
        "tile_id": 121,
        "patch_number": 122,
        "patch_label": "P122",
        "name": "patch_0122_VV",
        "x_start": 18000,
        "y_start": 16000,
        "valid_x_end": 20000,
        "valid_y_end": 16864,
        "width": 2000,
        "height": 2000,
        "target_width": 2000,
        "target_height": 2000,
        "requires_padding": true,
        "processing_bbox_pixels": {
          "x0": 17840,
          "y0": 15840,
          "x1": 20160,
          "y1": 16864
        },
        "processing_requested_bbox_pixels": {
          "x0": 17840,
          "y0": 15840,
          "x1": 20160,
          "y1": 18160
        },
        "processing_width": 2320,
        "processing_height": 1024,
        "processing_target_width": 2320,
        "processing_target_height": 1024,
        "processing_requires_padding": false,
        "core_bbox_pixels": {
          "x0": 18000,
          "y0": 16000,
          "x1": 20000,
          "y1": 16864
        },
        "requested_bbox_pixels": {
          "x0": 18000,
          "y0": 16000,
          "x1": 20000,
          "y1": 18000
        },
        "halo_pixels": 160,
        "polarization": "VV",
        "display_bounds_lonlat": {
          "west": -48.0283072677389,
          "south": -28.141045812810816,
          "east": -47.77352458148079,
          "north": -27.99529523748263
        },
        "cfar_detection_count": 1,
        "yolo_detection_count": 0,
        "processing_bounds_lonlat": {
          "west": -48.0283072677389,
          "south": -28.141045812810816,
          "east": -47.77352458148079,
          "north": -27.99529523748263
        },
        "cfar_count": 1,
        "yolo_count": 0,
        "has_cfar_detection": true,
        "has_yolo_detection": false,
        "has_detection": true
      }
    },
    {
      "type": "Feature",
      "geometry": {
        "type": "Polygon",
        "coordinates": [
          [
            [
              -47.98964148265853,
              -28.013236897041764
            ],
            [
              -48.012710021090484,
              -28.08948103018858
            ],
            [
              -48.208732693440844,
              -28.04147930170769
            ],
            [
              -48.185538765467896,
              -27.965272943119338
            ],
            [
              -47.98964148265853,
              -28.013236897041764
            ]
          ]
        ]
      },
      "properties": {
        "patch_id": 122,
        "tile_id": 122,
        "patch_number": 123,
        "patch_label": "P123",
        "name": "patch_0123_VV",
        "x_start": 20000,
        "y_start": 16000,
        "valid_x_end": 22000,
        "valid_y_end": 16864,
        "width": 2000,
        "height": 2000,
        "target_width": 2000,
        "target_height": 2000,
        "requires_padding": true,
        "processing_bbox_pixels": {
          "x0": 19840,
          "y0": 15840,
          "x1": 22160,
          "y1": 16864
        },
        "processing_requested_bbox_pixels": {
          "x0": 19840,
          "y0": 15840,
          "x1": 22160,
          "y1": 18160
        },
        "processing_width": 2320,
        "processing_height": 1024,
        "processing_target_width": 2320,
        "processing_target_height": 1024,
        "processing_requires_padding": false,
        "core_bbox_pixels": {
          "x0": 20000,
          "y0": 16000,
          "x1": 22000,
          "y1": 16864
        },
        "requested_bbox_pixels": {
          "x0": 20000,
          "y0": 16000,
          "x1": 22000,
          "y1": 18000
        },
        "halo_pixels": 160,
        "polarization": "VV",
        "display_bounds_lonlat": {
          "west": -48.22441667295149,
          "south": -28.093314566360995,
          "east": -47.969681317351416,
          "north": -27.947297091886256
        },
        "cfar_detection_count": 0,
        "yolo_detection_count": 0,
        "processing_bounds_lonlat": {
          "west": -48.22441667295149,
          "south": -28.093314566360995,
          "east": -47.969681317351416,
          "north": -27.947297091886256
        },
        "cfar_count": 0,
        "yolo_count": 0,
        "has_cfar_detection": false,
        "has_yolo_detection": false,
        "has_detection": false
      }
    },
    {
      "type": "Feature",
      "geometry": {
        "type": "Polygon",
        "coordinates": [
          [
            [
              -48.18563673854223,
              -27.965248911564448
            ],
            [
              -48.208830728570746,
              -28.04145525125606
            ],
            [
              -48.40466933526035,
              -27.993158699942327
            ],
            [
              -48.38135161303195,
              -27.916990902556222
            ],
            [
              -48.18563673854223,
              -27.965248911564448
            ]
          ]
        ]
      },
      "properties": {
        "patch_id": 123,
        "tile_id": 123,
        "patch_number": 124,
        "patch_label": "P124",
        "name": "patch_0124_VV",
        "x_start": 22000,
        "y_start": 16000,
        "valid_x_end": 24000,
        "valid_y_end": 16864,
        "width": 2000,
        "height": 2000,
        "target_width": 2000,
        "target_height": 2000,
        "requires_padding": true,
        "processing_bbox_pixels": {
          "x0": 21840,
          "y0": 15840,
          "x1": 24160,
          "y1": 16864
        },
        "processing_requested_bbox_pixels": {
          "x0": 21840,
          "y0": 15840,
          "x1": 24160,
          "y1": 18160
        },
        "processing_width": 2320,
        "processing_height": 1024,
        "processing_target_width": 2320,
        "processing_target_height": 1024,
        "processing_requires_padding": false,
        "core_bbox_pixels": {
          "x0": 22000,
          "y0": 16000,
          "x1": 24000,
          "y1": 16864
        },
        "requested_bbox_pixels": {
          "x0": 22000,
          "y0": 16000,
          "x1": 24000,
          "y1": 18000
        },
        "halo_pixels": 160,
        "polarization": "VV",
        "display_bounds_lonlat": {
          "west": -48.42033728889292,
          "south": -28.045303323516087,
          "east": -48.16566269921853,
          "north": -27.89899610654309
        },
        "cfar_detection_count": 0,
        "yolo_detection_count": 0,
        "processing_bounds_lonlat": {
          "west": -48.42033728889292,
          "south": -28.045303323516087,
          "east": -48.16566269921853,
          "north": -27.89899610654309
        },
        "cfar_count": 0,
        "yolo_count": 0,
        "has_cfar_detection": false,
        "has_yolo_detection": false,
        "has_detection": false
      }
    },
    {
      "type": "Feature",
      "geometry": {
        "type": "Polygon",
        "coordinates": [
          [
            [
              -48.38144947461632,
              -27.916966690652345
            ],
            [
              -48.40476725998026,
              -27.99313446779195
            ],
            [
              -48.600349420079674,
              -27.944605273048342
            ],
            [
              -48.57690747575887,
              -27.868477968649948
            ],
            [
              -48.38144947461632,
              -27.916966690652345
            ]
          ]
        ]
      },
      "properties": {
        "patch_id": 124,
        "tile_id": 124,
        "patch_number": 125,
        "patch_label": "P125",
        "name": "patch_0125_VV",
        "x_start": 24000,
        "y_start": 16000,
        "valid_x_end": 26000,
        "valid_y_end": 16864,
        "width": 2000,
        "height": 2000,
        "target_width": 2000,
        "target_height": 2000,
        "requires_padding": true,
        "processing_bbox_pixels": {
          "x0": 23840,
          "y0": 15840,
          "x1": 26033,
          "y1": 16864
        },
        "processing_requested_bbox_pixels": {
          "x0": 23840,
          "y0": 15840,
          "x1": 26160,
          "y1": 18160
        },
        "processing_width": 2193,
        "processing_height": 1024,
        "processing_target_width": 2193,
        "processing_target_height": 1024,
        "processing_requires_padding": false,
        "core_bbox_pixels": {
          "x0": 24000,
          "y0": 16000,
          "x1": 26000,
          "y1": 16864
        },
        "requested_bbox_pixels": {
          "x0": 24000,
          "y0": 16000,
          "x1": 26000,
          "y1": 18000
        },
        "halo_pixels": 160,
        "polarization": "VV",
        "display_bounds_lonlat": {
          "west": -48.60357652401032,
          "south": -27.997011611851825,
          "east": -48.36147038437546,
          "north": -27.853562794015907
        },
        "cfar_detection_count": 3,
        "yolo_detection_count": 1,
        "processing_bounds_lonlat": {
          "west": -48.60357652401032,
          "south": -27.997011611851825,
          "east": -48.36147038437546,
          "north": -27.853562794015907
        },
        "cfar_count": 3,
        "yolo_count": 1,
        "has_cfar_detection": true,
        "has_yolo_detection": true,
        "has_detection": true
      }
    },
    {
      "type": "Feature",
      "geometry": {
        "type": "Polygon",
        "coordinates": [
          [
            [
              -48.577005205273366,
              -27.868453686410163
            ],
            [
              -48.600447211112474,
              -27.944580970562058
            ],
            [
              -48.60357652401032,
              -27.943803291001036
            ],
            [
              -48.5801325495859,
              -27.86767665473694
            ],
            [
              -48.577005205273366,
              -27.868453686410163
            ]
          ]
        ]
      },
      "properties": {
        "patch_id": 125,
        "tile_id": 125,
        "patch_number": 126,
        "patch_label": "P126",
        "name": "patch_0126_VV",
        "x_start": 26000,
        "y_start": 16000,
        "valid_x_end": 26033,
        "valid_y_end": 16864,
        "width": 2000,
        "height": 2000,
        "target_width": 2000,
        "target_height": 2000,
        "requires_padding": true,
        "processing_bbox_pixels": {
          "x0": 25840,
          "y0": 15840,
          "x1": 26033,
          "y1": 16864
        },
        "processing_requested_bbox_pixels": {
          "x0": 25840,
          "y0": 15840,
          "x1": 28160,
          "y1": 18160
        },
        "processing_width": 193,
        "processing_height": 1024,
        "processing_target_width": 193,
        "processing_target_height": 1024,
        "processing_requires_padding": false,
        "core_bbox_pixels": {
          "x0": 26000,
          "y0": 16000,
          "x1": 26033,
          "y1": 16864
        },
        "requested_bbox_pixels": {
          "x0": 26000,
          "y0": 16000,
          "x1": 28000,
          "y1": 18000
        },
        "halo_pixels": 160,
        "polarization": "VV",
        "display_bounds_lonlat": {
          "west": -48.60357652401032,
          "south": -27.948469368367178,
          "east": -48.557024162230846,
          "north": -27.853562794015907
        },
        "cfar_detection_count": 0,
        "yolo_detection_count": 0,
        "processing_bounds_lonlat": {
          "west": -48.60357652401032,
          "south": -27.948469368367178,
          "east": -48.557024162230846,
          "north": -27.853562794015907
        },
        "cfar_count": 0,
        "yolo_count": 0,
        "has_cfar_detection": false,
        "has_yolo_detection": false,
        "has_detection": false
      }
    }
  ]
}
