{
  "type": "FeatureCollection",
  "features": [
    {
      "type": "Feature",
      "geometry": {
        "type": "Polygon",
        "coordinates": [
          [
            [
              -31.991626778175647,
              -4.648469982782348
            ],
            [
              -32.030203014735044,
              -4.827928301917126
            ],
            [
              -32.20623288756221,
              -4.789265782715328
            ],
            [
              -32.167620471581145,
              -4.6098435964199656
            ],
            [
              -31.991626778175647,
              -4.648469982782348
            ]
          ]
        ]
      },
      "properties": {
        "patch_id": 0,
        "tile_id": 0,
        "patch_number": 1,
        "patch_label": "P001",
        "name": "patch_0001_VV",
        "x_start": 0,
        "y_start": 0,
        "valid_x_end": 2000,
        "valid_y_end": 2000,
        "width": 2000,
        "height": 2000,
        "target_width": 2000,
        "target_height": 2000,
        "requires_padding": false,
        "processing_bbox_pixels": {
          "x0": 0,
          "y0": 0,
          "x1": 2160,
          "y1": 2160
        },
        "processing_requested_bbox_pixels": {
          "x0": -160,
          "y0": -160,
          "x1": 2160,
          "y1": 2160
        },
        "processing_width": 2160,
        "processing_height": 2160,
        "processing_target_width": 2160,
        "processing_target_height": 2160,
        "processing_requires_padding": false,
        "core_bbox_pixels": {
          "x0": 0,
          "y0": 0,
          "x1": 2000,
          "y1": 2000
        },
        "requested_bbox_pixels": {
          "x0": 0,
          "y0": 0,
          "x1": 2000,
          "y1": 2000
        },
        "halo_pixels": 160,
        "polarization": "VV",
        "display_bounds_lonlat": {
          "west": -32.22341604606842,
          "south": -4.842291729438615,
          "east": -31.991626778175647,
          "north": -4.606750565171719
        },
        "cfar_detection_count": 0,
        "yolo_detection_count": 0,
        "processing_bounds_lonlat": {
          "west": -32.22341604606842,
          "south": -4.842291729438615,
          "east": -31.991626778175647,
          "north": -4.606750565171719
        },
        "cfar_count": 0,
        "yolo_count": 0,
        "has_cfar_detection": false,
        "has_yolo_detection": false,
        "has_detection": false
      }
    },
    {
      "type": "Feature",
      "geometry": {
        "type": "Polygon",
        "coordinates": [
          [
            [
              -32.16770850847482,
              -4.609824264974663
            ],
            [
              -32.20632094267953,
              -4.789246432952756
            ],
            [
              -32.38233453206733,
              -4.750542556851482
            ],
            [
              -32.343687002571095,
              -4.571158119787021
            ],
            [
              -32.16770850847482,
              -4.609824264974663
            ]
          ]
        ]
      },
      "properties": {
        "patch_id": 1,
        "tile_id": 1,
        "patch_number": 2,
        "patch_label": "P002",
        "name": "patch_0002_VV",
        "x_start": 2000,
        "y_start": 0,
        "valid_x_end": 4000,
        "valid_y_end": 2000,
        "width": 2000,
        "height": 2000,
        "target_width": 2000,
        "target_height": 2000,
        "requires_padding": false,
        "processing_bbox_pixels": {
          "x0": 1840,
          "y0": 0,
          "x1": 4160,
          "y1": 2160
        },
        "processing_requested_bbox_pixels": {
          "x0": 1840,
          "y0": -160,
          "x1": 4160,
          "y1": 2160
        },
        "processing_width": 2320,
        "processing_height": 2160,
        "processing_target_width": 2320,
        "processing_target_height": 2160,
        "processing_requires_padding": false,
        "core_bbox_pixels": {
          "x0": 2000,
          "y0": 0,
          "x1": 4000,
          "y1": 2000
        },
        "requested_bbox_pixels": {
          "x0": 2000,
          "y0": 0,
          "x1": 4000,
          "y1": 2000
        },
        "halo_pixels": 160,
        "polarization": "VV",
        "display_bounds_lonlat": {
          "west": -32.39951887408937,
          "south": -4.806703163524889,
          "east": -32.153622602457254,
          "north": -4.568060750262524
        },
        "cfar_detection_count": 0,
        "yolo_detection_count": 0,
        "processing_bounds_lonlat": {
          "west": -32.39951887408937,
          "south": -4.806703163524889,
          "east": -32.153622602457254,
          "north": -4.568060750262524
        },
        "cfar_count": 0,
        "yolo_count": 0,
        "has_cfar_detection": false,
        "has_yolo_detection": false,
        "has_detection": false
      }
    },
    {
      "type": "Feature",
      "geometry": {
        "type": "Polygon",
        "coordinates": [
          [
            [
              -32.34377502640221,
              -4.571138761227493
            ],
            [
              -32.38242257655045,
              -4.750523179201612
            ],
            [
              -32.55841537474624,
              -4.71177389550495
            ],
            [
              -32.51973066322189,
              -4.532428694253666
            ],
            [
              -32.34377502640221,
              -4.571138761227493
            ]
          ]
        ]
      },
      "properties": {
        "patch_id": 2,
        "tile_id": 2,
        "patch_number": 3,
        "patch_label": "P003",
        "name": "patch_0003_VV",
        "x_start": 4000,
        "y_start": 0,
        "valid_x_end": 6000,
        "valid_y_end": 2000,
        "width": 2000,
        "height": 2000,
        "target_width": 2000,
        "target_height": 2000,
        "requires_padding": false,
        "processing_bbox_pixels": {
          "x0": 3840,
          "y0": 0,
          "x1": 6160,
          "y1": 2160
        },
        "processing_requested_bbox_pixels": {
          "x0": 3840,
          "y0": -160,
          "x1": 6160,
          "y1": 2160
        },
        "processing_width": 2320,
        "processing_height": 2160,
        "processing_target_width": 2320,
        "processing_target_height": 2160,
        "processing_requires_padding": false,
        "core_bbox_pixels": {
          "x0": 4000,
          "y0": 0,
          "x1": 6000,
          "y1": 2000
        },
        "requested_bbox_pixels": {
          "x0": 4000,
          "y0": 0,
          "x1": 6000,
          "y1": 2000
        },
        "halo_pixels": 160,
        "polarization": "VV",
        "display_bounds_lonlat": {
          "west": -32.57560146001729,
          "south": -4.767981395839854,
          "east": -32.32969120739486,
          "north": -4.5293292158758485
        },
        "cfar_detection_count": 0,
        "yolo_detection_count": 0,
        "processing_bounds_lonlat": {
          "west": -32.57560146001729,
          "south": -4.767981395839854,
          "east": -32.32969120739486,
          "north": -4.5293292158758485
        },
        "cfar_count": 0,
        "yolo_count": 0,
        "has_cfar_detection": false,
        "has_yolo_detection": false,
        "has_detection": false
      }
    },
    {
      "type": "Feature",
      "geometry": {
        "type": "Polygon",
        "coordinates": [
          [
            [
              -32.519818682617874,
              -4.5324093225138045
            ],
            [
              -32.55850341038762,
              -4.711754503544694
            ],
            [
              -32.734479134710824,
              -4.672961909437212
            ],
            [
              -32.69575889650821,
              -4.493657946662606
            ],
            [
              -32.519818682617874,
              -4.5324093225138045
            ]
          ]
        ]
      },
      "properties": {
        "patch_id": 3,
        "tile_id": 3,
        "patch_number": 4,
        "patch_label": "P004",
        "name": "patch_0004_VV",
        "x_start": 6000,
        "y_start": 0,
        "valid_x_end": 8000,
        "valid_y_end": 2000,
        "width": 2000,
        "height": 2000,
        "target_width": 2000,
        "target_height": 2000,
        "requires_padding": false,
        "processing_bbox_pixels": {
          "x0": 5840,
          "y0": 0,
          "x1": 8160,
          "y1": 2160
        },
        "processing_requested_bbox_pixels": {
          "x0": 5840,
          "y0": -160,
          "x1": 8160,
          "y1": 2160
        },
        "processing_width": 2320,
        "processing_height": 2160,
        "processing_target_width": 2320,
        "processing_target_height": 2160,
        "processing_requires_padding": false,
        "core_bbox_pixels": {
          "x0": 6000,
          "y0": 0,
          "x1": 8000,
          "y1": 2000
        },
        "requested_bbox_pixels": {
          "x0": 6000,
          "y0": 0,
          "x1": 8000,
          "y1": 2000
        },
        "halo_pixels": 160,
        "polarization": "VV",
        "display_bounds_lonlat": {
          "west": -32.751666324018196,
          "south": -4.729211833262939,
          "east": -32.50573556722811,
          "north": -4.490554250517062
        },
        "cfar_detection_count": 0,
        "yolo_detection_count": 0,
        "processing_bounds_lonlat": {
          "west": -32.751666324018196,
          "south": -4.729211833262939,
          "east": -32.50573556722811,
          "north": -4.490554250517062
        },
        "cfar_count": 0,
        "yolo_count": 0,
        "has_cfar_detection": false,
        "has_yolo_detection": false,
        "has_detection": false
      }
    },
    {
      "type": "Feature",
      "geometry": {
        "type": "Polygon",
        "coordinates": [
          [
            [
              -32.69584690500898,
              -4.493638548561696
            ],
            [
              -32.734567159674675,
              -4.672942490347762
            ],
            [
              -32.91052515513415,
              -4.634108330569843
            ],
            [
              -32.87176932834248,
              -4.454846783630346
            ],
            [
              -32.69584690500898,
              -4.493638548561696
            ]
          ]
        ]
      },
      "properties": {
        "patch_id": 4,
        "tile_id": 4,
        "patch_number": 5,
        "patch_label": "P005",
        "name": "patch_0005_VV",
        "x_start": 8000,
        "y_start": 0,
        "valid_x_end": 10000,
        "valid_y_end": 2000,
        "width": 2000,
        "height": 2000,
        "target_width": 2000,
        "target_height": 2000,
        "requires_padding": false,
        "processing_bbox_pixels": {
          "x0": 7840,
          "y0": 0,
          "x1": 10160,
          "y1": 2160
        },
        "processing_requested_bbox_pixels": {
          "x0": 7840,
          "y0": -160,
          "x1": 10160,
          "y1": 2160
        },
        "processing_width": 2320,
        "processing_height": 2160,
        "processing_target_width": 2320,
        "processing_target_height": 2160,
        "processing_requires_padding": false,
        "core_bbox_pixels": {
          "x0": 8000,
          "y0": 0,
          "x1": 10000,
          "y1": 2000
        },
        "requested_bbox_pixels": {
          "x0": 8000,
          "y0": 0,
          "x1": 10000,
          "y1": 2000
        },
        "halo_pixels": 160,
        "polarization": "VV",
        "display_bounds_lonlat": {
          "west": -32.927714292665875,
          "south": -4.69040088460275,
          "east": -32.68176554998264,
          "north": -4.45174053431752
        },
        "cfar_detection_count": 0,
        "yolo_detection_count": 0,
        "processing_bounds_lonlat": {
          "west": -32.927714292665875,
          "south": -4.69040088460275,
          "east": -32.68176554998264,
          "north": -4.45174053431752
        },
        "cfar_count": 0,
        "yolo_count": 0,
        "has_cfar_detection": false,
        "has_yolo_detection": false,
        "has_detection": false
      }
    },
    {
      "type": "Feature",
      "geometry": {
        "type": "Polygon",
        "coordinates": [
          [
            [
              -32.871857331053064,
              -4.4548273723489125
            ],
            [
              -32.910613176652596,
              -4.634088897913334
            ],
            [
              -33.08654830921803,
              -4.595209017577092
            ],
            [
              -33.0477583098477,
              -4.415991870927919
            ],
            [
              -32.871857331053064,
              -4.4548273723489125
            ]
          ]
        ]
      },
      "properties": {
        "patch_id": 5,
        "tile_id": 5,
        "patch_number": 6,
        "patch_label": "P006",
        "name": "patch_0006_VV",
        "x_start": 10000,
        "y_start": 0,
        "valid_x_end": 12000,
        "valid_y_end": 2000,
        "width": 2000,
        "height": 2000,
        "target_width": 2000,
        "target_height": 2000,
        "requires_padding": false,
        "processing_bbox_pixels": {
          "x0": 9840,
          "y0": 0,
          "x1": 12160,
          "y1": 2160
        },
        "processing_requested_bbox_pixels": {
          "x0": 9840,
          "y0": -160,
          "x1": 12160,
          "y1": 2160
        },
        "processing_width": 2320,
        "processing_height": 2160,
        "processing_target_width": 2320,
        "processing_target_height": 2160,
        "processing_requires_padding": false,
        "core_bbox_pixels": {
          "x0": 10000,
          "y0": 0,
          "x1": 12000,
          "y1": 2000
        },
        "requested_bbox_pixels": {
          "x0": 10000,
          "y0": 0,
          "x1": 12000,
          "y1": 2000
        },
        "halo_pixels": 160,
        "polarization": "VV",
        "display_bounds_lonlat": {
          "west": -33.10373855026787,
          "south": -4.651546043423426,
          "east": -32.85777689555556,
          "north": -4.4128819084003155
        },
        "cfar_detection_count": 0,
        "yolo_detection_count": 0,
        "processing_bounds_lonlat": {
          "west": -33.10373855026787,
          "south": -4.651546043423426,
          "east": -32.85777689555556,
          "north": -4.4128819084003155
        },
        "cfar_count": 0,
        "yolo_count": 0,
        "has_cfar_detection": false,
        "has_yolo_detection": false,
        "has_detection": false
      }
    },
    {
      "type": "Feature",
      "geometry": {
        "type": "Polygon",
        "coordinates": [
          [
            [
              -33.04784630135059,
              -4.415972433662121
            ],
            [
              -33.08663631826148,
              -4.595189557791391
            ],
            [
              -33.262556650256386,
              -4.55627036731012
            ],
            [
              -33.22373698510951,
              -4.377099300410457
            ],
            [
              -33.04784630135059,
              -4.415972433662121
            ]
          ]
        ]
      },
      "properties": {
        "patch_id": 6,
        "tile_id": 6,
        "patch_number": 7,
        "patch_label": "P007",
        "name": "patch_0007_VV",
        "x_start": 12000,
        "y_start": 0,
        "valid_x_end": 14000,
        "valid_y_end": 2000,
        "width": 2000,
        "height": 2000,
        "target_width": 2000,
        "target_height": 2000,
        "requires_padding": false,
        "processing_bbox_pixels": {
          "x0": 11840,
          "y0": 0,
          "x1": 14160,
          "y1": 2160
        },
        "processing_requested_bbox_pixels": {
          "x0": 11840,
          "y0": -160,
          "x1": 14160,
          "y1": 2160
        },
        "processing_width": 2320,
        "processing_height": 2160,
        "processing_target_width": 2320,
        "processing_target_height": 2160,
        "processing_requires_padding": false,
        "core_bbox_pixels": {
          "x0": 12000,
          "y0": 0,
          "x1": 14000,
          "y1": 2000
        },
        "requested_bbox_pixels": {
          "x0": 12000,
          "y0": 0,
          "x1": 14000,
          "y1": 2000
        },
        "halo_pixels": 160,
        "polarization": "VV",
        "display_bounds_lonlat": {
          "west": -33.27974718538738,
          "south": -4.612647482617822,
          "east": -33.0337676600492,
          "north": -4.373985180384659
        },
        "cfar_detection_count": 0,
        "yolo_detection_count": 0,
        "processing_bounds_lonlat": {
          "west": -33.27974718538738,
          "south": -4.612647482617822,
          "east": -33.0337676600492,
          "north": -4.373985180384659
        },
        "cfar_count": 0,
        "yolo_count": 0,
        "has_cfar_detection": false,
        "has_yolo_detection": false,
        "has_detection": false
      }
    },
    {
      "type": "Feature",
      "geometry": {
        "type": "Polygon",
        "coordinates": [
          [
            [
              -33.223824960072776,
              -4.377079837160295
            ],
            [
              -33.26264464447718,
              -4.5562508804050745
            ],
            [
              -33.43854116975864,
              -4.517286249619547
            ],
            [
              -33.3996876957873,
              -4.338162807259163
            ],
            [
              -33.223824960072776,
              -4.377079837160295
            ]
          ]
        ]
      },
      "properties": {
        "patch_id": 7,
        "tile_id": 7,
        "patch_number": 8,
        "patch_label": "P008",
        "name": "patch_0008_VV",
        "x_start": 14000,
        "y_start": 0,
        "valid_x_end": 16000,
        "valid_y_end": 2000,
        "width": 2000,
        "height": 2000,
        "target_width": 2000,
        "target_height": 2000,
        "requires_padding": false,
        "processing_bbox_pixels": {
          "x0": 13840,
          "y0": 0,
          "x1": 16160,
          "y1": 2160
        },
        "processing_requested_bbox_pixels": {
          "x0": 13840,
          "y0": -160,
          "x1": 16160,
          "y1": 2160
        },
        "processing_width": 2320,
        "processing_height": 2160,
        "processing_target_width": 2320,
        "processing_target_height": 2160,
        "processing_requires_padding": false,
        "core_bbox_pixels": {
          "x0": 14000,
          "y0": 0,
          "x1": 16000,
          "y1": 2000
        },
        "requested_bbox_pixels": {
          "x0": 14000,
          "y0": 0,
          "x1": 16000,
          "y1": 2000
        },
        "halo_pixels": 160,
        "polarization": "VV",
        "display_bounds_lonlat": {
          "west": -33.45573369295693,
          "south": -4.573708240549469,
          "east": -33.20974773165169,
          "north": -4.335046698858024
        },
        "cfar_detection_count": 0,
        "yolo_detection_count": 0,
        "processing_bounds_lonlat": {
          "west": -33.45573369295693,
          "south": -4.573708240549469,
          "east": -33.20974773165169,
          "north": -4.335046698858024
        },
        "cfar_count": 0,
        "yolo_count": 0,
        "has_cfar_detection": false,
        "has_yolo_detection": false,
        "has_detection": false
      }
    },
    {
      "type": "Feature",
      "geometry": {
        "type": "Polygon",
        "coordinates": [
          [
            [
              -33.399775671834426,
              -4.338143331581657
            ],
            [
              -33.438629159211196,
              -4.517266749895697
            ],
            [
              -33.61451001500439,
              -4.4782624631814265
            ],
            [
              -33.57562546627257,
              -4.299188861668192
            ],
            [
              -33.399775671834426,
              -4.338143331581657
            ]
          ]
        ]
      },
      "properties": {
        "patch_id": 8,
        "tile_id": 8,
        "patch_number": 9,
        "patch_label": "P009",
        "name": "patch_0009_VV",
        "x_start": 16000,
        "y_start": 0,
        "valid_x_end": 18000,
        "valid_y_end": 2000,
        "width": 2000,
        "height": 2000,
        "target_width": 2000,
        "target_height": 2000,
        "requires_padding": false,
        "processing_bbox_pixels": {
          "x0": 15840,
          "y0": 0,
          "x1": 18160,
          "y1": 2160
        },
        "processing_requested_bbox_pixels": {
          "x0": 15840,
          "y0": -160,
          "x1": 18160,
          "y1": 2160
        },
        "processing_width": 2320,
        "processing_height": 2160,
        "processing_target_width": 2320,
        "processing_target_height": 2160,
        "processing_requires_padding": false,
        "core_bbox_pixels": {
          "x0": 16000,
          "y0": 0,
          "x1": 18000,
          "y1": 2000
        },
        "requested_bbox_pixels": {
          "x0": 16000,
          "y0": 0,
          "x1": 18000,
          "y1": 2000
        },
        "halo_pixels": 160,
        "polarization": "VV",
        "display_bounds_lonlat": {
          "west": -33.63170296065445,
          "south": -4.534723578086636,
          "east": -33.38569950117069,
          "north": -4.2960687162773805
        },
        "cfar_detection_count": 0,
        "yolo_detection_count": 0,
        "processing_bounds_lonlat": {
          "west": -33.63170296065445,
          "south": -4.534723578086636,
          "east": -33.38569950117069,
          "north": -4.2960687162773805
        },
        "cfar_count": 0,
        "yolo_count": 0,
        "has_cfar_detection": false,
        "has_yolo_detection": false,
        "has_detection": false
      }
    },
    {
      "type": "Feature",
      "geometry": {
        "type": "Polygon",
        "coordinates": [
          [
            [
              -33.57571343143469,
              -4.2991693607595
            ],
            [
              -33.61459799157886,
              -4.4782429370815615
            ],
            [
              -33.790462391203675,
              -4.4391970053854735
            ],
            [
              -33.75154669726534,
              -4.260174169926384
            ],
            [
              -33.57571343143469,
              -4.2991693607595
            ]
          ]
        ]
      },
      "properties": {
        "patch_id": 9,
        "tile_id": 9,
        "patch_number": 10,
        "patch_label": "P010",
        "name": "patch_0010_VV",
        "x_start": 18000,
        "y_start": 0,
        "valid_x_end": 20000,
        "valid_y_end": 2000,
        "width": 2000,
        "height": 2000,
        "target_width": 2000,
        "target_height": 2000,
        "requires_padding": false,
        "processing_bbox_pixels": {
          "x0": 17840,
          "y0": 0,
          "x1": 20160,
          "y1": 2160
        },
        "processing_requested_bbox_pixels": {
          "x0": 17840,
          "y0": -160,
          "x1": 20160,
          "y1": 2160
        },
        "processing_width": 2320,
        "processing_height": 2160,
        "processing_target_width": 2320,
        "processing_target_height": 2160,
        "processing_requires_padding": false,
        "core_bbox_pixels": {
          "x0": 18000,
          "y0": 0,
          "x1": 20000,
          "y1": 2000
        },
        "requested_bbox_pixels": {
          "x0": 18000,
          "y0": 0,
          "x1": 20000,
          "y1": 2000
        },
        "halo_pixels": 160,
        "polarization": "VV",
        "display_bounds_lonlat": {
          "west": -33.80765780244971,
          "south": -4.49570002679377,
          "east": -33.56163900719418,
          "north": -4.257051975905968
        },
        "cfar_detection_count": 0,
        "yolo_detection_count": 0,
        "processing_bounds_lonlat": {
          "west": -33.80765780244971,
          "south": -4.49570002679377,
          "east": -33.56163900719418,
          "north": -4.257051975905968
        },
        "cfar_count": 0,
        "yolo_count": 0,
        "has_cfar_detection": false,
        "has_yolo_detection": false,
        "has_detection": false
      }
    },
    {
      "type": "Feature",
      "geometry": {
        "type": "Polygon",
        "coordinates": [
          [
            [
              -33.751634653406526,
              -4.260154656213756
            ],
            [
              -33.7905503670292,
              -4.439177466100063
            ],
            [
              -33.96639217413527,
              -4.400089616864319
            ],
            [
              -33.927447324768025,
              -4.221119905699512
            ],
            [
              -33.751634653406526,
              -4.260154656213756
            ]
          ]
        ]
      },
      "properties": {
        "patch_id": 10,
        "tile_id": 10,
        "patch_number": 11,
        "patch_label": "P011",
        "name": "patch_0011_VV",
        "x_start": 20000,
        "y_start": 0,
        "valid_x_end": 22000,
        "valid_y_end": 2000,
        "width": 2000,
        "height": 2000,
        "target_width": 2000,
        "target_height": 2000,
        "requires_padding": false,
        "processing_bbox_pixels": {
          "x0": 19840,
          "y0": 0,
          "x1": 22160,
          "y1": 2160
        },
        "processing_requested_bbox_pixels": {
          "x0": 19840,
          "y0": -160,
          "x1": 22160,
          "y1": 2160
        },
        "processing_width": 2320,
        "processing_height": 2160,
        "processing_target_width": 2320,
        "processing_target_height": 2160,
        "processing_requires_padding": false,
        "core_bbox_pixels": {
          "x0": 20000,
          "y0": 0,
          "x1": 22000,
          "y1": 2000
        },
        "requested_bbox_pixels": {
          "x0": 20000,
          "y0": 0,
          "x1": 22000,
          "y1": 2000
        },
        "halo_pixels": 160,
        "polarization": "VV",
        "display_bounds_lonlat": {
          "west": -33.983588215304685,
          "south": -4.456632546740277,
          "east": -33.73756167534276,
          "north": -4.217993795197946
        },
        "cfar_detection_count": 0,
        "yolo_detection_count": 0,
        "processing_bounds_lonlat": {
          "west": -33.983588215304685,
          "south": -4.456632546740277,
          "east": -33.73756167534276,
          "north": -4.217993795197946
        },
        "cfar_count": 0,
        "yolo_count": 0,
        "has_cfar_detection": false,
        "has_yolo_detection": false,
        "has_detection": false
      }
    },
    {
      "type": "Feature",
      "geometry": {
        "type": "Polygon",
        "coordinates": [
          [
            [
              -33.927535269793594,
              -4.2211003675088765
            ],
            [
              -33.96648013686388,
              -4.400070051956071
            ],
            [
              -34.142306039622525,
              -4.360943889884333
            ],
            [
              -34.10333469154492,
              -4.182028529528342
            ],
            [
              -33.927535269793594,
              -4.2211003675088765
            ]
          ]
        ]
      },
      "properties": {
        "patch_id": 11,
        "tile_id": 11,
        "patch_number": 12,
        "patch_label": "P012",
        "name": "patch_0012_VV",
        "x_start": 22000,
        "y_start": 0,
        "valid_x_end": 24000,
        "valid_y_end": 2000,
        "width": 2000,
        "height": 2000,
        "target_width": 2000,
        "target_height": 2000,
        "requires_padding": false,
        "processing_bbox_pixels": {
          "x0": 21840,
          "y0": 0,
          "x1": 24160,
          "y1": 2160
        },
        "processing_requested_bbox_pixels": {
          "x0": 21840,
          "y0": -160,
          "x1": 24160,
          "y1": 2160
        },
        "processing_width": 2320,
        "processing_height": 2160,
        "processing_target_width": 2320,
        "processing_target_height": 2160,
        "processing_requires_padding": false,
        "core_bbox_pixels": {
          "x0": 22000,
          "y0": 0,
          "x1": 24000,
          "y1": 2000
        },
        "requested_bbox_pixels": {
          "x0": 22000,
          "y0": 0,
          "x1": 24000,
          "y1": 2000
        },
        "halo_pixels": 160,
        "polarization": "VV",
        "display_bounds_lonlat": {
          "west": -34.15949590483015,
          "south": -4.417525010801858,
          "east": -33.91346407149133,
          "north": -4.178900768432097
        },
        "cfar_detection_count": 0,
        "yolo_detection_count": 0,
        "processing_bounds_lonlat": {
          "west": -34.15949590483015,
          "south": -4.417525010801858,
          "east": -33.91346407149133,
          "north": -4.178900768432097
        },
        "cfar_count": 0,
        "yolo_count": 0,
        "has_cfar_detection": false,
        "has_yolo_detection": false,
        "has_detection": false
      }
    },
    {
      "type": "Feature",
      "geometry": {
        "type": "Polygon",
        "coordinates": [
          [
            [
              -34.1034226048081,
              -4.182008980193397
            ],
            [
              -34.14239396550195,
              -4.360924312929036
            ],
            [
              -34.25866516955264,
              -4.335026294505915
            ],
            [
              -34.219672486366896,
              -4.156147794472545
            ],
            [
              -34.1034226048081,
              -4.182008980193397
            ]
          ]
        ]
      },
      "properties": {
        "patch_id": 12,
        "tile_id": 12,
        "patch_number": 13,
        "patch_label": "P013",
        "name": "patch_0013_VV",
        "x_start": 24000,
        "y_start": 0,
        "valid_x_end": 25324,
        "valid_y_end": 2000,
        "width": 2000,
        "height": 2000,
        "target_width": 2000,
        "target_height": 2000,
        "requires_padding": true,
        "processing_bbox_pixels": {
          "x0": 23840,
          "y0": 0,
          "x1": 25324,
          "y1": 2160
        },
        "processing_requested_bbox_pixels": {
          "x0": 23840,
          "y0": -160,
          "x1": 26160,
          "y1": 2160
        },
        "processing_width": 1484,
        "processing_height": 2160,
        "processing_target_width": 1484,
        "processing_target_height": 2160,
        "processing_requires_padding": false,
        "core_bbox_pixels": {
          "x0": 24000,
          "y0": 0,
          "x1": 25324,
          "y1": 2000
        },
        "requested_bbox_pixels": {
          "x0": 24000,
          "y0": 0,
          "x1": 26000,
          "y1": 2000
        },
        "halo_pixels": 160,
        "polarization": "VV",
        "display_bounds_lonlat": {
          "west": -34.26179102096228,
          "south": -4.378377007912702,
          "east": -34.08935185642177,
          "north": -4.156147794472545
        },
        "cfar_detection_count": 0,
        "yolo_detection_count": 0,
        "processing_bounds_lonlat": {
          "west": -34.26179102096228,
          "south": -4.378377007912702,
          "east": -34.08935185642177,
          "north": -4.156147794472545
        },
        "cfar_count": 0,
        "yolo_count": 0,
        "has_cfar_detection": false,
        "has_yolo_detection": false,
        "has_detection": false
      }
    },
    {
      "type": "Feature",
      "geometry": {
        "type": "Polygon",
        "coordinates": [
          [
            [
              -32.03022246389675,
              -4.828018055657462
            ],
            [
              -32.06883884425004,
              -5.007471010857836
            ],
            [
              -32.244909320871145,
              -4.968772332929008
            ],
            [
              -32.20625237212135,
              -4.789355518380206
            ],
            [
              -32.03022246389675,
              -4.828018055657462
            ]
          ]
        ]
      },
      "properties": {
        "patch_id": 13,
        "tile_id": 13,
        "patch_number": 14,
        "patch_label": "P014",
        "name": "patch_0014_VV",
        "x_start": 0,
        "y_start": 2000,
        "valid_x_end": 2000,
        "valid_y_end": 4000,
        "width": 2000,
        "height": 2000,
        "target_width": 2000,
        "target_height": 2000,
        "requires_padding": false,
        "processing_bbox_pixels": {
          "x0": 0,
          "y0": 1840,
          "x1": 2160,
          "y1": 4160
        },
        "processing_requested_bbox_pixels": {
          "x0": -160,
          "y0": 1840,
          "x1": 2160,
          "y1": 4160
        },
        "processing_width": 2160,
        "processing_height": 2320,
        "processing_target_width": 2160,
        "processing_target_height": 2320,
        "processing_requires_padding": false,
        "core_bbox_pixels": {
          "x0": 0,
          "y0": 2000,
          "x1": 2000,
          "y1": 4000
        },
        "requested_bbox_pixels": {
          "x0": 0,
          "y0": 2000,
          "x1": 2000,
          "y1": 4000
        },
        "halo_pixels": 160,
        "polarization": "VV",
        "display_bounds_lonlat": {
          "west": -32.26209927288827,
          "south": -5.0218340583560925,
          "east": -32.0271341991295,
          "north": -4.771898917548974
        },
        "cfar_detection_count": 0,
        "yolo_detection_count": 0,
        "processing_bounds_lonlat": {
          "west": -32.26209927288827,
          "south": -5.0218340583560925,
          "east": -32.0271341991295,
          "north": -4.771898917548974
        },
        "cfar_count": 0,
        "yolo_count": 0,
        "has_cfar_detection": false,
        "has_yolo_detection": false,
        "has_detection": false
      }
    },
    {
      "type": "Feature",
      "geometry": {
        "type": "Polygon",
        "coordinates": [
          [
            [
              -32.206340427271144,
              -4.789336168608471
            ],
            [
              -32.24499739998795,
              -4.968752964829333
            ],
            [
              -32.421048026771984,
              -4.930011648402091
            ],
            [
              -32.38235404102201,
              -4.750632274895447
            ],
            [
              -32.206340427271144,
              -4.789336168608471
            ]
          ]
        ]
      },
      "properties": {
        "patch_id": 14,
        "tile_id": 14,
        "patch_number": 15,
        "patch_label": "P015",
        "name": "patch_0015_VV",
        "x_start": 2000,
        "y_start": 2000,
        "valid_x_end": 4000,
        "valid_y_end": 4000,
        "width": 2000,
        "height": 2000,
        "target_width": 2000,
        "target_height": 2000,
        "requires_padding": false,
        "processing_bbox_pixels": {
          "x0": 1840,
          "y0": 1840,
          "x1": 4160,
          "y1": 4160
        },
        "processing_requested_bbox_pixels": {
          "x0": 1840,
          "y0": 1840,
          "x1": 4160,
          "y1": 4160
        },
        "processing_width": 2320,
        "processing_height": 2320,
        "processing_target_width": 2320,
        "processing_target_height": 2320,
        "processing_requires_padding": false,
        "core_bbox_pixels": {
          "x0": 2000,
          "y0": 2000,
          "x1": 4000,
          "y1": 4000
        },
        "requested_bbox_pixels": {
          "x0": 2000,
          "y0": 2000,
          "x1": 4000,
          "y1": 4000
        },
        "halo_pixels": 160,
        "polarization": "VV",
        "display_bounds_lonlat": {
          "west": -32.43823889821625,
          "south": -4.98621223210818,
          "east": -32.18916061585171,
          "north": -4.7331742396440815
        },
        "cfar_detection_count": 0,
        "yolo_detection_count": 0,
        "processing_bounds_lonlat": {
          "west": -32.43823889821625,
          "south": -4.98621223210818,
          "east": -32.18916061585171,
          "north": -4.7331742396440815
        },
        "cfar_count": 0,
        "yolo_count": 0,
        "has_cfar_detection": false,
        "has_yolo_detection": false,
        "has_detection": false
      }
    },
    {
      "type": "Feature",
      "geometry": {
        "type": "Polygon",
        "coordinates": [
          [
            [
              -32.38244208550679,
              -4.750612897233112
            ],
            [
              -32.421136089744564,
              -4.929992250909253
            ],
            [
              -32.59716796616308,
              -4.891203291156864
            ],
            [
              -32.558434909681985,
              -4.711863592173291
            ],
            [
              -32.38244208550679,
              -4.750612897233112
            ]
          ]
        ]
      },
      "properties": {
        "patch_id": 15,
        "tile_id": 15,
        "patch_number": 16,
        "patch_label": "P016",
        "name": "patch_0016_VV",
        "x_start": 4000,
        "y_start": 2000,
        "valid_x_end": 6000,
        "valid_y_end": 4000,
        "width": 2000,
        "height": 2000,
        "target_width": 2000,
        "target_height": 2000,
        "requires_padding": false,
        "processing_bbox_pixels": {
          "x0": 3840,
          "y0": 1840,
          "x1": 6160,
          "y1": 4160
        },
        "processing_requested_bbox_pixels": {
          "x0": 3840,
          "y0": 1840,
          "x1": 6160,
          "y1": 4160
        },
        "processing_width": 2320,
        "processing_height": 2320,
        "processing_target_width": 2320,
        "processing_target_height": 2320,
        "processing_requires_padding": false,
        "core_bbox_pixels": {
          "x0": 4000,
          "y0": 2000,
          "x1": 6000,
          "y1": 4000
        },
        "requested_bbox_pixels": {
          "x0": 4000,
          "y0": 2000,
          "x1": 6000,
          "y1": 4000
        },
        "halo_pixels": 160,
        "polarization": "VV",
        "display_bounds_lonlat": {
          "west": -32.614360843862194,
          "south": -4.947453187622184,
          "east": -32.36526114907117,
          "north": -4.694406427083774
        },
        "cfar_detection_count": 0,
        "yolo_detection_count": 0,
        "processing_bounds_lonlat": {
          "west": -32.614360843862194,
          "south": -4.947453187622184,
          "east": -32.36526114907117,
          "north": -4.694406427083774
        },
        "cfar_count": 0,
        "yolo_count": 0,
        "has_cfar_detection": false,
        "has_yolo_detection": false,
        "has_detection": false
      }
    },
    {
      "type": "Feature",
      "geometry": {
        "type": "Polygon",
        "coordinates": [
          [
            [
              -32.55852294534923,
              -4.711844200204378
            ],
            [
              -32.597256022557985,
              -4.891183879342971
            ],
            [
              -32.77326731529002,
              -4.852350167012112
            ],
            [
              -32.73449868723743,
              -4.673051585960758
            ],
            [
              -32.55852294534923,
              -4.711844200204378
            ]
          ]
        ]
      },
      "properties": {
        "patch_id": 16,
        "tile_id": 16,
        "patch_number": 17,
        "patch_label": "P017",
        "name": "patch_0017_VV",
        "x_start": 6000,
        "y_start": 2000,
        "valid_x_end": 8000,
        "valid_y_end": 4000,
        "width": 2000,
        "height": 2000,
        "target_width": 2000,
        "target_height": 2000,
        "requires_padding": false,
        "processing_bbox_pixels": {
          "x0": 5840,
          "y0": 1840,
          "x1": 8160,
          "y1": 4160
        },
        "processing_requested_bbox_pixels": {
          "x0": 5840,
          "y0": 1840,
          "x1": 8160,
          "y1": 4160
        },
        "processing_width": 2320,
        "processing_height": 2320,
        "processing_target_width": 2320,
        "processing_target_height": 2320,
        "processing_requires_padding": false,
        "core_bbox_pixels": {
          "x0": 6000,
          "y0": 2000,
          "x1": 8000,
          "y1": 4000
        },
        "requested_bbox_pixels": {
          "x0": 6000,
          "y0": 2000,
          "x1": 8000,
          "y1": 4000
        },
        "halo_pixels": 160,
        "polarization": "VV",
        "display_bounds_lonlat": {
          "west": -32.79046141742603,
          "south": -4.908643967617575,
          "east": -32.54134036880742,
          "north": -4.655593389437742
        },
        "cfar_detection_count": 0,
        "yolo_detection_count": 0,
        "processing_bounds_lonlat": {
          "west": -32.79046141742603,
          "south": -4.908643967617575,
          "east": -32.54134036880742,
          "north": -4.655593389437742
        },
        "cfar_count": 0,
        "yolo_count": 0,
        "has_cfar_detection": false,
        "has_yolo_detection": false,
        "has_detection": false
      }
    },
    {
      "type": "Feature",
      "geometry": {
        "type": "Polygon",
        "coordinates": [
          [
            [
              -32.73458671222157,
              -4.67303216686081
            ],
            [
              -32.77335535985945,
              -4.852330726912956
            ],
            [
              -32.949349116598654,
              -4.8134537140758145
            ],
            [
              -32.91054472606961,
              -4.634197984219974
            ],
            [
              -32.73458671222157,
              -4.67303216686081
            ]
          ]
        ]
      },
      "properties": {
        "patch_id": 17,
        "tile_id": 17,
        "patch_number": 18,
        "patch_label": "P018",
        "name": "patch_0018_VV",
        "x_start": 8000,
        "y_start": 2000,
        "valid_x_end": 10000,
        "valid_y_end": 4000,
        "width": 2000,
        "height": 2000,
        "target_width": 2000,
        "target_height": 2000,
        "requires_padding": false,
        "processing_bbox_pixels": {
          "x0": 7840,
          "y0": 1840,
          "x1": 10160,
          "y1": 4160
        },
        "processing_requested_bbox_pixels": {
          "x0": 7840,
          "y0": 1840,
          "x1": 10160,
          "y1": 4160
        },
        "processing_width": 2320,
        "processing_height": 2320,
        "processing_target_width": 2320,
        "processing_target_height": 2320,
        "processing_requires_padding": false,
        "core_bbox_pixels": {
          "x0": 8000,
          "y0": 2000,
          "x1": 10000,
          "y1": 4000
        },
        "requested_bbox_pixels": {
          "x0": 8000,
          "y0": 2000,
          "x1": 10000,
          "y1": 4000
        },
        "halo_pixels": 160,
        "polarization": "VV",
        "display_bounds_lonlat": {
          "west": -32.96654480907515,
          "south": -4.869792057423397,
          "east": -32.717403018105585,
          "north": -4.6167405564135535
        },
        "cfar_detection_count": 0,
        "yolo_detection_count": 0,
        "processing_bounds_lonlat": {
          "west": -32.96654480907515,
          "south": -4.869792057423397,
          "east": -32.717403018105585,
          "north": -4.6167405564135535
        },
        "cfar_count": 0,
        "yolo_count": 0,
        "has_cfar_detection": false,
        "has_yolo_detection": false,
        "has_detection": false
      }
    },
    {
      "type": "Feature",
      "geometry": {
        "type": "Polygon",
        "coordinates": [
          [
            [
              -32.91063274758883,
              -4.634178551551315
            ],
            [
              -32.949437154704505,
              -4.813434259656666
            ],
            [
              -33.125407351797904,
              -4.7745097084616575
            ],
            [
              -33.08656790033264,
              -4.595298647946148
            ],
            [
              -32.91063274758883,
              -4.634178551551315
            ]
          ]
        ]
      },
      "properties": {
        "patch_id": 18,
        "tile_id": 18,
        "patch_number": 19,
        "patch_label": "P019",
        "name": "patch_0019_VV",
        "x_start": 10000,
        "y_start": 2000,
        "valid_x_end": 12000,
        "valid_y_end": 4000,
        "width": 2000,
        "height": 2000,
        "target_width": 2000,
        "target_height": 2000,
        "requires_padding": false,
        "processing_bbox_pixels": {
          "x0": 9840,
          "y0": 1840,
          "x1": 12160,
          "y1": 4160
        },
        "processing_requested_bbox_pixels": {
          "x0": 9840,
          "y0": 1840,
          "x1": 12160,
          "y1": 4160
        },
        "processing_width": 2320,
        "processing_height": 2320,
        "processing_target_width": 2320,
        "processing_target_height": 2320,
        "processing_requires_padding": false,
        "core_bbox_pixels": {
          "x0": 10000,
          "y0": 2000,
          "x1": 12000,
          "y1": 4000
        },
        "requested_bbox_pixels": {
          "x0": 10000,
          "y0": 2000,
          "x1": 12000,
          "y1": 4000
        },
        "halo_pixels": 160,
        "polarization": "VV",
        "display_bounds_lonlat": {
          "west": -33.14260409191083,
          "south": -4.830894431161363,
          "east": -32.89344676600331,
          "north": -4.577840920198561
        },
        "cfar_detection_count": 0,
        "yolo_detection_count": 0,
        "processing_bounds_lonlat": {
          "west": -33.14260409191083,
          "south": -4.830894431161363,
          "east": -32.89344676600331,
          "north": -4.577840920198561
        },
        "cfar_count": 0,
        "yolo_count": 0,
        "has_cfar_detection": false,
        "has_yolo_detection": false,
        "has_detection": false
      }
    },
    {
      "type": "Feature",
      "geometry": {
        "type": "Polygon",
        "coordinates": [
          [
            [
              -33.0866559093732,
              -4.595279188147723
            ],
            [
              -33.12549537552482,
              -4.774490225778581
            ],
            [
              -33.30144898702678,
              -4.735524737410983
            ],
            [
              -33.26257626998897,
              -4.556359973762934
            ],
            [
              -33.0866559093732,
              -4.595279188147723
            ]
          ]
        ]
      },
      "properties": {
        "patch_id": 19,
        "tile_id": 19,
        "patch_number": 20,
        "patch_label": "P020",
        "name": "patch_0020_VV",
        "x_start": 12000,
        "y_start": 2000,
        "valid_x_end": 14000,
        "valid_y_end": 4000,
        "width": 2000,
        "height": 2000,
        "target_width": 2000,
        "target_height": 2000,
        "requires_padding": false,
        "processing_bbox_pixels": {
          "x0": 11840,
          "y0": 1840,
          "x1": 14160,
          "y1": 4160
        },
        "processing_requested_bbox_pixels": {
          "x0": 11840,
          "y0": 1840,
          "x1": 14160,
          "y1": 4160
        },
        "processing_width": 2320,
        "processing_height": 2320,
        "processing_target_width": 2320,
        "processing_target_height": 2320,
        "processing_requires_padding": false,
        "core_bbox_pixels": {
          "x0": 12000,
          "y0": 2000,
          "x1": 14000,
          "y1": 4000
        },
        "requested_bbox_pixels": {
          "x0": 12000,
          "y0": 2000,
          "x1": 14000,
          "y1": 4000
        },
        "halo_pixels": 160,
        "polarization": "VV",
        "display_bounds_lonlat": {
          "west": -33.318646424459445,
          "south": -4.791951371473804,
          "east": -33.069469159576656,
          "north": -4.538901611692131
        },
        "cfar_detection_count": 0,
        "yolo_detection_count": 0,
        "processing_bounds_lonlat": {
          "west": -33.318646424459445,
          "south": -4.791951371473804,
          "east": -33.069469159576656,
          "north": -4.538901611692131
        },
        "cfar_count": 0,
        "yolo_count": 0,
        "has_cfar_detection": false,
        "has_yolo_detection": false,
        "has_detection": false
      }
    },
    {
      "type": "Feature",
      "geometry": {
        "type": "Polygon",
        "coordinates": [
          [
            [
              -33.26266426420783,
              -4.556340486847515
            ],
            [
              -33.30153699763696,
              -4.73550522719476
            ],
            [
              -33.47746748209306,
              -4.696493093500137
            ],
            [
              -33.438560806735886,
              -4.517375832819395
            ],
            [
              -33.26266426420783,
              -4.556340486847515
            ]
          ]
        ]
      },
      "properties": {
        "patch_id": 20,
        "tile_id": 20,
        "patch_number": 21,
        "patch_label": "P021",
        "name": "patch_0021_VV",
        "x_start": 14000,
        "y_start": 2000,
        "valid_x_end": 16000,
        "valid_y_end": 4000,
        "width": 2000,
        "height": 2000,
        "target_width": 2000,
        "target_height": 2000,
        "requires_padding": false,
        "processing_bbox_pixels": {
          "x0": 13840,
          "y0": 1840,
          "x1": 16160,
          "y1": 4160
        },
        "processing_requested_bbox_pixels": {
          "x0": 13840,
          "y0": 1840,
          "x1": 16160,
          "y1": 4160
        },
        "processing_width": 2320,
        "processing_height": 2320,
        "processing_target_width": 2320,
        "processing_target_height": 2320,
        "processing_requires_padding": false,
        "core_bbox_pixels": {
          "x0": 14000,
          "y0": 2000,
          "x1": 16000,
          "y1": 4000
        },
        "requested_bbox_pixels": {
          "x0": 14000,
          "y0": 2000,
          "x1": 16000,
          "y1": 4000
        },
        "halo_pixels": 160,
        "polarization": "VV",
        "display_bounds_lonlat": {
          "west": -33.49466723297622,
          "south": -4.752965897209792,
          "east": -33.245476748045746,
          "north": -4.49991923569383
        },
        "cfar_detection_count": 0,
        "yolo_detection_count": 0,
        "processing_bounds_lonlat": {
          "west": -33.49466723297622,
          "south": -4.752965897209792,
          "east": -33.245476748045746,
          "north": -4.49991923569383
        },
        "cfar_count": 0,
        "yolo_count": 0,
        "has_cfar_detection": false,
        "has_yolo_detection": false,
        "has_detection": false
      }
    },
    {
      "type": "Feature",
      "geometry": {
        "type": "Polygon",
        "coordinates": [
          [
            [
              -33.438648796212725,
              -4.5173563330820565
            ],
            [
              -33.47755548941604,
              -4.696473569341041
            ],
            [
              -33.65346721011777,
              -4.657419641929172
            ],
            [
              -33.61452966621488,
              -4.478352022224583
            ],
            [
              -33.438648796212725,
              -4.5173563330820565
            ]
          ]
        ]
      },
      "properties": {
        "patch_id": 21,
        "tile_id": 21,
        "patch_number": 22,
        "patch_label": "P022",
        "name": "patch_0022_VV",
        "x_start": 16000,
        "y_start": 2000,
        "valid_x_end": 18000,
        "valid_y_end": 4000,
        "width": 2000,
        "height": 2000,
        "target_width": 2000,
        "target_height": 2000,
        "requires_padding": false,
        "processing_bbox_pixels": {
          "x0": 15840,
          "y0": 1840,
          "x1": 18160,
          "y1": 4160
        },
        "processing_requested_bbox_pixels": {
          "x0": 15840,
          "y0": 1840,
          "x1": 18160,
          "y1": 4160
        },
        "processing_width": 2320,
        "processing_height": 2320,
        "processing_target_width": 2320,
        "processing_target_height": 2320,
        "processing_requires_padding": false,
        "core_bbox_pixels": {
          "x0": 16000,
          "y0": 2000,
          "x1": 18000,
          "y1": 4000
        },
        "requested_bbox_pixels": {
          "x0": 16000,
          "y0": 2000,
          "x1": 18000,
          "y1": 4000
        },
        "halo_pixels": 160,
        "polarization": "VV",
        "display_bounds_lonlat": {
          "west": -33.67066797969227,
          "south": -4.713933813141059,
          "east": -33.421460002234475,
          "north": -4.460895205578733
        },
        "cfar_detection_count": 0,
        "yolo_detection_count": 0,
        "processing_bounds_lonlat": {
          "west": -33.67066797969227,
          "south": -4.713933813141059,
          "east": -33.421460002234475,
          "north": -4.460895205578733
        },
        "cfar_count": 0,
        "yolo_count": 0,
        "has_cfar_detection": false,
        "has_yolo_detection": false,
        "has_detection": false
      }
    },
    {
      "type": "Feature",
      "geometry": {
        "type": "Polygon",
        "coordinates": [
          [
            [
              -33.61461764282707,
              -4.478332496110657
            ],
            [
              -33.65355520621737,
              -4.657400090248661
            ],
            [
              -33.82945292637416,
              -4.618302638937314
            ],
            [
              -33.79048206665564,
              -4.439286536117057
            ],
            [
              -33.61461764282707,
              -4.478332496110657
            ]
          ]
        ]
      },
      "properties": {
        "patch_id": 22,
        "tile_id": 22,
        "patch_number": 23,
        "patch_label": "P023",
        "name": "patch_0023_VV",
        "x_start": 18000,
        "y_start": 2000,
        "valid_x_end": 20000,
        "valid_y_end": 4000,
        "width": 2000,
        "height": 2000,
        "target_width": 2000,
        "target_height": 2000,
        "requires_padding": false,
        "processing_bbox_pixels": {
          "x0": 17840,
          "y0": 1840,
          "x1": 20160,
          "y1": 4160
        },
        "processing_requested_bbox_pixels": {
          "x0": 17840,
          "y0": 1840,
          "x1": 20160,
          "y1": 4160
        },
        "processing_width": 2320,
        "processing_height": 2320,
        "processing_target_width": 2320,
        "processing_target_height": 2320,
        "processing_requires_padding": false,
        "core_bbox_pixels": {
          "x0": 18000,
          "y0": 2000,
          "x1": 20000,
          "y1": 4000
        },
        "requested_bbox_pixels": {
          "x0": 18000,
          "y0": 2000,
          "x1": 20000,
          "y1": 4000
        },
        "halo_pixels": 160,
        "polarization": "VV",
        "display_bounds_lonlat": {
          "west": -33.84665520888243,
          "south": -4.674860778834288,
          "east": -33.597428414175795,
          "north": -4.4218316899393315
        },
        "cfar_detection_count": 0,
        "yolo_detection_count": 0,
        "processing_bounds_lonlat": {
          "west": -33.84665520888243,
          "south": -4.674860778834288,
          "east": -33.597428414175795,
          "north": -4.4218316899393315
        },
        "cfar_count": 0,
        "yolo_count": 0,
        "has_cfar_detection": false,
        "has_yolo_detection": false,
        "has_detection": false
      }
    },
    {
      "type": "Feature",
      "geometry": {
        "type": "Polygon",
        "coordinates": [
          [
            [
              -33.79057004246798,
              -4.439266996817397
            ],
            [
              -33.829540916046895,
              -4.6182830736894545
            ],
            [
              -34.005416326041015,
              -4.579142300193634
            ],
            [
              -33.966411881379564,
              -4.400179121796665
            ],
            [
              -33.79057004246798,
              -4.439266996817397
            ]
          ]
        ]
      },
      "properties": {
        "patch_id": 23,
        "tile_id": 23,
        "patch_number": 24,
        "patch_label": "P024",
        "name": "patch_0024_VV",
        "x_start": 20000,
        "y_start": 2000,
        "valid_x_end": 22000,
        "valid_y_end": 4000,
        "width": 2000,
        "height": 2000,
        "target_width": 2000,
        "target_height": 2000,
        "requires_padding": false,
        "processing_bbox_pixels": {
          "x0": 19840,
          "y0": 1840,
          "x1": 22160,
          "y1": 4160
        },
        "processing_requested_bbox_pixels": {
          "x0": 19840,
          "y0": 1840,
          "x1": 22160,
          "y1": 4160
        },
        "processing_width": 2320,
        "processing_height": 2320,
        "processing_target_width": 2320,
        "processing_target_height": 2320,
        "processing_requires_padding": false,
        "core_bbox_pixels": {
          "x0": 20000,
          "y0": 2000,
          "x1": 22000,
          "y1": 4000
        },
        "requested_bbox_pixels": {
          "x0": 20000,
          "y0": 2000,
          "x1": 22000,
          "y1": 4000
        },
        "halo_pixels": 160,
        "polarization": "VV",
        "display_bounds_lonlat": {
          "west": -34.02261953510634,
          "south": -4.635741814291201,
          "east": -33.773378485409836,
          "north": -4.382724439414352
        },
        "cfar_detection_count": 0,
        "yolo_detection_count": 0,
        "processing_bounds_lonlat": {
          "west": -34.02261953510634,
          "south": -4.635741814291201,
          "east": -33.773378485409836,
          "north": -4.382724439414352
        },
        "cfar_count": 0,
        "yolo_count": 0,
        "has_cfar_detection": false,
        "has_yolo_detection": false,
        "has_detection": false
      }
    },
    {
      "type": "Feature",
      "geometry": {
        "type": "Polygon",
        "coordinates": [
          [
            [
              -33.966499844111326,
              -4.400159556873596
            ],
            [
              -34.005504304945916,
              -4.579122708177538
            ],
            [
              -34.181361953248405,
              -4.539941896295515
            ],
            [
              -34.14232578031847,
              -4.361033366471402
            ],
            [
              -33.966499844111326,
              -4.400159556873596
            ]
          ]
        ]
      },
      "properties": {
        "patch_id": 24,
        "tile_id": 24,
        "patch_number": 25,
        "patch_label": "P025",
        "name": "patch_0025_VV",
        "x_start": 22000,
        "y_start": 2000,
        "valid_x_end": 24000,
        "valid_y_end": 4000,
        "width": 2000,
        "height": 2000,
        "target_width": 2000,
        "target_height": 2000,
        "requires_padding": false,
        "processing_bbox_pixels": {
          "x0": 21840,
          "y0": 1840,
          "x1": 24160,
          "y1": 4160
        },
        "processing_requested_bbox_pixels": {
          "x0": 21840,
          "y0": 1840,
          "x1": 24160,
          "y1": 4160
        },
        "processing_width": 2320,
        "processing_height": 2320,
        "processing_target_width": 2320,
        "processing_target_height": 2320,
        "processing_requires_padding": false,
        "core_bbox_pixels": {
          "x0": 22000,
          "y0": 2000,
          "x1": 24000,
          "y1": 4000
        },
        "requested_bbox_pixels": {
          "x0": 22000,
          "y0": 2000,
          "x1": 24000,
          "y1": 4000
        },
        "halo_pixels": 160,
        "polarization": "VV",
        "display_bounds_lonlat": {
          "west": -34.1985589043731,
          "south": -4.5965815102492,
          "east": -33.94930796328404,
          "north": -4.343581241079924
        },
        "cfar_detection_count": 0,
        "yolo_detection_count": 0,
        "processing_bounds_lonlat": {
          "west": -34.1985589043731,
          "south": -4.5965815102492,
          "east": -33.94930796328404,
          "north": -4.343581241079924
        },
        "cfar_count": 0,
        "yolo_count": 0,
        "has_cfar_detection": false,
        "has_yolo_detection": false,
        "has_detection": false
      }
    },
    {
      "type": "Feature",
      "geometry": {
        "type": "Polygon",
        "coordinates": [
          [
            [
              -34.14241370621376,
              -4.361013789502287
            ],
            [
              -34.181449894283794,
              -4.539922291697973
            ],
            [
              -34.29774006591732,
              -4.513987395193851
            ],
            [
              -34.25868491145553,
              -4.3351157526536035
            ],
            [
              -34.14241370621376,
              -4.361013789502287
            ]
          ]
        ]
      },
      "properties": {
        "patch_id": 25,
        "tile_id": 25,
        "patch_number": 26,
        "patch_label": "P026",
        "name": "patch_0026_VV",
        "x_start": 24000,
        "y_start": 2000,
        "valid_x_end": 25324,
        "valid_y_end": 4000,
        "width": 2000,
        "height": 2000,
        "target_width": 2000,
        "target_height": 2000,
        "requires_padding": true,
        "processing_bbox_pixels": {
          "x0": 23840,
          "y0": 1840,
          "x1": 25324,
          "y1": 4160
        },
        "processing_requested_bbox_pixels": {
          "x0": 23840,
          "y0": 1840,
          "x1": 26160,
          "y1": 4160
        },
        "processing_width": 1484,
        "processing_height": 2320,
        "processing_target_width": 1484,
        "processing_target_height": 2320,
        "processing_requires_padding": false,
        "core_bbox_pixels": {
          "x0": 24000,
          "y0": 2000,
          "x1": 25324,
          "y1": 4000
        },
        "requested_bbox_pixels": {
          "x0": 24000,
          "y0": 2000,
          "x1": 26000,
          "y1": 4000
        },
        "halo_pixels": 160,
        "polarization": "VV",
        "display_bounds_lonlat": {
          "west": -34.30087084429215,
          "south": -4.5573788915700995,
          "east": -34.125221164293855,
          "north": -4.320798420139948
        },
        "cfar_detection_count": 0,
        "yolo_detection_count": 0,
        "processing_bounds_lonlat": {
          "west": -34.30087084429215,
          "south": -4.5573788915700995,
          "east": -34.125221164293855,
          "north": -4.320798420139948
        },
        "cfar_count": 0,
        "yolo_count": 0,
        "has_cfar_detection": false,
        "has_yolo_detection": false,
        "has_detection": false
      }
    },
    {
      "type": "Feature",
      "geometry": {
        "type": "Polygon",
        "coordinates": [
          [
            [
              -32.068858124597966,
              -5.0075607865882805
            ],
            [
              -32.10751655140405,
              -5.18700881346602
            ],
            [
              -32.283625637787125,
              -5.14827370541863
            ],
            [
              -32.24492862365436,
              -4.96886209083317
            ],
            [
              -32.068858124597966,
              -5.0075607865882805
            ]
          ]
        ]
      },
      "properties": {
        "patch_id": 26,
        "tile_id": 26,
        "patch_number": 27,
        "patch_label": "P027",
        "name": "patch_0027_VV",
        "x_start": 0,
        "y_start": 4000,
        "valid_x_end": 2000,
        "valid_y_end": 6000,
        "width": 2000,
        "height": 2000,
        "target_width": 2000,
        "target_height": 2000,
        "requires_padding": false,
        "processing_bbox_pixels": {
          "x0": 0,
          "y0": 3840,
          "x1": 2160,
          "y1": 6160
        },
        "processing_requested_bbox_pixels": {
          "x0": -160,
          "y0": 3840,
          "x1": 2160,
          "y1": 6160
        },
        "processing_width": 2160,
        "processing_height": 2320,
        "processing_target_width": 2160,
        "processing_target_height": 2320,
        "processing_requires_padding": false,
        "core_bbox_pixels": {
          "x0": 0,
          "y0": 4000,
          "x1": 2000,
          "y1": 6000
        },
        "requested_bbox_pixels": {
          "x0": 0,
          "y0": 4000,
          "x1": 2000,
          "y1": 6000
        },
        "halo_pixels": 160,
        "polarization": "VV",
        "display_bounds_lonlat": {
          "west": -32.30082190601495,
          "south": -5.201371428814927,
          "east": -32.065766228659186,
          "north": -4.951403032588496
        },
        "cfar_detection_count": 0,
        "yolo_detection_count": 0,
        "processing_bounds_lonlat": {
          "west": -32.30082190601495,
          "south": -5.201371428814927,
          "east": -32.065766228659186,
          "north": -4.951403032588496
        },
        "cfar_count": 0,
        "yolo_count": 0,
        "has_cfar_detection": false,
        "has_yolo_detection": false,
        "has_detection": false
      }
    },
    {
      "type": "Feature",
      "geometry": {
        "type": "Polygon",
        "coordinates": [
          [
            [
              -32.24501670279205,
              -4.968842722724673
            ],
            [
              -32.28371373177446,
              -5.148254318611251
            ],
            [
              -32.45980703893281,
              -5.109474969192009
            ],
            [
              -32.42106734273797,
              -4.93010138812995
            ],
            [
              -32.24501670279205,
              -4.968842722724673
            ]
          ]
        ]
      },
      "properties": {
        "patch_id": 27,
        "tile_id": 27,
        "patch_number": 28,
        "patch_label": "P028",
        "name": "patch_0028_VV",
        "x_start": 2000,
        "y_start": 4000,
        "valid_x_end": 4000,
        "valid_y_end": 6000,
        "width": 2000,
        "height": 2000,
        "target_width": 2000,
        "target_height": 2000,
        "requires_padding": false,
        "processing_bbox_pixels": {
          "x0": 1840,
          "y0": 3840,
          "x1": 4160,
          "y1": 6160
        },
        "processing_requested_bbox_pixels": {
          "x0": 1840,
          "y0": 3840,
          "x1": 4160,
          "y1": 6160
        },
        "processing_width": 2320,
        "processing_height": 2320,
        "processing_target_width": 2320,
        "processing_target_height": 2320,
        "processing_requires_padding": false,
        "core_bbox_pixels": {
          "x0": 2000,
          "y0": 4000,
          "x1": 4000,
          "y1": 6000
        },
        "requested_bbox_pixels": {
          "x0": 2000,
          "y0": 4000,
          "x1": 4000,
          "y1": 6000
        },
        "halo_pixels": 160,
        "polarization": "VV",
        "display_bounds_lonlat": {
          "west": -32.47700483583789,
          "south": -5.165716146668822,
          "east": -32.22782921849106,
          "north": -4.912640654845152
        },
        "cfar_detection_count": 0,
        "yolo_detection_count": 0,
        "processing_bounds_lonlat": {
          "west": -32.47700483583789,
          "south": -5.165716146668822,
          "east": -32.22782921849106,
          "north": -4.912640654845152
        },
        "cfar_count": 0,
        "yolo_count": 0,
        "has_cfar_detection": false,
        "has_yolo_detection": false,
        "has_detection": false
      }
    },
    {
      "type": "Feature",
      "geometry": {
        "type": "Polygon",
        "coordinates": [
          [
            [
              -32.42115540571766,
              -4.930081990626844
            ],
            [
              -32.459895122640305,
              -5.1094555522268035
            ],
            [
              -32.63596572255833,
              -5.07062729688975
            ],
            [
              -32.59718730203389,
              -4.891293010668262
            ],
            [
              -32.42115540571766,
              -4.930081990626844
            ]
          ]
        ]
      },
      "properties": {
        "patch_id": 28,
        "tile_id": 28,
        "patch_number": 29,
        "patch_label": "P029",
        "name": "patch_0029_VV",
        "x_start": 4000,
        "y_start": 4000,
        "valid_x_end": 6000,
        "valid_y_end": 6000,
        "width": 2000,
        "height": 2000,
        "target_width": 2000,
        "target_height": 2000,
        "requires_padding": false,
        "processing_bbox_pixels": {
          "x0": 3840,
          "y0": 3840,
          "x1": 6160,
          "y1": 6160
        },
        "processing_requested_bbox_pixels": {
          "x0": 3840,
          "y0": 3840,
          "x1": 6160,
          "y1": 6160
        },
        "processing_width": 2320,
        "processing_height": 2320,
        "processing_target_width": 2320,
        "processing_target_height": 2320,
        "processing_requires_padding": false,
        "core_bbox_pixels": {
          "x0": 4000,
          "y0": 4000,
          "x1": 6000,
          "y1": 6000
        },
        "requested_bbox_pixels": {
          "x0": 4000,
          "y0": 4000,
          "x1": 6000,
          "y1": 6000
        },
        "halo_pixels": 160,
        "polarization": "VV",
        "display_bounds_lonlat": {
          "west": -32.653165150101685,
          "south": -5.126919171045776,
          "east": -32.4039673701132,
          "north": -4.873833153291024
        },
        "cfar_detection_count": 0,
        "yolo_detection_count": 0,
        "processing_bounds_lonlat": {
          "west": -32.653165150101685,
          "south": -5.126919171045776,
          "east": -32.4039673701132,
          "north": -4.873833153291024
        },
        "cfar_count": 0,
        "yolo_count": 0,
        "has_cfar_detection": false,
        "has_yolo_detection": false,
        "has_detection": false
      }
    },
    {
      "type": "Feature",
      "geometry": {
        "type": "Polygon",
        "coordinates": [
          [
            [
              -32.59727535844196,
              -4.891273598844442
            ],
            [
              -32.63605379678268,
              -5.070607865206872
            ],
            [
              -32.81210388371222,
              -5.031732880842236
            ],
            [
              -32.77328666600245,
              -4.85243986609316
            ],
            [
              -32.59727535844196,
              -4.891273598844442
            ]
          ]
        ]
      },
      "properties": {
        "patch_id": 29,
        "tile_id": 29,
        "patch_number": 30,
        "patch_label": "P030",
        "name": "patch_0030_VV",
        "x_start": 6000,
        "y_start": 4000,
        "valid_x_end": 8000,
        "valid_y_end": 6000,
        "width": 2000,
        "height": 2000,
        "target_width": 2000,
        "target_height": 2000,
        "requires_padding": false,
        "processing_bbox_pixels": {
          "x0": 5840,
          "y0": 3840,
          "x1": 8160,
          "y1": 6160
        },
        "processing_requested_bbox_pixels": {
          "x0": 5840,
          "y0": 3840,
          "x1": 8160,
          "y1": 6160
        },
        "processing_width": 2320,
        "processing_height": 2320,
        "processing_target_width": 2320,
        "processing_target_height": 2320,
        "processing_requires_padding": false,
        "core_bbox_pixels": {
          "x0": 6000,
          "y0": 4000,
          "x1": 8000,
          "y1": 6000
        },
        "requested_bbox_pixels": {
          "x0": 6000,
          "y0": 4000,
          "x1": 8000,
          "y1": 6000
        },
        "halo_pixels": 160,
        "polarization": "VV",
        "display_bounds_lonlat": {
          "west": -32.82930503026958,
          "south": -5.088070676034745,
          "east": -32.58008525768463,
          "north": -4.8349787941983795
        },
        "cfar_detection_count": 0,
        "yolo_detection_count": 0,
        "processing_bounds_lonlat": {
          "west": -32.82930503026958,
          "south": -5.088070676034745,
          "east": -32.58008525768463,
          "north": -4.8349787941983795
        },
        "cfar_count": 0,
        "yolo_count": 0,
        "has_cfar_detection": false,
        "has_yolo_detection": false,
        "has_detection": false
      }
    },
    {
      "type": "Feature",
      "geometry": {
        "type": "Polygon",
        "coordinates": [
          [
            [
              -32.77337471058105,
              -4.852420425983844
            ],
            [
              -32.81219194857171,
              -5.031713419362772
            ],
            [
              -32.988222325503784,
              -4.992793233303711
            ],
            [
              -32.94936848459843,
              -4.813543392018737
            ],
            [
              -32.77337471058105,
              -4.852420425983844
            ]
          ]
        ]
      },
      "properties": {
        "patch_id": 30,
        "tile_id": 30,
        "patch_number": 31,
        "patch_label": "P031",
        "name": "patch_0031_VV",
        "x_start": 8000,
        "y_start": 4000,
        "valid_x_end": 10000,
        "valid_y_end": 6000,
        "width": 2000,
        "height": 2000,
        "target_width": 2000,
        "target_height": 2000,
        "requires_padding": false,
        "processing_bbox_pixels": {
          "x0": 7840,
          "y0": 3840,
          "x1": 10160,
          "y1": 6160
        },
        "processing_requested_bbox_pixels": {
          "x0": 7840,
          "y0": 3840,
          "x1": 10160,
          "y1": 6160
        },
        "processing_width": 2320,
        "processing_height": 2320,
        "processing_target_width": 2320,
        "processing_target_height": 2320,
        "processing_requires_padding": false,
        "core_bbox_pixels": {
          "x0": 8000,
          "y0": 4000,
          "x1": 10000,
          "y1": 6000
        },
        "requested_bbox_pixels": {
          "x0": 8000,
          "y0": 4000,
          "x1": 10000,
          "y1": 6000
        },
        "halo_pixels": 160,
        "polarization": "VV",
        "display_bounds_lonlat": {
          "west": -33.00542505312407,
          "south": -5.049177699097102,
          "east": -32.756183591546474,
          "north": -4.796082993360687
        },
        "cfar_detection_count": 0,
        "yolo_detection_count": 0,
        "processing_bounds_lonlat": {
          "west": -33.00542505312407,
          "south": -5.049177699097102,
          "east": -32.756183591546474,
          "north": -4.796082993360687
        },
        "cfar_count": 0,
        "yolo_count": 0,
        "has_cfar_detection": false,
        "has_yolo_detection": false,
        "has_detection": false
      }
    },
    {
      "type": "Feature",
      "geometry": {
        "type": "Polygon",
        "coordinates": [
          [
            [
              -32.94945652271253,
              -4.813523937588707
            ],
            [
              -32.98831038042985,
              -4.992773757121922
            ],
            [
              -33.164318828590325,
              -4.953804739928767
            ],
            [
              -33.12542673432162,
              -4.774599363849975
            ],
            [
              -32.94945652271253,
              -4.813523937588707
            ]
          ]
        ]
      },
      "properties": {
        "patch_id": 31,
        "tile_id": 31,
        "patch_number": 32,
        "patch_label": "P032",
        "name": "patch_0032_VV",
        "x_start": 10000,
        "y_start": 4000,
        "valid_x_end": 12000,
        "valid_y_end": 6000,
        "width": 2000,
        "height": 2000,
        "target_width": 2000,
        "target_height": 2000,
        "requires_padding": false,
        "processing_bbox_pixels": {
          "x0": 9840,
          "y0": 3840,
          "x1": 12160,
          "y1": 6160
        },
        "processing_requested_bbox_pixels": {
          "x0": 9840,
          "y0": 3840,
          "x1": 12160,
          "y1": 6160
        },
        "processing_width": 2320,
        "processing_height": 2320,
        "processing_target_width": 2320,
        "processing_target_height": 2320,
        "processing_requires_padding": false,
        "core_bbox_pixels": {
          "x0": 10000,
          "y0": 4000,
          "x1": 12000,
          "y1": 6000
        },
        "requested_bbox_pixels": {
          "x0": 10000,
          "y0": 4000,
          "x1": 12000,
          "y1": 6000
        },
        "halo_pixels": 160,
        "polarization": "VV",
        "display_bounds_lonlat": {
          "west": -33.18152283351395,
          "south": -5.010236938479749,
          "east": -32.93226351163773,
          "north": -4.757138507216158
        },
        "cfar_detection_count": 0,
        "yolo_detection_count": 0,
        "processing_bounds_lonlat": {
          "west": -33.18152283351395,
          "south": -5.010236938479749,
          "east": -32.93226351163773,
          "north": -4.757138507216158
        },
        "cfar_count": 0,
        "yolo_count": 0,
        "has_cfar_detection": false,
        "has_yolo_detection": false,
        "has_detection": false
      }
    },
    {
      "type": "Feature",
      "geometry": {
        "type": "Polygon",
        "coordinates": [
          [
            [
              -33.12551475805096,
              -4.7745798811551055
            ],
            [
              -33.16440687213976,
              -4.953785234688221
            ],
            [
              -33.340395800043765,
              -4.914773622593634
            ],
            [
              -33.30146838446058,
              -4.7356143694581965
            ],
            [
              -33.12551475805096,
              -4.7745798811551055
            ]
          ]
        ]
      },
      "properties": {
        "patch_id": 32,
        "tile_id": 32,
        "patch_number": 33,
        "patch_label": "P033",
        "name": "patch_0033_VV",
        "x_start": 12000,
        "y_start": 4000,
        "valid_x_end": 14000,
        "valid_y_end": 6000,
        "width": 2000,
        "height": 2000,
        "target_width": 2000,
        "target_height": 2000,
        "requires_padding": false,
        "processing_bbox_pixels": {
          "x0": 11840,
          "y0": 3840,
          "x1": 14160,
          "y1": 6160
        },
        "processing_requested_bbox_pixels": {
          "x0": 11840,
          "y0": 3840,
          "x1": 14160,
          "y1": 6160
        },
        "processing_width": 2320,
        "processing_height": 2320,
        "processing_target_width": 2320,
        "processing_target_height": 2320,
        "processing_requires_padding": false,
        "core_bbox_pixels": {
          "x0": 12000,
          "y0": 4000,
          "x1": 14000,
          "y1": 6000
        },
        "requested_bbox_pixels": {
          "x0": 12000,
          "y0": 4000,
          "x1": 14000,
          "y1": 6000
        },
        "halo_pixels": 160,
        "polarization": "VV",
        "display_bounds_lonlat": {
          "west": -33.3576008531724,
          "south": -4.971249490540153,
          "east": -33.108321157202134,
          "north": -4.718152818206539
        },
        "cfar_detection_count": 0,
        "yolo_detection_count": 0,
        "processing_bounds_lonlat": {
          "west": -33.3576008531724,
          "south": -4.971249490540153,
          "east": -33.108321157202134,
          "north": -4.718152818206539
        },
        "cfar_count": 0,
        "yolo_count": 0,
        "has_cfar_detection": false,
        "has_yolo_detection": false,
        "has_detection": false
      }
    },
    {
      "type": "Feature",
      "geometry": {
        "type": "Polygon",
        "coordinates": [
          [
            [
              -33.30155639507544,
              -4.735594859231009
            ],
            [
              -33.340483830602665,
              -4.914754088340375
            ],
            [
              -33.51645031304166,
              -4.8756935844128115
            ],
            [
              -33.47748689451223,
              -4.6965827026108435
            ],
            [
              -33.30155639507544,
              -4.735594859231009
            ]
          ]
        ]
      },
      "properties": {
        "patch_id": 33,
        "tile_id": 33,
        "patch_number": 34,
        "patch_label": "P034",
        "name": "patch_0034_VV",
        "x_start": 14000,
        "y_start": 4000,
        "valid_x_end": 16000,
        "valid_y_end": 6000,
        "width": 2000,
        "height": 2000,
        "target_width": 2000,
        "target_height": 2000,
        "requires_padding": false,
        "processing_bbox_pixels": {
          "x0": 13840,
          "y0": 3840,
          "x1": 16160,
          "y1": 6160
        },
        "processing_requested_bbox_pixels": {
          "x0": 13840,
          "y0": 3840,
          "x1": 16160,
          "y1": 6160
        },
        "processing_width": 2320,
        "processing_height": 2320,
        "processing_target_width": 2320,
        "processing_target_height": 2320,
        "processing_requires_padding": false,
        "core_bbox_pixels": {
          "x0": 14000,
          "y0": 4000,
          "x1": 16000,
          "y1": 6000
        },
        "requested_bbox_pixels": {
          "x0": 14000,
          "y0": 4000,
          "x1": 16000,
          "y1": 6000
        },
        "halo_pixels": 160,
        "polarization": "VV",
        "display_bounds_lonlat": {
          "west": -33.533656824731565,
          "south": -4.932217989158479,
          "east": -33.28436138592019,
          "north": -4.679122756413559
        },
        "cfar_detection_count": 0,
        "yolo_detection_count": 0,
        "processing_bounds_lonlat": {
          "west": -33.533656824731565,
          "south": -4.932217989158479,
          "east": -33.28436138592019,
          "north": -4.679122756413559
        },
        "cfar_count": 0,
        "yolo_count": 0,
        "has_cfar_detection": false,
        "has_yolo_detection": false,
        "has_detection": false
      }
    },
    {
      "type": "Feature",
      "geometry": {
        "type": "Polygon",
        "coordinates": [
          [
            [
              -33.47757490184687,
              -4.696563178439529
            ],
            [
              -33.516538335495056,
              -4.87567403581847
            ],
            [
              -33.692485678494265,
              -4.836570452445031
            ],
            [
              -33.65348663372053,
              -4.6575092262073134
            ],
            [
              -33.47757490184687,
              -4.696563178439529
            ]
          ]
        ]
      },
      "properties": {
        "patch_id": 34,
        "tile_id": 34,
        "patch_number": 35,
        "patch_label": "P035",
        "name": "patch_0035_VV",
        "x_start": 16000,
        "y_start": 4000,
        "valid_x_end": 18000,
        "valid_y_end": 6000,
        "width": 2000,
        "height": 2000,
        "target_width": 2000,
        "target_height": 2000,
        "requires_padding": false,
        "processing_bbox_pixels": {
          "x0": 15840,
          "y0": 3840,
          "x1": 18160,
          "y1": 6160
        },
        "processing_requested_bbox_pixels": {
          "x0": 15840,
          "y0": 3840,
          "x1": 18160,
          "y1": 6160
        },
        "processing_width": 2320,
        "processing_height": 2320,
        "processing_target_width": 2320,
        "processing_target_height": 2320,
        "processing_requires_padding": false,
        "core_bbox_pixels": {
          "x0": 16000,
          "y0": 4000,
          "x1": 18000,
          "y1": 6000
        },
        "requested_bbox_pixels": {
          "x0": 16000,
          "y0": 4000,
          "x1": 18000,
          "y1": 6000
        },
        "halo_pixels": 160,
        "polarization": "VV",
        "display_bounds_lonlat": {
          "west": -33.709693345416056,
          "south": -4.8931376777409685,
          "east": -33.46037844449259,
          "north": -4.640048864363448
        },
        "cfar_detection_count": 0,
        "yolo_detection_count": 0,
        "processing_bounds_lonlat": {
          "west": -33.709693345416056,
          "south": -4.8931376777409685,
          "east": -33.46037844449259,
          "north": -4.640048864363448
        },
        "cfar_count": 0,
        "yolo_count": 0,
        "has_cfar_detection": false,
        "has_yolo_detection": false,
        "has_detection": false
      }
    },
    {
      "type": "Feature",
      "geometry": {
        "type": "Polygon",
        "coordinates": [
          [
            [
              -33.65357462983535,
              -4.657489674514011
            ],
            [
              -33.692573688359694,
              -4.836550875199219
            ],
            [
              -33.86850275175939,
              -4.797401919521238
            ],
            [
              -33.829472368583936,
              -4.618392197442855
            ],
            [
              -33.65357462983535,
              -4.657489674514011
            ]
          ]
        ]
      },
      "properties": {
        "patch_id": 35,
        "tile_id": 35,
        "patch_number": 36,
        "patch_label": "P036",
        "name": "patch_0036_VV",
        "x_start": 18000,
        "y_start": 4000,
        "valid_x_end": 20000,
        "valid_y_end": 6000,
        "width": 2000,
        "height": 2000,
        "target_width": 2000,
        "target_height": 2000,
        "requires_padding": false,
        "processing_bbox_pixels": {
          "x0": 17840,
          "y0": 3840,
          "x1": 20160,
          "y1": 6160
        },
        "processing_requested_bbox_pixels": {
          "x0": 17840,
          "y0": 3840,
          "x1": 20160,
          "y1": 6160
        },
        "processing_width": 2320,
        "processing_height": 2320,
        "processing_target_width": 2320,
        "processing_target_height": 2320,
        "processing_requires_padding": false,
        "core_bbox_pixels": {
          "x0": 18000,
          "y0": 4000,
          "x1": 20000,
          "y1": 6000
        },
        "requested_bbox_pixels": {
          "x0": 18000,
          "y0": 4000,
          "x1": 20000,
          "y1": 6000
        },
        "halo_pixels": 160,
        "polarization": "VV",
        "display_bounds_lonlat": {
          "west": -33.88571269826973,
          "south": -4.854015107483356,
          "east": -33.636377394774186,
          "north": -4.600933793295881
        },
        "cfar_detection_count": 0,
        "yolo_detection_count": 0,
        "processing_bounds_lonlat": {
          "west": -33.88571269826973,
          "south": -4.854015107483356,
          "east": -33.636377394774186,
          "north": -4.600933793295881
        },
        "cfar_count": 0,
        "yolo_count": 0,
        "has_cfar_detection": false,
        "has_yolo_detection": false,
        "has_detection": false
      }
    },
    {
      "type": "Feature",
      "geometry": {
        "type": "Polygon",
        "coordinates": [
          [
            [
              -33.829560358260125,
              -4.618372632182016
            ],
            [
              -33.868590759003006,
              -4.79738232831093
            ],
            [
              -34.0444997997978,
              -4.758188603859585
            ],
            [
              -34.00543578506055,
              -4.579231832224066
            ],
            [
              -33.829560358260125,
              -4.618372632182016
            ]
          ]
        ]
      },
      "properties": {
        "patch_id": 36,
        "tile_id": 36,
        "patch_number": 37,
        "patch_label": "P037",
        "name": "patch_0037_VV",
        "x_start": 20000,
        "y_start": 4000,
        "valid_x_end": 22000,
        "valid_y_end": 6000,
        "width": 2000,
        "height": 2000,
        "target_width": 2000,
        "target_height": 2000,
        "requires_padding": false,
        "processing_bbox_pixels": {
          "x0": 19840,
          "y0": 3840,
          "x1": 22160,
          "y1": 6160
        },
        "processing_requested_bbox_pixels": {
          "x0": 19840,
          "y0": 3840,
          "x1": 22160,
          "y1": 6160
        },
        "processing_width": 2320,
        "processing_height": 2320,
        "processing_target_width": 2320,
        "processing_target_height": 2320,
        "processing_requires_padding": false,
        "core_bbox_pixels": {
          "x0": 20000,
          "y0": 4000,
          "x1": 22000,
          "y1": 6000
        },
        "requested_bbox_pixels": {
          "x0": 20000,
          "y0": 4000,
          "x1": 22000,
          "y1": 6000
        },
        "halo_pixels": 160,
        "polarization": "VV",
        "display_bounds_lonlat": {
          "west": -34.06171019722174,
          "south": -4.814844711387614,
          "east": -33.812361508866246,
          "north": -4.561773395746208
        },
        "cfar_detection_count": 0,
        "yolo_detection_count": 0,
        "processing_bounds_lonlat": {
          "west": -34.06171019722174,
          "south": -4.814844711387614,
          "east": -33.812361508866246,
          "north": -4.561773395746208
        },
        "cfar_count": 0,
        "yolo_count": 0,
        "has_cfar_detection": false,
        "has_yolo_detection": false,
        "has_detection": false
      }
    },
    {
      "type": "Feature",
      "geometry": {
        "type": "Polygon",
        "coordinates": [
          [
            [
              -34.005523763975546,
              -4.579212240194415
            ],
            [
              -34.044587792783645,
              -4.758168984720289
            ],
            [
              -34.220478266968286,
              -4.71893351012699
            ],
            [
              -34.181381427226285,
              -4.540031400988211
            ],
            [
              -34.005523763975546,
              -4.579212240194415
            ]
          ]
        ]
      },
      "properties": {
        "patch_id": 37,
        "tile_id": 37,
        "patch_number": 38,
        "patch_label": "P038",
        "name": "patch_0038_VV",
        "x_start": 22000,
        "y_start": 4000,
        "valid_x_end": 24000,
        "valid_y_end": 6000,
        "width": 2000,
        "height": 2000,
        "target_width": 2000,
        "target_height": 2000,
        "requires_padding": false,
        "processing_bbox_pixels": {
          "x0": 21840,
          "y0": 3840,
          "x1": 24160,
          "y1": 6160
        },
        "processing_requested_bbox_pixels": {
          "x0": 21840,
          "y0": 3840,
          "x1": 24160,
          "y1": 6160
        },
        "processing_width": 2320,
        "processing_height": 2320,
        "processing_target_width": 2320,
        "processing_target_height": 2320,
        "processing_requires_padding": false,
        "core_bbox_pixels": {
          "x0": 22000,
          "y0": 4000,
          "x1": 24000,
          "y1": 6000
        },
        "requested_bbox_pixels": {
          "x0": 22000,
          "y0": 4000,
          "x1": 24000,
          "y1": 6000
        },
        "halo_pixels": 160,
        "polarization": "VV",
        "display_bounds_lonlat": {
          "west": -34.23768303396571,
          "south": -4.7756315667181966,
          "east": -33.98832395377776,
          "north": -4.522575437478498
        },
        "cfar_detection_count": 0,
        "yolo_detection_count": 0,
        "processing_bounds_lonlat": {
          "west": -34.23768303396571,
          "south": -4.7756315667181966,
          "east": -33.98832395377776,
          "north": -4.522575437478498
        },
        "cfar_count": 0,
        "yolo_count": 0,
        "has_cfar_detection": false,
        "has_yolo_detection": false,
        "has_detection": false
      }
    },
    {
      "type": "Feature",
      "geometry": {
        "type": "Polygon",
        "coordinates": [
          [
            [
              -34.181469368267166,
              -4.540011796377109
            ],
            [
              -34.22056622540267,
              -4.718913877618266
            ],
            [
              -34.33687828339774,
              -4.69294120546821
            ],
            [
              -34.297759546630786,
              -4.514076882307119
            ],
            [
              -34.181469368267166,
              -4.540011796377109
            ]
          ]
        ]
      },
      "properties": {
        "patch_id": 38,
        "tile_id": 38,
        "patch_number": 39,
        "patch_label": "P039",
        "name": "patch_0039_VV",
        "x_start": 24000,
        "y_start": 4000,
        "valid_x_end": 25324,
        "valid_y_end": 6000,
        "width": 2000,
        "height": 2000,
        "target_width": 2000,
        "target_height": 2000,
        "requires_padding": true,
        "processing_bbox_pixels": {
          "x0": 23840,
          "y0": 3840,
          "x1": 25324,
          "y1": 6160
        },
        "processing_requested_bbox_pixels": {
          "x0": 23840,
          "y0": 3840,
          "x1": 26160,
          "y1": 6160
        },
        "processing_width": 1484,
        "processing_height": 2320,
        "processing_target_width": 1484,
        "processing_target_height": 2320,
        "processing_requires_padding": false,
        "core_bbox_pixels": {
          "x0": 24000,
          "y0": 4000,
          "x1": 25324,
          "y1": 6000
        },
        "requested_bbox_pixels": {
          "x0": 24000,
          "y0": 4000,
          "x1": 26000,
          "y1": 6000
        },
        "halo_pixels": 160,
        "polarization": "VV",
        "display_bounds_lonlat": {
          "west": -34.34001409212376,
          "south": -4.736374288554953,
          "east": -34.16426870704206,
          "north": -4.499760174168496
        },
        "cfar_detection_count": 0,
        "yolo_detection_count": 0,
        "processing_bounds_lonlat": {
          "west": -34.34001409212376,
          "south": -4.736374288554953,
          "east": -34.16426870704206,
          "north": -4.499760174168496
        },
        "cfar_count": 0,
        "yolo_count": 0,
        "has_cfar_detection": false,
        "has_yolo_detection": false,
        "has_detection": false
      }
    },
    {
      "type": "Feature",
      "geometry": {
        "type": "Polygon",
        "coordinates": [
          [
            [
              -32.107535909329584,
              -5.187098579811951
            ],
            [
              -32.14623479504379,
              -5.36654121897428
            ],
            [
              -32.32238946716047,
              -5.327769669432108
            ],
            [
              -32.28364501851562,
              -5.148363453549306
            ],
            [
              -32.107535909329584,
              -5.187098579811951
            ]
          ]
        ]
      },
      "properties": {
        "patch_id": 39,
        "tile_id": 39,
        "patch_number": 40,
        "patch_label": "P040",
        "name": "patch_0040_VV",
        "x_start": 0,
        "y_start": 6000,
        "valid_x_end": 2000,
        "valid_y_end": 8000,
        "width": 2000,
        "height": 2000,
        "target_width": 2000,
        "target_height": 2000,
        "requires_padding": false,
        "processing_bbox_pixels": {
          "x0": 0,
          "y0": 5840,
          "x1": 2160,
          "y1": 8160
        },
        "processing_requested_bbox_pixels": {
          "x0": -160,
          "y0": 5840,
          "x1": 2160,
          "y1": 8160
        },
        "processing_width": 2160,
        "processing_height": 2320,
        "processing_target_width": 2160,
        "processing_target_height": 2320,
        "processing_requires_padding": false,
        "core_bbox_pixels": {
          "x0": 0,
          "y0": 6000,
          "x1": 2000,
          "y1": 8000
        },
        "requested_bbox_pixels": {
          "x0": 0,
          "y0": 6000,
          "x1": 2000,
          "y1": 8000
        },
        "halo_pixels": 160,
        "polarization": "VV",
        "display_bounds_lonlat": {
          "west": -32.33959306074901,
          "south": -5.380903408914726,
          "east": -32.10444020095383,
          "north": -5.130901892439821
        },
        "cfar_detection_count": 0,
        "yolo_detection_count": 0,
        "processing_bounds_lonlat": {
          "west": -32.33959306074901,
          "south": -5.380903408914726,
          "east": -32.10444020095383,
          "north": -5.130901892439821
        },
        "cfar_count": 0,
        "yolo_count": 0,
        "has_cfar_detection": false,
        "has_yolo_detection": false,
        "has_detection": false
      }
    },
    {
      "type": "Feature",
      "geometry": {
        "type": "Polygon",
        "coordinates": [
          [
            [
              -32.283733112515144,
              -5.148344066732575
            ],
            [
              -32.32247758525321,
              -5.327750263937055
            ],
            [
              -32.49861141095593,
              -5.288932887522842
            ],
            [
              -32.45982643979741,
              -5.109564698296412
            ],
            [
              -32.283733112515144,
              -5.148344066732575
            ]
          ]
        ]
      },
      "properties": {
        "patch_id": 40,
        "tile_id": 40,
        "patch_number": 41,
        "patch_label": "P041",
        "name": "patch_0041_VV",
        "x_start": 2000,
        "y_start": 6000,
        "valid_x_end": 4000,
        "valid_y_end": 8000,
        "width": 2000,
        "height": 2000,
        "target_width": 2000,
        "target_height": 2000,
        "requires_padding": false,
        "processing_bbox_pixels": {
          "x0": 1840,
          "y0": 5840,
          "x1": 4160,
          "y1": 8160
        },
        "processing_requested_bbox_pixels": {
          "x0": 1840,
          "y0": 5840,
          "x1": 4160,
          "y1": 8160
        },
        "processing_width": 2320,
        "processing_height": 2320,
        "processing_target_width": 2320,
        "processing_target_height": 2320,
        "processing_requires_padding": false,
        "core_bbox_pixels": {
          "x0": 2000,
          "y0": 6000,
          "x1": 4000,
          "y1": 8000
        },
        "requested_bbox_pixels": {
          "x0": 2000,
          "y0": 6000,
          "x1": 4000,
          "y1": 8000
        },
        "halo_pixels": 160,
        "polarization": "VV",
        "display_bounds_lonlat": {
          "west": -32.51581630133848,
          "south": -5.345214635434896,
          "east": -32.266539246996125,
          "north": -5.092101365851544
        },
        "cfar_detection_count": 0,
        "yolo_detection_count": 0,
        "processing_bounds_lonlat": {
          "west": -32.51581630133848,
          "south": -5.345214635434896,
          "east": -32.266539246996125,
          "north": -5.092101365851544
        },
        "cfar_count": 0,
        "yolo_count": 0,
        "has_cfar_detection": false,
        "has_yolo_detection": false,
        "has_detection": false
      }
    },
    {
      "type": "Feature",
      "geometry": {
        "type": "Polygon",
        "coordinates": [
          [
            [
              -32.45991452351488,
              -5.10954528132147
            ],
            [
              -32.49869951455449,
              -5.288913451065239
            ],
            [
              -32.67480961875984,
              -5.2500455366503065
            ],
            [
              -32.63598514315131,
              -5.070717006165829
            ],
            [
              -32.45991452351488,
              -5.10954528132147
            ]
          ]
        ]
      },
      "properties": {
        "patch_id": 41,
        "tile_id": 41,
        "patch_number": 42,
        "patch_label": "P042",
        "name": "patch_0042_VV",
        "x_start": 4000,
        "y_start": 6000,
        "valid_x_end": 6000,
        "valid_y_end": 8000,
        "width": 2000,
        "height": 2000,
        "target_width": 2000,
        "target_height": 2000,
        "requires_padding": false,
        "processing_bbox_pixels": {
          "x0": 3840,
          "y0": 5840,
          "x1": 6160,
          "y1": 8160
        },
        "processing_requested_bbox_pixels": {
          "x0": 3840,
          "y0": 5840,
          "x1": 6160,
          "y1": 8160
        },
        "processing_width": 2320,
        "processing_height": 2320,
        "processing_target_width": 2320,
        "processing_target_height": 2320,
        "processing_requires_padding": false,
        "core_bbox_pixels": {
          "x0": 4000,
          "y0": 6000,
          "x1": 6000,
          "y1": 8000
        },
        "requested_bbox_pixels": {
          "x0": 4000,
          "y0": 6000,
          "x1": 6000,
          "y1": 8000
        },
        "halo_pixels": 160,
        "polarization": "VV",
        "display_bounds_lonlat": {
          "west": -32.69201625057298,
          "south": -5.306379761994625,
          "east": -32.44271899037571,
          "north": -5.053254484727368
        },
        "cfar_detection_count": 0,
        "yolo_detection_count": 0,
        "processing_bounds_lonlat": {
          "west": -32.69201625057298,
          "south": -5.306379761994625,
          "east": -32.44271899037571,
          "north": -5.053254484727368
        },
        "cfar_count": 0,
        "yolo_count": 0,
        "has_cfar_detection": false,
        "has_yolo_detection": false,
        "has_detection": false
      }
    },
    {
      "type": "Feature",
      "geometry": {
        "type": "Polygon",
        "coordinates": [
          [
            [
              -32.63607321738538,
              -5.070697574472833
            ],
            [
              -32.674897712582066,
              -5.25002608473199
            ],
            [
              -32.85098817425556,
              -5.21110968885916
            ],
            [
              -32.81212332441093,
              -5.031822569411336
            ],
            [
              -32.63607321738538,
              -5.070697574472833
            ]
          ]
        ]
      },
      "properties": {
        "patch_id": 42,
        "tile_id": 42,
        "patch_number": 43,
        "patch_label": "P043",
        "name": "patch_0043_VV",
        "x_start": 6000,
        "y_start": 6000,
        "valid_x_end": 8000,
        "valid_y_end": 8000,
        "width": 2000,
        "height": 2000,
        "target_width": 2000,
        "target_height": 2000,
        "requires_padding": false,
        "processing_bbox_pixels": {
          "x0": 5840,
          "y0": 5840,
          "x1": 8160,
          "y1": 8160
        },
        "processing_requested_bbox_pixels": {
          "x0": 5840,
          "y0": 5840,
          "x1": 8160,
          "y1": 8160
        },
        "processing_width": 2320,
        "processing_height": 2320,
        "processing_target_width": 2320,
        "processing_target_height": 2320,
        "processing_requires_padding": false,
        "core_bbox_pixels": {
          "x0": 6000,
          "y0": 6000,
          "x1": 8000,
          "y1": 8000
        },
        "requested_bbox_pixels": {
          "x0": 6000,
          "y0": 6000,
          "x1": 8000,
          "y1": 8000
        },
        "halo_pixels": 160,
        "polarization": "VV",
        "display_bounds_lonlat": {
          "west": -32.86819684370474,
          "south": -5.2674916691312745,
          "east": -32.61887604670204,
          "north": -5.014358605617125
        },
        "cfar_detection_count": 0,
        "yolo_detection_count": 0,
        "processing_bounds_lonlat": {
          "west": -32.86819684370474,
          "south": -5.2674916691312745,
          "east": -32.61887604670204,
          "north": -5.014358605617125
        },
        "cfar_count": 0,
        "yolo_count": 0,
        "has_cfar_detection": false,
        "has_yolo_detection": false,
        "has_detection": false
      }
    },
    {
      "type": "Feature",
      "geometry": {
        "type": "Polygon",
        "coordinates": [
          [
            [
              -32.81221138928058,
              -5.0318031079211805
            ],
            [
              -32.851076259371645,
              -5.211090206019415
            ],
            [
              -33.02714813270549,
              -5.172126864041318
            ],
            [
              -32.98824178706355,
              -4.992882900275279
            ],
            [
              -32.81221138928058,
              -5.0318031079211805
            ]
          ]
        ]
      },
      "properties": {
        "patch_id": 43,
        "tile_id": 43,
        "patch_number": 44,
        "patch_label": "P044",
        "name": "patch_0044_VV",
        "x_start": 8000,
        "y_start": 6000,
        "valid_x_end": 10000,
        "valid_y_end": 8000,
        "width": 2000,
        "height": 2000,
        "target_width": 2000,
        "target_height": 2000,
        "requires_padding": false,
        "processing_bbox_pixels": {
          "x0": 7840,
          "y0": 5840,
          "x1": 10160,
          "y1": 8160
        },
        "processing_requested_bbox_pixels": {
          "x0": 7840,
          "y0": 5840,
          "x1": 10160,
          "y1": 8160
        },
        "processing_width": 2320,
        "processing_height": 2320,
        "processing_target_width": 2320,
        "processing_target_height": 2320,
        "processing_requires_padding": false,
        "core_bbox_pixels": {
          "x0": 8000,
          "y0": 6000,
          "x1": 10000,
          "y1": 8000
        },
        "requested_bbox_pixels": {
          "x0": 8000,
          "y0": 6000,
          "x1": 10000,
          "y1": 8000
        },
        "halo_pixels": 160,
        "polarization": "VV",
        "display_bounds_lonlat": {
          "west": -33.044358152360395,
          "south": -5.228557408025845,
          "east": -32.79501259488141,
          "north": -4.975419550010522
        },
        "cfar_detection_count": 0,
        "yolo_detection_count": 0,
        "processing_bounds_lonlat": {
          "west": -33.044358152360395,
          "south": -5.228557408025845,
          "east": -32.79501259488141,
          "north": -4.975419550010522
        },
        "cfar_count": 0,
        "yolo_count": 0,
        "has_cfar_detection": false,
        "has_yolo_detection": false,
        "has_detection": false
      }
    },
    {
      "type": "Feature",
      "geometry": {
        "type": "Polygon",
        "coordinates": [
          [
            [
              -32.98832984200025,
              -4.992863424082608
            ],
            [
              -33.02723620876829,
              -5.172107366096888
            ],
            [
              -33.20328193458393,
              -5.1330934402540445
            ],
            [
              -33.16433830871733,
              -4.953894384435753
            ],
            [
              -32.98832984200025,
              -4.992863424082608
            ]
          ]
        ]
      },
      "properties": {
        "patch_id": 44,
        "tile_id": 44,
        "patch_number": 45,
        "patch_label": "P045",
        "name": "patch_0045_VV",
        "x_start": 10000,
        "y_start": 6000,
        "valid_x_end": 12000,
        "valid_y_end": 8000,
        "width": 2000,
        "height": 2000,
        "target_width": 2000,
        "target_height": 2000,
        "requires_padding": false,
        "processing_bbox_pixels": {
          "x0": 9840,
          "y0": 5840,
          "x1": 12160,
          "y1": 8160
        },
        "processing_requested_bbox_pixels": {
          "x0": 9840,
          "y0": 5840,
          "x1": 12160,
          "y1": 8160
        },
        "processing_width": 2320,
        "processing_height": 2320,
        "processing_target_width": 2320,
        "processing_target_height": 2320,
        "processing_requires_padding": false,
        "core_bbox_pixels": {
          "x0": 10000,
          "y0": 6000,
          "x1": 12000,
          "y1": 8000
        },
        "requested_bbox_pixels": {
          "x0": 10000,
          "y0": 6000,
          "x1": 12000,
          "y1": 8000
        },
        "halo_pixels": 160,
        "polarization": "VV",
        "display_bounds_lonlat": {
          "west": -33.22049293397797,
          "south": -5.1895735653785815,
          "east": -32.97112948344257,
          "north": -4.936430470200717
        },
        "cfar_detection_count": 0,
        "yolo_detection_count": 0,
        "processing_bounds_lonlat": {
          "west": -33.22049293397797,
          "south": -5.1895735653785815,
          "east": -32.97112948344257,
          "north": -4.936430470200717
        },
        "cfar_count": 0,
        "yolo_count": 0,
        "has_cfar_detection": false,
        "has_yolo_detection": false,
        "has_detection": false
      }
    },
    {
      "type": "Feature",
      "geometry": {
        "type": "Polygon",
        "coordinates": [
          [
            [
              -33.16442635227522,
              -4.953874879183562
            ],
            [
              -33.20336999516387,
              -5.133073911764774
            ],
            [
              -33.379398327812105,
              -5.094015716196243
            ],
            [
              -33.340415299974495,
              -4.914863243797355
            ],
            [
              -33.16442635227522,
              -4.953874879183562
            ]
          ]
        ]
      },
      "properties": {
        "patch_id": 45,
        "tile_id": 45,
        "patch_number": 46,
        "patch_label": "P046",
        "name": "patch_0046_VV",
        "x_start": 12000,
        "y_start": 6000,
        "valid_x_end": 14000,
        "valid_y_end": 8000,
        "width": 2000,
        "height": 2000,
        "target_width": 2000,
        "target_height": 2000,
        "requires_padding": false,
        "processing_bbox_pixels": {
          "x0": 11840,
          "y0": 5840,
          "x1": 14160,
          "y1": 8160
        },
        "processing_requested_bbox_pixels": {
          "x0": 11840,
          "y0": 5840,
          "x1": 14160,
          "y1": 8160
        },
        "processing_width": 2320,
        "processing_height": 2320,
        "processing_target_width": 2320,
        "processing_target_height": 2320,
        "processing_requires_padding": false,
        "core_bbox_pixels": {
          "x0": 12000,
          "y0": 6000,
          "x1": 14000,
          "y1": 8000
        },
        "requested_bbox_pixels": {
          "x0": 12000,
          "y0": 6000,
          "x1": 14000,
          "y1": 8000
        },
        "halo_pixels": 160,
        "polarization": "VV",
        "display_bounds_lonlat": {
          "west": -33.396609951426576,
          "south": -5.150541411743751,
          "east": -33.14722479083842,
          "north": -4.897398409252968
        },
        "cfar_detection_count": 0,
        "yolo_detection_count": 0,
        "processing_bounds_lonlat": {
          "west": -33.396609951426576,
          "south": -5.150541411743751,
          "east": -33.14722479083842,
          "north": -4.897398409252968
        },
        "cfar_count": 0,
        "yolo_count": 0,
        "has_cfar_detection": false,
        "has_yolo_detection": false,
        "has_detection": false
      }
    },
    {
      "type": "Feature",
      "geometry": {
        "type": "Polygon",
        "coordinates": [
          [
            [
              -33.340503330540834,
              -4.914843709532263
            ],
            [
              -33.379486373805946,
              -5.093996158250782
            ],
            [
              -33.55548691793024,
              -5.054887679595403
            ],
            [
              -33.51646982971529,
              -4.8757831816378845
            ],
            [
              -33.340503330540834,
              -4.914843709532263
            ]
          ]
        ]
      },
      "properties": {
        "patch_id": 46,
        "tile_id": 46,
        "patch_number": 47,
        "patch_label": "P047",
        "name": "patch_0047_VV",
        "x_start": 14000,
        "y_start": 6000,
        "valid_x_end": 16000,
        "valid_y_end": 8000,
        "width": 2000,
        "height": 2000,
        "target_width": 2000,
        "target_height": 2000,
        "requires_padding": false,
        "processing_bbox_pixels": {
          "x0": 13840,
          "y0": 5840,
          "x1": 16160,
          "y1": 8160
        },
        "processing_requested_bbox_pixels": {
          "x0": 13840,
          "y0": 5840,
          "x1": 16160,
          "y1": 8160
        },
        "processing_width": 2320,
        "processing_height": 2320,
        "processing_target_width": 2320,
        "processing_target_height": 2320,
        "processing_requires_padding": false,
        "core_bbox_pixels": {
          "x0": 14000,
          "y0": 6000,
          "x1": 16000,
          "y1": 8000
        },
        "requested_bbox_pixels": {
          "x0": 14000,
          "y0": 6000,
          "x1": 16000,
          "y1": 8000
        },
        "halo_pixels": 160,
        "polarization": "VV",
        "display_bounds_lonlat": {
          "west": -33.572701350571855,
          "south": -5.111463354566451,
          "east": -33.32330035602733,
          "north": -4.858319914360549
        },
        "cfar_detection_count": 0,
        "yolo_detection_count": 0,
        "processing_bounds_lonlat": {
          "west": -33.572701350571855,
          "south": -5.111463354566451,
          "east": -33.32330035602733,
          "north": -4.858319914360549
        },
        "cfar_count": 0,
        "yolo_count": 0,
        "has_cfar_detection": false,
        "has_yolo_detection": false,
        "has_detection": false
      }
    },
    {
      "type": "Feature",
      "geometry": {
        "type": "Polygon",
        "coordinates": [
          [
            [
              -33.51655785217846,
              -4.875763633031325
            ],
            [
              -33.555574959804936,
              -5.054868106545255
            ],
            [
              -33.73156226409117,
              -5.015714513740097
            ],
            [
              -33.692505215257995,
              -4.836660024647686
            ],
            [
              -33.51655785217846,
              -4.875763633031325
            ]
          ]
        ]
      },
      "properties": {
        "patch_id": 47,
        "tile_id": 47,
        "patch_number": 48,
        "patch_label": "P048",
        "name": "patch_0048_VV",
        "x_start": 16000,
        "y_start": 6000,
        "valid_x_end": 18000,
        "valid_y_end": 8000,
        "width": 2000,
        "height": 2000,
        "target_width": 2000,
        "target_height": 2000,
        "requires_padding": false,
        "processing_bbox_pixels": {
          "x0": 15840,
          "y0": 5840,
          "x1": 18160,
          "y1": 8160
        },
        "processing_requested_bbox_pixels": {
          "x0": 15840,
          "y0": 5840,
          "x1": 18160,
          "y1": 8160
        },
        "processing_width": 2320,
        "processing_height": 2320,
        "processing_target_width": 2320,
        "processing_target_height": 2320,
        "processing_requires_padding": false,
        "core_bbox_pixels": {
          "x0": 16000,
          "y0": 6000,
          "x1": 18000,
          "y1": 8000
        },
        "requested_bbox_pixels": {
          "x0": 16000,
          "y0": 6000,
          "x1": 18000,
          "y1": 8000
        },
        "halo_pixels": 160,
        "polarization": "VV",
        "display_bounds_lonlat": {
          "west": -33.748777196675306,
          "south": -5.072335138919155,
          "east": -33.49935387250894,
          "north": -4.819196173913253
        },
        "cfar_detection_count": 0,
        "yolo_detection_count": 0,
        "processing_bounds_lonlat": {
          "west": -33.748777196675306,
          "south": -5.072335138919155,
          "east": -33.49935387250894,
          "north": -4.819196173913253
        },
        "cfar_count": 0,
        "yolo_count": 0,
        "has_cfar_detection": false,
        "has_yolo_detection": false,
        "has_detection": false
      }
    },
    {
      "type": "Feature",
      "geometry": {
        "type": "Polygon",
        "coordinates": [
          [
            [
              -33.692593225131425,
              -4.836640447389275
            ],
            [
              -33.731650290349165,
              -5.015694911274878
            ],
            [
              -33.90761314703616,
              -4.976494774201269
            ],
            [
              -33.8685223053255,
              -4.797491466141146
            ],
            [
              -33.692593225131425,
              -4.836640447389275
            ]
          ]
        ]
      },
      "properties": {
        "patch_id": 48,
        "tile_id": 48,
        "patch_number": 49,
        "patch_label": "P049",
        "name": "patch_0049_VV",
        "x_start": 18000,
        "y_start": 6000,
        "valid_x_end": 20000,
        "valid_y_end": 8000,
        "width": 2000,
        "height": 2000,
        "target_width": 2000,
        "target_height": 2000,
        "requires_padding": false,
        "processing_bbox_pixels": {
          "x0": 17840,
          "y0": 5840,
          "x1": 20160,
          "y1": 8160
        },
        "processing_requested_bbox_pixels": {
          "x0": 17840,
          "y0": 5840,
          "x1": 20160,
          "y1": 8160
        },
        "processing_width": 2320,
        "processing_height": 2320,
        "processing_target_width": 2320,
        "processing_target_height": 2320,
        "processing_requires_padding": false,
        "core_bbox_pixels": {
          "x0": 18000,
          "y0": 6000,
          "x1": 20000,
          "y1": 8000
        },
        "requested_bbox_pixels": {
          "x0": 18000,
          "y0": 6000,
          "x1": 20000,
          "y1": 8000
        },
        "halo_pixels": 160,
        "polarization": "VV",
        "display_bounds_lonlat": {
          "west": -33.924830682126455,
          "south": -5.033162672448302,
          "east": -33.675388205032775,
          "north": -4.780029496561666
        },
        "cfar_detection_count": 0,
        "yolo_detection_count": 0,
        "processing_bounds_lonlat": {
          "west": -33.924830682126455,
          "south": -5.033162672448302,
          "east": -33.675388205032775,
          "north": -4.780029496561666
        },
        "cfar_count": 0,
        "yolo_count": 0,
        "has_cfar_detection": false,
        "has_yolo_detection": false,
        "has_detection": false
      }
    },
    {
      "type": "Feature",
      "geometry": {
        "type": "Polygon",
        "coordinates": [
          [
            [
              -33.86861031257793,
              -4.797471874917857
            ],
            [
              -33.907701171694114,
              -4.976475157007954
            ],
            [
              -34.083644646283005,
              -4.937227874651085
            ],
            [
              -34.044519370575486,
              -4.758278123672348
            ],
            [
              -33.86861031257793,
              -4.797471874917857
            ]
          ]
        ]
      },
      "properties": {
        "patch_id": 49,
        "tile_id": 49,
        "patch_number": 50,
        "patch_label": "P050",
        "name": "patch_0050_VV",
        "x_start": 20000,
        "y_start": 6000,
        "valid_x_end": 22000,
        "valid_y_end": 8000,
        "width": 2000,
        "height": 2000,
        "target_width": 2000,
        "target_height": 2000,
        "requires_padding": false,
        "processing_bbox_pixels": {
          "x0": 19840,
          "y0": 5840,
          "x1": 22160,
          "y1": 8160
        },
        "processing_requested_bbox_pixels": {
          "x0": 19840,
          "y0": 5840,
          "x1": 22160,
          "y1": 8160
        },
        "processing_width": 2320,
        "processing_height": 2320,
        "processing_target_width": 2320,
        "processing_target_height": 2320,
        "processing_requires_padding": false,
        "core_bbox_pixels": {
          "x0": 20000,
          "y0": 6000,
          "x1": 22000,
          "y1": 8000
        },
        "requested_bbox_pixels": {
          "x0": 20000,
          "y0": 6000,
          "x1": 22000,
          "y1": 8000
        },
        "halo_pixels": 160,
        "polarization": "VV",
        "display_bounds_lonlat": {
          "west": -34.10086249426795,
          "south": -4.993941130062035,
          "east": -33.85140315338843,
          "north": -4.740815965525129
        },
        "cfar_detection_count": 0,
        "yolo_detection_count": 0,
        "processing_bounds_lonlat": {
          "west": -34.10086249426795,
          "south": -4.993941130062035,
          "east": -33.85140315338843,
          "north": -4.740815965525129
        },
        "cfar_count": 0,
        "yolo_count": 0,
        "has_cfar_detection": false,
        "has_yolo_detection": false,
        "has_detection": false
      }
    },
    {
      "type": "Feature",
      "geometry": {
        "type": "Polygon",
        "coordinates": [
          [
            [
              -34.04460736356913,
              -4.758258504519307
            ],
            [
              -34.083732655024065,
              -4.937208228042698
            ],
            [
              -34.25965783234097,
              -4.897917792708824
            ],
            [
              -34.220497855210326,
              -4.719023002449902
            ],
            [
              -34.04460736356913,
              -4.758258504519307
            ]
          ]
        ]
      },
      "properties": {
        "patch_id": 50,
        "tile_id": 50,
        "patch_number": 51,
        "patch_label": "P051",
        "name": "patch_0051_VV",
        "x_start": 22000,
        "y_start": 6000,
        "valid_x_end": 24000,
        "valid_y_end": 8000,
        "width": 2000,
        "height": 2000,
        "target_width": 2000,
        "target_height": 2000,
        "requires_padding": false,
        "processing_bbox_pixels": {
          "x0": 21840,
          "y0": 5840,
          "x1": 24160,
          "y1": 8160
        },
        "processing_requested_bbox_pixels": {
          "x0": 21840,
          "y0": 5840,
          "x1": 24160,
          "y1": 8160
        },
        "processing_width": 2320,
        "processing_height": 2320,
        "processing_target_width": 2320,
        "processing_target_height": 2320,
        "processing_requires_padding": false,
        "core_bbox_pixels": {
          "x0": 22000,
          "y0": 6000,
          "x1": 24000,
          "y1": 8000
        },
        "requested_bbox_pixels": {
          "x0": 22000,
          "y0": 6000,
          "x1": 24000,
          "y1": 8000
        },
        "halo_pixels": 160,
        "polarization": "VV",
        "display_bounds_lonlat": {
          "west": -34.27686987356903,
          "south": -4.954674673240701,
          "east": -34.02739972929295,
          "north": -4.7015631584026245
        },
        "cfar_detection_count": 0,
        "yolo_detection_count": 0,
        "processing_bounds_lonlat": {
          "west": -34.27686987356903,
          "south": -4.954674673240701,
          "east": -34.02739972929295,
          "north": -4.7015631584026245
        },
        "cfar_count": 0,
        "yolo_count": 0,
        "has_cfar_detection": false,
        "has_yolo_detection": false,
        "has_detection": false
      }
    },
    {
      "type": "Feature",
      "geometry": {
        "type": "Polygon",
        "coordinates": [
          [
            [
              -34.22058581365352,
              -4.7190033699273615
            ],
            [
              -34.25974580825195,
              -4.897898132545372
            ],
            [
              -34.37607911795966,
              -4.871888582066647
            ],
            [
              -34.336897882204184,
              -4.693030679351741
            ],
            [
              -34.22058581365352,
              -4.7190033699273615
            ]
          ]
        ]
      },
      "properties": {
        "patch_id": 51,
        "tile_id": 51,
        "patch_number": 52,
        "patch_label": "P052",
        "name": "patch_0052_VV",
        "x_start": 24000,
        "y_start": 6000,
        "valid_x_end": 25324,
        "valid_y_end": 8000,
        "width": 2000,
        "height": 2000,
        "target_width": 2000,
        "target_height": 2000,
        "requires_padding": true,
        "processing_bbox_pixels": {
          "x0": 23840,
          "y0": 5840,
          "x1": 25324,
          "y1": 8160
        },
        "processing_requested_bbox_pixels": {
          "x0": 23840,
          "y0": 5840,
          "x1": 26160,
          "y1": 8160
        },
        "processing_width": 1484,
        "processing_height": 2320,
        "processing_target_width": 1484,
        "processing_target_height": 2320,
        "processing_requires_padding": false,
        "core_bbox_pixels": {
          "x0": 24000,
          "y0": 6000,
          "x1": 25324,
          "y1": 8000
        },
        "requested_bbox_pixels": {
          "x0": 24000,
          "y0": 6000,
          "x1": 26000,
          "y1": 8000
        },
        "halo_pixels": 160,
        "polarization": "VV",
        "display_bounds_lonlat": {
          "west": -34.37921971492872,
          "south": -4.915362410879291,
          "east": -34.20337659933183,
          "north": -4.678714610954199
        },
        "cfar_detection_count": 0,
        "yolo_detection_count": 0,
        "processing_bounds_lonlat": {
          "west": -34.37921971492872,
          "south": -4.915362410879291,
          "east": -34.20337659933183,
          "north": -4.678714610954199
        },
        "cfar_count": 0,
        "yolo_count": 0,
        "has_cfar_detection": false,
        "has_yolo_detection": false,
        "has_detection": false
      }
    },
    {
      "type": "Feature",
      "geometry": {
        "type": "Polygon",
        "coordinates": [
          [
            [
              -32.14625417520189,
              -5.366630982661408
            ],
            [
              -32.18499823793087,
              -5.546068201633751
            ],
            [
              -32.36119798756456,
              -5.507260031322059
            ],
            [
              -32.32240886993202,
              -5.327859414801965
            ],
            [
              -32.14625417520189,
              -5.366630982661408
            ]
          ]
        ]
      },
      "properties": {
        "patch_id": 52,
        "tile_id": 52,
        "patch_number": 53,
        "patch_label": "P053",
        "name": "patch_0053_VV",
        "x_start": 0,
        "y_start": 8000,
        "valid_x_end": 2000,
        "valid_y_end": 10000,
        "width": 2000,
        "height": 2000,
        "target_width": 2000,
        "target_height": 2000,
        "requires_padding": false,
        "processing_bbox_pixels": {
          "x0": 0,
          "y0": 7840,
          "x1": 2160,
          "y1": 10160
        },
        "processing_requested_bbox_pixels": {
          "x0": -160,
          "y0": 7840,
          "x1": 2160,
          "y1": 10160
        },
        "processing_width": 2160,
        "processing_height": 2320,
        "processing_target_width": 2160,
        "processing_target_height": 2320,
        "processing_requires_padding": false,
        "core_bbox_pixels": {
          "x0": 0,
          "y0": 8000,
          "x1": 2000,
          "y1": 10000
        },
        "requested_bbox_pixels": {
          "x0": 0,
          "y0": 8000,
          "x1": 2000,
          "y1": 10000
        },
        "halo_pixels": 160,
        "polarization": "VV",
        "display_bounds_lonlat": {
          "west": -32.37840829453995,
          "south": -5.560429927460306,
          "east": -32.14315449067272,
          "north": -5.310395369465452
        },
        "cfar_detection_count": 0,
        "yolo_detection_count": 0,
        "processing_bounds_lonlat": {
          "west": -32.37840829453995,
          "south": -5.560429927460306,
          "east": -32.14315449067272,
          "north": -5.310395369465452
        },
        "cfar_count": 0,
        "yolo_count": 0,
        "has_cfar_detection": false,
        "has_yolo_detection": false,
        "has_detection": false
      }
    },
    {
      "type": "Feature",
      "geometry": {
        "type": "Polygon",
        "coordinates": [
          [
            [
              -32.32249698803464,
              -5.327840009297749
            ],
            [
              -32.36128612549202,
              -5.507240607474801
            ],
            [
              -32.537464980581674,
              -5.468385310625127
            ],
            [
              -32.49863083637466,
              -5.289022613930184
            ],
            [
              -32.32249698803464,
              -5.327840009297749
            ]
          ]
        ]
      },
      "properties": {
        "patch_id": 53,
        "tile_id": 53,
        "patch_number": 54,
        "patch_label": "P054",
        "name": "patch_0054_VV",
        "x_start": 2000,
        "y_start": 8000,
        "valid_x_end": 4000,
        "valid_y_end": 10000,
        "width": 2000,
        "height": 2000,
        "target_width": 2000,
        "target_height": 2000,
        "requires_padding": false,
        "processing_bbox_pixels": {
          "x0": 1840,
          "y0": 7840,
          "x1": 4160,
          "y1": 10160
        },
        "processing_requested_bbox_pixels": {
          "x0": 1840,
          "y0": 7840,
          "x1": 4160,
          "y1": 10160
        },
        "processing_width": 2320,
        "processing_height": 2320,
        "processing_target_width": 2320,
        "processing_target_height": 2320,
        "processing_requires_padding": false,
        "core_bbox_pixels": {
          "x0": 2000,
          "y0": 8000,
          "x1": 4000,
          "y1": 10000
        },
        "requested_bbox_pixels": {
          "x0": 2000,
          "y0": 8000,
          "x1": 4000,
          "y1": 10000
        },
        "halo_pixels": 160,
        "polarization": "VV",
        "display_bounds_lonlat": {
          "west": -32.5546762747679,
          "south": -5.524707472390909,
          "east": -32.30529504593473,
          "north": -5.2715566681512716
        },
        "cfar_detection_count": 0,
        "yolo_detection_count": 0,
        "processing_bounds_lonlat": {
          "west": -32.5546762747679,
          "south": -5.524707472390909,
          "east": -32.30529504593473,
          "north": -5.2715566681512716
        },
        "cfar_count": 0,
        "yolo_count": 0,
        "has_cfar_detection": false,
        "has_yolo_detection": false,
        "has_detection": false
      }
    },
    {
      "type": "Feature",
      "geometry": {
        "type": "Polygon",
        "coordinates": [
          [
            [
              -32.49871893998248,
              -5.289003177462655
            ],
            [
              -32.53755310329077,
              -5.468365854313888
            ],
            [
              -32.713704368899386,
              -5.42945789599131
            ],
            [
              -32.674829064536766,
              -5.250135243025769
            ],
            [
              -32.49871893998248,
              -5.289003177462655
            ]
          ]
        ]
      },
      "properties": {
        "patch_id": 54,
        "tile_id": 54,
        "patch_number": 55,
        "patch_label": "P055",
        "name": "patch_0055_VV",
        "x_start": 4000,
        "y_start": 8000,
        "valid_x_end": 6000,
        "valid_y_end": 10000,
        "width": 2000,
        "height": 2000,
        "target_width": 2000,
        "target_height": 2000,
        "requires_padding": false,
        "processing_bbox_pixels": {
          "x0": 3840,
          "y0": 7840,
          "x1": 6160,
          "y1": 10160
        },
        "processing_requested_bbox_pixels": {
          "x0": 3840,
          "y0": 7840,
          "x1": 6160,
          "y1": 10160
        },
        "processing_width": 2320,
        "processing_height": 2320,
        "processing_target_width": 2320,
        "processing_target_height": 2320,
        "processing_requires_padding": false,
        "core_bbox_pixels": {
          "x0": 4000,
          "y0": 8000,
          "x1": 6000,
          "y1": 10000
        },
        "requested_bbox_pixels": {
          "x0": 4000,
          "y0": 8000,
          "x1": 6000,
          "y1": 10000
        },
        "halo_pixels": 160,
        "polarization": "VV",
        "display_bounds_lonlat": {
          "west": -32.730918325181975,
          "south": -5.485834877726572,
          "east": -32.48151579127459,
          "north": -5.2326700246144
        },
        "cfar_detection_count": 0,
        "yolo_detection_count": 0,
        "processing_bounds_lonlat": {
          "west": -32.730918325181975,
          "south": -5.485834877726572,
          "east": -32.48151579127459,
          "north": -5.2326700246144
        },
        "cfar_count": 0,
        "yolo_count": 0,
        "has_cfar_detection": false,
        "has_yolo_detection": false,
        "has_detection": false
      }
    },
    {
      "type": "Feature",
      "geometry": {
        "type": "Polygon",
        "coordinates": [
          [
            [
              -32.67491715837021,
              -5.250115791097334
            ],
            [
              -32.71379248500453,
              -5.429438423837556
            ],
            [
              -32.8899263487552,
              -5.390480315967103
            ],
            [
              -32.851007641830925,
              -5.211199374362533
            ],
            [
              -32.67491715837021,
              -5.250115791097334
            ]
          ]
        ]
      },
      "properties": {
        "patch_id": 55,
        "tile_id": 55,
        "patch_number": 56,
        "patch_label": "P056",
        "name": "patch_0056_VV",
        "x_start": 6000,
        "y_start": 8000,
        "valid_x_end": 8000,
        "valid_y_end": 10000,
        "width": 2000,
        "height": 2000,
        "target_width": 2000,
        "target_height": 2000,
        "requires_padding": false,
        "processing_bbox_pixels": {
          "x0": 5840,
          "y0": 7840,
          "x1": 8160,
          "y1": 10160
        },
        "processing_requested_bbox_pixels": {
          "x0": 5840,
          "y0": 7840,
          "x1": 8160,
          "y1": 10160
        },
        "processing_width": 2320,
        "processing_height": 2320,
        "processing_target_width": 2320,
        "processing_target_height": 2320,
        "processing_requires_padding": false,
        "core_bbox_pixels": {
          "x0": 6000,
          "y0": 8000,
          "x1": 8000,
          "y1": 10000
        },
        "requested_bbox_pixels": {
          "x0": 6000,
          "y0": 8000,
          "x1": 8000,
          "y1": 10000
        },
        "halo_pixels": 160,
        "polarization": "VV",
        "display_bounds_lonlat": {
          "west": -32.90714162497005,
          "south": -5.446906781808253,
          "east": -32.65771237395576,
          "north": -5.193732550866821
        },
        "cfar_detection_count": 0,
        "yolo_detection_count": 0,
        "processing_bounds_lonlat": {
          "west": -32.90714162497005,
          "south": -5.446906781808253,
          "east": -32.65771237395576,
          "north": -5.193732550866821
        },
        "cfar_count": 0,
        "yolo_count": 0,
        "has_cfar_detection": false,
        "has_yolo_detection": false,
        "has_detection": false
      }
    },
    {
      "type": "Feature",
      "geometry": {
        "type": "Polygon",
        "coordinates": [
          [
            [
              -32.85109572695645,
              -5.2111798915122876
            ],
            [
              -32.890014452763836,
              -5.3904608120767765
            ],
            [
              -33.066124625191776,
              -5.351454581727438
            ],
            [
              -33.02716761923545,
              -5.172216528112269
            ],
            [
              -32.85109572695645,
              -5.2111798915122876
            ]
          ]
        ]
      },
      "properties": {
        "patch_id": 56,
        "tile_id": 56,
        "patch_number": 57,
        "patch_label": "P057",
        "name": "patch_0057_VV",
        "x_start": 8000,
        "y_start": 8000,
        "valid_x_end": 10000,
        "valid_y_end": 10000,
        "width": 2000,
        "height": 2000,
        "target_width": 2000,
        "target_height": 2000,
        "requires_padding": false,
        "processing_bbox_pixels": {
          "x0": 7840,
          "y0": 7840,
          "x1": 10160,
          "y1": 10160
        },
        "processing_requested_bbox_pixels": {
          "x0": 7840,
          "y0": 7840,
          "x1": 10160,
          "y1": 10160
        },
        "processing_width": 2320,
        "processing_height": 2320,
        "processing_target_width": 2320,
        "processing_target_height": 2320,
        "processing_requires_padding": false,
        "core_bbox_pixels": {
          "x0": 8000,
          "y0": 8000,
          "x1": 10000,
          "y1": 10000
        },
        "requested_bbox_pixels": {
          "x0": 8000,
          "y0": 8000,
          "x1": 10000,
          "y1": 10000
        },
        "halo_pixels": 160,
        "polarization": "VV",
        "display_bounds_lonlat": {
          "west": -33.08334189243105,
          "south": -5.407930941950975,
          "east": -32.833888925326704,
          "north": -5.154750226240804
        },
        "cfar_detection_count": 0,
        "yolo_detection_count": 0,
        "processing_bounds_lonlat": {
          "west": -33.08334189243105,
          "south": -5.407930941950975,
          "east": -32.833888925326704,
          "north": -5.154750226240804
        },
        "cfar_count": 0,
        "yolo_count": 0,
        "has_cfar_detection": false,
        "has_yolo_detection": false,
        "has_detection": false
      }
    },
    {
      "type": "Feature",
      "geometry": {
        "type": "Polygon",
        "coordinates": [
          [
            [
              -33.02725569530774,
              -5.1721970301569575
            ],
            [
              -33.06621272061625,
              -5.351435062020368
            ],
            [
              -33.24229862659142,
              -5.312376190031887
            ],
            [
              -33.20330144120753,
              -5.133183081848807
            ],
            [
              -33.02725569530774,
              -5.1721970301569575
            ]
          ]
        ]
      },
      "properties": {
        "patch_id": 57,
        "tile_id": 57,
        "patch_number": 58,
        "patch_label": "P058",
        "name": "patch_0058_VV",
        "x_start": 10000,
        "y_start": 8000,
        "valid_x_end": 12000,
        "valid_y_end": 10000,
        "width": 2000,
        "height": 2000,
        "target_width": 2000,
        "target_height": 2000,
        "requires_padding": false,
        "processing_bbox_pixels": {
          "x0": 9840,
          "y0": 7840,
          "x1": 12160,
          "y1": 10160
        },
        "processing_requested_bbox_pixels": {
          "x0": 9840,
          "y0": 7840,
          "x1": 12160,
          "y1": 10160
        },
        "processing_width": 2320,
        "processing_height": 2320,
        "processing_target_width": 2320,
        "processing_target_height": 2320,
        "processing_requires_padding": false,
        "core_bbox_pixels": {
          "x0": 10000,
          "y0": 8000,
          "x1": 12000,
          "y1": 10000
        },
        "requested_bbox_pixels": {
          "x0": 10000,
          "y0": 8000,
          "x1": 12000,
          "y1": 10000
        },
        "halo_pixels": 160,
        "polarization": "VV",
        "display_bounds_lonlat": {
          "west": -33.25951691139168,
          "south": -5.3689042405510445,
          "east": -33.01004720926249,
          "north": -5.115716008674202
        },
        "cfar_detection_count": 0,
        "yolo_detection_count": 0,
        "processing_bounds_lonlat": {
          "west": -33.25951691139168,
          "south": -5.3689042405510445,
          "east": -33.01004720926249,
          "north": -5.115716008674202
        },
        "cfar_count": 0,
        "yolo_count": 0,
        "has_cfar_detection": false,
        "has_yolo_detection": false,
        "has_detection": false
      }
    },
    {
      "type": "Feature",
      "geometry": {
        "type": "Polygon",
        "coordinates": [
          [
            [
              -33.2033895017971,
              -5.133163553348274
            ],
            [
              -33.24238670676699,
              -5.312356638990604
            ],
            [
              -33.418451605575,
              -5.2732518695404025
            ],
            [
              -33.37941785252071,
              -5.0941053344859295
            ],
            [
              -33.2033895017971,
              -5.133163553348274
            ]
          ]
        ]
      },
      "properties": {
        "patch_id": 58,
        "tile_id": 58,
        "patch_number": 59,
        "patch_label": "P059",
        "name": "patch_0059_VV",
        "x_start": 12000,
        "y_start": 8000,
        "valid_x_end": 14000,
        "valid_y_end": 10000,
        "width": 2000,
        "height": 2000,
        "target_width": 2000,
        "target_height": 2000,
        "requires_padding": false,
        "processing_bbox_pixels": {
          "x0": 11840,
          "y0": 7840,
          "x1": 14160,
          "y1": 10160
        },
        "processing_requested_bbox_pixels": {
          "x0": 11840,
          "y0": 7840,
          "x1": 14160,
          "y1": 10160
        },
        "processing_width": 2320,
        "processing_height": 2320,
        "processing_target_width": 2320,
        "processing_target_height": 2320,
        "processing_requires_padding": false,
        "core_bbox_pixels": {
          "x0": 12000,
          "y0": 8000,
          "x1": 14000,
          "y1": 10000
        },
        "requested_bbox_pixels": {
          "x0": 12000,
          "y0": 8000,
          "x1": 14000,
          "y1": 10000
        },
        "halo_pixels": 160,
        "polarization": "VV",
        "display_bounds_lonlat": {
          "west": -33.43567178338961,
          "south": -5.329827230965839,
          "east": -33.18618034186126,
          "north": -5.076637291765194
        },
        "cfar_detection_count": 0,
        "yolo_detection_count": 0,
        "processing_bounds_lonlat": {
          "west": -33.43567178338961,
          "south": -5.329827230965839,
          "east": -33.18618034186126,
          "north": -5.076637291765194
        },
        "cfar_count": 0,
        "yolo_count": 0,
        "has_cfar_detection": false,
        "has_yolo_detection": false,
        "has_detection": false
      }
    },
    {
      "type": "Feature",
      "geometry": {
        "type": "Polygon",
        "coordinates": [
          [
            [
              -33.37950589852731,
              -5.09408577652844
            ],
            [
              -33.41853967680189,
              -5.273232287515725
            ],
            [
              -33.59458453442355,
              -5.234075101940764
            ],
            [
              -33.55550646486624,
              -5.054977273524637
            ],
            [
              -33.37950589852731,
              -5.09408577652844
            ]
          ]
        ]
      },
      "properties": {
        "patch_id": 59,
        "tile_id": 59,
        "patch_number": 60,
        "patch_label": "P060",
        "name": "patch_0060_VV",
        "x_start": 14000,
        "y_start": 8000,
        "valid_x_end": 16000,
        "valid_y_end": 10000,
        "width": 2000,
        "height": 2000,
        "target_width": 2000,
        "target_height": 2000,
        "requires_padding": false,
        "processing_bbox_pixels": {
          "x0": 13840,
          "y0": 7840,
          "x1": 16160,
          "y1": 10160
        },
        "processing_requested_bbox_pixels": {
          "x0": 13840,
          "y0": 7840,
          "x1": 16160,
          "y1": 10160
        },
        "processing_width": 2320,
        "processing_height": 2320,
        "processing_target_width": 2320,
        "processing_target_height": 2320,
        "processing_requires_padding": false,
        "core_bbox_pixels": {
          "x0": 14000,
          "y0": 8000,
          "x1": 16000,
          "y1": 10000
        },
        "requested_bbox_pixels": {
          "x0": 14000,
          "y0": 8000,
          "x1": 16000,
          "y1": 10000
        },
        "halo_pixels": 160,
        "polarization": "VV",
        "display_bounds_lonlat": {
          "west": -33.61180628184013,
          "south": -5.2907027925856545,
          "east": -33.362295090751445,
          "north": -5.037510701853025
        },
        "cfar_detection_count": 0,
        "yolo_detection_count": 0,
        "processing_bounds_lonlat": {
          "west": -33.61180628184013,
          "south": -5.2907027925856545,
          "east": -33.362295090751445,
          "north": -5.037510701853025
        },
        "cfar_count": 0,
        "yolo_count": 0,
        "has_cfar_detection": false,
        "has_yolo_detection": false,
        "has_detection": false
      }
    },
    {
      "type": "Feature",
      "geometry": {
        "type": "Polygon",
        "coordinates": [
          [
            [
              -33.555594506749586,
              -5.054957700462081
            ],
            [
              -33.594672593912684,
              -5.234055504099342
            ],
            [
              -33.77069638683494,
              -5.19485209942941
            ],
            [
              -33.73158182926215,
              -5.01580408274855
            ],
            [
              -33.555594506749586,
              -5.054957700462081
            ]
          ]
        ]
      },
      "properties": {
        "patch_id": 60,
        "tile_id": 60,
        "patch_number": 61,
        "patch_label": "P061",
        "name": "patch_0061_VV",
        "x_start": 16000,
        "y_start": 8000,
        "valid_x_end": 18000,
        "valid_y_end": 10000,
        "width": 2000,
        "height": 2000,
        "target_width": 2000,
        "target_height": 2000,
        "requires_padding": false,
        "processing_bbox_pixels": {
          "x0": 15840,
          "y0": 7840,
          "x1": 18160,
          "y1": 10160
        },
        "processing_requested_bbox_pixels": {
          "x0": 15840,
          "y0": 7840,
          "x1": 18160,
          "y1": 10160
        },
        "processing_width": 2320,
        "processing_height": 2320,
        "processing_target_width": 2320,
        "processing_target_height": 2320,
        "processing_requires_padding": false,
        "core_bbox_pixels": {
          "x0": 16000,
          "y0": 8000,
          "x1": 18000,
          "y1": 10000
        },
        "requested_bbox_pixels": {
          "x0": 16000,
          "y0": 8000,
          "x1": 18000,
          "y1": 10000
        },
        "halo_pixels": 160,
        "polarization": "VV",
        "display_bounds_lonlat": {
          "west": -33.787919434355246,
          "south": -5.251525981332774,
          "east": -33.5383820743113,
          "north": -4.998336806917329
        },
        "cfar_detection_count": 0,
        "yolo_detection_count": 0,
        "processing_bounds_lonlat": {
          "west": -33.787919434355246,
          "south": -5.251525981332774,
          "east": -33.5383820743113,
          "north": -4.998336806917329
        },
        "cfar_count": 0,
        "yolo_count": 0,
        "has_cfar_detection": false,
        "has_yolo_detection": false,
        "has_detection": false
      }
    },
    {
      "type": "Feature",
      "geometry": {
        "type": "Polygon",
        "coordinates": [
          [
            [
              -33.73166985553195,
              -5.015784480270542
            ],
            [
              -33.77078443629216,
              -5.194832471357771
            ],
            [
              -33.94678479892662,
              -5.1555804310775475
            ],
            [
              -33.90763273091529,
              -4.976584317245175
            ],
            [
              -33.73166985553195,
              -5.015784480270542
            ]
          ]
        ]
      },
      "properties": {
        "patch_id": 61,
        "tile_id": 61,
        "patch_number": 62,
        "patch_label": "P062",
        "name": "patch_0062_VV",
        "x_start": 18000,
        "y_start": 8000,
        "valid_x_end": 20000,
        "valid_y_end": 10000,
        "width": 2000,
        "height": 2000,
        "target_width": 2000,
        "target_height": 2000,
        "requires_padding": false,
        "processing_bbox_pixels": {
          "x0": 17840,
          "y0": 7840,
          "x1": 20160,
          "y1": 10160
        },
        "processing_requested_bbox_pixels": {
          "x0": 17840,
          "y0": 7840,
          "x1": 20160,
          "y1": 10160
        },
        "processing_width": 2320,
        "processing_height": 2320,
        "processing_target_width": 2320,
        "processing_target_height": 2320,
        "processing_requires_padding": false,
        "core_bbox_pixels": {
          "x0": 18000,
          "y0": 8000,
          "x1": 20000,
          "y1": 10000
        },
        "requested_bbox_pixels": {
          "x0": 18000,
          "y0": 8000,
          "x1": 20000,
          "y1": 10000
        },
        "halo_pixels": 160,
        "polarization": "VV",
        "display_bounds_lonlat": {
          "west": -33.96400934650752,
          "south": -5.212303823342449,
          "east": -33.71445695338036,
          "north": -4.959118829372938
        },
        "cfar_detection_count": 0,
        "yolo_detection_count": 0,
        "processing_bounds_lonlat": {
          "west": -33.96400934650752,
          "south": -5.212303823342449,
          "east": -33.71445695338036,
          "north": -4.959118829372938
        },
        "cfar_count": 0,
        "yolo_count": 0,
        "has_cfar_detection": false,
        "has_yolo_detection": false,
        "has_detection": false
      }
    },
    {
      "type": "Feature",
      "geometry": {
        "type": "Polygon",
        "coordinates": [
          [
            [
              -33.90772075558017,
              -4.976564700038687
            ],
            [
              -33.9468728379632,
              -5.155560787565754
            ],
            [
              -34.12285146929724,
              -5.116260423224169
            ],
            [
              -34.083664247629535,
              -4.937317391170112
            ],
            [
              -33.90772075558017,
              -4.976564700038687
            ]
          ]
        ]
      },
      "properties": {
        "patch_id": 62,
        "tile_id": 62,
        "patch_number": 63,
        "patch_label": "P063",
        "name": "patch_0063_VV",
        "x_start": 20000,
        "y_start": 8000,
        "valid_x_end": 22000,
        "valid_y_end": 10000,
        "width": 2000,
        "height": 2000,
        "target_width": 2000,
        "target_height": 2000,
        "requires_padding": false,
        "processing_bbox_pixels": {
          "x0": 19840,
          "y0": 7840,
          "x1": 22160,
          "y1": 10160
        },
        "processing_requested_bbox_pixels": {
          "x0": 19840,
          "y0": 7840,
          "x1": 22160,
          "y1": 10160
        },
        "processing_width": 2320,
        "processing_height": 2320,
        "processing_target_width": 2320,
        "processing_target_height": 2320,
        "processing_requires_padding": false,
        "core_bbox_pixels": {
          "x0": 20000,
          "y0": 8000,
          "x1": 22000,
          "y1": 10000
        },
        "requested_bbox_pixels": {
          "x0": 20000,
          "y0": 8000,
          "x1": 22000,
          "y1": 10000
        },
        "halo_pixels": 160,
        "polarization": "VV",
        "display_bounds_lonlat": {
          "west": -34.14007712194882,
          "south": -5.173030455983396,
          "east": -33.890505139969065,
          "north": -4.919851468194
        },
        "cfar_detection_count": 0,
        "yolo_detection_count": 0,
        "processing_bounds_lonlat": {
          "west": -34.14007712194882,
          "south": -5.173030455983396,
          "east": -33.890505139969065,
          "north": -4.919851468194
        },
        "cfar_count": 0,
        "yolo_count": 0,
        "has_cfar_detection": false,
        "has_yolo_detection": false,
        "has_detection": false
      }
    },
    {
      "type": "Feature",
      "geometry": {
        "type": "Polygon",
        "coordinates": [
          [
            [
              -34.0837522563799,
              -4.93729774454817
            ],
            [
              -34.122939496456205,
              -5.116240749507931
            ],
            [
              -34.29889610035613,
              -5.076895203590825
            ],
            [
              -34.25967744921078,
              -4.898007281659005
            ],
            [
              -34.0837522563799,
              -4.93729774454817
            ]
          ]
        ]
      },
      "properties": {
        "patch_id": 63,
        "tile_id": 63,
        "patch_number": 64,
        "patch_label": "P064",
        "name": "patch_0064_VV",
        "x_start": 22000,
        "y_start": 8000,
        "valid_x_end": 24000,
        "valid_y_end": 10000,
        "width": 2000,
        "height": 2000,
        "target_width": 2000,
        "target_height": 2000,
        "requires_padding": false,
        "processing_bbox_pixels": {
          "x0": 21840,
          "y0": 7840,
          "x1": 24160,
          "y1": 10160
        },
        "processing_requested_bbox_pixels": {
          "x0": 21840,
          "y0": 7840,
          "x1": 24160,
          "y1": 10160
        },
        "processing_width": 2320,
        "processing_height": 2320,
        "processing_target_width": 2320,
        "processing_target_height": 2320,
        "processing_requires_padding": false,
        "core_bbox_pixels": {
          "x0": 22000,
          "y0": 8000,
          "x1": 24000,
          "y1": 10000
        },
        "requested_bbox_pixels": {
          "x0": 22000,
          "y0": 8000,
          "x1": 24000,
          "y1": 10000
        },
        "halo_pixels": 160,
        "polarization": "VV",
        "display_bounds_lonlat": {
          "west": -34.31611619033643,
          "south": -5.133710951838741,
          "east": -34.06653643979013,
          "north": -4.88054364979932
        },
        "cfar_detection_count": 0,
        "yolo_detection_count": 0,
        "processing_bounds_lonlat": {
          "west": -34.31611619033643,
          "south": -5.133710951838741,
          "east": -34.06653643979013,
          "north": -4.88054364979932
        },
        "cfar_count": 0,
        "yolo_count": 0,
        "has_cfar_detection": false,
        "has_yolo_detection": false,
        "has_detection": false
      }
    },
    {
      "type": "Feature",
      "geometry": {
        "type": "Polygon",
        "coordinates": [
          [
            [
              -34.25976542512938,
              -4.897987621481544
            ],
            [
              -34.298984091803675,
              -5.076875515411402
            ],
            [
              -34.415341141260726,
              -5.050828608682503
            ],
            [
              -34.376098746691454,
              -4.871978052324693
            ],
            [
              -34.25976542512938,
              -4.897987621481544
            ]
          ]
        ]
      },
      "properties": {
        "patch_id": 64,
        "tile_id": 64,
        "patch_number": 65,
        "patch_label": "P065",
        "name": "patch_0065_VV",
        "x_start": 24000,
        "y_start": 8000,
        "valid_x_end": 25324,
        "valid_y_end": 10000,
        "width": 2000,
        "height": 2000,
        "target_width": 2000,
        "target_height": 2000,
        "requires_padding": true,
        "processing_bbox_pixels": {
          "x0": 23840,
          "y0": 7840,
          "x1": 25324,
          "y1": 10160
        },
        "processing_requested_bbox_pixels": {
          "x0": 23840,
          "y0": 7840,
          "x1": 26160,
          "y1": 10160
        },
        "processing_width": 1484,
        "processing_height": 2320,
        "processing_target_width": 1484,
        "processing_target_height": 2320,
        "processing_requires_padding": false,
        "core_bbox_pixels": {
          "x0": 24000,
          "y0": 8000,
          "x1": 25324,
          "y1": 10000
        },
        "requested_bbox_pixels": {
          "x0": 24000,
          "y0": 8000,
          "x1": 26000,
          "y1": 10000
        },
        "halo_pixels": 160,
        "polarization": "VV",
        "display_bounds_lonlat": {
          "west": -34.41848714167395,
          "south": -5.09434367359842,
          "east": -34.242547656926334,
          "north": -4.85766262504977
        },
        "cfar_detection_count": 0,
        "yolo_detection_count": 0,
        "processing_bounds_lonlat": {
          "west": -34.41848714167395,
          "south": -5.09434367359842,
          "east": -34.242547656926334,
          "north": -4.85766262504977
        },
        "cfar_count": 0,
        "yolo_count": 0,
        "has_cfar_detection": false,
        "has_yolo_detection": false,
        "has_detection": false
      }
    },
    {
      "type": "Feature",
      "geometry": {
        "type": "Polygon",
        "coordinates": [
          [
            [
              -32.185017641252955,
              -5.546157962420168
            ],
            [
              -32.22380787060045,
              -5.725589382172819
            ],
            [
              -32.40005109613669,
              -5.686744742107267
            ],
            [
              -32.36121741239066,
              -5.507349773893222
            ],
            [
              -32.185017641252955,
              -5.546157962420168
            ]
          ]
        ]
      },
      "properties": {
        "patch_id": 65,
        "tile_id": 65,
        "patch_number": 66,
        "patch_label": "P066",
        "name": "patch_0066_VV",
        "x_start": 0,
        "y_start": 10000,
        "valid_x_end": 2000,
        "valid_y_end": 12000,
        "width": 2000,
        "height": 2000,
        "target_width": 2000,
        "target_height": 2000,
        "requires_padding": false,
        "processing_bbox_pixels": {
          "x0": 0,
          "y0": 9840,
          "x1": 2160,
          "y1": 12160
        },
        "processing_requested_bbox_pixels": {
          "x0": -160,
          "y0": 9840,
          "x1": 2160,
          "y1": 12160
        },
        "processing_width": 2160,
        "processing_height": 2320,
        "processing_target_width": 2160,
        "processing_target_height": 2320,
        "processing_requires_padding": false,
        "core_bbox_pixels": {
          "x0": 0,
          "y0": 10000,
          "x1": 2000,
          "y1": 12000
        },
        "requested_bbox_pixels": {
          "x0": 0,
          "y0": 10000,
          "x1": 2000,
          "y1": 12000
        },
        "halo_pixels": 160,
        "polarization": "VV",
        "display_bounds_lonlat": {
          "west": -32.417268212104005,
          "south": -5.7399507212657985,
          "east": -32.181913665729816,
          "north": -5.489883317012879
        },
        "cfar_detection_count": 0,
        "yolo_detection_count": 1,
        "processing_bounds_lonlat": {
          "west": -32.417268212104005,
          "south": -5.7399507212657985,
          "east": -32.181913665729816,
          "north": -5.489883317012879
        },
        "cfar_count": 0,
        "yolo_count": 1,
        "has_cfar_detection": false,
        "has_yolo_detection": true,
        "has_detection": true
      }
    },
    {
      "type": "Feature",
      "geometry": {
        "type": "Polygon",
        "coordinates": [
          [
            [
              -32.36130555032844,
              -5.507330350036609
            ],
            [
              -32.400139255030474,
              -5.686725299551773
            ],
            [
              -32.57636043423508,
              -5.64783185330786
            ],
            [
              -32.53748442623867,
              -5.468475034131853
            ],
            [
              -32.36130555032844,
              -5.507330350036609
            ]
          ]
        ]
      },
      "properties": {
        "patch_id": 66,
        "tile_id": 66,
        "patch_number": 67,
        "patch_label": "P067",
        "name": "patch_0067_VV",
        "x_start": 2000,
        "y_start": 10000,
        "valid_x_end": 4000,
        "valid_y_end": 12000,
        "width": 2000,
        "height": 2000,
        "target_width": 2000,
        "target_height": 2000,
        "requires_padding": false,
        "processing_bbox_pixels": {
          "x0": 1840,
          "y0": 9840,
          "x1": 4160,
          "y1": 12160
        },
        "processing_requested_bbox_pixels": {
          "x0": 1840,
          "y0": 9840,
          "x1": 4160,
          "y1": 12160
        },
        "processing_width": 2320,
        "processing_height": 2320,
        "processing_target_width": 2320,
        "processing_target_height": 2320,
        "processing_requires_padding": false,
        "core_bbox_pixels": {
          "x0": 2000,
          "y0": 10000,
          "x1": 4000,
          "y1": 12000
        },
        "requested_bbox_pixels": {
          "x0": 2000,
          "y0": 10000,
          "x1": 4000,
          "y1": 12000
        },
        "halo_pixels": 160,
        "polarization": "VV",
        "display_bounds_lonlat": {
          "west": -32.59357994431051,
          "south": -5.704194732361724,
          "east": -32.34409629575211,
          "north": -5.451006446180902
        },
        "cfar_detection_count": 0,
        "yolo_detection_count": 0,
        "processing_bounds_lonlat": {
          "west": -32.59357994431051,
          "south": -5.704194732361724,
          "east": -32.34409629575211,
          "north": -5.451006446180902
        },
        "cfar_count": 0,
        "yolo_count": 0,
        "has_cfar_detection": false,
        "has_yolo_detection": false,
        "has_detection": false
      }
    },
    {
      "type": "Feature",
      "geometry": {
        "type": "Polygon",
        "coordinates": [
          [
            [
              -32.53757254896124,
              -5.468455577810688
            ],
            [
              -32.57644858335728,
              -5.6478123771429845
            ],
            [
              -32.75264705824403,
              -5.608864374912763
            ],
            [
              -32.71372383835169,
              -5.429547599466155
            ],
            [
              -32.53757254896124,
              -5.468455577810688
            ]
          ]
        ]
      },
      "properties": {
        "patch_id": 67,
        "tile_id": 67,
        "patch_number": 68,
        "patch_label": "P068",
        "name": "patch_0068_VV",
        "x_start": 4000,
        "y_start": 10000,
        "valid_x_end": 6000,
        "valid_y_end": 12000,
        "width": 2000,
        "height": 2000,
        "target_width": 2000,
        "target_height": 2000,
        "requires_padding": false,
        "processing_bbox_pixels": {
          "x0": 3840,
          "y0": 9840,
          "x1": 6160,
          "y1": 12160
        },
        "processing_requested_bbox_pixels": {
          "x0": 3840,
          "y0": 9840,
          "x1": 6160,
          "y1": 12160
        },
        "processing_width": 2320,
        "processing_height": 2320,
        "processing_target_width": 2320,
        "processing_target_height": 2320,
        "processing_requires_padding": false,
        "core_bbox_pixels": {
          "x0": 4000,
          "y0": 10000,
          "x1": 6000,
          "y1": 12000
        },
        "requested_bbox_pixels": {
          "x0": 4000,
          "y0": 10000,
          "x1": 6000,
          "y1": 12000
        },
        "halo_pixels": 160,
        "polarization": "VV",
        "display_bounds_lonlat": {
          "west": -32.76986805308795,
          "south": -5.665284113038966,
          "east": -32.52036241504849,
          "north": -5.412079686670201
        },
        "cfar_detection_count": 0,
        "yolo_detection_count": 0,
        "processing_bounds_lonlat": {
          "west": -32.76986805308795,
          "south": -5.665284113038966,
          "east": -32.52036241504849,
          "north": -5.412079686670201
        },
        "cfar_count": 0,
        "yolo_count": 0,
        "has_cfar_detection": false,
        "has_yolo_detection": false,
        "has_detection": false
      }
    },
    {
      "type": "Feature",
      "geometry": {
        "type": "Polygon",
        "coordinates": [
          [
            [
              -32.71381195446692,
              -5.429528127302284
            ],
            [
              -32.75273519478491,
              -5.60884488252357
            ],
            [
              -32.92891059242661,
              -5.569845200913307
            ],
            [
              -32.88994583872613,
              -5.390569998658361
            ],
            [
              -32.71381195446692,
              -5.429528127302284
            ]
          ]
        ]
      },
      "properties": {
        "patch_id": 68,
        "tile_id": 68,
        "patch_number": 69,
        "patch_label": "P069",
        "name": "patch_0069_VV",
        "x_start": 6000,
        "y_start": 10000,
        "valid_x_end": 8000,
        "valid_y_end": 12000,
        "width": 2000,
        "height": 2000,
        "target_width": 2000,
        "target_height": 2000,
        "requires_padding": false,
        "processing_bbox_pixels": {
          "x0": 5840,
          "y0": 9840,
          "x1": 8160,
          "y1": 12160
        },
        "processing_requested_bbox_pixels": {
          "x0": 5840,
          "y0": 9840,
          "x1": 8160,
          "y1": 12160
        },
        "processing_width": 2320,
        "processing_height": 2320,
        "processing_target_width": 2320,
        "processing_target_height": 2320,
        "processing_requires_padding": false,
        "core_bbox_pixels": {
          "x0": 6000,
          "y0": 10000,
          "x1": 8000,
          "y1": 12000
        },
        "requested_bbox_pixels": {
          "x0": 6000,
          "y0": 10000,
          "x1": 8000,
          "y1": 12000
        },
        "halo_pixels": 160,
        "polarization": "VV",
        "display_bounds_lonlat": {
          "west": -32.94613323534948,
          "south": -5.626316014065679,
          "east": -32.6965990809274,
          "north": -5.373100353468863
        },
        "cfar_detection_count": 0,
        "yolo_detection_count": 0,
        "processing_bounds_lonlat": {
          "west": -32.94613323534948,
          "south": -5.626316014065679,
          "east": -32.6965990809274,
          "north": -5.373100353468863
        },
        "cfar_count": 0,
        "yolo_count": 0,
        "has_cfar_detection": false,
        "has_yolo_detection": false,
        "has_detection": false
      }
    },
    {
      "type": "Feature",
      "geometry": {
        "type": "Polygon",
        "coordinates": [
          [
            [
              -32.89003394274422,
              -5.390550494757152
            ],
            [
              -32.92899871567295,
              -5.569825675291323
            ],
            [
              -33.10515249139965,
              -5.530775933020932
            ],
            [
              -33.06614413714862,
              -5.351544242656056
            ],
            [
              -32.89003394274422,
              -5.390550494757152
            ]
          ]
        ]
      },
      "properties": {
        "patch_id": 69,
        "tile_id": 69,
        "patch_number": 70,
        "patch_label": "P070",
        "name": "patch_0070_VV",
        "x_start": 8000,
        "y_start": 10000,
        "valid_x_end": 10000,
        "valid_y_end": 12000,
        "width": 2000,
        "height": 2000,
        "target_width": 2000,
        "target_height": 2000,
        "requires_padding": false,
        "processing_bbox_pixels": {
          "x0": 7840,
          "y0": 9840,
          "x1": 10160,
          "y1": 12160
        },
        "processing_requested_bbox_pixels": {
          "x0": 7840,
          "y0": 9840,
          "x1": 10160,
          "y1": 12160
        },
        "processing_width": 2320,
        "processing_height": 2320,
        "processing_target_width": 2320,
        "processing_target_height": 2320,
        "processing_requires_padding": false,
        "core_bbox_pixels": {
          "x0": 8000,
          "y0": 10000,
          "x1": 10000,
          "y1": 12000
        },
        "requested_bbox_pixels": {
          "x0": 8000,
          "y0": 10000,
          "x1": 10000,
          "y1": 12000
        },
        "halo_pixels": 160,
        "polarization": "VV",
        "display_bounds_lonlat": {
          "west": -33.12237723230376,
          "south": -5.587298786858028,
          "east": -32.87281968801156,
          "north": -5.3340750095119756
        },
        "cfar_detection_count": 2,
        "yolo_detection_count": 0,
        "processing_bounds_lonlat": {
          "west": -33.12237723230376,
          "south": -5.587298786858028,
          "east": -32.87281968801156,
          "north": -5.3340750095119756
        },
        "cfar_count": 2,
        "yolo_count": 0,
        "has_cfar_detection": true,
        "has_yolo_detection": false,
        "has_detection": true
      }
    },
    {
      "type": "Feature",
      "geometry": {
        "type": "Polygon",
        "coordinates": [
          [
            [
              -33.06623223258525,
              -5.3515247229381036
            ],
            [
              -33.1052406106,
              -5.530756391520238
            ],
            [
              -33.28136752926225,
              -5.491652375333743
            ],
            [
              -33.242318158726846,
              -5.312465828369259
            ],
            [
              -33.06623223258525,
              -5.3515247229381036
            ]
          ]
        ]
      },
      "properties": {
        "patch_id": 70,
        "tile_id": 70,
        "patch_number": 71,
        "patch_label": "P071",
        "name": "patch_0071_VV",
        "x_start": 10000,
        "y_start": 10000,
        "valid_x_end": 12000,
        "valid_y_end": 12000,
        "width": 2000,
        "height": 2000,
        "target_width": 2000,
        "target_height": 2000,
        "requires_padding": false,
        "processing_bbox_pixels": {
          "x0": 9840,
          "y0": 9840,
          "x1": 12160,
          "y1": 12160
        },
        "processing_requested_bbox_pixels": {
          "x0": 9840,
          "y0": 9840,
          "x1": 12160,
          "y1": 12160
        },
        "processing_width": 2320,
        "processing_height": 2320,
        "processing_target_width": 2320,
        "processing_target_height": 2320,
        "processing_requires_padding": false,
        "core_bbox_pixels": {
          "x0": 10000,
          "y0": 10000,
          "x1": 12000,
          "y1": 12000
        },
        "requested_bbox_pixels": {
          "x0": 10000,
          "y0": 10000,
          "x1": 12000,
          "y1": 12000
        },
        "halo_pixels": 160,
        "polarization": "VV",
        "display_bounds_lonlat": {
          "west": -33.29859421193945,
          "south": -5.5482285631180295,
          "east": -33.04901595734216,
          "north": -5.294995740264211
        },
        "cfar_detection_count": 0,
        "yolo_detection_count": 0,
        "processing_bounds_lonlat": {
          "west": -33.29859421193945,
          "south": -5.5482285631180295,
          "east": -33.04901595734216,
          "north": -5.294995740264211
        },
        "cfar_count": 0,
        "yolo_count": 0,
        "has_cfar_detection": false,
        "has_yolo_detection": false,
        "has_detection": false
      }
    },
    {
      "type": "Feature",
      "geometry": {
        "type": "Polygon",
        "coordinates": [
          [
            [
              -33.242406238914704,
              -5.312446277316521
            ],
            [
              -33.28145563369159,
              -5.4916328013534335
            ],
            [
              -33.45756299721986,
              -5.4524815903484765
            ],
            [
              -33.41847115887383,
              -5.273341484674334
            ],
            [
              -33.242406238914704,
              -5.312446277316521
            ]
          ]
        ]
      },
      "properties": {
        "patch_id": 71,
        "tile_id": 71,
        "patch_number": 72,
        "patch_label": "P072",
        "name": "patch_0072_VV",
        "x_start": 12000,
        "y_start": 10000,
        "valid_x_end": 14000,
        "valid_y_end": 12000,
        "width": 2000,
        "height": 2000,
        "target_width": 2000,
        "target_height": 2000,
        "requires_padding": false,
        "processing_bbox_pixels": {
          "x0": 11840,
          "y0": 9840,
          "x1": 14160,
          "y1": 12160
        },
        "processing_requested_bbox_pixels": {
          "x0": 11840,
          "y0": 9840,
          "x1": 14160,
          "y1": 12160
        },
        "processing_width": 2320,
        "processing_height": 2320,
        "processing_target_width": 2320,
        "processing_target_height": 2320,
        "processing_requires_padding": false,
        "core_bbox_pixels": {
          "x0": 12000,
          "y0": 10000,
          "x1": 14000,
          "y1": 12000
        },
        "requested_bbox_pixels": {
          "x0": 12000,
          "y0": 10000,
          "x1": 14000,
          "y1": 12000
        },
        "halo_pixels": 160,
        "polarization": "VV",
        "display_bounds_lonlat": {
          "west": -33.47479112610952,
          "south": -5.50910658592178,
          "east": -33.225189181235386,
          "north": -5.25587017364206
        },
        "cfar_detection_count": 0,
        "yolo_detection_count": 0,
        "processing_bounds_lonlat": {
          "west": -33.47479112610952,
          "south": -5.50910658592178,
          "east": -33.225189181235386,
          "north": -5.25587017364206
        },
        "cfar_count": 0,
        "yolo_count": 0,
        "has_cfar_detection": false,
        "has_yolo_detection": false,
        "has_detection": false
      }
    },
    {
      "type": "Feature",
      "geometry": {
        "type": "Polygon",
        "coordinates": [
          [
            [
              -33.41855923011123,
              -5.273321902637438
            ],
            [
              -33.457651089035735,
              -5.452461983919536
            ],
            [
              -33.63373811136634,
              -5.413255989310536
            ],
            [
              -33.59460410909412,
              -5.23416469263945
            ],
            [
              -33.41855923011123,
              -5.273321902637438
            ]
          ]
        ]
      },
      "properties": {
        "patch_id": 72,
        "tile_id": 72,
        "patch_number": 73,
        "patch_label": "P073",
        "name": "patch_0073_VV",
        "x_start": 14000,
        "y_start": 10000,
        "valid_x_end": 16000,
        "valid_y_end": 12000,
        "width": 2000,
        "height": 2000,
        "target_width": 2000,
        "target_height": 2000,
        "requires_padding": false,
        "processing_bbox_pixels": {
          "x0": 13840,
          "y0": 9840,
          "x1": 16160,
          "y1": 12160
        },
        "processing_requested_bbox_pixels": {
          "x0": 13840,
          "y0": 9840,
          "x1": 16160,
          "y1": 12160
        },
        "processing_width": 2320,
        "processing_height": 2320,
        "processing_target_width": 2320,
        "processing_target_height": 2320,
        "processing_requires_padding": false,
        "core_bbox_pixels": {
          "x0": 14000,
          "y0": 10000,
          "x1": 16000,
          "y1": 12000
        },
        "requested_bbox_pixels": {
          "x0": 14000,
          "y0": 10000,
          "x1": 16000,
          "y1": 12000
        },
        "halo_pixels": 160,
        "polarization": "VV",
        "display_bounds_lonlat": {
          "west": -33.650967517845295,
          "south": -5.4699357588315545,
          "east": -33.40133993683534,
          "north": -5.216694760238535
        },
        "cfar_detection_count": 0,
        "yolo_detection_count": 1,
        "processing_bounds_lonlat": {
          "west": -33.650967517845295,
          "south": -5.4699357588315545,
          "east": -33.40133993683534,
          "north": -5.216694760238535
        },
        "cfar_count": 0,
        "yolo_count": 1,
        "has_cfar_detection": false,
        "has_yolo_detection": true,
        "has_detection": true
      }
    },
    {
      "type": "Feature",
      "geometry": {
        "type": "Polygon",
        "coordinates": [
          [
            [
              -33.59469216859421,
              -5.234145094785811
            ],
            [
              -33.633826192692425,
              -5.413236367033868
            ],
            [
              -33.80988760035126,
              -5.373983147887526
            ],
            [
              -33.770715980006386,
              -5.194941665243661
            ],
            [
              -33.59469216859421,
              -5.234145094785811
            ]
          ]
        ]
      },
      "properties": {
        "patch_id": 73,
        "tile_id": 73,
        "patch_number": 74,
        "patch_label": "P074",
        "name": "patch_0074_VV",
        "x_start": 16000,
        "y_start": 10000,
        "valid_x_end": 18000,
        "valid_y_end": 12000,
        "width": 2000,
        "height": 2000,
        "target_width": 2000,
        "target_height": 2000,
        "requires_padding": false,
        "processing_bbox_pixels": {
          "x0": 15840,
          "y0": 9840,
          "x1": 18160,
          "y1": 12160
        },
        "processing_requested_bbox_pixels": {
          "x0": 15840,
          "y0": 9840,
          "x1": 18160,
          "y1": 12160
        },
        "processing_width": 2320,
        "processing_height": 2320,
        "processing_target_width": 2320,
        "processing_target_height": 2320,
        "processing_requires_padding": false,
        "core_bbox_pixels": {
          "x0": 16000,
          "y0": 10000,
          "x1": 18000,
          "y1": 12000
        },
        "requested_bbox_pixels": {
          "x0": 16000,
          "y0": 10000,
          "x1": 18000,
          "y1": 12000
        },
        "halo_pixels": 160,
        "polarization": "VV",
        "display_bounds_lonlat": {
          "west": -33.8271183009639,
          "south": -5.430710251133079,
          "east": -33.57747163356538,
          "north": -5.177470896349765
        },
        "cfar_detection_count": 0,
        "yolo_detection_count": 0,
        "processing_bounds_lonlat": {
          "west": -33.8271183009639,
          "south": -5.430710251133079,
          "east": -33.57747163356538,
          "north": -5.177470896349765
        },
        "cfar_count": 0,
        "yolo_count": 0,
        "has_cfar_detection": false,
        "has_yolo_detection": false,
        "has_detection": false
      }
    },
    {
      "type": "Feature",
      "geometry": {
        "type": "Polygon",
        "coordinates": [
          [
            [
              -33.77080402947239,
              -5.194922037159041
            ],
            [
              -33.80997566751269,
              -5.373963493884423
            ],
            [
              -33.986014985874846,
              -5.3346595542981365
            ],
            [
              -33.946804411643896,
              -5.15566997092935
            ],
            [
              -33.77080402947239,
              -5.194922037159041
            ]
          ]
        ]
      },
      "properties": {
        "patch_id": 74,
        "tile_id": 74,
        "patch_number": 75,
        "patch_label": "P075",
        "name": "patch_0075_VV",
        "x_start": 18000,
        "y_start": 10000,
        "valid_x_end": 20000,
        "valid_y_end": 12000,
        "width": 2000,
        "height": 2000,
        "target_width": 2000,
        "target_height": 2000,
        "requires_padding": false,
        "processing_bbox_pixels": {
          "x0": 17840,
          "y0": 9840,
          "x1": 20160,
          "y1": 12160
        },
        "processing_requested_bbox_pixels": {
          "x0": 17840,
          "y0": 9840,
          "x1": 20160,
          "y1": 12160
        },
        "processing_width": 2320,
        "processing_height": 2320,
        "processing_target_width": 2320,
        "processing_target_height": 2320,
        "processing_requires_padding": false,
        "core_bbox_pixels": {
          "x0": 18000,
          "y0": 10000,
          "x1": 20000,
          "y1": 12000
        },
        "requested_bbox_pixels": {
          "x0": 18000,
          "y0": 10000,
          "x1": 20000,
          "y1": 12000
        },
        "halo_pixels": 160,
        "polarization": "VV",
        "display_bounds_lonlat": {
          "west": -34.00324757772965,
          "south": -5.391438418222579,
          "east": -33.75358211629242,
          "north": -5.138200887119001
        },
        "cfar_detection_count": 0,
        "yolo_detection_count": 0,
        "processing_bounds_lonlat": {
          "west": -34.00324757772965,
          "south": -5.391438418222579,
          "east": -33.75358211629242,
          "north": -5.138200887119001
        },
        "cfar_count": 0,
        "yolo_count": 0,
        "has_cfar_detection": false,
        "has_yolo_detection": false,
        "has_detection": false
      }
    },
    {
      "type": "Feature",
      "geometry": {
        "type": "Polygon",
        "coordinates": [
          [
            [
              -33.94689245069123,
              -5.155650327404576
            ],
            [
              -33.98610304616078,
              -5.334639884792912
            ],
            [
              -34.16212043143582,
              -5.29528566050365
            ],
            [
              -34.122871101236456,
              -5.116349936117425
            ],
            [
              -33.94689245069123,
              -5.155650327404576
            ]
          ]
        ]
      },
      "properties": {
        "patch_id": 75,
        "tile_id": 75,
        "patch_number": 76,
        "patch_label": "P076",
        "name": "patch_0076_VV",
        "x_start": 20000,
        "y_start": 10000,
        "valid_x_end": 22000,
        "valid_y_end": 12000,
        "width": 2000,
        "height": 2000,
        "target_width": 2000,
        "target_height": 2000,
        "requires_padding": false,
        "processing_bbox_pixels": {
          "x0": 19840,
          "y0": 9840,
          "x1": 22160,
          "y1": 12160
        },
        "processing_requested_bbox_pixels": {
          "x0": 19840,
          "y0": 9840,
          "x1": 22160,
          "y1": 12160
        },
        "processing_width": 2320,
        "processing_height": 2320,
        "processing_target_width": 2320,
        "processing_target_height": 2320,
        "processing_requires_padding": false,
        "core_bbox_pixels": {
          "x0": 20000,
          "y0": 10000,
          "x1": 22000,
          "y1": 12000
        },
        "requested_bbox_pixels": {
          "x0": 20000,
          "y0": 10000,
          "x1": 22000,
          "y1": 12000
        },
        "halo_pixels": 160,
        "polarization": "VV",
        "display_bounds_lonlat": {
          "west": -34.17935375837456,
          "south": -5.352113144855659,
          "east": -33.92966912386278,
          "north": -5.098880336391839
        },
        "cfar_detection_count": 0,
        "yolo_detection_count": 0,
        "processing_bounds_lonlat": {
          "west": -34.17935375837456,
          "south": -5.352113144855659,
          "east": -33.92966912386278,
          "north": -5.098880336391839
        },
        "cfar_count": 0,
        "yolo_count": 0,
        "has_cfar_detection": false,
        "has_yolo_detection": false,
        "has_detection": false
      }
    },
    {
      "type": "Feature",
      "geometry": {
        "type": "Polygon",
        "coordinates": [
          [
            [
              -34.12295912840325,
              -5.116330262387633
            ],
            [
              -34.16220847476149,
              -5.295265959679561
            ],
            [
              -34.33820217916289,
              -5.255865303179219
            ],
            [
              -34.298915750766085,
              -5.076984688915234
            ],
            [
              -34.12295912840325,
              -5.116330262387633
            ]
          ]
        ]
      },
      "properties": {
        "patch_id": 76,
        "tile_id": 76,
        "patch_number": 77,
        "patch_label": "P077",
        "name": "patch_0077_VV",
        "x_start": 22000,
        "y_start": 10000,
        "valid_x_end": 24000,
        "valid_y_end": 12000,
        "width": 2000,
        "height": 2000,
        "target_width": 2000,
        "target_height": 2000,
        "requires_padding": false,
        "processing_bbox_pixels": {
          "x0": 21840,
          "y0": 9840,
          "x1": 24160,
          "y1": 12160
        },
        "processing_requested_bbox_pixels": {
          "x0": 21840,
          "y0": 9840,
          "x1": 24160,
          "y1": 12160
        },
        "processing_width": 2320,
        "processing_height": 2320,
        "processing_target_width": 2320,
        "processing_target_height": 2320,
        "processing_requires_padding": false,
        "core_bbox_pixels": {
          "x0": 22000,
          "y0": 10000,
          "x1": 24000,
          "y1": 12000
        },
        "requested_bbox_pixels": {
          "x0": 22000,
          "y0": 10000,
          "x1": 24000,
          "y1": 12000
        },
        "halo_pixels": 160,
        "polarization": "VV",
        "display_bounds_lonlat": {
          "west": -34.35543046716185,
          "south": -5.312739957818064,
          "east": -34.10573461578828,
          "north": -5.059517227268305
        },
        "cfar_detection_count": 0,
        "yolo_detection_count": 0,
        "processing_bounds_lonlat": {
          "west": -34.35543046716185,
          "south": -5.312739957818064,
          "east": -34.10573461578828,
          "north": -5.059517227268305
        },
        "cfar_count": 0,
        "yolo_count": 0,
        "has_cfar_detection": false,
        "has_yolo_detection": false,
        "has_detection": false
      }
    },
    {
      "type": "Feature",
      "geometry": {
        "type": "Polygon",
        "coordinates": [
          [
            [
              -34.29900374222337,
              -5.0769650007218035
            ],
            [
              -34.338290189998105,
              -5.255845586983828
            ],
            [
              -34.454671398123665,
              -5.229761324004755
            ],
            [
              -34.41536080376298,
              -5.0509180753147795
            ],
            [
              -34.29900374222337,
              -5.0769650007218035
            ]
          ]
        ]
      },
      "properties": {
        "patch_id": 77,
        "tile_id": 77,
        "patch_number": 78,
        "patch_label": "P078",
        "name": "patch_0078_VV",
        "x_start": 24000,
        "y_start": 10000,
        "valid_x_end": 25324,
        "valid_y_end": 12000,
        "width": 2000,
        "height": 2000,
        "target_width": 2000,
        "target_height": 2000,
        "requires_padding": true,
        "processing_bbox_pixels": {
          "x0": 23840,
          "y0": 9840,
          "x1": 25324,
          "y1": 12160
        },
        "processing_requested_bbox_pixels": {
          "x0": 23840,
          "y0": 9840,
          "x1": 26160,
          "y1": 12160
        },
        "processing_width": 1484,
        "processing_height": 2320,
        "processing_target_width": 1484,
        "processing_target_height": 2320,
        "processing_requires_padding": false,
        "core_bbox_pixels": {
          "x0": 24000,
          "y0": 10000,
          "x1": 25324,
          "y1": 12000
        },
        "requested_bbox_pixels": {
          "x0": 24000,
          "y0": 10000,
          "x1": 26000,
          "y1": 12000
        },
        "halo_pixels": 160,
        "polarization": "VV",
        "display_bounds_lonlat": {
          "west": -34.45782257478887,
          "south": -5.2733176636988315,
          "east": -34.28177775722244,
          "north": -5.036603327131973
        },
        "cfar_detection_count": 0,
        "yolo_detection_count": 0,
        "processing_bounds_lonlat": {
          "west": -34.45782257478887,
          "south": -5.2733176636988315,
          "east": -34.28177775722244,
          "north": -5.036603327131973
        },
        "cfar_count": 0,
        "yolo_count": 0,
        "has_cfar_detection": false,
        "has_yolo_detection": false,
        "has_detection": false
      }
    },
    {
      "type": "Feature",
      "geometry": {
        "type": "Polygon",
        "coordinates": [
          [
            [
              -32.2238272923208,
              -5.72567914054215
            ],
            [
              -32.26265598873951,
              -5.905105525030357
            ],
            [
              -32.438948097979896,
              -5.866223990172761
            ],
            [
              -32.40007054224487,
              -5.686834482019531
            ],
            [
              -32.2238272923208,
              -5.72567914054215
            ]
          ]
        ]
      },
      "properties": {
        "patch_id": 78,
        "tile_id": 78,
        "patch_number": 79,
        "patch_label": "P079",
        "name": "patch_0079_VV",
        "x_start": 0,
        "y_start": 12000,
        "valid_x_end": 2000,
        "valid_y_end": 14000,
        "width": 2000,
        "height": 2000,
        "target_width": 2000,
        "target_height": 2000,
        "requires_padding": false,
        "processing_bbox_pixels": {
          "x0": 0,
          "y0": 11840,
          "x1": 2160,
          "y1": 14160
        },
        "processing_requested_bbox_pixels": {
          "x0": -160,
          "y0": 11840,
          "x1": 2160,
          "y1": 14160
        },
        "processing_width": 2160,
        "processing_height": 2320,
        "processing_target_width": 2160,
        "processing_target_height": 2320,
        "processing_requires_padding": false,
        "core_bbox_pixels": {
          "x0": 0,
          "y0": 12000,
          "x1": 2000,
          "y1": 14000
        },
        "requested_bbox_pixels": {
          "x0": 0,
          "y0": 12000,
          "x1": 2000,
          "y1": 14000
        },
        "halo_pixels": 160,
        "polarization": "VV",
        "display_bounds_lonlat": {
          "west": -32.45617320721881,
          "south": -5.91946636133456,
          "east": -32.22071981694094,
          "north": -5.669365525147075
        },
        "cfar_detection_count": 0,
        "yolo_detection_count": 0,
        "processing_bounds_lonlat": {
          "west": -32.45617320721881,
          "south": -5.91946636133456,
          "east": -32.22071981694094,
          "north": -5.669365525147075
        },
        "cfar_count": 0,
        "yolo_count": 0,
        "has_cfar_detection": false,
        "has_yolo_detection": false,
        "has_detection": false
      }
    },
    {
      "type": "Feature",
      "geometry": {
        "type": "Polygon",
        "coordinates": [
          [
            [
              -32.400158701150886,
              -5.686815039454682
            ],
            [
              -32.4390362814853,
              -5.866204528872839
            ],
            [
              -32.61530685702681,
              -5.827272515571041
            ],
            [
              -32.576379905379525,
              -5.647921573913971
            ],
            [
              -32.400158701150886,
              -5.686815039454682
            ]
          ]
        ]
      },
      "properties": {
        "patch_id": 79,
        "tile_id": 79,
        "patch_number": 80,
        "patch_label": "P080",
        "name": "patch_0080_VV",
        "x_start": 2000,
        "y_start": 12000,
        "valid_x_end": 4000,
        "valid_y_end": 14000,
        "width": 2000,
        "height": 2000,
        "target_width": 2000,
        "target_height": 2000,
        "requires_padding": false,
        "processing_bbox_pixels": {
          "x0": 1840,
          "y0": 11840,
          "x1": 4160,
          "y1": 14160
        },
        "processing_requested_bbox_pixels": {
          "x0": 1840,
          "y0": 11840,
          "x1": 4160,
          "y1": 14160
        },
        "processing_width": 2320,
        "processing_height": 2320,
        "processing_target_width": 2320,
        "processing_target_height": 2320,
        "processing_requires_padding": false,
        "core_bbox_pixels": {
          "x0": 2000,
          "y0": 12000,
          "x1": 4000,
          "y1": 14000
        },
        "requested_bbox_pixels": {
          "x0": 2000,
          "y0": 12000,
          "x1": 4000,
          "y1": 14000
        },
        "halo_pixels": 160,
        "polarization": "VV",
        "display_bounds_lonlat": {
          "west": -32.63253317401394,
          "south": -5.883676479181991,
          "east": -32.38294220672498,
          "north": -5.6304503430945125
        },
        "cfar_detection_count": 0,
        "yolo_detection_count": 0,
        "processing_bounds_lonlat": {
          "west": -32.63253317401394,
          "south": -5.883676479181991,
          "east": -32.38294220672498,
          "north": -5.6304503430945125
        },
        "cfar_count": 0,
        "yolo_count": 0,
        "has_cfar_detection": false,
        "has_yolo_detection": false,
        "has_detection": false
      }
    },
    {
      "type": "Feature",
      "geometry": {
        "type": "Polygon",
        "coordinates": [
          [
            [
              -32.57646805451178,
              -5.647902097739167
            ],
            [
              -32.615395026603515,
              -5.827253019552529
            ],
            [
              -32.791637353521274,
              -5.788264939619665
            ],
            [
              -32.752666550999905,
              -5.6089540754869915
            ],
            [
              -32.57646805451178,
              -5.647902097739167
            ]
          ]
        ]
      },
      "properties": {
        "patch_id": 80,
        "tile_id": 80,
        "patch_number": 81,
        "patch_label": "P081",
        "name": "patch_0081_VV",
        "x_start": 4000,
        "y_start": 12000,
        "valid_x_end": 6000,
        "valid_y_end": 14000,
        "width": 2000,
        "height": 2000,
        "target_width": 2000,
        "target_height": 2000,
        "requires_padding": false,
        "processing_bbox_pixels": {
          "x0": 3840,
          "y0": 11840,
          "x1": 6160,
          "y1": 14160
        },
        "processing_requested_bbox_pixels": {
          "x0": 3840,
          "y0": 11840,
          "x1": 6160,
          "y1": 14160
        },
        "processing_width": 2320,
        "processing_height": 2320,
        "processing_target_width": 2320,
        "processing_target_height": 2320,
        "processing_requires_padding": false,
        "core_bbox_pixels": {
          "x0": 4000,
          "y0": 12000,
          "x1": 6000,
          "y1": 14000
        },
        "requested_bbox_pixels": {
          "x0": 4000,
          "y0": 12000,
          "x1": 6000,
          "y1": 14000
        },
        "halo_pixels": 160,
        "polarization": "VV",
        "display_bounds_lonlat": {
          "west": -32.80886619964162,
          "south": -5.8447274679318095,
          "east": -32.55924905993447,
          "north": -5.591483458734417
        },
        "cfar_detection_count": 0,
        "yolo_detection_count": 0,
        "processing_bounds_lonlat": {
          "west": -32.80886619964162,
          "south": -5.8447274679318095,
          "east": -32.55924905993447,
          "north": -5.591483458734417
        },
        "cfar_count": 0,
        "yolo_count": 0,
        "has_cfar_detection": false,
        "has_yolo_detection": false,
        "has_detection": false
      }
    },
    {
      "type": "Feature",
      "geometry": {
        "type": "Polygon",
        "coordinates": [
          [
            [
              -32.75275468755245,
              -5.608934583087683
            ],
            [
              -32.791725513675985,
              -5.788245426958841
            ],
            [
              -32.96794792615454,
              -5.749203856188092
            ],
            [
              -32.92893010889429,
              -5.569934880538838
            ],
            [
              -32.75275468755245,
              -5.608934583087683
            ]
          ]
        ]
      },
      "properties": {
        "patch_id": 81,
        "tile_id": 81,
        "patch_number": 82,
        "patch_label": "P082",
        "name": "patch_0082_VV",
        "x_start": 6000,
        "y_start": 12000,
        "valid_x_end": 8000,
        "valid_y_end": 14000,
        "width": 2000,
        "height": 2000,
        "target_width": 2000,
        "target_height": 2000,
        "requires_padding": false,
        "processing_bbox_pixels": {
          "x0": 5840,
          "y0": 11840,
          "x1": 8160,
          "y1": 14160
        },
        "processing_requested_bbox_pixels": {
          "x0": 5840,
          "y0": 11840,
          "x1": 8160,
          "y1": 14160
        },
        "processing_width": 2320,
        "processing_height": 2320,
        "processing_target_width": 2320,
        "processing_target_height": 2320,
        "processing_requires_padding": false,
        "core_bbox_pixels": {
          "x0": 6000,
          "y0": 12000,
          "x1": 8000,
          "y1": 14000
        },
        "requested_bbox_pixels": {
          "x0": 6000,
          "y0": 12000,
          "x1": 8000,
          "y1": 14000
        },
        "halo_pixels": 160,
        "polarization": "VV",
        "display_bounds_lonlat": {
          "west": -32.98517802412024,
          "south": -5.805719314201035,
          "east": -32.73553428340264,
          "north": -5.552462312900697
        },
        "cfar_detection_count": 0,
        "yolo_detection_count": 0,
        "processing_bounds_lonlat": {
          "west": -32.98517802412024,
          "south": -5.805719314201035,
          "east": -32.73553428340264,
          "north": -5.552462312900697
        },
        "cfar_count": 0,
        "yolo_count": 0,
        "has_cfar_detection": false,
        "has_yolo_detection": false,
        "has_detection": false
      }
    },
    {
      "type": "Feature",
      "geometry": {
        "type": "Polygon",
        "coordinates": [
          [
            [
              -32.929018232152,
              -5.569915354906163
            ],
            [
              -32.96803607251659,
              -5.749184309185267
            ],
            [
              -33.14423035882642,
              -5.7100909598520975
            ],
            [
              -33.10517202769276,
              -5.53086559083224
            ],
            [
              -32.929018232152,
              -5.569915354906163
            ]
          ]
        ]
      },
      "properties": {
        "patch_id": 82,
        "tile_id": 82,
        "patch_number": 83,
        "patch_label": "P083",
        "name": "patch_0083_VV",
        "x_start": 8000,
        "y_start": 12000,
        "valid_x_end": 10000,
        "valid_y_end": 14000,
        "width": 2000,
        "height": 2000,
        "target_width": 2000,
        "target_height": 2000,
        "requires_padding": false,
        "processing_bbox_pixels": {
          "x0": 7840,
          "y0": 11840,
          "x1": 10160,
          "y1": 14160
        },
        "processing_requested_bbox_pixels": {
          "x0": 7840,
          "y0": 11840,
          "x1": 10160,
          "y1": 14160
        },
        "processing_width": 2320,
        "processing_height": 2320,
        "processing_target_width": 2320,
        "processing_target_height": 2320,
        "processing_requires_padding": false,
        "core_bbox_pixels": {
          "x0": 8000,
          "y0": 12000,
          "x1": 10000,
          "y1": 14000
        },
        "requested_bbox_pixels": {
          "x0": 8000,
          "y0": 12000,
          "x1": 10000,
          "y1": 14000
        },
        "halo_pixels": 160,
        "polarization": "VV",
        "display_bounds_lonlat": {
          "west": -33.16146275963768,
          "south": -5.766660338912842,
          "east": -32.91179617057766,
          "north": -5.51339342405322
        },
        "cfar_detection_count": 0,
        "yolo_detection_count": 0,
        "processing_bounds_lonlat": {
          "west": -33.16146275963768,
          "south": -5.766660338912842,
          "east": -32.91179617057766,
          "north": -5.51339342405322
        },
        "cfar_count": 0,
        "yolo_count": 0,
        "has_cfar_detection": false,
        "has_yolo_detection": false,
        "has_detection": false
      }
    },
    {
      "type": "Feature",
      "geometry": {
        "type": "Polygon",
        "coordinates": [
          [
            [
              -33.10526014690191,
              -5.530846049320475
            ],
            [
              -33.144318496118174,
              -5.710071396206962
            ],
            [
              -33.320493661123336,
              -5.670922377118813
            ],
            [
              -33.281387089926646,
              -5.491742010655443
            ],
            [
              -33.10526014690191,
              -5.530846049320475
            ]
          ]
        ]
      },
      "properties": {
        "patch_id": 83,
        "tile_id": 83,
        "patch_number": 84,
        "patch_label": "P084",
        "name": "patch_0084_VV",
        "x_start": 10000,
        "y_start": 12000,
        "valid_x_end": 12000,
        "valid_y_end": 14000,
        "width": 2000,
        "height": 2000,
        "target_width": 2000,
        "target_height": 2000,
        "requires_padding": false,
        "processing_bbox_pixels": {
          "x0": 9840,
          "y0": 11840,
          "x1": 12160,
          "y1": 14160
        },
        "processing_requested_bbox_pixels": {
          "x0": 9840,
          "y0": 11840,
          "x1": 12160,
          "y1": 14160
        },
        "processing_width": 2320,
        "processing_height": 2320,
        "processing_target_width": 2320,
        "processing_target_height": 2320,
        "processing_requires_padding": false,
        "core_bbox_pixels": {
          "x0": 10000,
          "y0": 12000,
          "x1": 12000,
          "y1": 14000
        },
        "requested_bbox_pixels": {
          "x0": 10000,
          "y0": 12000,
          "x1": 12000,
          "y1": 14000
        },
        "halo_pixels": 160,
        "polarization": "VV",
        "display_bounds_lonlat": {
          "west": -33.33772781177497,
          "south": -5.72754660814185,
          "east": -33.088035488430236,
          "north": -5.474268818580712
        },
        "cfar_detection_count": 0,
        "yolo_detection_count": 0,
        "processing_bounds_lonlat": {
          "west": -33.33772781177497,
          "south": -5.72754660814185,
          "east": -33.088035488430236,
          "north": -5.474268818580712
        },
        "cfar_count": 0,
        "yolo_count": 0,
        "has_cfar_detection": false,
        "has_yolo_detection": false,
        "has_detection": false
      }
    },
    {
      "type": "Feature",
      "geometry": {
        "type": "Polygon",
        "coordinates": [
          [
            [
              -33.28147519436641,
              -5.4917224366634905
            ],
            [
              -33.320581786663524,
              -5.670902779848661
            ],
            [
              -33.4967334371279,
              -5.631704521159287
            ],
            [
              -33.45758258004473,
              -5.452571202111775
            ],
            [
              -33.28147519436641,
              -5.4917224366634905
            ]
          ]
        ]
      },
      "properties": {
        "patch_id": 84,
        "tile_id": 84,
        "patch_number": 85,
        "patch_label": "P085",
        "name": "patch_0085_VV",
        "x_start": 12000,
        "y_start": 12000,
        "valid_x_end": 14000,
        "valid_y_end": 14000,
        "width": 2000,
        "height": 2000,
        "target_width": 2000,
        "target_height": 2000,
        "requires_padding": false,
        "processing_bbox_pixels": {
          "x0": 11840,
          "y0": 11840,
          "x1": 14160,
          "y1": 14160
        },
        "processing_requested_bbox_pixels": {
          "x0": 11840,
          "y0": 11840,
          "x1": 14160,
          "y1": 14160
        },
        "processing_width": 2320,
        "processing_height": 2320,
        "processing_target_width": 2320,
        "processing_target_height": 2320,
        "processing_requires_padding": false,
        "core_bbox_pixels": {
          "x0": 12000,
          "y0": 12000,
          "x1": 14000,
          "y1": 14000
        },
        "requested_bbox_pixels": {
          "x0": 12000,
          "y0": 12000,
          "x1": 14000,
          "y1": 14000
        },
        "halo_pixels": 160,
        "polarization": "VV",
        "display_bounds_lonlat": {
          "west": -33.5139683815683,
          "south": -5.68837974934356,
          "east": -33.26424904164562,
          "north": -5.435096597313324
        },
        "cfar_detection_count": 0,
        "yolo_detection_count": 0,
        "processing_bounds_lonlat": {
          "west": -33.5139683815683,
          "south": -5.68837974934356,
          "east": -33.26424904164562,
          "north": -5.435096597313324
        },
        "cfar_count": 0,
        "yolo_count": 0,
        "has_cfar_detection": false,
        "has_yolo_detection": false,
        "has_detection": false
      }
    },
    {
      "type": "Feature",
      "geometry": {
        "type": "Polygon",
        "coordinates": [
          [
            [
              -33.457670671868485,
              -5.452551595670808
            ],
            [
              -33.496821545565126,
              -5.631684890676901
            ],
            [
              -33.67294563038099,
              -5.592430448017463
            ],
            [
              -33.63375771212502,
              -5.413345576866886
            ],
            [
              -33.457670671868485,
              -5.452551595670808
            ]
          ]
        ]
      },
      "properties": {
        "patch_id": 85,
        "tile_id": 85,
        "patch_number": 86,
        "patch_label": "P086",
        "name": "patch_0086_VV",
        "x_start": 14000,
        "y_start": 12000,
        "valid_x_end": 16000,
        "valid_y_end": 14000,
        "width": 2000,
        "height": 2000,
        "target_width": 2000,
        "target_height": 2000,
        "requires_padding": false,
        "processing_bbox_pixels": {
          "x0": 13840,
          "y0": 11840,
          "x1": 16160,
          "y1": 14160
        },
        "processing_requested_bbox_pixels": {
          "x0": 13840,
          "y0": 11840,
          "x1": 16160,
          "y1": 14160
        },
        "processing_width": 2320,
        "processing_height": 2320,
        "processing_target_width": 2320,
        "processing_target_height": 2320,
        "processing_requires_padding": false,
        "core_bbox_pixels": {
          "x0": 14000,
          "y0": 12000,
          "x1": 16000,
          "y1": 14000
        },
        "requested_bbox_pixels": {
          "x0": 14000,
          "y0": 12000,
          "x1": 16000,
          "y1": 14000
        },
        "halo_pixels": 160,
        "polarization": "VV",
        "display_bounds_lonlat": {
          "west": -33.690183551844946,
          "south": -5.649161971581135,
          "east": -33.44044274910306,
          "north": -5.395872314400322
        },
        "cfar_detection_count": 1,
        "yolo_detection_count": 1,
        "processing_bounds_lonlat": {
          "west": -33.690183551844946,
          "south": -5.649161971581135,
          "east": -33.44044274910306,
          "north": -5.395872314400322
        },
        "cfar_count": 1,
        "yolo_count": 1,
        "has_cfar_detection": true,
        "has_yolo_detection": true,
        "has_detection": true
      }
    },
    {
      "type": "Feature",
      "geometry": {
        "type": "Polygon",
        "coordinates": [
          [
            [
              -33.633845793461695,
              -5.413325954578001
            ],
            [
              -33.67303373310223,
              -5.592410801233163
            ],
            [
              -33.849139405524944,
              -5.553107022963716
            ],
            [
              -33.80990722352394,
              -5.374072710127875
            ],
            [
              -33.633845793461695,
              -5.413325954578001
            ]
          ]
        ]
      },
      "properties": {
        "patch_id": 86,
        "tile_id": 86,
        "patch_number": 87,
        "patch_label": "P087",
        "name": "patch_0087_VV",
        "x_start": 16000,
        "y_start": 12000,
        "valid_x_end": 18000,
        "valid_y_end": 14000,
        "width": 2000,
        "height": 2000,
        "target_width": 2000,
        "target_height": 2000,
        "requires_padding": false,
        "processing_bbox_pixels": {
          "x0": 15840,
          "y0": 11840,
          "x1": 18160,
          "y1": 14160
        },
        "processing_requested_bbox_pixels": {
          "x0": 15840,
          "y0": 11840,
          "x1": 18160,
          "y1": 14160
        },
        "processing_width": 2320,
        "processing_height": 2320,
        "processing_target_width": 2320,
        "processing_target_height": 2320,
        "processing_requires_padding": false,
        "core_bbox_pixels": {
          "x0": 16000,
          "y0": 12000,
          "x1": 18000,
          "y1": 14000
        },
        "requested_bbox_pixels": {
          "x0": 16000,
          "y0": 12000,
          "x1": 18000,
          "y1": 14000
        },
        "halo_pixels": 160,
        "polarization": "VV",
        "display_bounds_lonlat": {
          "west": -33.86637785915784,
          "south": -5.609888064372516,
          "east": -33.61661692387356,
          "north": -5.356598436561394
        },
        "cfar_detection_count": 0,
        "yolo_detection_count": 0,
        "processing_bounds_lonlat": {
          "west": -33.86637785915784,
          "south": -5.609888064372516,
          "east": -33.61661692387356,
          "north": -5.356598436561394
        },
        "cfar_count": 0,
        "yolo_count": 0,
        "has_cfar_detection": false,
        "has_yolo_detection": false,
        "has_detection": false
      }
    },
    {
      "type": "Feature",
      "geometry": {
        "type": "Polygon",
        "coordinates": [
          [
            [
              -33.80999529069494,
              -5.374053056111981
            ],
            [
              -33.849227492119624,
              -5.553087343343771
            ],
            [
              -34.0253047806651,
              -5.513731464282168
            ],
            [
              -33.986034627859475,
              -5.334749090573936
            ],
            [
              -33.80999529069494,
              -5.374053056111981
            ]
          ]
        ]
      },
      "properties": {
        "patch_id": 87,
        "tile_id": 87,
        "patch_number": 88,
        "patch_label": "P088",
        "name": "patch_0088_VV",
        "x_start": 18000,
        "y_start": 12000,
        "valid_x_end": 20000,
        "valid_y_end": 14000,
        "width": 2000,
        "height": 2000,
        "target_width": 2000,
        "target_height": 2000,
        "requires_padding": false,
        "processing_bbox_pixels": {
          "x0": 17840,
          "y0": 11840,
          "x1": 20160,
          "y1": 14160
        },
        "processing_requested_bbox_pixels": {
          "x0": 17840,
          "y0": 11840,
          "x1": 20160,
          "y1": 14160
        },
        "processing_width": 2320,
        "processing_height": 2320,
        "processing_target_width": 2320,
        "processing_target_height": 2320,
        "processing_requires_padding": false,
        "core_bbox_pixels": {
          "x0": 18000,
          "y0": 12000,
          "x1": 20000,
          "y1": 14000
        },
        "requested_bbox_pixels": {
          "x0": 18000,
          "y0": 12000,
          "x1": 20000,
          "y1": 14000
        },
        "halo_pixels": 160,
        "polarization": "VV",
        "display_bounds_lonlat": {
          "west": -34.04254526531734,
          "south": -5.570565860160885,
          "east": -33.792765080753,
          "north": -5.317276500708886
        },
        "cfar_detection_count": 0,
        "yolo_detection_count": 0,
        "processing_bounds_lonlat": {
          "west": -34.04254526531734,
          "south": -5.570565860160885,
          "east": -33.792765080753,
          "north": -5.317276500708886
        },
        "cfar_count": 0,
        "yolo_count": 0,
        "has_cfar_detection": false,
        "has_yolo_detection": false,
        "has_detection": false
      }
    },
    {
      "type": "Feature",
      "geometry": {
        "type": "Polygon",
        "coordinates": [
          [
            [
              -33.986122688154644,
              -5.33472942105554
            ],
            [
              -34.0253928595069,
              -5.513711768432694
            ],
            [
              -34.20145243067064,
              -5.474304020169937
            ],
            [
              -34.162140094685604,
              -5.295375170012853
            ],
            [
              -33.986122688154644,
              -5.33472942105554
            ]
          ]
        ]
      },
      "properties": {
        "patch_id": 88,
        "tile_id": 88,
        "patch_number": 89,
        "patch_label": "P089",
        "name": "patch_0089_VV",
        "x_start": 20000,
        "y_start": 12000,
        "valid_x_end": 22000,
        "valid_y_end": 14000,
        "width": 2000,
        "height": 2000,
        "target_width": 2000,
        "target_height": 2000,
        "requires_padding": false,
        "processing_bbox_pixels": {
          "x0": 19840,
          "y0": 11840,
          "x1": 22160,
          "y1": 14160
        },
        "processing_requested_bbox_pixels": {
          "x0": 19840,
          "y0": 11840,
          "x1": 22160,
          "y1": 14160
        },
        "processing_width": 2320,
        "processing_height": 2320,
        "processing_target_width": 2320,
        "processing_target_height": 2320,
        "processing_requires_padding": false,
        "core_bbox_pixels": {
          "x0": 20000,
          "y0": 12000,
          "x1": 22000,
          "y1": 14000
        },
        "requested_bbox_pixels": {
          "x0": 20000,
          "y0": 12000,
          "x1": 22000,
          "y1": 14000
        },
        "halo_pixels": 160,
        "polarization": "VV",
        "display_bounds_lonlat": {
          "west": -34.21869394386542,
          "south": -5.531188702126906,
          "east": -33.96889056274998,
          "north": -5.2779018614980675
        },
        "cfar_detection_count": 0,
        "yolo_detection_count": 0,
        "processing_bounds_lonlat": {
          "west": -34.21869394386542,
          "south": -5.531188702126906,
          "east": -33.96889056274998,
          "north": -5.2779018614980675
        },
        "cfar_count": 0,
        "yolo_count": 0,
        "has_cfar_detection": false,
        "has_yolo_detection": false,
        "has_detection": false
      }
    },
    {
      "type": "Feature",
      "geometry": {
        "type": "Polygon",
        "coordinates": [
          [
            [
              -34.16222813802216,
              -5.29535546917521
            ],
            [
              -34.20154049598726,
              -5.474284292201804
            ],
            [
              -34.37757389402073,
              -5.434828496410523
            ],
            [
              -34.33822186196401,
              -5.255954785119577
            ],
            [
              -34.16222813802216,
              -5.29535546917521
            ]
          ]
        ]
      },
      "properties": {
        "patch_id": 89,
        "tile_id": 89,
        "patch_number": 90,
        "patch_label": "P090",
        "name": "patch_0090_VV",
        "x_start": 22000,
        "y_start": 12000,
        "valid_x_end": 24000,
        "valid_y_end": 14000,
        "width": 2000,
        "height": 2000,
        "target_width": 2000,
        "target_height": 2000,
        "requires_padding": false,
        "processing_bbox_pixels": {
          "x0": 21840,
          "y0": 11840,
          "x1": 24160,
          "y1": 14160
        },
        "processing_requested_bbox_pixels": {
          "x0": 21840,
          "y0": 11840,
          "x1": 24160,
          "y1": 14160
        },
        "processing_width": 2320,
        "processing_height": 2320,
        "processing_target_width": 2320,
        "processing_target_height": 2320,
        "processing_requires_padding": false,
        "core_bbox_pixels": {
          "x0": 22000,
          "y0": 12000,
          "x1": 24000,
          "y1": 14000
        },
        "requested_bbox_pixels": {
          "x0": 22000,
          "y0": 12000,
          "x1": 24000,
          "y1": 14000
        },
        "halo_pixels": 160,
        "polarization": "VV",
        "display_bounds_lonlat": {
          "west": -34.39481032430339,
          "south": -5.49176208234526,
          "east": -34.14499536661733,
          "north": -5.2384834544594385
        },
        "cfar_detection_count": 0,
        "yolo_detection_count": 0,
        "processing_bounds_lonlat": {
          "west": -34.39481032430339,
          "south": -5.49176208234526,
          "east": -34.14499536661733,
          "north": -5.2384834544594385
        },
        "cfar_count": 0,
        "yolo_count": 0,
        "has_cfar_detection": false,
        "has_yolo_detection": false,
        "has_detection": false
      }
    },
    {
      "type": "Feature",
      "geometry": {
        "type": "Polygon",
        "coordinates": [
          [
            [
              -34.338309872808296,
              -5.255935068910177
            ],
            [
              -34.377661923301645,
              -5.434808752185461
            ],
            [
              -34.49406751330345,
              -5.408687087232346
            ],
            [
              -34.45469109297649,
              -5.22985078725298
            ],
            [
              -34.338309872808296,
              -5.255935068910177
            ]
          ]
        ]
      },
      "properties": {
        "patch_id": 90,
        "tile_id": 90,
        "patch_number": 91,
        "patch_label": "P091",
        "name": "patch_0091_VV",
        "x_start": 24000,
        "y_start": 12000,
        "valid_x_end": 25324,
        "valid_y_end": 14000,
        "width": 2000,
        "height": 2000,
        "target_width": 2000,
        "target_height": 2000,
        "requires_padding": true,
        "processing_bbox_pixels": {
          "x0": 23840,
          "y0": 11840,
          "x1": 25324,
          "y1": 14160
        },
        "processing_requested_bbox_pixels": {
          "x0": 23840,
          "y0": 11840,
          "x1": 26160,
          "y1": 14160
        },
        "processing_width": 1484,
        "processing_height": 2320,
        "processing_target_width": 1484,
        "processing_target_height": 2320,
        "processing_requires_padding": false,
        "core_bbox_pixels": {
          "x0": 24000,
          "y0": 12000,
          "x1": 25324,
          "y1": 14000
        },
        "requested_bbox_pixels": {
          "x0": 24000,
          "y0": 12000,
          "x1": 26000,
          "y1": 14000
        },
        "halo_pixels": 160,
        "polarization": "VV",
        "display_bounds_lonlat": {
          "west": -34.49722409572099,
          "south": -5.452284708805141,
          "east": -34.321074667156395,
          "north": -5.215536667537051
        },
        "cfar_detection_count": 0,
        "yolo_detection_count": 0,
        "processing_bounds_lonlat": {
          "west": -34.49722409572099,
          "south": -5.452284708805141,
          "east": -34.321074667156395,
          "north": -5.215536667537051
        },
        "cfar_count": 0,
        "yolo_count": 0,
        "has_cfar_detection": false,
        "has_yolo_detection": false,
        "has_detection": false
      }
    },
    {
      "type": "Feature",
      "geometry": {
        "type": "Polygon",
        "coordinates": [
          [
            [
              -32.26267543511125,
              -5.905195280257258
            ],
            [
              -32.30155304229652,
              -6.084615402138564
            ],
            [
              -32.477895172268774,
              -6.045697135053253
            ],
            [
              -32.43896756931549,
              -5.866313727044612
            ],
            [
              -32.26267543511125,
              -5.905195280257258
            ]
          ]
        ]
      },
      "properties": {
        "patch_id": 91,
        "tile_id": 91,
        "patch_number": 92,
        "patch_label": "P092",
        "name": "patch_0092_VV",
        "x_start": 0,
        "y_start": 14000,
        "valid_x_end": 2000,
        "valid_y_end": 16000,
        "width": 2000,
        "height": 2000,
        "target_width": 2000,
        "target_height": 2000,
        "requires_padding": false,
        "processing_bbox_pixels": {
          "x0": 0,
          "y0": 13840,
          "x1": 2160,
          "y1": 16160
        },
        "processing_requested_bbox_pixels": {
          "x0": -160,
          "y0": 13840,
          "x1": 2160,
          "y1": 16160
        },
        "processing_width": 2160,
        "processing_height": 2320,
        "processing_target_width": 2160,
        "processing_target_height": 2320,
        "processing_requires_padding": false,
        "core_bbox_pixels": {
          "x0": 0,
          "y0": 14000,
          "x1": 2000,
          "y1": 16000
        },
        "requested_bbox_pixels": {
          "x0": 0,
          "y0": 14000,
          "x1": 2000,
          "y1": 16000
        },
        "halo_pixels": 160,
        "polarization": "VV",
        "display_bounds_lonlat": {
          "west": -32.49512764464676,
          "south": -6.098975813034306,
          "east": -32.25956401598423,
          "north": -5.848842262385965
        },
        "cfar_detection_count": 0,
        "yolo_detection_count": 0,
        "processing_bounds_lonlat": {
          "west": -32.49512764464676,
          "south": -6.098975813034306,
          "east": -32.25956401598423,
          "north": -5.848842262385965
        },
        "cfar_count": 0,
        "yolo_count": 0,
        "has_cfar_detection": false,
        "has_yolo_detection": false,
        "has_detection": false
      }
    },
    {
      "type": "Feature",
      "geometry": {
        "type": "Polygon",
        "coordinates": [
          [
            [
              -32.43905575283388,
              -5.866294265735145
            ],
            [
              -32.47798338160031,
              -6.045677654704701
            ],
            [
              -32.65429798005371,
              -6.00670724498603
            ],
            [
              -32.61532634995507,
              -5.827362233276535
            ],
            [
              -32.43905575283388,
              -5.866294265735145
            ]
          ]
        ]
      },
      "properties": {
        "patch_id": 92,
        "tile_id": 92,
        "patch_number": 93,
        "patch_label": "P093",
        "name": "patch_0093_VV",
        "x_start": 2000,
        "y_start": 14000,
        "valid_x_end": 4000,
        "valid_y_end": 16000,
        "width": 2000,
        "height": 2000,
        "target_width": 2000,
        "target_height": 2000,
        "requires_padding": false,
        "processing_bbox_pixels": {
          "x0": 1840,
          "y0": 13840,
          "x1": 4160,
          "y1": 16160
        },
        "processing_requested_bbox_pixels": {
          "x0": 1840,
          "y0": 13840,
          "x1": 4160,
          "y1": 16160
        },
        "processing_width": 2320,
        "processing_height": 2320,
        "processing_target_width": 2320,
        "processing_target_height": 2320,
        "processing_requires_padding": false,
        "core_bbox_pixels": {
          "x0": 2000,
          "y0": 14000,
          "x1": 4000,
          "y1": 16000
        },
        "requested_bbox_pixels": {
          "x0": 2000,
          "y0": 14000,
          "x1": 4000,
          "y1": 16000
        },
        "halo_pixels": 160,
        "polarization": "VV",
        "display_bounds_lonlat": {
          "west": -32.67153203595651,
          "south": -6.063152206206825,
          "east": -32.42183130347039,
          "north": -5.809888289973779
        },
        "cfar_detection_count": 0,
        "yolo_detection_count": 0,
        "processing_bounds_lonlat": {
          "west": -32.67153203595651,
          "south": -6.063152206206825,
          "east": -32.42183130347039,
          "north": -5.809888289973779
        },
        "cfar_count": 0,
        "yolo_count": 0,
        "has_cfar_detection": false,
        "has_yolo_detection": false,
        "has_detection": false
      }
    },
    {
      "type": "Feature",
      "geometry": {
        "type": "Polygon",
        "coordinates": [
          [
            [
              -32.615414519543734,
              -5.827342737248094
            ],
            [
              -32.65438617363239,
              -6.00668772911388
            ],
            [
              -32.83067866818284,
              -5.967659287447098
            ],
            [
              -32.791656871492606,
              -5.7883546371150345
            ],
            [
              -32.615414519543734,
              -5.827342737248094
            ]
          ]
        ]
      },
      "properties": {
        "patch_id": 93,
        "tile_id": 93,
        "patch_number": 94,
        "patch_label": "P094",
        "name": "patch_0094_VV",
        "x_start": 4000,
        "y_start": 14000,
        "valid_x_end": 6000,
        "valid_y_end": 16000,
        "width": 2000,
        "height": 2000,
        "target_width": 2000,
        "target_height": 2000,
        "requires_padding": false,
        "processing_bbox_pixels": {
          "x0": 3840,
          "y0": 13840,
          "x1": 6160,
          "y1": 16160
        },
        "processing_requested_bbox_pixels": {
          "x0": 3840,
          "y0": 13840,
          "x1": 6160,
          "y1": 16160
        },
        "processing_width": 2320,
        "processing_height": 2320,
        "processing_target_width": 2320,
        "processing_target_height": 2320,
        "processing_requires_padding": false,
        "core_bbox_pixels": {
          "x0": 4000,
          "y0": 14000,
          "x1": 6000,
          "y1": 16000
        },
        "requested_bbox_pixels": {
          "x0": 4000,
          "y0": 14000,
          "x1": 6000,
          "y1": 16000
        },
        "halo_pixels": 160,
        "polarization": "VV",
        "display_bounds_lonlat": {
          "west": -32.84791569357308,
          "south": -6.024164851301574,
          "east": -32.59818881519172,
          "north": -5.770881274375385
        },
        "cfar_detection_count": 0,
        "yolo_detection_count": 0,
        "processing_bounds_lonlat": {
          "west": -32.84791569357308,
          "south": -6.024164851301574,
          "east": -32.59818881519172,
          "north": -5.770881274375385
        },
        "cfar_count": 0,
        "yolo_count": 0,
        "has_cfar_detection": false,
        "has_yolo_detection": false,
        "has_detection": false
      }
    },
    {
      "type": "Feature",
      "geometry": {
        "type": "Polygon",
        "coordinates": [
          [
            [
              -32.79174503166048,
              -5.7883351244439005
            ],
            [
              -32.830766854679304,
              -5.967639754210443
            ],
            [
              -33.00703340293414,
              -5.928556176820662
            ],
            [
              -32.96796746579797,
              -5.749293532671288
            ],
            [
              -32.79174503166048,
              -5.7883351244439005
            ]
          ]
        ]
      },
      "properties": {
        "patch_id": 94,
        "tile_id": 94,
        "patch_number": 95,
        "patch_label": "P095",
        "name": "patch_0095_VV",
        "x_start": 6000,
        "y_start": 14000,
        "valid_x_end": 8000,
        "valid_y_end": 16000,
        "width": 2000,
        "height": 2000,
        "target_width": 2000,
        "target_height": 2000,
        "requires_padding": false,
        "processing_bbox_pixels": {
          "x0": 5840,
          "y0": 13840,
          "x1": 8160,
          "y1": 16160
        },
        "processing_requested_bbox_pixels": {
          "x0": 5840,
          "y0": 13840,
          "x1": 8160,
          "y1": 16160
        },
        "processing_width": 2320,
        "processing_height": 2320,
        "processing_target_width": 2320,
        "processing_target_height": 2320,
        "processing_requires_padding": false,
        "core_bbox_pixels": {
          "x0": 6000,
          "y0": 14000,
          "x1": 8000,
          "y1": 16000
        },
        "requested_bbox_pixels": {
          "x0": 6000,
          "y0": 14000,
          "x1": 8000,
          "y1": 16000
        },
        "halo_pixels": 160,
        "polarization": "VV",
        "display_bounds_lonlat": {
          "west": -33.02427216275845,
          "south": -5.985116454474753,
          "east": -32.774516852306164,
          "north": -5.731818046872279
        },
        "cfar_detection_count": 2,
        "yolo_detection_count": 0,
        "processing_bounds_lonlat": {
          "west": -33.02427216275845,
          "south": -5.985116454474753,
          "east": -32.774516852306164,
          "north": -5.731818046872279
        },
        "cfar_count": 2,
        "yolo_count": 0,
        "has_cfar_detection": true,
        "has_yolo_detection": false,
        "has_detection": true
      }
    },
    {
      "type": "Feature",
      "geometry": {
        "type": "Polygon",
        "coordinates": [
          [
            [
              -32.96805561217331,
              -5.749273985657774
            ],
            [
              -33.007121575303806,
              -5.92853660839559
            ],
            [
              -33.18336452230122,
              -5.889399663229025
            ],
            [
              -33.1442499229643,
              -5.710180614521072
            ],
            [
              -32.96805561217331,
              -5.749273985657774
            ]
          ]
        ]
      },
      "properties": {
        "patch_id": 95,
        "tile_id": 95,
        "patch_number": 96,
        "patch_label": "P096",
        "name": "patch_0096_VV",
        "x_start": 8000,
        "y_start": 14000,
        "valid_x_end": 10000,
        "valid_y_end": 16000,
        "width": 2000,
        "height": 2000,
        "target_width": 2000,
        "target_height": 2000,
        "requires_padding": false,
        "processing_bbox_pixels": {
          "x0": 7840,
          "y0": 13840,
          "x1": 10160,
          "y1": 16160
        },
        "processing_requested_bbox_pixels": {
          "x0": 7840,
          "y0": 13840,
          "x1": 10160,
          "y1": 16160
        },
        "processing_width": 2320,
        "processing_height": 2320,
        "processing_target_width": 2320,
        "processing_target_height": 2320,
        "processing_requires_padding": false,
        "core_bbox_pixels": {
          "x0": 8000,
          "y0": 14000,
          "x1": 10000,
          "y1": 16000
        },
        "requested_bbox_pixels": {
          "x0": 8000,
          "y0": 14000,
          "x1": 10000,
          "y1": 16000
        },
        "halo_pixels": 160,
        "polarization": "VV",
        "display_bounds_lonlat": {
          "west": -33.200604925911776,
          "south": -5.9460155941831,
          "east": -32.950826192763664,
          "north": -5.692705407208048
        },
        "cfar_detection_count": 0,
        "yolo_detection_count": 0,
        "processing_bounds_lonlat": {
          "west": -33.200604925911776,
          "south": -5.9460155941831,
          "east": -32.950826192763664,
          "north": -5.692705407208048
        },
        "cfar_count": 0,
        "yolo_count": 0,
        "has_cfar_detection": false,
        "has_yolo_detection": false,
        "has_detection": false
      }
    },
    {
      "type": "Feature",
      "geometry": {
        "type": "Polygon",
        "coordinates": [
          [
            [
              -33.1443380602675,
              -5.710161050864864
            ],
            [
              -33.183452682668346,
              -5.889380077480855
            ],
            [
              -33.35967181942195,
              -5.8501855708430455
            ],
            [
              -33.32051324710486,
              -5.6710120090564615
            ],
            [
              -33.1443380602675,
              -5.710161050864864
            ]
          ]
        ]
      },
      "properties": {
        "patch_id": 96,
        "tile_id": 96,
        "patch_number": 97,
        "patch_label": "P097",
        "name": "patch_0097_VV",
        "x_start": 10000,
        "y_start": 14000,
        "valid_x_end": 12000,
        "valid_y_end": 16000,
        "width": 2000,
        "height": 2000,
        "target_width": 2000,
        "target_height": 2000,
        "requires_padding": false,
        "processing_bbox_pixels": {
          "x0": 9840,
          "y0": 13840,
          "x1": 12160,
          "y1": 16160
        },
        "processing_requested_bbox_pixels": {
          "x0": 9840,
          "y0": 13840,
          "x1": 12160,
          "y1": 16160
        },
        "processing_width": 2320,
        "processing_height": 2320,
        "processing_target_width": 2320,
        "processing_target_height": 2320,
        "processing_requires_padding": false,
        "core_bbox_pixels": {
          "x0": 10000,
          "y0": 14000,
          "x1": 12000,
          "y1": 16000
        },
        "requested_bbox_pixels": {
          "x0": 10000,
          "y0": 14000,
          "x1": 12000,
          "y1": 16000
        },
        "halo_pixels": 160,
        "polarization": "VV",
        "display_bounds_lonlat": {
          "west": -33.376914209299436,
          "south": -5.906858352941885,
          "east": -33.1271061196228,
          "north": -5.653535632055178
        },
        "cfar_detection_count": 0,
        "yolo_detection_count": 0,
        "processing_bounds_lonlat": {
          "west": -33.376914209299436,
          "south": -5.906858352941885,
          "east": -33.1271061196228,
          "north": -5.653535632055178
        },
        "cfar_count": 0,
        "yolo_count": 0,
        "has_cfar_detection": false,
        "has_yolo_detection": false,
        "has_detection": false
      }
    },
    {
      "type": "Feature",
      "geometry": {
        "type": "Polygon",
        "coordinates": [
          [
            [
              -33.320601372657016,
              -5.670992411774664
            ],
            [
              -33.35975996831317,
              -5.850165950283051
            ],
            [
              -33.53595601516412,
              -5.810921026176081
            ],
            [
              -33.49675304519948,
              -5.631794129780251
            ],
            [
              -33.320601372657016,
              -5.670992411774664
            ]
          ]
        ]
      },
      "properties": {
        "patch_id": 97,
        "tile_id": 97,
        "patch_number": 98,
        "patch_label": "P098",
        "name": "patch_0098_VV",
        "x_start": 12000,
        "y_start": 14000,
        "valid_x_end": 14000,
        "valid_y_end": 16000,
        "width": 2000,
        "height": 2000,
        "target_width": 2000,
        "target_height": 2000,
        "requires_padding": false,
        "processing_bbox_pixels": {
          "x0": 11840,
          "y0": 13840,
          "x1": 14160,
          "y1": 16160
        },
        "processing_requested_bbox_pixels": {
          "x0": 11840,
          "y0": 13840,
          "x1": 14160,
          "y1": 16160
        },
        "processing_width": 2320,
        "processing_height": 2320,
        "processing_target_width": 2320,
        "processing_target_height": 2320,
        "processing_requires_padding": false,
        "core_bbox_pixels": {
          "x0": 12000,
          "y0": 14000,
          "x1": 14000,
          "y1": 16000
        },
        "requested_bbox_pixels": {
          "x0": 12000,
          "y0": 14000,
          "x1": 14000,
          "y1": 16000
        },
        "halo_pixels": 160,
        "polarization": "VV",
        "display_bounds_lonlat": {
          "west": -33.55319964559479,
          "south": -5.867646143379388,
          "east": -33.303367831169524,
          "north": -5.6143161792041365
        },
        "cfar_detection_count": 0,
        "yolo_detection_count": 0,
        "processing_bounds_lonlat": {
          "west": -33.55319964559479,
          "south": -5.867646143379388,
          "east": -33.303367831169524,
          "north": -5.6143161792041365
        },
        "cfar_count": 0,
        "yolo_count": 0,
        "has_cfar_detection": false,
        "has_yolo_detection": false,
        "has_detection": false
      }
    },
    {
      "type": "Feature",
      "geometry": {
        "type": "Polygon",
        "coordinates": [
          [
            [
              -33.49684115364916,
              -5.631774499285839
            ],
            [
              -33.536044148330305,
              -5.810901371598844
            ],
            [
              -33.712216148815756,
              -5.771597942198612
            ],
            [
              -33.67296526278092,
              -5.592520032124475
            ],
            [
              -33.49684115364916,
              -5.631774499285839
            ]
          ]
        ]
      },
      "properties": {
        "patch_id": 98,
        "tile_id": 98,
        "patch_number": 99,
        "patch_label": "P099",
        "name": "patch_0099_VV",
        "x_start": 14000,
        "y_start": 14000,
        "valid_x_end": 16000,
        "valid_y_end": 16000,
        "width": 2000,
        "height": 2000,
        "target_width": 2000,
        "target_height": 2000,
        "requires_padding": false,
        "processing_bbox_pixels": {
          "x0": 13840,
          "y0": 13840,
          "x1": 16160,
          "y1": 16160
        },
        "processing_requested_bbox_pixels": {
          "x0": 13840,
          "y0": 13840,
          "x1": 16160,
          "y1": 16160
        },
        "processing_width": 2320,
        "processing_height": 2320,
        "processing_target_width": 2320,
        "processing_target_height": 2320,
        "processing_requires_padding": false,
        "core_bbox_pixels": {
          "x0": 14000,
          "y0": 14000,
          "x1": 16000,
          "y1": 16000
        },
        "requested_bbox_pixels": {
          "x0": 14000,
          "y0": 14000,
          "x1": 16000,
          "y1": 16000
        },
        "halo_pixels": 160,
        "polarization": "VV",
        "display_bounds_lonlat": {
          "west": -33.72946186738437,
          "south": -5.828381701208674,
          "east": -33.47960600105873,
          "north": -5.5750434100437865
        },
        "cfar_detection_count": 0,
        "yolo_detection_count": 0,
        "processing_bounds_lonlat": {
          "west": -33.72946186738437,
          "south": -5.828381701208674,
          "east": -33.47960600105873,
          "north": -5.5750434100437865
        },
        "cfar_count": 0,
        "yolo_count": 0,
        "has_cfar_detection": false,
        "has_yolo_detection": false,
        "has_detection": false
      }
    },
    {
      "type": "Feature",
      "geometry": {
        "type": "Polygon",
        "coordinates": [
          [
            [
              -33.673053365513915,
              -5.592500385327574
            ],
            [
              -33.71230427437728,
              -5.771578270298276
            ],
            [
              -33.888449754538186,
              -5.732224340077048
            ],
            [
              -33.849159057478076,
              -5.553196582009862
            ],
            [
              -33.673053365513915,
              -5.592500385327574
            ]
          ]
        ]
      },
      "properties": {
        "patch_id": 99,
        "tile_id": 99,
        "patch_number": 100,
        "patch_label": "P100",
        "name": "patch_0100_VV",
        "x_start": 16000,
        "y_start": 14000,
        "valid_x_end": 18000,
        "valid_y_end": 16000,
        "width": 2000,
        "height": 2000,
        "target_width": 2000,
        "target_height": 2000,
        "requires_padding": false,
        "processing_bbox_pixels": {
          "x0": 15840,
          "y0": 13840,
          "x1": 18160,
          "y1": 16160
        },
        "processing_requested_bbox_pixels": {
          "x0": 15840,
          "y0": 13840,
          "x1": 18160,
          "y1": 16160
        },
        "processing_width": 2320,
        "processing_height": 2320,
        "processing_target_width": 2320,
        "processing_target_height": 2320,
        "processing_requires_padding": false,
        "core_bbox_pixels": {
          "x0": 16000,
          "y0": 14000,
          "x1": 18000,
          "y1": 16000
        },
        "requested_bbox_pixels": {
          "x0": 16000,
          "y0": 14000,
          "x1": 18000,
          "y1": 16000
        },
        "halo_pixels": 160,
        "polarization": "VV",
        "display_bounds_lonlat": {
          "west": -33.90569649355143,
          "south": -5.789059011287796,
          "east": -33.65581604008253,
          "north": -5.535718725677435
        },
        "cfar_detection_count": 11,
        "yolo_detection_count": 0,
        "processing_bounds_lonlat": {
          "west": -33.90569649355143,
          "south": -5.789059011287796,
          "east": -33.65581604008253,
          "north": -5.535718725677435
        },
        "cfar_count": 11,
        "yolo_count": 0,
        "has_cfar_detection": true,
        "has_yolo_detection": false,
        "has_detection": true
      }
    },
    {
      "type": "Feature",
      "geometry": {
        "type": "Polygon",
        "coordinates": [
          [
            [
              -33.84924714408386,
              -5.553176902376936
            ],
            [
              -33.888537863260154,
              -5.7322046345360596
            ],
            [
              -34.06465704335495,
              -5.692796472142701
            ],
            [
              -34.025324453363105,
              -5.513820997173916
            ],
            [
              -33.84924714408386,
              -5.553176902376936
            ]
          ]
        ]
      },
      "properties": {
        "patch_id": 100,
        "tile_id": 100,
        "patch_number": 101,
        "patch_label": "P101",
        "name": "patch_0101_VV",
        "x_start": 18000,
        "y_start": 14000,
        "valid_x_end": 20000,
        "valid_y_end": 16000,
        "width": 2000,
        "height": 2000,
        "target_width": 2000,
        "target_height": 2000,
        "requires_padding": false,
        "processing_bbox_pixels": {
          "x0": 17840,
          "y0": 13840,
          "x1": 20160,
          "y1": 16160
        },
        "processing_requested_bbox_pixels": {
          "x0": 17840,
          "y0": 13840,
          "x1": 20160,
          "y1": 16160
        },
        "processing_width": 2320,
        "processing_height": 2320,
        "processing_target_width": 2320,
        "processing_target_height": 2320,
        "processing_requires_padding": false,
        "core_bbox_pixels": {
          "x0": 18000,
          "y0": 14000,
          "x1": 20000,
          "y1": 16000
        },
        "requested_bbox_pixels": {
          "x0": 18000,
          "y0": 14000,
          "x1": 20000,
          "y1": 16000
        },
        "halo_pixels": 160,
        "polarization": "VV",
        "display_bounds_lonlat": {
          "west": -34.0819058226016,
          "south": -5.7496867220389465,
          "east": -33.83200925922757,
          "north": -5.496344733677402
        },
        "cfar_detection_count": 0,
        "yolo_detection_count": 0,
        "processing_bounds_lonlat": {
          "west": -34.0819058226016,
          "south": -5.7496867220389465,
          "east": -33.83200925922757,
          "north": -5.496344733677402
        },
        "cfar_count": 0,
        "yolo_count": 0,
        "has_cfar_detection": false,
        "has_yolo_detection": false,
        "has_detection": false
      }
    },
    {
      "type": "Feature",
      "geometry": {
        "type": "Polygon",
        "coordinates": [
          [
            [
              -34.02541253221455,
              -5.51380130131127
            ],
            [
              -34.06474514200126,
              -5.692776749907573
            ],
            [
              -34.24084411356662,
              -5.653315303411906
            ],
            [
              -34.2014721229129,
              -5.474393526204773
            ],
            [
              -34.02541253221455,
              -5.51380130131127
            ]
          ]
        ]
      },
      "properties": {
        "patch_id": 101,
        "tile_id": 101,
        "patch_number": 102,
        "patch_label": "P102",
        "name": "patch_0102_VV",
        "x_start": 20000,
        "y_start": 14000,
        "valid_x_end": 22000,
        "valid_y_end": 16000,
        "width": 2000,
        "height": 2000,
        "target_width": 2000,
        "target_height": 2000,
        "requires_padding": false,
        "processing_bbox_pixels": {
          "x0": 19840,
          "y0": 13840,
          "x1": 22160,
          "y1": 16160
        },
        "processing_requested_bbox_pixels": {
          "x0": 19840,
          "y0": 13840,
          "x1": 22160,
          "y1": 16160
        },
        "processing_width": 2320,
        "processing_height": 2320,
        "processing_target_width": 2320,
        "processing_target_height": 2320,
        "processing_requires_padding": false,
        "core_bbox_pixels": {
          "x0": 20000,
          "y0": 14000,
          "x1": 22000,
          "y1": 16000
        },
        "requested_bbox_pixels": {
          "x0": 20000,
          "y0": 14000,
          "x1": 22000,
          "y1": 16000
        },
        "halo_pixels": 160,
        "polarization": "VV",
        "display_bounds_lonlat": {
          "west": -34.258094723434134,
          "south": -5.710257338002709,
          "east": -34.00817253496386,
          "north": -5.4569164353980435
        },
        "cfar_detection_count": 0,
        "yolo_detection_count": 0,
        "processing_bounds_lonlat": {
          "west": -34.258094723434134,
          "south": -5.710257338002709,
          "east": -34.00817253496386,
          "north": -5.4569164353980435
        },
        "cfar_count": 0,
        "yolo_count": 0,
        "has_cfar_detection": false,
        "has_yolo_detection": false,
        "has_detection": false
      }
    },
    {
      "type": "Feature",
      "geometry": {
        "type": "Polygon",
        "coordinates": [
          [
            [
              -34.20156018824155,
              -5.474373798222895
            ],
            [
              -34.24093220271673,
              -5.653295547954121
            ],
            [
              -34.41701075265987,
              -5.613784288869129
            ],
            [
              -34.37759360904476,
              -5.434917974724911
            ],
            [
              -34.20156018824155,
              -5.474373798222895
            ]
          ]
        ]
      },
      "properties": {
        "patch_id": 102,
        "tile_id": 102,
        "patch_number": 103,
        "patch_label": "P103",
        "name": "patch_0103_VV",
        "x_start": 22000,
        "y_start": 14000,
        "valid_x_end": 24000,
        "valid_y_end": 16000,
        "width": 2000,
        "height": 2000,
        "target_width": 2000,
        "target_height": 2000,
        "requires_padding": false,
        "processing_bbox_pixels": {
          "x0": 21840,
          "y0": 13840,
          "x1": 24160,
          "y1": 16160
        },
        "processing_requested_bbox_pixels": {
          "x0": 21840,
          "y0": 13840,
          "x1": 24160,
          "y1": 16160
        },
        "processing_width": 2320,
        "processing_height": 2320,
        "processing_target_width": 2320,
        "processing_target_height": 2320,
        "processing_requires_padding": false,
        "core_bbox_pixels": {
          "x0": 22000,
          "y0": 14000,
          "x1": 24000,
          "y1": 16000
        },
        "requested_bbox_pixels": {
          "x0": 22000,
          "y0": 14000,
          "x1": 24000,
          "y1": 16000
        },
        "halo_pixels": 160,
        "polarization": "VV",
        "display_bounds_lonlat": {
          "west": -34.434255503594244,
          "south": -5.670777156318497,
          "east": -34.18431928927722,
          "north": -5.4174427261577875
        },
        "cfar_detection_count": 0,
        "yolo_detection_count": 0,
        "processing_bounds_lonlat": {
          "west": -34.434255503594244,
          "south": -5.670777156318497,
          "east": -34.18431928927722,
          "north": -5.4174427261577875
        },
        "cfar_count": 0,
        "yolo_count": 0,
        "has_cfar_detection": false,
        "has_yolo_detection": false,
        "has_detection": false
      }
    },
    {
      "type": "Feature",
      "geometry": {
        "type": "Polygon",
        "coordinates": [
          [
            [
              -34.377681638336384,
              -5.434898230485769
            ],
            [
              -34.41709880311362,
              -5.61376451647352
            ],
            [
              -34.533531196116996,
              -5.587605062785475
            ],
            [
              -34.49408724194483,
              -5.408776546613369
            ],
            [
              -34.377681638336384,
              -5.434898230485769
            ]
          ]
        ]
      },
      "properties": {
        "patch_id": 103,
        "tile_id": 103,
        "patch_number": 104,
        "patch_label": "P104",
        "name": "patch_0104_VV",
        "x_start": 24000,
        "y_start": 14000,
        "valid_x_end": 25324,
        "valid_y_end": 16000,
        "width": 2000,
        "height": 2000,
        "target_width": 2000,
        "target_height": 2000,
        "requires_padding": true,
        "processing_bbox_pixels": {
          "x0": 23840,
          "y0": 13840,
          "x1": 25324,
          "y1": 16160
        },
        "processing_requested_bbox_pixels": {
          "x0": 23840,
          "y0": 13840,
          "x1": 26160,
          "y1": 16160
        },
        "processing_width": 1484,
        "processing_height": 2320,
        "processing_target_width": 1484,
        "processing_target_height": 2320,
        "processing_requires_padding": false,
        "core_bbox_pixels": {
          "x0": 24000,
          "y0": 14000,
          "x1": 25324,
          "y1": 16000
        },
        "requested_bbox_pixels": {
          "x0": 24000,
          "y0": 14000,
          "x1": 26000,
          "y1": 16000
        },
        "halo_pixels": 160,
        "polarization": "VV",
        "display_bounds_lonlat": {
          "west": -34.53669250158079,
          "south": -5.631244327990246,
          "east": -34.36043837295127,
          "north": -5.394463045649781
        },
        "cfar_detection_count": 0,
        "yolo_detection_count": 0,
        "processing_bounds_lonlat": {
          "west": -34.53669250158079,
          "south": -5.631244327990246,
          "east": -34.36043837295127,
          "north": -5.394463045649781
        },
        "cfar_count": 0,
        "yolo_count": 0,
        "has_cfar_detection": false,
        "has_yolo_detection": false,
        "has_detection": false
      }
    },
    {
      "type": "Feature",
      "geometry": {
        "type": "Polygon",
        "coordinates": [
          [
            [
              -32.30157250854724,
              -6.084705154706661
            ],
            [
              -32.34048874451547,
              -6.2641087918776055
            ],
            [
              -32.51688178203249,
              -6.22515348333042
            ],
            [
              -32.477914663912564,
              -6.045786869164283
            ],
            [
              -32.30157250854724,
              -6.084705154706661
            ]
          ]
        ]
      },
      "properties": {
        "patch_id": 104,
        "tile_id": 104,
        "patch_number": 105,
        "patch_label": "P105",
        "name": "patch_0105_VV",
        "x_start": 0,
        "y_start": 16000,
        "valid_x_end": 2000,
        "valid_y_end": 18000,
        "width": 2000,
        "height": 2000,
        "target_width": 2000,
        "target_height": 2000,
        "requires_padding": false,
        "processing_bbox_pixels": {
          "x0": 0,
          "y0": 15840,
          "x1": 2160,
          "y1": 18160
        },
        "processing_requested_bbox_pixels": {
          "x0": -160,
          "y0": 15840,
          "x1": 2160,
          "y1": 18160
        },
        "processing_width": 2160,
        "processing_height": 2320,
        "processing_target_width": 2160,
        "processing_target_height": 2320,
        "processing_requires_padding": false,
        "core_bbox_pixels": {
          "x0": 0,
          "y0": 16000,
          "x1": 2000,
          "y1": 18000
        },
        "requested_bbox_pixels": {
          "x0": 0,
          "y0": 16000,
          "x1": 2000,
          "y1": 18000
        },
        "halo_pixels": 160,
        "polarization": "VV",
        "display_bounds_lonlat": {
          "west": -32.53412048279195,
          "south": -6.278461506486537,
          "east": -32.29845790859047,
          "north": -6.028312793599651
        },
        "cfar_detection_count": 0,
        "yolo_detection_count": 1,
        "processing_bounds_lonlat": {
          "west": -32.53412048279195,
          "south": -6.278461506486537,
          "east": -32.29845790859047,
          "north": -6.028312793599651
        },
        "cfar_count": 0,
        "yolo_count": 1,
        "has_cfar_detection": false,
        "has_yolo_detection": true,
        "has_detection": true
      }
    },
    {
      "type": "Feature",
      "geometry": {
        "type": "Polygon",
        "coordinates": [
          [
            [
              -32.478002873256386,
              -6.045767388806377
            ],
            [
              -32.51697001637812,
              -6.225133984180398
            ],
            [
              -32.69333658622051,
              -6.186124497449514
            ],
            [
              -32.65431749727546,
              -6.00679695954919
            ],
            [
              -32.478002873256386,
              -6.045767388806377
            ]
          ]
        ]
      },
      "properties": {
        "patch_id": 105,
        "tile_id": 105,
        "patch_number": 106,
        "patch_label": "P106",
        "name": "patch_0106_VV",
        "x_start": 2000,
        "y_start": 16000,
        "valid_x_end": 4000,
        "valid_y_end": 18000,
        "width": 2000,
        "height": 2000,
        "target_width": 2000,
        "target_height": 2000,
        "requires_padding": false,
        "processing_bbox_pixels": {
          "x0": 1840,
          "y0": 15840,
          "x1": 4160,
          "y1": 18160
        },
        "processing_requested_bbox_pixels": {
          "x0": 1840,
          "y0": 15840,
          "x1": 4160,
          "y1": 18160
        },
        "processing_width": 2320,
        "processing_height": 2320,
        "processing_target_width": 2320,
        "processing_target_height": 2320,
        "processing_requires_padding": false,
        "core_bbox_pixels": {
          "x0": 2000,
          "y0": 16000,
          "x1": 4000,
          "y1": 18000
        },
        "requested_bbox_pixels": {
          "x0": 2000,
          "y0": 16000,
          "x1": 4000,
          "y1": 18000
        },
        "halo_pixels": 160,
        "polarization": "VV",
        "display_bounds_lonlat": {
          "west": -32.71057733632512,
          "south": -6.242603773919033,
          "east": -32.460771024491464,
          "north": -5.98932034243802
        },
        "cfar_detection_count": 0,
        "yolo_detection_count": 0,
        "processing_bounds_lonlat": {
          "west": -32.71057733632512,
          "south": -6.242603773919033,
          "east": -32.460771024491464,
          "north": -5.98932034243802
        },
        "cfar_count": 0,
        "yolo_count": 0,
        "has_cfar_detection": false,
        "has_yolo_detection": false,
        "has_detection": false
      }
    },
    {
      "type": "Feature",
      "geometry": {
        "type": "Polygon",
        "coordinates": [
          [
            [
              -32.654405690866525,
              -6.006777443667113
            ],
            [
              -32.693424804588105,
              -6.186104961677108
            ],
            [
              -32.86976833502202,
              -6.147036295859361
            ],
            [
              -32.83069821092988,
              -5.967748981978377
            ],
            [
              -32.654405690866525,
              -6.006777443667113
            ]
          ]
        ]
      },
      "properties": {
        "patch_id": 106,
        "tile_id": 106,
        "patch_number": 107,
        "patch_label": "P107",
        "name": "patch_0107_VV",
        "x_start": 4000,
        "y_start": 16000,
        "valid_x_end": 6000,
        "valid_y_end": 18000,
        "width": 2000,
        "height": 2000,
        "target_width": 2000,
        "target_height": 2000,
        "requires_padding": false,
        "processing_bbox_pixels": {
          "x0": 3840,
          "y0": 15840,
          "x1": 6160,
          "y1": 18160
        },
        "processing_requested_bbox_pixels": {
          "x0": 3840,
          "y0": 15840,
          "x1": 6160,
          "y1": 18160
        },
        "processing_width": 2320,
        "processing_height": 2320,
        "processing_target_width": 2320,
        "processing_target_height": 2320,
        "processing_requires_padding": false,
        "core_bbox_pixels": {
          "x0": 4000,
          "y0": 16000,
          "x1": 6000,
          "y1": 18000
        },
        "requested_bbox_pixels": {
          "x0": 4000,
          "y0": 16000,
          "x1": 6000,
          "y1": 18000
        },
        "halo_pixels": 160,
        "polarization": "VV",
        "display_bounds_lonlat": {
          "west": -32.88701231648043,
          "south": -6.203577493004474,
          "east": -32.63717227008298,
          "north": -5.950272796503601
        },
        "cfar_detection_count": 0,
        "yolo_detection_count": 0,
        "processing_bounds_lonlat": {
          "west": -32.88701231648043,
          "south": -6.203577493004474,
          "east": -32.63717227008298,
          "north": -5.950272796503601
        },
        "cfar_count": 0,
        "yolo_count": 0,
        "has_cfar_detection": false,
        "has_yolo_detection": false,
        "has_detection": false
      }
    },
    {
      "type": "Feature",
      "geometry": {
        "type": "Polygon",
        "coordinates": [
          [
            [
              -32.83078639743954,
              -5.967729448731603
            ],
            [
              -32.86985654790177,
              -6.1470167422474145
            ],
            [
              -33.0461739947238,
              -6.1078910881176
            ],
            [
              -33.00705297112447,
              -5.928645850326633
            ],
            [
              -32.83078639743954,
              -5.967729448731603
            ]
          ]
        ]
      },
      "properties": {
        "patch_id": 107,
        "tile_id": 107,
        "patch_number": 108,
        "patch_label": "P108",
        "name": "patch_0108_VV",
        "x_start": 6000,
        "y_start": 16000,
        "valid_x_end": 8000,
        "valid_y_end": 18000,
        "width": 2000,
        "height": 2000,
        "target_width": 2000,
        "target_height": 2000,
        "requires_padding": false,
        "processing_bbox_pixels": {
          "x0": 5840,
          "y0": 15840,
          "x1": 8160,
          "y1": 18160
        },
        "processing_requested_bbox_pixels": {
          "x0": 5840,
          "y0": 15840,
          "x1": 8160,
          "y1": 18160
        },
        "processing_width": 2320,
        "processing_height": 2320,
        "processing_target_width": 2320,
        "processing_target_height": 2320,
        "processing_requires_padding": false,
        "core_bbox_pixels": {
          "x0": 6000,
          "y0": 16000,
          "x1": 8000,
          "y1": 18000
        },
        "requested_bbox_pixels": {
          "x0": 6000,
          "y0": 16000,
          "x1": 8000,
          "y1": 18000
        },
        "halo_pixels": 160,
        "polarization": "VV",
        "display_bounds_lonlat": {
          "west": -33.06341910034865,
          "south": -6.164488819244152,
          "east": -32.81355003992373,
          "north": -5.911167418180698
        },
        "cfar_detection_count": 0,
        "yolo_detection_count": 0,
        "processing_bounds_lonlat": {
          "west": -33.06341910034865,
          "south": -6.164488819244152,
          "east": -32.81355003992373,
          "north": -5.911167418180698
        },
        "cfar_count": 0,
        "yolo_count": 0,
        "has_cfar_detection": false,
        "has_yolo_detection": false,
        "has_detection": false
      }
    },
    {
      "type": "Feature",
      "geometry": {
        "type": "Polygon",
        "coordinates": [
          [
            [
              -33.00714114350481,
              -5.928626281890681
            ],
            [
              -33.0462621890825,
              -6.1078714979298905
            ],
            [
              -33.22255220000629,
              -6.0686909434130145
            ],
            [
              -33.18338411359209,
              -5.889489314972355
            ],
            [
              -33.00714114350481,
              -5.928626281890681
            ]
          ]
        ]
      },
      "properties": {
        "patch_id": 108,
        "tile_id": 108,
        "patch_number": 109,
        "patch_label": "P109",
        "name": "patch_0109_VV",
        "x_start": 8000,
        "y_start": 16000,
        "valid_x_end": 10000,
        "valid_y_end": 18000,
        "width": 2000,
        "height": 2000,
        "target_width": 2000,
        "target_height": 2000,
        "requires_padding": false,
        "processing_bbox_pixels": {
          "x0": 7840,
          "y0": 15840,
          "x1": 10160,
          "y1": 18160
        },
        "processing_requested_bbox_pixels": {
          "x0": 7840,
          "y0": 15840,
          "x1": 10160,
          "y1": 18160
        },
        "processing_width": 2320,
        "processing_height": 2320,
        "processing_target_width": 2320,
        "processing_target_height": 2320,
        "processing_requires_padding": false,
        "core_bbox_pixels": {
          "x0": 8000,
          "y0": 16000,
          "x1": 10000,
          "y1": 18000
        },
        "requested_bbox_pixels": {
          "x0": 8000,
          "y0": 16000,
          "x1": 10000,
          "y1": 18000
        },
        "halo_pixels": 160,
        "polarization": "VV",
        "display_bounds_lonlat": {
          "west": -33.239799929002615,
          "south": -6.125346037388493,
          "east": -32.989902929204334,
          "north": -5.872011020805356
        },
        "cfar_detection_count": 0,
        "yolo_detection_count": 1,
        "processing_bounds_lonlat": {
          "west": -33.239799929002615,
          "south": -6.125346037388493,
          "east": -32.989902929204334,
          "north": -5.872011020805356
        },
        "cfar_count": 0,
        "yolo_count": 1,
        "has_cfar_detection": false,
        "has_yolo_detection": true,
        "has_detection": true
      }
    },
    {
      "type": "Feature",
      "geometry": {
        "type": "Polygon",
        "coordinates": [
          [
            [
              -33.18347227397143,
              -5.889469729213303
            ],
            [
              -33.22264038510459,
              -6.0686713358089674
            ],
            [
              -33.398906329590965,
              -6.029430942769428
            ],
            [
              -33.35969143397499,
              -5.850275199638359
            ],
            [
              -33.18347227397143,
              -5.889469729213303
            ]
          ]
        ]
      },
      "properties": {
        "patch_id": 109,
        "tile_id": 109,
        "patch_number": 110,
        "patch_label": "P110",
        "name": "patch_0110_VV",
        "x_start": 10000,
        "y_start": 16000,
        "valid_x_end": 12000,
        "valid_y_end": 18000,
        "width": 2000,
        "height": 2000,
        "target_width": 2000,
        "target_height": 2000,
        "requires_padding": false,
        "processing_bbox_pixels": {
          "x0": 9840,
          "y0": 15840,
          "x1": 12160,
          "y1": 18160
        },
        "processing_requested_bbox_pixels": {
          "x0": 9840,
          "y0": 15840,
          "x1": 12160,
          "y1": 18160
        },
        "processing_width": 2320,
        "processing_height": 2320,
        "processing_target_width": 2320,
        "processing_target_height": 2320,
        "processing_requires_padding": false,
        "core_bbox_pixels": {
          "x0": 10000,
          "y0": 16000,
          "x1": 12000,
          "y1": 18000
        },
        "requested_bbox_pixels": {
          "x0": 10000,
          "y0": 16000,
          "x1": 12000,
          "y1": 18000
        },
        "halo_pixels": 160,
        "polarization": "VV",
        "display_bounds_lonlat": {
          "west": -33.41615551068451,
          "south": -6.086145120230704,
          "east": -33.166232316045715,
          "north": -5.832795599035638
        },
        "cfar_detection_count": 0,
        "yolo_detection_count": 0,
        "processing_bounds_lonlat": {
          "west": -33.41615551068451,
          "south": -6.086145120230704,
          "east": -33.166232316045715,
          "north": -5.832795599035638
        },
        "cfar_count": 0,
        "yolo_count": 0,
        "has_cfar_detection": false,
        "has_yolo_detection": false,
        "has_detection": false
      }
    },
    {
      "type": "Feature",
      "geometry": {
        "type": "Polygon",
        "coordinates": [
          [
            [
              -33.35977958287551,
              -5.850255579066719
            ],
            [
              -33.39899449812144,
              -6.029411298919589
            ],
            [
              -33.57523723102647,
              -5.990119139680024
            ],
            [
              -33.53597565291295,
              -5.811010631399572
            ],
            [
              -33.35977958287551,
              -5.850255579066719
            ]
          ]
        ]
      },
      "properties": {
        "patch_id": 110,
        "tile_id": 110,
        "patch_number": 111,
        "patch_label": "P111",
        "name": "patch_0111_VV",
        "x_start": 12000,
        "y_start": 16000,
        "valid_x_end": 14000,
        "valid_y_end": 18000,
        "width": 2000,
        "height": 2000,
        "target_width": 2000,
        "target_height": 2000,
        "requires_padding": false,
        "processing_bbox_pixels": {
          "x0": 11840,
          "y0": 15840,
          "x1": 14160,
          "y1": 18160
        },
        "processing_requested_bbox_pixels": {
          "x0": 11840,
          "y0": 15840,
          "x1": 14160,
          "y1": 18160
        },
        "processing_width": 2320,
        "processing_height": 2320,
        "processing_target_width": 2320,
        "processing_target_height": 2320,
        "processing_requires_padding": false,
        "core_bbox_pixels": {
          "x0": 12000,
          "y0": 16000,
          "x1": 14000,
          "y1": 18000
        },
        "requested_bbox_pixels": {
          "x0": 12000,
          "y0": 16000,
          "x1": 14000,
          "y1": 18000
        },
        "halo_pixels": 160,
        "polarization": "VV",
        "display_bounds_lonlat": {
          "west": -33.592488282879316,
          "south": -6.046887212689706,
          "east": -33.342537666774746,
          "north": -5.793529374099422
        },
        "cfar_detection_count": 1,
        "yolo_detection_count": 1,
        "processing_bounds_lonlat": {
          "west": -33.592488282879316,
          "south": -6.046887212689706,
          "east": -33.342537666774746,
          "north": -5.793529374099422
        },
        "cfar_count": 1,
        "yolo_count": 1,
        "has_cfar_detection": true,
        "has_yolo_detection": true,
        "has_detection": true
      }
    },
    {
      "type": "Feature",
      "geometry": {
        "type": "Polygon",
        "coordinates": [
          [
            [
              -33.53606378609085,
              -5.8109909768101184
            ],
            [
              -33.57532538733649,
              -5.99009946071416
            ],
            [
              -33.75154005809976,
              -5.950747165990986
            ],
            [
              -33.71223580758833,
              -5.771687522986859
            ],
            [
              -33.53606378609085,
              -5.8109909768101184
            ]
          ]
        ]
      },
      "properties": {
        "patch_id": 111,
        "tile_id": 111,
        "patch_number": 112,
        "patch_label": "P112",
        "name": "patch_0112_VV",
        "x_start": 14000,
        "y_start": 16000,
        "valid_x_end": 16000,
        "valid_y_end": 18000,
        "width": 2000,
        "height": 2000,
        "target_width": 2000,
        "target_height": 2000,
        "requires_padding": false,
        "processing_bbox_pixels": {
          "x0": 13840,
          "y0": 15840,
          "x1": 16160,
          "y1": 18160
        },
        "processing_requested_bbox_pixels": {
          "x0": 13840,
          "y0": 15840,
          "x1": 16160,
          "y1": 18160
        },
        "processing_width": 2320,
        "processing_height": 2320,
        "processing_target_width": 2320,
        "processing_target_height": 2320,
        "processing_requires_padding": false,
        "core_bbox_pixels": {
          "x0": 14000,
          "y0": 16000,
          "x1": 16000,
          "y1": 18000
        },
        "requested_bbox_pixels": {
          "x0": 14000,
          "y0": 16000,
          "x1": 16000,
          "y1": 18000
        },
        "halo_pixels": 160,
        "polarization": "VV",
        "display_bounds_lonlat": {
          "west": -33.76879306165727,
          "south": -6.007575559545568,
          "east": -33.51882024128618,
          "north": -5.754207403629983
        },
        "cfar_detection_count": 0,
        "yolo_detection_count": 0,
        "processing_bounds_lonlat": {
          "west": -33.76879306165727,
          "south": -6.007575559545568,
          "east": -33.51882024128618,
          "north": -5.754207403629983
        },
        "cfar_count": 0,
        "yolo_count": 0,
        "has_cfar_detection": false,
        "has_yolo_detection": false,
        "has_detection": false
      }
    },
    {
      "type": "Feature",
      "geometry": {
        "type": "Polygon",
        "coordinates": [
          [
            [
              -33.7123239331586,
              -5.771667851074304
            ],
            [
              -33.75162820233584,
              -5.9507274695621675
            ],
            [
              -33.92781967228372,
              -5.911322876114147
            ],
            [
              -33.88846943620388,
              -5.732313895549289
            ],
            [
              -33.7123239331586,
              -5.771667851074304
            ]
          ]
        ]
      },
      "properties": {
        "patch_id": 112,
        "tile_id": 112,
        "patch_number": 113,
        "patch_label": "P113",
        "name": "patch_0113_VV",
        "x_start": 16000,
        "y_start": 16000,
        "valid_x_end": 18000,
        "valid_y_end": 18000,
        "width": 2000,
        "height": 2000,
        "target_width": 2000,
        "target_height": 2000,
        "requires_padding": false,
        "processing_bbox_pixels": {
          "x0": 15840,
          "y0": 15840,
          "x1": 18160,
          "y1": 18160
        },
        "processing_requested_bbox_pixels": {
          "x0": 15840,
          "y0": 15840,
          "x1": 18160,
          "y1": 18160
        },
        "processing_width": 2320,
        "processing_height": 2320,
        "processing_target_width": 2320,
        "processing_target_height": 2320,
        "processing_requires_padding": false,
        "core_bbox_pixels": {
          "x0": 16000,
          "y0": 16000,
          "x1": 18000,
          "y1": 18000
        },
        "requested_bbox_pixels": {
          "x0": 16000,
          "y0": 16000,
          "x1": 18000,
          "y1": 18000
        },
        "halo_pixels": 160,
        "polarization": "VV",
        "display_bounds_lonlat": {
          "west": -33.94507429047857,
          "south": -5.9682040513247,
          "east": -33.69507865717625,
          "north": -5.714832458818078
        },
        "cfar_detection_count": 0,
        "yolo_detection_count": 0,
        "processing_bounds_lonlat": {
          "west": -33.94507429047857,
          "south": -5.9682040513247,
          "east": -33.69507865717625,
          "north": -5.714832458818078
        },
        "cfar_count": 0,
        "yolo_count": 0,
        "has_cfar_detection": false,
        "has_yolo_detection": false,
        "has_detection": false
      }
    },
    {
      "type": "Feature",
      "geometry": {
        "type": "Polygon",
        "coordinates": [
          [
            [
              -33.88855754493659,
              -5.732294189995512
            ],
            [
              -33.92790780297298,
              -5.911303144945894
            ],
            [
              -34.104072830796426,
              -5.871842695695463
            ],
            [
              -34.06467674772063,
              -5.692886001458447
            ],
            [
              -33.88855754493659,
              -5.732294189995512
            ]
          ]
        ]
      },
      "properties": {
        "patch_id": 113,
        "tile_id": 113,
        "patch_number": 114,
        "patch_label": "P114",
        "name": "patch_0114_VV",
        "x_start": 18000,
        "y_start": 16000,
        "valid_x_end": 20000,
        "valid_y_end": 18000,
        "width": 2000,
        "height": 2000,
        "target_width": 2000,
        "target_height": 2000,
        "requires_padding": false,
        "processing_bbox_pixels": {
          "x0": 17840,
          "y0": 15840,
          "x1": 20160,
          "y1": 18160
        },
        "processing_requested_bbox_pixels": {
          "x0": 17840,
          "y0": 15840,
          "x1": 20160,
          "y1": 18160
        },
        "processing_width": 2320,
        "processing_height": 2320,
        "processing_target_width": 2320,
        "processing_target_height": 2320,
        "processing_requires_padding": false,
        "core_bbox_pixels": {
          "x0": 18000,
          "y0": 16000,
          "x1": 20000,
          "y1": 18000
        },
        "requested_bbox_pixels": {
          "x0": 18000,
          "y0": 16000,
          "x1": 20000,
          "y1": 18000
        },
        "halo_pixels": 160,
        "polarization": "VV",
        "display_bounds_lonlat": {
          "west": -34.12133005581414,
          "south": -5.9287812076431345,
          "east": -33.87131135655471,
          "north": -5.6754060932740185
        },
        "cfar_detection_count": 0,
        "yolo_detection_count": 0,
        "processing_bounds_lonlat": {
          "west": -34.12133005581414,
          "south": -5.9287812076431345,
          "east": -33.87131135655471,
          "north": -5.6754060932740185
        },
        "cfar_count": 0,
        "yolo_count": 0,
        "has_cfar_detection": false,
        "has_yolo_detection": false,
        "has_detection": false
      }
    },
    {
      "type": "Feature",
      "geometry": {
        "type": "Polygon",
        "coordinates": [
          [
            [
              -34.064764846378885,
              -5.692866279209955
            ],
            [
              -34.104160953332624,
              -5.871822946780902
            ],
            [
              -34.28030253050849,
              -5.832307585648557
            ],
            [
              -34.2408638390054,
              -5.653404805820971
            ],
            [
              -34.064764846378885,
              -5.692866279209955
            ]
          ]
        ]
      },
      "properties": {
        "patch_id": 114,
        "tile_id": 114,
        "patch_number": 115,
        "patch_label": "P115",
        "name": "patch_0115_VV",
        "x_start": 20000,
        "y_start": 16000,
        "valid_x_end": 22000,
        "valid_y_end": 18000,
        "width": 2000,
        "height": 2000,
        "target_width": 2000,
        "target_height": 2000,
        "requires_padding": false,
        "processing_bbox_pixels": {
          "x0": 19840,
          "y0": 15840,
          "x1": 22160,
          "y1": 18160
        },
        "processing_requested_bbox_pixels": {
          "x0": 19840,
          "y0": 15840,
          "x1": 22160,
          "y1": 18160
        },
        "processing_width": 2320,
        "processing_height": 2320,
        "processing_target_width": 2320,
        "processing_target_height": 2320,
        "processing_requires_padding": false,
        "core_bbox_pixels": {
          "x0": 20000,
          "y0": 16000,
          "x1": 22000,
          "y1": 18000
        },
        "requested_bbox_pixels": {
          "x0": 20000,
          "y0": 16000,
          "x1": 22000,
          "y1": 18000
        },
        "halo_pixels": 160,
        "polarization": "VV",
        "display_bounds_lonlat": {
          "west": -34.297561382889675,
          "south": -5.889299669039989,
          "east": -34.04751667112377,
          "north": -5.635923896793321
        },
        "cfar_detection_count": 0,
        "yolo_detection_count": 0,
        "processing_bounds_lonlat": {
          "west": -34.297561382889675,
          "south": -5.889299669039989,
          "east": -34.04751667112377,
          "north": -5.635923896793321
        },
        "cfar_count": 0,
        "yolo_count": 0,
        "has_cfar_detection": false,
        "has_yolo_detection": false,
        "has_detection": false
      }
    },
    {
      "type": "Feature",
      "geometry": {
        "type": "Polygon",
        "coordinates": [
          [
            [
              -34.24095192816643,
              -5.653385050349442
            ],
            [
              -34.28039064077972,
              -5.832287802654503
            ],
            [
              -34.45651136739008,
              -5.792720689405725
            ],
            [
              -34.41703049909213,
              -5.613873763327748
            ],
            [
              -34.24095192816643,
              -5.653385050349442
            ]
          ]
        ]
      },
      "properties": {
        "patch_id": 115,
        "tile_id": 115,
        "patch_number": 116,
        "patch_label": "P116",
        "name": "patch_0116_VV",
        "x_start": 22000,
        "y_start": 16000,
        "valid_x_end": 24000,
        "valid_y_end": 18000,
        "width": 2000,
        "height": 2000,
        "target_width": 2000,
        "target_height": 2000,
        "requires_padding": false,
        "processing_bbox_pixels": {
          "x0": 21840,
          "y0": 15840,
          "x1": 24160,
          "y1": 18160
        },
        "processing_requested_bbox_pixels": {
          "x0": 21840,
          "y0": 15840,
          "x1": 24160,
          "y1": 18160
        },
        "processing_width": 2320,
        "processing_height": 2320,
        "processing_target_width": 2320,
        "processing_target_height": 2320,
        "processing_requires_padding": false,
        "core_bbox_pixels": {
          "x0": 22000,
          "y0": 16000,
          "x1": 24000,
          "y1": 18000
        },
        "requested_bbox_pixels": {
          "x0": 22000,
          "y0": 16000,
          "x1": 24000,
          "y1": 18000
        },
        "halo_pixels": 160,
        "polarization": "VV",
        "display_bounds_lonlat": {
          "west": -34.47376430830557,
          "south": -5.849765608152458,
          "east": -34.22370187595032,
          "north": -5.596394596590185
        },
        "cfar_detection_count": 0,
        "yolo_detection_count": 0,
        "processing_bounds_lonlat": {
          "west": -34.47376430830557,
          "south": -5.849765608152458,
          "east": -34.22370187595032,
          "north": -5.596394596590185
        },
        "cfar_count": 0,
        "yolo_count": 0,
        "has_cfar_detection": false,
        "has_yolo_detection": false,
        "has_detection": false
      }
    },
    {
      "type": "Feature",
      "geometry": {
        "type": "Polygon",
        "coordinates": [
          [
            [
              -34.41711854955555,
              -5.613853990918012
            ],
            [
              -34.4565994377403,
              -5.792700888768188
            ],
            [
              -34.573055771036124,
              -5.7665039999199905
            ],
            [
              -34.53355095427686,
              -5.587694518540442
            ],
            [
              -34.41711854955555,
              -5.613853990918012
            ]
          ]
        ]
      },
      "properties": {
        "patch_id": 116,
        "tile_id": 116,
        "patch_number": 117,
        "patch_label": "P117",
        "name": "patch_0117_VV",
        "x_start": 24000,
        "y_start": 16000,
        "valid_x_end": 25324,
        "valid_y_end": 18000,
        "width": 2000,
        "height": 2000,
        "target_width": 2000,
        "target_height": 2000,
        "requires_padding": true,
        "processing_bbox_pixels": {
          "x0": 23840,
          "y0": 15840,
          "x1": 25324,
          "y1": 18160
        },
        "processing_requested_bbox_pixels": {
          "x0": 23840,
          "y0": 15840,
          "x1": 26160,
          "y1": 18160
        },
        "processing_width": 1484,
        "processing_height": 2320,
        "processing_target_width": 1484,
        "processing_target_height": 2320,
        "processing_requires_padding": false,
        "core_bbox_pixels": {
          "x0": 24000,
          "y0": 16000,
          "x1": 25324,
          "y1": 18000
        },
        "requested_bbox_pixels": {
          "x0": 24000,
          "y0": 16000,
          "x1": 26000,
          "y1": 18000
        },
        "halo_pixels": 160,
        "polarization": "VV",
        "display_bounds_lonlat": {
          "west": -34.57622248511122,
          "south": -5.810177007735984,
          "east": -34.39986675836646,
          "north": -5.573381597745941
        },
        "cfar_detection_count": 0,
        "yolo_detection_count": 0,
        "processing_bounds_lonlat": {
          "west": -34.57622248511122,
          "south": -5.810177007735984,
          "east": -34.39986675836646,
          "north": -5.573381597745941
        },
        "cfar_count": 0,
        "yolo_count": 0,
        "has_cfar_detection": false,
        "has_yolo_detection": false,
        "has_detection": false
      }
    },
    {
      "type": "Feature",
      "geometry": {
        "type": "Polygon",
        "coordinates": [
          [
            [
              -32.340508223876384,
              -6.26419849634391
            ],
            [
              -32.37412960265431,
              -6.419028405187774
            ],
            [
              -32.55056734927204,
              -6.380040320817047
            ],
            [
              -32.51690128728218,
              -6.225243168818253
            ],
            [
              -32.340508223876384,
              -6.26419849634391
            ]
          ]
        ]
      },
      "properties": {
        "patch_id": 117,
        "tile_id": 117,
        "patch_number": 118,
        "patch_label": "P118",
        "name": "patch_0118_VV",
        "x_start": 0,
        "y_start": 18000,
        "valid_x_end": 2000,
        "valid_y_end": 19727,
        "width": 2000,
        "height": 2000,
        "target_width": 2000,
        "target_height": 2000,
        "requires_padding": true,
        "processing_bbox_pixels": {
          "x0": 0,
          "y0": 17840,
          "x1": 2160,
          "y1": 19727
        },
        "processing_requested_bbox_pixels": {
          "x0": -160,
          "y0": 17840,
          "x1": 2160,
          "y1": 20160
        },
        "processing_width": 2160,
        "processing_height": 1887,
        "processing_target_width": 2160,
        "processing_target_height": 1887,
        "processing_requires_padding": false,
        "core_bbox_pixels": {
          "x0": 0,
          "y0": 18000,
          "x1": 2000,
          "y1": 19727
        },
        "requested_bbox_pixels": {
          "x0": 0,
          "y0": 18000,
          "x1": 2000,
          "y1": 20000
        },
        "halo_pixels": 160,
        "polarization": "VV",
        "display_bounds_lonlat": {
          "west": -32.56468876582782,
          "south": -6.419028405187774,
          "east": -32.33739152616841,
          "north": -6.207773874443131
        },
        "cfar_detection_count": 0,
        "yolo_detection_count": 0,
        "processing_bounds_lonlat": {
          "west": -32.56468876582782,
          "south": -6.419028405187774,
          "east": -32.33739152616841,
          "north": -6.207773874443131
        },
        "cfar_count": 0,
        "yolo_count": 0,
        "has_cfar_detection": false,
        "has_yolo_detection": false,
        "has_detection": false
      }
    },
    {
      "type": "Feature",
      "geometry": {
        "type": "Polygon",
        "coordinates": [
          [
            [
              -32.516989521641996,
              -6.225223669658495
            ],
            [
              -32.55065560811014,
              -6.3800208048530935
            ],
            [
              -32.72707227029818,
              -6.340977575266877
            ],
            [
              -32.693356120489234,
              -6.186214163389188
            ],
            [
              -32.516989521641996,
              -6.225223669658495
            ]
          ]
        ]
      },
      "properties": {
        "patch_id": 118,
        "tile_id": 118,
        "patch_number": 119,
        "patch_label": "P119",
        "name": "patch_0119_VV",
        "x_start": 2000,
        "y_start": 18000,
        "valid_x_end": 4000,
        "valid_y_end": 19727,
        "width": 2000,
        "height": 2000,
        "target_width": 2000,
        "target_height": 2000,
        "requires_padding": true,
        "processing_bbox_pixels": {
          "x0": 1840,
          "y0": 17840,
          "x1": 4160,
          "y1": 19727
        },
        "processing_requested_bbox_pixels": {
          "x0": 1840,
          "y0": 17840,
          "x1": 4160,
          "y1": 20160
        },
        "processing_width": 2320,
        "processing_height": 1887,
        "processing_target_width": 2320,
        "processing_target_height": 1887,
        "processing_requires_padding": false,
        "core_bbox_pixels": {
          "x0": 2000,
          "y0": 18000,
          "x1": 4000,
          "y1": 19727
        },
        "requested_bbox_pixels": {
          "x0": 2000,
          "y0": 18000,
          "x1": 4000,
          "y1": 20000
        },
        "halo_pixels": 160,
        "polarization": "VV",
        "display_bounds_lonlat": {
          "west": -32.74119064917089,
          "south": -6.383143359085681,
          "east": -32.49975154145187,
          "north": -6.168742146851356
        },
        "cfar_detection_count": 0,
        "yolo_detection_count": 0,
        "processing_bounds_lonlat": {
          "west": -32.74119064917089,
          "south": -6.383143359085681,
          "east": -32.49975154145187,
          "north": -6.168742146851356
        },
        "cfar_count": 0,
        "yolo_count": 0,
        "has_cfar_detection": false,
        "has_yolo_detection": false,
        "has_detection": false
      }
    },
    {
      "type": "Feature",
      "geometry": {
        "type": "Polygon",
        "coordinates": [
          [
            [
              -32.69344433886923,
              -6.186194627606665
            ],
            [
              -32.72716051010175,
              -6.340958022021173
            ],
            [
              -32.90354817338548,
              -6.301853503595424
            ],
            [
              -32.86978789485798,
              -6.147125941028868
            ],
            [
              -32.69344433886923,
              -6.186194627606665
            ]
          ]
        ]
      },
      "properties": {
        "patch_id": 119,
        "tile_id": 119,
        "patch_number": 120,
        "patch_label": "P120",
        "name": "patch_0120_VV",
        "x_start": 4000,
        "y_start": 18000,
        "valid_x_end": 6000,
        "valid_y_end": 19727,
        "width": 2000,
        "height": 2000,
        "target_width": 2000,
        "target_height": 2000,
        "requires_padding": true,
        "processing_bbox_pixels": {
          "x0": 3840,
          "y0": 17840,
          "x1": 6160,
          "y1": 19727
        },
        "processing_requested_bbox_pixels": {
          "x0": 3840,
          "y0": 17840,
          "x1": 6160,
          "y1": 20160
        },
        "processing_width": 2320,
        "processing_height": 1887,
        "processing_target_width": 2320,
        "processing_target_height": 1887,
        "processing_requires_padding": false,
        "core_bbox_pixels": {
          "x0": 4000,
          "y0": 18000,
          "x1": 6000,
          "y1": 19727
        },
        "requested_bbox_pixels": {
          "x0": 4000,
          "y0": 18000,
          "x1": 6000,
          "y1": 20000
        },
        "halo_pixels": 160,
        "polarization": "VV",
        "display_bounds_lonlat": {
          "west": -32.917665893082145,
          "south": -6.344086541333969,
          "east": -32.67620422483244,
          "north": -6.129654407960695
        },
        "cfar_detection_count": 0,
        "yolo_detection_count": 0,
        "processing_bounds_lonlat": {
          "west": -32.917665893082145,
          "south": -6.344086541333969,
          "east": -32.67620422483244,
          "north": -6.129654407960695
        },
        "cfar_count": 0,
        "yolo_count": 0,
        "has_cfar_detection": false,
        "has_yolo_detection": false,
        "has_detection": false
      }
    },
    {
      "type": "Feature",
      "geometry": {
        "type": "Polygon",
        "coordinates": [
          [
            [
              -32.86987610775094,
              -6.147106387406229
            ],
            [
              -32.903636409079965,
              -6.301833931521121
            ],
            [
              -33.07999804319395,
              -6.26267165628777
            ],
            [
              -33.04619358015955,
              -6.107980712071376
            ],
            [
              -32.86987610775094,
              -6.147106387406229
            ]
          ]
        ]
      },
      "properties": {
        "patch_id": 120,
        "tile_id": 120,
        "patch_number": 121,
        "patch_label": "P121",
        "name": "patch_0121_VV",
        "x_start": 6000,
        "y_start": 18000,
        "valid_x_end": 8000,
        "valid_y_end": 19727,
        "width": 2000,
        "height": 2000,
        "target_width": 2000,
        "target_height": 2000,
        "requires_padding": true,
        "processing_bbox_pixels": {
          "x0": 5840,
          "y0": 17840,
          "x1": 8160,
          "y1": 19727
        },
        "processing_requested_bbox_pixels": {
          "x0": 5840,
          "y0": 17840,
          "x1": 8160,
          "y1": 20160
        },
        "processing_width": 2320,
        "processing_height": 1887,
        "processing_target_width": 2320,
        "processing_target_height": 1887,
        "processing_requires_padding": false,
        "core_bbox_pixels": {
          "x0": 6000,
          "y0": 18000,
          "x1": 8000,
          "y1": 19727
        },
        "requested_bbox_pixels": {
          "x0": 6000,
          "y0": 18000,
          "x1": 8000,
          "y1": 20000
        },
        "halo_pixels": 160,
        "polarization": "VV",
        "display_bounds_lonlat": {
          "west": -33.094112820491475,
          "south": -6.30496546340952,
          "east": -32.85263279534239,
          "north": -6.090506726254348
        },
        "cfar_detection_count": 2,
        "yolo_detection_count": 1,
        "processing_bounds_lonlat": {
          "west": -33.094112820491475,
          "south": -6.30496546340952,
          "east": -32.85263279534239,
          "north": -6.090506726254348
        },
        "cfar_count": 2,
        "yolo_count": 1,
        "has_cfar_detection": true,
        "has_yolo_detection": true,
        "has_detection": true
      }
    },
    {
      "type": "Feature",
      "geometry": {
        "type": "Polygon",
        "coordinates": [
          [
            [
              -33.04628177453157,
              -6.107961121872783
            ],
            [
              -33.080086260569274,
              -6.262652047308019
            ],
            [
              -33.256422400403565,
              -6.22343317905229
            ],
            [
              -33.22257181216544,
              -6.0687805451707675
            ],
            [
              -33.04628177453157,
              -6.107961121872783
            ]
          ]
        ]
      },
      "properties": {
        "patch_id": 121,
        "tile_id": 121,
        "patch_number": 122,
        "patch_label": "P122",
        "name": "patch_0122_VV",
        "x_start": 8000,
        "y_start": 18000,
        "valid_x_end": 10000,
        "valid_y_end": 19727,
        "width": 2000,
        "height": 2000,
        "target_width": 2000,
        "target_height": 2000,
        "requires_padding": true,
        "processing_bbox_pixels": {
          "x0": 7840,
          "y0": 17840,
          "x1": 10160,
          "y1": 19727
        },
        "processing_requested_bbox_pixels": {
          "x0": 7840,
          "y0": 17840,
          "x1": 10160,
          "y1": 20160
        },
        "processing_width": 2320,
        "processing_height": 1887,
        "processing_target_width": 2320,
        "processing_target_height": 1887,
        "processing_requires_padding": false,
        "core_bbox_pixels": {
          "x0": 8000,
          "y0": 18000,
          "x1": 10000,
          "y1": 19727
        },
        "requested_bbox_pixels": {
          "x0": 8000,
          "y0": 18000,
          "x1": 10000,
          "y1": 20000
        },
        "halo_pixels": 160,
        "polarization": "VV",
        "display_bounds_lonlat": {
          "west": -33.270535443724015,
          "south": -6.265789484068183,
          "east": -33.02903734937973,
          "north": -6.05130672395658
        },
        "cfar_detection_count": 0,
        "yolo_detection_count": 0,
        "processing_bounds_lonlat": {
          "west": -33.270535443724015,
          "south": -6.265789484068183,
          "east": -33.02903734937973,
          "north": -6.05130672395658
        },
        "cfar_count": 0,
        "yolo_count": 0,
        "has_cfar_detection": false,
        "has_yolo_detection": false,
        "has_detection": false
      }
    },
    {
      "type": "Feature",
      "geometry": {
        "type": "Polygon",
        "coordinates": [
          [
            [
              -33.22265999727713,
              -6.0687609375554565
            ],
            [
              -33.25651060862359,
              -6.223413551996834
            ],
            [
              -33.432818883600724,
              -6.184133460739611
            ],
            [
              -33.39892596627453,
              -6.0295205215291094
            ],
            [
              -33.22265999727713,
              -6.0687609375554565
            ]
          ]
        ]
      },
      "properties": {
        "patch_id": 122,
        "tile_id": 122,
        "patch_number": 123,
        "patch_label": "P123",
        "name": "patch_0123_VV",
        "x_start": 10000,
        "y_start": 18000,
        "valid_x_end": 12000,
        "valid_y_end": 19727,
        "width": 2000,
        "height": 2000,
        "target_width": 2000,
        "target_height": 2000,
        "requires_padding": true,
        "processing_bbox_pixels": {
          "x0": 9840,
          "y0": 17840,
          "x1": 12160,
          "y1": 19727
        },
        "processing_requested_bbox_pixels": {
          "x0": 9840,
          "y0": 17840,
          "x1": 12160,
          "y1": 20160
        },
        "processing_width": 2320,
        "processing_height": 1887,
        "processing_target_width": 2320,
        "processing_target_height": 1887,
        "processing_requires_padding": false,
        "core_bbox_pixels": {
          "x0": 10000,
          "y0": 18000,
          "x1": 12000,
          "y1": 19727
        },
        "requested_bbox_pixels": {
          "x0": 10000,
          "y0": 18000,
          "x1": 12000,
          "y1": 20000
        },
        "halo_pixels": 160,
        "polarization": "VV",
        "display_bounds_lonlat": {
          "west": -33.4469295816418,
          "south": -6.2265538808698935,
          "east": -33.20541277280924,
          "north": -6.012045200252606
        },
        "cfar_detection_count": 0,
        "yolo_detection_count": 0,
        "processing_bounds_lonlat": {
          "west": -33.4469295816418,
          "south": -6.2265538808698935,
          "east": -33.20541277280924,
          "north": -6.012045200252606
        },
        "cfar_count": 0,
        "yolo_count": 0,
        "has_cfar_detection": false,
        "has_yolo_detection": false,
        "has_detection": false
      }
    },
    {
      "type": "Feature",
      "geometry": {
        "type": "Polygon",
        "coordinates": [
          [
            [
              -33.399014134818515,
              -6.029500877667625
            ],
            [
              -33.4329070754567,
              -6.184113796778991
            ],
            [
              -33.60919206708027,
              -6.144780137395879
            ],
            [
              -33.57525689219309,
              -5.990208694397868
            ],
            [
              -33.399014134818515,
              -6.029500877667625
            ]
          ]
        ]
      },
      "properties": {
        "patch_id": 123,
        "tile_id": 123,
        "patch_number": 124,
        "patch_label": "P124",
        "name": "patch_0124_VV",
        "x_start": 12000,
        "y_start": 18000,
        "valid_x_end": 14000,
        "valid_y_end": 19727,
        "width": 2000,
        "height": 2000,
        "target_width": 2000,
        "target_height": 2000,
        "requires_padding": true,
        "processing_bbox_pixels": {
          "x0": 11840,
          "y0": 17840,
          "x1": 14160,
          "y1": 19727
        },
        "processing_requested_bbox_pixels": {
          "x0": 11840,
          "y0": 17840,
          "x1": 14160,
          "y1": 20160
        },
        "processing_width": 2320,
        "processing_height": 1887,
        "processing_target_width": 2320,
        "processing_target_height": 1887,
        "processing_requires_padding": false,
        "core_bbox_pixels": {
          "x0": 12000,
          "y0": 18000,
          "x1": 14000,
          "y1": 19727
        },
        "requested_bbox_pixels": {
          "x0": 12000,
          "y0": 18000,
          "x1": 14000,
          "y1": 20000
        },
        "halo_pixels": 160,
        "polarization": "VV",
        "display_bounds_lonlat": {
          "west": -33.62329998753604,
          "south": -6.187260030478001,
          "east": -33.38176564133461,
          "north": -5.972731610964472
        },
        "cfar_detection_count": 0,
        "yolo_detection_count": 0,
        "processing_bounds_lonlat": {
          "west": -33.62329998753604,
          "south": -6.187260030478001,
          "east": -33.38176564133461,
          "north": -5.972731610964472
        },
        "cfar_count": 0,
        "yolo_count": 0,
        "has_cfar_detection": false,
        "has_yolo_detection": false,
        "has_detection": false
      }
    },
    {
      "type": "Feature",
      "geometry": {
        "type": "Polygon",
        "coordinates": [
          [
            [
              -33.5753450485137,
              -5.990189015419976
            ],
            [
              -33.60928024168153,
              -6.144760437659865
            ],
            [
              -33.78553577204059,
              -6.10536582810875
            ],
            [
              -33.75155974293591,
              -5.950836696194876
            ],
            [
              -33.5753450485137,
              -5.990189015419976
            ]
          ]
        ]
      },
      "properties": {
        "patch_id": 124,
        "tile_id": 124,
        "patch_number": 125,
        "patch_label": "P125",
        "name": "patch_0125_VV",
        "x_start": 14000,
        "y_start": 18000,
        "valid_x_end": 16000,
        "valid_y_end": 19727,
        "width": 2000,
        "height": 2000,
        "target_width": 2000,
        "target_height": 2000,
        "requires_padding": true,
        "processing_bbox_pixels": {
          "x0": 13840,
          "y0": 17840,
          "x1": 16160,
          "y1": 19727
        },
        "processing_requested_bbox_pixels": {
          "x0": 13840,
          "y0": 17840,
          "x1": 16160,
          "y1": 20160
        },
        "processing_width": 2320,
        "processing_height": 1887,
        "processing_target_width": 2320,
        "processing_target_height": 1887,
        "processing_requires_padding": false,
        "core_bbox_pixels": {
          "x0": 14000,
          "y0": 18000,
          "x1": 16000,
          "y1": 19727
        },
        "requested_bbox_pixels": {
          "x0": 14000,
          "y0": 18000,
          "x1": 16000,
          "y1": 20000
        },
        "halo_pixels": 160,
        "polarization": "VV",
        "display_bounds_lonlat": {
          "west": -33.79964263270965,
          "south": -6.14791082543421,
          "east": -33.558093833700035,
          "north": -5.933360755491009
        },
        "cfar_detection_count": 0,
        "yolo_detection_count": 0,
        "processing_bounds_lonlat": {
          "west": -33.79964263270965,
          "south": -6.14791082543421,
          "east": -33.558093833700035,
          "north": -5.933360755491009
        },
        "cfar_count": 0,
        "yolo_count": 0,
        "has_cfar_detection": false,
        "has_yolo_detection": false,
        "has_detection": false
      }
    },
    {
      "type": "Feature",
      "geometry": {
        "type": "Polygon",
        "coordinates": [
          [
            [
              -33.751647887185655,
              -5.950816999753458
            ],
            [
              -33.7856239399096,
              -6.105346109920728
            ],
            [
              -33.96185648601303,
              -6.065897423225437
            ],
            [
              -33.92783938091926,
              -5.911412380773737
            ],
            [
              -33.751647887185655,
              -5.950816999753458
            ]
          ]
        ]
      },
      "properties": {
        "patch_id": 125,
        "tile_id": 125,
        "patch_number": 126,
        "patch_label": "P126",
        "name": "patch_0126_VV",
        "x_start": 16000,
        "y_start": 18000,
        "valid_x_end": 18000,
        "valid_y_end": 19727,
        "width": 2000,
        "height": 2000,
        "target_width": 2000,
        "target_height": 2000,
        "requires_padding": true,
        "processing_bbox_pixels": {
          "x0": 15840,
          "y0": 17840,
          "x1": 18160,
          "y1": 19727
        },
        "processing_requested_bbox_pixels": {
          "x0": 15840,
          "y0": 17840,
          "x1": 18160,
          "y1": 20160
        },
        "processing_width": 2320,
        "processing_height": 1887,
        "processing_target_width": 2320,
        "processing_target_height": 1887,
        "processing_requires_padding": false,
        "core_bbox_pixels": {
          "x0": 16000,
          "y0": 18000,
          "x1": 18000,
          "y1": 19727
        },
        "requested_bbox_pixels": {
          "x0": 16000,
          "y0": 18000,
          "x1": 18000,
          "y1": 20000
        },
        "halo_pixels": 160,
        "polarization": "VV",
        "display_bounds_lonlat": {
          "west": -33.9759608981149,
          "south": -6.108501020004244,
          "east": -33.734395578189385,
          "north": -5.893934978561184
        },
        "cfar_detection_count": 0,
        "yolo_detection_count": 0,
        "processing_bounds_lonlat": {
          "west": -33.9759608981149,
          "south": -6.108501020004244,
          "east": -33.734395578189385,
          "north": -5.893934978561184
        },
        "cfar_count": 0,
        "yolo_count": 0,
        "has_cfar_detection": false,
        "has_yolo_detection": false,
        "has_detection": false
      }
    },
    {
      "type": "Feature",
      "geometry": {
        "type": "Polygon",
        "coordinates": [
          [
            [
              -33.92792751162119,
              -5.911392649592502
            ],
            [
              -33.96194463857614,
              -6.065877669638609
            ],
            [
              -34.13815216958752,
              -6.026372074160259
            ],
            [
              -34.10409256405549,
              -5.871932174200653
            ],
            [
              -33.92792751162119,
              -5.911392649592502
            ]
          ]
        ]
      },
      "properties": {
        "patch_id": 126,
        "tile_id": 126,
        "patch_number": 127,
        "patch_label": "P127",
        "name": "patch_0127_VV",
        "x_start": 18000,
        "y_start": 18000,
        "valid_x_end": 20000,
        "valid_y_end": 19727,
        "width": 2000,
        "height": 2000,
        "target_width": 2000,
        "target_height": 2000,
        "requires_padding": true,
        "processing_bbox_pixels": {
          "x0": 17840,
          "y0": 17840,
          "x1": 20160,
          "y1": 19727
        },
        "processing_requested_bbox_pixels": {
          "x0": 17840,
          "y0": 17840,
          "x1": 20160,
          "y1": 20160
        },
        "processing_width": 2320,
        "processing_height": 1887,
        "processing_target_width": 2320,
        "processing_target_height": 1887,
        "processing_requires_padding": false,
        "core_bbox_pixels": {
          "x0": 18000,
          "y0": 18000,
          "x1": 20000,
          "y1": 19727
        },
        "requested_bbox_pixels": {
          "x0": 18000,
          "y0": 18000,
          "x1": 20000,
          "y1": 20000
        },
        "halo_pixels": 160,
        "polarization": "VV",
        "display_bounds_lonlat": {
          "west": -34.152255071664285,
          "south": -6.069038243531031,
          "east": -33.91067354157049,
          "north": -5.854456122139266
        },
        "cfar_detection_count": 0,
        "yolo_detection_count": 0,
        "processing_bounds_lonlat": {
          "west": -34.152255071664285,
          "south": -6.069038243531031,
          "east": -33.91067354157049,
          "north": -5.854456122139266
        },
        "cfar_count": 0,
        "yolo_count": 0,
        "has_cfar_detection": false,
        "has_yolo_detection": false,
        "has_detection": false
      }
    },
    {
      "type": "Feature",
      "geometry": {
        "type": "Polygon",
        "coordinates": [
          [
            [
              -34.10418068660365,
              -5.871912425272922
            ],
            [
              -34.13824031277916,
              -6.02635230249744
            ],
            [
              -34.314421687146314,
              -5.986789591358367
            ],
            [
              -34.28032228682306,
              -5.8323970367230835
            ],
            [
              -34.10418068660365,
              -5.871912425272922
            ]
          ]
        ]
      },
      "properties": {
        "patch_id": 127,
        "tile_id": 127,
        "patch_number": 128,
        "patch_label": "P128",
        "name": "patch_0128_VV",
        "x_start": 20000,
        "y_start": 18000,
        "valid_x_end": 22000,
        "valid_y_end": 19727,
        "width": 2000,
        "height": 2000,
        "target_width": 2000,
        "target_height": 2000,
        "requires_padding": true,
        "processing_bbox_pixels": {
          "x0": 19840,
          "y0": 17840,
          "x1": 22160,
          "y1": 19727
        },
        "processing_requested_bbox_pixels": {
          "x0": 19840,
          "y0": 17840,
          "x1": 22160,
          "y1": 20160
        },
        "processing_width": 2320,
        "processing_height": 1887,
        "processing_target_width": 2320,
        "processing_target_height": 1887,
        "processing_requires_padding": false,
        "core_bbox_pixels": {
          "x0": 20000,
          "y0": 18000,
          "x1": 22000,
          "y1": 19727
        },
        "requested_bbox_pixels": {
          "x0": 20000,
          "y0": 18000,
          "x1": 22000,
          "y1": 20000
        },
        "halo_pixels": 160,
        "polarization": "VV",
        "display_bounds_lonlat": {
          "west": -34.32852151481131,
          "south": -6.029515768548574,
          "east": -34.08692406637339,
          "north": -5.814919940274865
        },
        "cfar_detection_count": 0,
        "yolo_detection_count": 0,
        "processing_bounds_lonlat": {
          "west": -34.32852151481131,
          "south": -6.029515768548574,
          "east": -34.08692406637339,
          "north": -5.814919940274865
        },
        "cfar_count": 0,
        "yolo_count": 0,
        "has_cfar_detection": false,
        "has_yolo_detection": false,
        "has_detection": false
      }
    },
    {
      "type": "Feature",
      "geometry": {
        "type": "Polygon",
        "coordinates": [
          [
            [
              -34.28041039710221,
              -5.832377253715094
            ],
            [
              -34.31450981109646,
              -5.986769784297314
            ],
            [
              -34.49066827684417,
              -5.947154560428062
            ],
            [
              -34.456531145564306,
              -5.7928101126084
            ],
            [
              -34.28041039710221,
              -5.832377253715094
            ]
          ]
        ]
      },
      "properties": {
        "patch_id": 128,
        "tile_id": 128,
        "patch_number": 129,
        "patch_label": "P129",
        "name": "patch_0129_VV",
        "x_start": 22000,
        "y_start": 18000,
        "valid_x_end": 24000,
        "valid_y_end": 19727,
        "width": 2000,
        "height": 2000,
        "target_width": 2000,
        "target_height": 2000,
        "requires_padding": true,
        "processing_bbox_pixels": {
          "x0": 21840,
          "y0": 17840,
          "x1": 24160,
          "y1": 19727
        },
        "processing_requested_bbox_pixels": {
          "x0": 21840,
          "y0": 17840,
          "x1": 24160,
          "y1": 20160
        },
        "processing_width": 2320,
        "processing_height": 1887,
        "processing_target_width": 2320,
        "processing_target_height": 1887,
        "processing_requires_padding": false,
        "core_bbox_pixels": {
          "x0": 22000,
          "y0": 18000,
          "x1": 24000,
          "y1": 19727
        },
        "requested_bbox_pixels": {
          "x0": 22000,
          "y0": 18000,
          "x1": 24000,
          "y1": 20000
        },
        "halo_pixels": 160,
        "polarization": "VV",
        "display_bounds_lonlat": {
          "west": -34.50475953855372,
          "south": -5.98993891406572,
          "east": -34.26315194938258,
          "north": -5.775334625661875
        },
        "cfar_detection_count": 0,
        "yolo_detection_count": 0,
        "processing_bounds_lonlat": {
          "west": -34.50475953855372,
          "south": -5.98993891406572,
          "east": -34.26315194938258,
          "north": -5.775334625661875
        },
        "cfar_count": 0,
        "yolo_count": 0,
        "has_cfar_detection": false,
        "has_yolo_detection": false,
        "has_detection": false
      }
    },
    {
      "type": "Feature",
      "geometry": {
        "type": "Polygon",
        "coordinates": [
          [
            [
              -34.45661921592645,
              -5.792790311956786
            ],
            [
              -34.49075636778326,
              -5.947134735473946
            ],
            [
              -34.60723649187477,
              -5.920905173021013
            ],
            [
              -34.573075562998795,
              -5.766593404189302
            ],
            [
              -34.45661921592645,
              -5.792790311956786
            ]
          ]
        ]
      },
      "properties": {
        "patch_id": 129,
        "tile_id": 129,
        "patch_number": 130,
        "patch_label": "P130",
        "name": "patch_0130_VV",
        "x_start": 24000,
        "y_start": 18000,
        "valid_x_end": 25324,
        "valid_y_end": 19727,
        "width": 2000,
        "height": 2000,
        "target_width": 2000,
        "target_height": 2000,
        "requires_padding": true,
        "processing_bbox_pixels": {
          "x0": 23840,
          "y0": 17840,
          "x1": 25324,
          "y1": 19727
        },
        "processing_requested_bbox_pixels": {
          "x0": 23840,
          "y0": 17840,
          "x1": 26160,
          "y1": 20160
        },
        "processing_width": 1484,
        "processing_height": 1887,
        "processing_target_width": 1484,
        "processing_target_height": 1887,
        "processing_requires_padding": false,
        "core_bbox_pixels": {
          "x0": 24000,
          "y0": 18000,
          "x1": 25324,
          "y1": 19727
        },
        "requested_bbox_pixels": {
          "x0": 24000,
          "y0": 18000,
          "x1": 26000,
          "y1": 20000
        },
        "halo_pixels": 160,
        "polarization": "VV",
        "display_bounds_lonlat": {
          "west": -34.60723649187477,
          "south": -5.9503066390841015,
          "east": -34.439359044806665,
          "north": -5.752288721099456
        },
        "cfar_detection_count": 0,
        "yolo_detection_count": 0,
        "processing_bounds_lonlat": {
          "west": -34.60723649187477,
          "south": -5.9503066390841015,
          "east": -34.439359044806665,
          "north": -5.752288721099456
        },
        "cfar_count": 0,
        "yolo_count": 0,
        "has_cfar_detection": false,
        "has_yolo_detection": false,
        "has_detection": false
      }
    }
  ]
}
