{
  "type": "FeatureCollection",
  "features": [
    {
      "type": "Feature",
      "geometry": {
        "type": "Polygon",
        "coordinates": [
          [
            [
              -37.826774213151076,
              -3.1155061541300797
            ],
            [
              -37.86500765067643,
              -3.29496626056192
            ],
            [
              -38.040779279550506,
              -3.2566097631127002
            ],
            [
              -38.00252616154699,
              -3.0771845166990413
            ],
            [
              -37.826774213151076,
              -3.1155061541300797
            ]
          ]
        ]
      },
      "properties": {
        "patch_id": 0,
        "tile_id": 0,
        "patch_number": 1,
        "patch_label": "P001",
        "name": "patch_0001_VV",
        "x_start": 0,
        "y_start": 0,
        "valid_x_end": 2000,
        "valid_y_end": 2000,
        "width": 2000,
        "height": 2000,
        "target_width": 2000,
        "target_height": 2000,
        "requires_padding": false,
        "processing_bbox_pixels": {
          "x0": 0,
          "y0": 0,
          "x1": 2160,
          "y1": 2160
        },
        "processing_requested_bbox_pixels": {
          "x0": -160,
          "y0": -160,
          "x1": 2160,
          "y1": 2160
        },
        "processing_width": 2160,
        "processing_height": 2160,
        "processing_target_width": 2160,
        "processing_target_height": 2160,
        "processing_requires_padding": false,
        "core_bbox_pixels": {
          "x0": 0,
          "y0": 0,
          "x1": 2000,
          "y1": 2000
        },
        "requested_bbox_pixels": {
          "x0": 0,
          "y0": 0,
          "x1": 2000,
          "y1": 2000
        },
        "halo_pixels": 160,
        "polarization": "VV",
        "display_bounds_lonlat": {
          "west": -38.05791240402066,
          "south": -3.309329945661672,
          "east": -37.826774213151076,
          "north": -3.0741162975587626
        },
        "cfar_detection_count": 0,
        "yolo_detection_count": 0,
        "processing_bounds_lonlat": {
          "west": -38.05791240402066,
          "south": -3.309329945661672,
          "east": -37.826774213151076,
          "north": -3.0741162975587626
        },
        "cfar_count": 0,
        "yolo_count": 0,
        "has_cfar_detection": false,
        "has_yolo_detection": false,
        "has_detection": false
      }
    },
    {
      "type": "Feature",
      "geometry": {
        "type": "Polygon",
        "coordinates": [
          [
            [
              -38.00261407742014,
              -3.0771653403294144
            ],
            [
              -38.040867206347194,
              -3.256590569049358
            ],
            [
              -38.21662698352278,
              -3.218206503525021
            ],
            [
              -38.178348701696045,
              -3.0388178187677375
            ],
            [
              -38.00261407742014,
              -3.0771653403294144
            ]
          ]
        ]
      },
      "properties": {
        "patch_id": 1,
        "tile_id": 1,
        "patch_number": 2,
        "patch_label": "P002",
        "name": "patch_0002_VV",
        "x_start": 2000,
        "y_start": 0,
        "valid_x_end": 4000,
        "valid_y_end": 2000,
        "width": 2000,
        "height": 2000,
        "target_width": 2000,
        "target_height": 2000,
        "requires_padding": false,
        "processing_bbox_pixels": {
          "x0": 1840,
          "y0": 0,
          "x1": 4160,
          "y1": 2160
        },
        "processing_requested_bbox_pixels": {
          "x0": 1840,
          "y0": -160,
          "x1": 4160,
          "y1": 2160
        },
        "processing_width": 2320,
        "processing_height": 2160,
        "processing_target_width": 2320,
        "processing_target_height": 2160,
        "processing_requires_padding": false,
        "core_bbox_pixels": {
          "x0": 2000,
          "y0": 0,
          "x1": 4000,
          "y1": 2000
        },
        "requested_bbox_pixels": {
          "x0": 2000,
          "y0": 0,
          "x1": 4000,
          "y1": 2000
        },
        "halo_pixels": 160,
        "polarization": "VV",
        "display_bounds_lonlat": {
          "west": -38.23376088869944,
          "south": -3.274022739263883,
          "east": -37.988547535428374,
          "north": -3.0357467418816273
        },
        "cfar_detection_count": 0,
        "yolo_detection_count": 1,
        "processing_bounds_lonlat": {
          "west": -38.23376088869944,
          "south": -3.274022739263883,
          "east": -37.988547535428374,
          "north": -3.0357467418816273
        },
        "cfar_count": 0,
        "yolo_count": 1,
        "has_cfar_detection": false,
        "has_yolo_detection": true,
        "has_detection": true
      }
    },
    {
      "type": "Feature",
      "geometry": {
        "type": "Polygon",
        "coordinates": [
          [
            [
              -38.17843660790358,
              -3.0387986245371996
            ],
            [
              -38.21671490283878,
              -3.2181872905940367
            ],
            [
              -38.39245989634141,
              -3.1797723274756517
            ],
            [
              -38.35415846983514,
              -3.0004217265168442
            ],
            [
              -38.17843660790358,
              -3.0387986245371996
            ]
          ]
        ]
      },
      "properties": {
        "patch_id": 2,
        "tile_id": 2,
        "patch_number": 3,
        "patch_label": "P003",
        "name": "patch_0003_VV",
        "x_start": 4000,
        "y_start": 0,
        "valid_x_end": 6000,
        "valid_y_end": 2000,
        "width": 2000,
        "height": 2000,
        "target_width": 2000,
        "target_height": 2000,
        "requires_padding": false,
        "processing_bbox_pixels": {
          "x0": 3840,
          "y0": 0,
          "x1": 6160,
          "y1": 2160
        },
        "processing_requested_bbox_pixels": {
          "x0": 3840,
          "y0": -160,
          "x1": 6160,
          "y1": 2160
        },
        "processing_width": 2320,
        "processing_height": 2160,
        "processing_target_width": 2320,
        "processing_target_height": 2160,
        "processing_requires_padding": false,
        "core_bbox_pixels": {
          "x0": 4000,
          "y0": 0,
          "x1": 6000,
          "y1": 2000
        },
        "requested_bbox_pixels": {
          "x0": 4000,
          "y0": 0,
          "x1": 6000,
          "y1": 2000
        },
        "halo_pixels": 160,
        "polarization": "VV",
        "display_bounds_lonlat": {
          "west": -38.4095943830344,
          "south": -3.235619520724359,
          "east": -38.1643715907558,
          "north": -2.9973492505383517
        },
        "cfar_detection_count": 1,
        "yolo_detection_count": 0,
        "processing_bounds_lonlat": {
          "west": -38.4095943830344,
          "south": -3.235619520724359,
          "east": -38.1643715907558,
          "north": -2.9973492505383517
        },
        "cfar_count": 1,
        "yolo_count": 0,
        "has_cfar_detection": true,
        "has_yolo_detection": false,
        "has_detection": true
      }
    },
    {
      "type": "Feature",
      "geometry": {
        "type": "Polygon",
        "coordinates": [
          [
            [
              -38.35424637285888,
              -3.0004025235419785
            ],
            [
              -38.392547808952365,
              -3.1797531050178183
            ],
            [
              -38.568279349808506,
              -3.1413099544861494
            ],
            [
              -38.529958531984335,
              -2.9619991532084473
            ],
            [
              -38.35424637285888,
              -3.0004025235419785
            ]
          ]
        ]
      },
      "properties": {
        "patch_id": 3,
        "tile_id": 3,
        "patch_number": 4,
        "patch_label": "P004",
        "name": "patch_0004_VV",
        "x_start": 6000,
        "y_start": 0,
        "valid_x_end": 8000,
        "valid_y_end": 2000,
        "width": 2000,
        "height": 2000,
        "target_width": 2000,
        "target_height": 2000,
        "requires_padding": false,
        "processing_bbox_pixels": {
          "x0": 5840,
          "y0": 0,
          "x1": 8160,
          "y1": 2160
        },
        "processing_requested_bbox_pixels": {
          "x0": 5840,
          "y0": -160,
          "x1": 8160,
          "y1": 2160
        },
        "processing_width": 2320,
        "processing_height": 2160,
        "processing_target_width": 2320,
        "processing_target_height": 2160,
        "processing_requires_padding": false,
        "core_bbox_pixels": {
          "x0": 6000,
          "y0": 0,
          "x1": 8000,
          "y1": 2000
        },
        "requested_bbox_pixels": {
          "x0": 6000,
          "y0": 0,
          "x1": 8000,
          "y1": 2000
        },
        "halo_pixels": 160,
        "polarization": "VV",
        "display_bounds_lonlat": {
          "west": -38.5854144946347,
          "south": -3.1971838474097347,
          "east": -38.340181879945696,
          "north": -2.958923879021322
        },
        "cfar_detection_count": 0,
        "yolo_detection_count": 0,
        "processing_bounds_lonlat": {
          "west": -38.5854144946347,
          "south": -3.1971838474097347,
          "east": -38.340181879945696,
          "north": -2.958923879021322
        },
        "cfar_count": 0,
        "yolo_count": 0,
        "has_cfar_detection": false,
        "has_yolo_detection": false,
        "has_detection": false
      }
    },
    {
      "type": "Feature",
      "geometry": {
        "type": "Polygon",
        "coordinates": [
          [
            [
              -38.53004642754803,
              -2.9619799327447778
            ],
            [
              -38.56836725518669,
              -3.141290713545484
            ],
            [
              -38.74408948028996,
              -3.1028186588773776
            ],
            [
              -38.705749459564366,
              -2.9235494249175513
            ],
            [
              -38.53004642754803,
              -2.9619799327447778
            ]
          ]
        ]
      },
      "properties": {
        "patch_id": 4,
        "tile_id": 4,
        "patch_number": 5,
        "patch_label": "P005",
        "name": "patch_0005_VV",
        "x_start": 8000,
        "y_start": 0,
        "valid_x_end": 10000,
        "valid_y_end": 2000,
        "width": 2000,
        "height": 2000,
        "target_width": 2000,
        "target_height": 2000,
        "requires_padding": false,
        "processing_bbox_pixels": {
          "x0": 7840,
          "y0": 0,
          "x1": 10160,
          "y1": 2160
        },
        "processing_requested_bbox_pixels": {
          "x0": 7840,
          "y0": -160,
          "x1": 10160,
          "y1": 2160
        },
        "processing_width": 2320,
        "processing_height": 2160,
        "processing_target_width": 2320,
        "processing_target_height": 2160,
        "processing_requires_padding": false,
        "core_bbox_pixels": {
          "x0": 8000,
          "y0": 0,
          "x1": 10000,
          "y1": 2000
        },
        "requested_bbox_pixels": {
          "x0": 8000,
          "y0": 0,
          "x1": 10000,
          "y1": 2000
        },
        "halo_pixels": 160,
        "polarization": "VV",
        "display_bounds_lonlat": {
          "west": -38.76122621815435,
          "south": -3.1587212211856355,
          "east": -38.51598314463376,
          "north": -2.920472781398688
        },
        "cfar_detection_count": 0,
        "yolo_detection_count": 0,
        "processing_bounds_lonlat": {
          "west": -38.76122621815435,
          "south": -3.1587212211856355,
          "east": -38.51598314463376,
          "north": -2.920472781398688
        },
        "cfar_count": 0,
        "yolo_count": 0,
        "has_cfar_detection": false,
        "has_yolo_detection": false,
        "has_detection": false
      }
    },
    {
      "type": "Feature",
      "geometry": {
        "type": "Polygon",
        "coordinates": [
          [
            [
              -38.7058373549532,
              -2.923530195895559
            ],
            [
              -38.74417738508375,
              -3.1027994087819715
            ],
            [
              -38.919882377830724,
              -3.064298307085151
            ],
            [
              -38.881522427715176,
              -2.8850724469019235
            ],
            [
              -38.7058373549532,
              -2.923530195895559
            ]
          ]
        ]
      },
      "properties": {
        "patch_id": 5,
        "tile_id": 5,
        "patch_number": 6,
        "patch_label": "P006",
        "name": "patch_0006_VV",
        "x_start": 10000,
        "y_start": 0,
        "valid_x_end": 12000,
        "valid_y_end": 2000,
        "width": 2000,
        "height": 2000,
        "target_width": 2000,
        "target_height": 2000,
        "requires_padding": false,
        "processing_bbox_pixels": {
          "x0": 9840,
          "y0": 0,
          "x1": 12160,
          "y1": 2160
        },
        "processing_requested_bbox_pixels": {
          "x0": 9840,
          "y0": -160,
          "x1": 12160,
          "y1": 2160
        },
        "processing_width": 2320,
        "processing_height": 2160,
        "processing_target_width": 2320,
        "processing_target_height": 2160,
        "processing_requires_padding": false,
        "core_bbox_pixels": {
          "x0": 10000,
          "y0": 0,
          "x1": 12000,
          "y1": 2000
        },
        "requested_bbox_pixels": {
          "x0": 10000,
          "y0": 0,
          "x1": 12000,
          "y1": 2000
        },
        "halo_pixels": 160,
        "polarization": "VV",
        "display_bounds_lonlat": {
          "west": -38.937019197596925,
          "south": -3.1202280617219076,
          "east": -38.691774091382385,
          "north": -2.8819930647116276
        },
        "cfar_detection_count": 1,
        "yolo_detection_count": 1,
        "processing_bounds_lonlat": {
          "west": -38.937019197596925,
          "south": -3.1202280617219076,
          "east": -38.691774091382385,
          "north": -2.8819930647116276
        },
        "cfar_count": 1,
        "yolo_count": 1,
        "has_cfar_detection": true,
        "has_yolo_detection": true,
        "has_detection": true
      }
    },
    {
      "type": "Feature",
      "geometry": {
        "type": "Polygon",
        "coordinates": [
          [
            [
              -38.88161031178811,
              -2.885053200763234
            ],
            [
              -38.9199702719484,
              -3.0642790388790195
            ],
            [
              -39.095666887332584,
              -3.0257512758964076
            ],
            [
              -39.057289169086246,
              -2.846570256756008
            ],
            [
              -38.88161031178811,
              -2.885053200763234
            ]
          ]
        ]
      },
      "properties": {
        "patch_id": 6,
        "tile_id": 6,
        "patch_number": 7,
        "patch_label": "P007",
        "name": "patch_0007_VV",
        "x_start": 12000,
        "y_start": 0,
        "valid_x_end": 14000,
        "valid_y_end": 2000,
        "width": 2000,
        "height": 2000,
        "target_width": 2000,
        "target_height": 2000,
        "requires_padding": false,
        "processing_bbox_pixels": {
          "x0": 11840,
          "y0": 0,
          "x1": 14160,
          "y1": 2160
        },
        "processing_requested_bbox_pixels": {
          "x0": 11840,
          "y0": -160,
          "x1": 14160,
          "y1": 2160
        },
        "processing_width": 2320,
        "processing_height": 2160,
        "processing_target_width": 2320,
        "processing_target_height": 2160,
        "processing_requires_padding": false,
        "core_bbox_pixels": {
          "x0": 12000,
          "y0": 0,
          "x1": 14000,
          "y1": 2000
        },
        "requested_bbox_pixels": {
          "x0": 12000,
          "y0": 0,
          "x1": 14000,
          "y1": 2000
        },
        "halo_pixels": 160,
        "polarization": "VV",
        "display_bounds_lonlat": {
          "west": -39.112808196148094,
          "south": -3.0817071305474437,
          "east": -38.86754885751908,
          "north": -2.8434890113139994
        },
        "cfar_detection_count": 5,
        "yolo_detection_count": 8,
        "processing_bounds_lonlat": {
          "west": -39.112808196148094,
          "south": -3.0817071305474437,
          "east": -38.86754885751908,
          "north": -2.8434890113139994
        },
        "cfar_count": 5,
        "yolo_count": 8,
        "has_cfar_detection": true,
        "has_yolo_detection": true,
        "has_detection": true
      }
    },
    {
      "type": "Feature",
      "geometry": {
        "type": "Polygon",
        "coordinates": [
          [
            [
              -39.05737705181605,
              -2.8465510022450484
            ],
            [
              -39.095754778149924,
              -3.025731998721589
            ],
            [
              -39.271454816850685,
              -2.987170946936048
            ],
            [
              -39.23303973543181,
              -2.80804022162326
            ],
            [
              -39.05737705181605,
              -2.8465510022450484
            ]
          ]
        ]
      },
      "properties": {
        "patch_id": 7,
        "tile_id": 7,
        "patch_number": 8,
        "patch_label": "P008",
        "name": "patch_0008_VV",
        "x_start": 14000,
        "y_start": 0,
        "valid_x_end": 16000,
        "valid_y_end": 2000,
        "width": 2000,
        "height": 2000,
        "target_width": 2000,
        "target_height": 2000,
        "requires_padding": false,
        "processing_bbox_pixels": {
          "x0": 13840,
          "y0": 0,
          "x1": 16160,
          "y1": 2160
        },
        "processing_requested_bbox_pixels": {
          "x0": 13840,
          "y0": -160,
          "x1": 16160,
          "y1": 2160
        },
        "processing_width": 2320,
        "processing_height": 2160,
        "processing_target_width": 2320,
        "processing_target_height": 2160,
        "processing_requires_padding": false,
        "core_bbox_pixels": {
          "x0": 14000,
          "y0": 0,
          "x1": 16000,
          "y1": 2000
        },
        "requested_bbox_pixels": {
          "x0": 14000,
          "y0": 0,
          "x1": 16000,
          "y1": 2000
        },
        "halo_pixels": 160,
        "polarization": "VV",
        "display_bounds_lonlat": {
          "west": -39.288605125887784,
          "south": -3.0431579438921883,
          "east": -39.04331579417689,
          "north": -2.804956850504195
        },
        "cfar_detection_count": 0,
        "yolo_detection_count": 0,
        "processing_bounds_lonlat": {
          "west": -39.288605125887784,
          "south": -3.0431579438921883,
          "east": -39.04331579417689,
          "north": -2.804956850504195
        },
        "cfar_count": 0,
        "yolo_count": 0,
        "has_cfar_detection": false,
        "has_yolo_detection": false,
        "has_detection": false
      }
    },
    {
      "type": "Feature",
      "geometry": {
        "type": "Polygon",
        "coordinates": [
          [
            [
              -39.23312761114192,
              -2.808020950553766
            ],
            [
              -39.271542673192776,
              -2.9871516578993003
            ],
            [
              -39.447222985330036,
              -2.948567008091543
            ],
            [
              -39.40878274451674,
              -2.769486628264013
            ],
            [
              -39.23312761114192,
              -2.808020950553766
            ]
          ]
        ]
      },
      "properties": {
        "patch_id": 8,
        "tile_id": 8,
        "patch_number": 9,
        "patch_label": "P009",
        "name": "patch_0009_VV",
        "x_start": 16000,
        "y_start": 0,
        "valid_x_end": 18000,
        "valid_y_end": 2000,
        "width": 2000,
        "height": 2000,
        "target_width": 2000,
        "target_height": 2000,
        "requires_padding": false,
        "processing_bbox_pixels": {
          "x0": 15840,
          "y0": 0,
          "x1": 18160,
          "y1": 2160
        },
        "processing_requested_bbox_pixels": {
          "x0": 15840,
          "y0": -160,
          "x1": 18160,
          "y1": 2160
        },
        "processing_width": 2320,
        "processing_height": 2160,
        "processing_target_width": 2320,
        "processing_target_height": 2160,
        "processing_requires_padding": false,
        "core_bbox_pixels": {
          "x0": 16000,
          "y0": 0,
          "x1": 18000,
          "y1": 2000
        },
        "requested_bbox_pixels": {
          "x0": 16000,
          "y0": 0,
          "x1": 18000,
          "y1": 2000
        },
        "halo_pixels": 160,
        "polarization": "VV",
        "display_bounds_lonlat": {
          "west": -39.464395370455364,
          "south": -3.004569852492006,
          "east": -39.219067498269006,
          "north": -2.7664006894327384
        },
        "cfar_detection_count": 0,
        "yolo_detection_count": 0,
        "processing_bounds_lonlat": {
          "west": -39.464395370455364,
          "south": -3.004569852492006,
          "east": -39.219067498269006,
          "north": -2.7664006894327384
        },
        "cfar_count": 0,
        "yolo_count": 0,
        "has_cfar_detection": false,
        "has_yolo_detection": false,
        "has_detection": false
      }
    },
    {
      "type": "Feature",
      "geometry": {
        "type": "Polygon",
        "coordinates": [
          [
            [
              -39.408870609734805,
              -2.769467342308209
            ],
            [
              -39.447310865004376,
              -2.948547696302455
            ],
            [
              -39.62313237059991,
              -2.9098995309414613
            ],
            [
              -39.584510307637686,
              -2.7309057903891976
            ],
            [
              -39.408870609734805,
              -2.769467342308209
            ]
          ]
        ]
      },
      "properties": {
        "patch_id": 9,
        "tile_id": 9,
        "patch_number": 10,
        "patch_label": "P010",
        "name": "patch_0010_VV",
        "x_start": 18000,
        "y_start": 0,
        "valid_x_end": 20000,
        "valid_y_end": 2000,
        "width": 2000,
        "height": 2000,
        "target_width": 2000,
        "target_height": 2000,
        "requires_padding": false,
        "processing_bbox_pixels": {
          "x0": 17840,
          "y0": 0,
          "x1": 20160,
          "y1": 2160
        },
        "processing_requested_bbox_pixels": {
          "x0": 17840,
          "y0": -160,
          "x1": 20160,
          "y1": 2160
        },
        "processing_width": 2320,
        "processing_height": 2160,
        "processing_target_width": 2320,
        "processing_target_height": 2160,
        "processing_requires_padding": false,
        "core_bbox_pixels": {
          "x0": 18000,
          "y0": 0,
          "x1": 20000,
          "y1": 2000
        },
        "requested_bbox_pixels": {
          "x0": 18000,
          "y0": 0,
          "x1": 20000,
          "y1": 2000
        },
        "halo_pixels": 160,
        "polarization": "VV",
        "display_bounds_lonlat": {
          "west": -39.64032120074451,
          "south": -2.9659643574153884,
          "east": -39.39481179298012,
          "north": -2.727818521787383
        },
        "cfar_detection_count": 0,
        "yolo_detection_count": 0,
        "processing_bounds_lonlat": {
          "west": -39.64032120074451,
          "south": -2.9659643574153884,
          "east": -39.39481179298012,
          "north": -2.727818521787383
        },
        "cfar_count": 0,
        "yolo_count": 0,
        "has_cfar_detection": false,
        "has_yolo_detection": false,
        "has_detection": false
      }
    },
    {
      "type": "Feature",
      "geometry": {
        "type": "Polygon",
        "coordinates": [
          [
            [
              -39.58459817045251,
              -2.730886494960436
            ],
            [
              -39.62322044915309,
              -2.9098801637337717
            ],
            [
              -39.79896709228109,
              -2.8712215421063374
            ],
            [
              -39.76023058948429,
              -2.69230127868651
            ],
            [
              -39.58459817045251,
              -2.730886494960436
            ]
          ]
        ]
      },
      "properties": {
        "patch_id": 10,
        "tile_id": 10,
        "patch_number": 11,
        "patch_label": "P011",
        "name": "patch_0011_VV",
        "x_start": 20000,
        "y_start": 0,
        "valid_x_end": 22000,
        "valid_y_end": 2000,
        "width": 2000,
        "height": 2000,
        "target_width": 2000,
        "target_height": 2000,
        "requires_padding": false,
        "processing_bbox_pixels": {
          "x0": 19840,
          "y0": 0,
          "x1": 22160,
          "y1": 2160
        },
        "processing_requested_bbox_pixels": {
          "x0": 19840,
          "y0": -160,
          "x1": 22160,
          "y1": 2160
        },
        "processing_width": 2320,
        "processing_height": 2160,
        "processing_target_width": 2320,
        "processing_target_height": 2160,
        "processing_requires_padding": false,
        "core_bbox_pixels": {
          "x0": 20000,
          "y0": 0,
          "x1": 22000,
          "y1": 2000
        },
        "requested_bbox_pixels": {
          "x0": 20000,
          "y0": 0,
          "x1": 22000,
          "y1": 2000
        },
        "halo_pixels": 160,
        "polarization": "VV",
        "display_bounds_lonlat": {
          "west": -39.81611504885538,
          "south": -2.927303833912258,
          "east": -39.570540121539935,
          "north": -2.6892114774861633
        },
        "cfar_detection_count": 0,
        "yolo_detection_count": 0,
        "processing_bounds_lonlat": {
          "west": -39.81611504885538,
          "south": -2.927303833912258,
          "east": -39.570540121539935,
          "north": -2.6892114774861633
        },
        "cfar_count": 0,
        "yolo_count": 0,
        "has_cfar_detection": false,
        "has_yolo_detection": false,
        "has_detection": false
      }
    },
    {
      "type": "Feature",
      "geometry": {
        "type": "Polygon",
        "coordinates": [
          [
            [
              -39.76031844485145,
              -2.692281967429008
            ],
            [
              -39.7990549381514,
              -2.8712022083622166
            ],
            [
              -39.974493761276676,
              -2.832582114590543
            ],
            [
              -39.93593914290747,
              -2.653671467607286
            ],
            [
              -39.76031844485145,
              -2.692281967429008
            ]
          ]
        ]
      },
      "properties": {
        "patch_id": 11,
        "tile_id": 11,
        "patch_number": 12,
        "patch_label": "P012",
        "name": "patch_0012_VV",
        "x_start": 22000,
        "y_start": 0,
        "valid_x_end": 24000,
        "valid_y_end": 2000,
        "width": 2000,
        "height": 2000,
        "target_width": 2000,
        "target_height": 2000,
        "requires_padding": false,
        "processing_bbox_pixels": {
          "x0": 21840,
          "y0": 0,
          "x1": 24160,
          "y1": 2160
        },
        "processing_requested_bbox_pixels": {
          "x0": 21840,
          "y0": -160,
          "x1": 24160,
          "y1": 2160
        },
        "processing_width": 2320,
        "processing_height": 2160,
        "processing_target_width": 2320,
        "processing_target_height": 2160,
        "processing_requires_padding": false,
        "core_bbox_pixels": {
          "x0": 22000,
          "y0": 0,
          "x1": 24000,
          "y1": 2000
        },
        "requested_bbox_pixels": {
          "x0": 22000,
          "y0": 0,
          "x1": 24000,
          "y1": 2000
        },
        "halo_pixels": 160,
        "polarization": "VV",
        "display_bounds_lonlat": {
          "west": -39.99163097329024,
          "south": -2.8886189959364756,
          "east": -39.74626160208974,
          "north": -2.650580414399236
        },
        "cfar_detection_count": 0,
        "yolo_detection_count": 0,
        "processing_bounds_lonlat": {
          "west": -39.99163097329024,
          "south": -2.8886189959364756,
          "east": -39.74626160208974,
          "north": -2.650580414399236
        },
        "cfar_count": 0,
        "yolo_count": 0,
        "has_cfar_detection": false,
        "has_yolo_detection": false,
        "has_detection": false
      }
    },
    {
      "type": "Feature",
      "geometry": {
        "type": "Polygon",
        "coordinates": [
          [
            [
              -39.93602699598766,
              -2.6536521485247357
            ],
            [
              -39.974581430162104,
              -2.832562810941581
            ],
            [
              -40.11743852858183,
              -2.801095080938791
            ],
            [
              -40.07895717902645,
              -2.622210223115385
            ],
            [
              -39.93602699598766,
              -2.6536521485247357
            ]
          ]
        ]
      },
      "properties": {
        "patch_id": 12,
        "tile_id": 12,
        "patch_number": 13,
        "patch_label": "P013",
        "name": "patch_0013_VV",
        "x_start": 24000,
        "y_start": 0,
        "valid_x_end": 25629,
        "valid_y_end": 2000,
        "width": 2000,
        "height": 2000,
        "target_width": 2000,
        "target_height": 2000,
        "requires_padding": true,
        "processing_bbox_pixels": {
          "x0": 23840,
          "y0": 0,
          "x1": 25629,
          "y1": 2160
        },
        "processing_requested_bbox_pixels": {
          "x0": 23840,
          "y0": -160,
          "x1": 26160,
          "y1": 2160
        },
        "processing_width": 1789,
        "processing_height": 2160,
        "processing_target_width": 1789,
        "processing_target_height": 2160,
        "processing_requires_padding": false,
        "core_bbox_pixels": {
          "x0": 24000,
          "y0": 0,
          "x1": 25629,
          "y1": 2000
        },
        "requested_bbox_pixels": {
          "x0": 24000,
          "y0": 0,
          "x1": 26000,
          "y1": 2000
        },
        "halo_pixels": 160,
        "polarization": "VV",
        "display_bounds_lonlat": {
          "west": -40.12053281951201,
          "south": -2.849967813020783,
          "east": -39.92197049726291,
          "north": -2.622210223115385
        },
        "cfar_detection_count": 0,
        "yolo_detection_count": 0,
        "processing_bounds_lonlat": {
          "west": -40.12053281951201,
          "south": -2.849967813020783,
          "east": -39.92197049726291,
          "north": -2.622210223115385
        },
        "cfar_count": 0,
        "yolo_count": 0,
        "has_cfar_detection": false,
        "has_yolo_detection": false,
        "has_detection": false
      }
    },
    {
      "type": "Feature",
      "geometry": {
        "type": "Polygon",
        "coordinates": [
          [
            [
              -37.86502679284338,
              -3.295056033593794
            ],
            [
              -37.903296549424994,
              -3.4745118003741866
            ],
            [
              -38.07909259436804,
              -3.4361203888213545
            ],
            [
              -38.040798433862406,
              -3.256699518705845
            ],
            [
              -37.86502679284338,
              -3.295056033593794
            ]
          ]
        ]
      },
      "properties": {
        "patch_id": 13,
        "tile_id": 13,
        "patch_number": 14,
        "patch_label": "P014",
        "name": "patch_0014_VV",
        "x_start": 0,
        "y_start": 2000,
        "valid_x_end": 2000,
        "valid_y_end": 4000,
        "width": 2000,
        "height": 2000,
        "target_width": 2000,
        "target_height": 2000,
        "requires_padding": false,
        "processing_bbox_pixels": {
          "x0": 0,
          "y0": 1840,
          "x1": 2160,
          "y1": 4160
        },
        "processing_requested_bbox_pixels": {
          "x0": -160,
          "y0": 1840,
          "x1": 2160,
          "y1": 4160
        },
        "processing_width": 2160,
        "processing_height": 2320,
        "processing_target_width": 2160,
        "processing_target_height": 2320,
        "processing_requires_padding": false,
        "core_bbox_pixels": {
          "x0": 0,
          "y0": 2000,
          "x1": 2000,
          "y1": 4000
        },
        "requested_bbox_pixels": {
          "x0": 0,
          "y0": 2000,
          "x1": 2000,
          "y1": 4000
        },
        "halo_pixels": 160,
        "polarization": "VV",
        "display_bounds_lonlat": {
          "west": -38.09623058617305,
          "south": -3.4888751592184257,
          "east": -37.86196457710879,
          "north": -3.239267735066186
        },
        "cfar_detection_count": 1,
        "yolo_detection_count": 1,
        "processing_bounds_lonlat": {
          "west": -38.09623058617305,
          "south": -3.4888751592184257,
          "east": -37.86196457710879,
          "north": -3.239267735066186
        },
        "cfar_count": 1,
        "yolo_count": 1,
        "has_cfar_detection": true,
        "has_yolo_detection": true,
        "has_detection": true
      }
    },
    {
      "type": "Feature",
      "geometry": {
        "type": "Polygon",
        "coordinates": [
          [
            [
              -38.0408863606648,
              -3.2566803246336518
            ],
            [
              -38.07918053303306,
              -3.436101177004339
            ],
            [
              -38.25496493268232,
              -3.397680524485911
            ],
            [
              -38.21664615029205,
              -3.2182962408138414
            ],
            [
              -38.0408863606648,
              -3.2566803246336518
            ]
          ]
        ]
      },
      "properties": {
        "patch_id": 14,
        "tile_id": 14,
        "patch_number": 15,
        "patch_label": "P015",
        "name": "patch_0015_VV",
        "x_start": 2000,
        "y_start": 2000,
        "valid_x_end": 4000,
        "valid_y_end": 4000,
        "width": 2000,
        "height": 2000,
        "target_width": 2000,
        "target_height": 2000,
        "requires_padding": false,
        "processing_bbox_pixels": {
          "x0": 1840,
          "y0": 1840,
          "x1": 4160,
          "y1": 4160
        },
        "processing_requested_bbox_pixels": {
          "x0": 1840,
          "y0": 1840,
          "x1": 4160,
          "y1": 4160
        },
        "processing_width": 2320,
        "processing_height": 2320,
        "processing_target_width": 2320,
        "processing_target_height": 2320,
        "processing_requires_padding": false,
        "core_bbox_pixels": {
          "x0": 2000,
          "y0": 2000,
          "x1": 4000,
          "y1": 4000
        },
        "requested_bbox_pixels": {
          "x0": 2000,
          "y0": 2000,
          "x1": 4000,
          "y1": 4000
        },
        "halo_pixels": 160,
        "polarization": "VV",
        "display_bounds_lonlat": {
          "west": -38.27210328318444,
          "south": -3.4535358437913253,
          "east": -38.023754132274526,
          "north": -3.2008643812464697
        },
        "cfar_detection_count": 0,
        "yolo_detection_count": 0,
        "processing_bounds_lonlat": {
          "west": -38.27210328318444,
          "south": -3.4535358437913253,
          "east": -38.023754132274526,
          "north": -3.2008643812464697
        },
        "cfar_count": 0,
        "yolo_count": 0,
        "has_cfar_detection": false,
        "has_yolo_detection": false,
        "has_detection": false
      }
    },
    {
      "type": "Feature",
      "geometry": {
        "type": "Polygon",
        "coordinates": [
          [
            [
              -38.216734069612755,
              -3.218277027873409
            ],
            [
              -38.25505286214192,
              -3.397661292658929
            ],
            [
              -38.43081937701521,
              -3.3592080356872422
            ],
            [
              -38.39247907332827,
              -3.1798620456080973
            ],
            [
              -38.216734069612755,
              -3.218277027873409
            ]
          ]
        ]
      },
      "properties": {
        "patch_id": 15,
        "tile_id": 15,
        "patch_number": 16,
        "patch_label": "P016",
        "name": "patch_0016_VV",
        "x_start": 4000,
        "y_start": 2000,
        "valid_x_end": 6000,
        "valid_y_end": 4000,
        "width": 2000,
        "height": 2000,
        "target_width": 2000,
        "target_height": 2000,
        "requires_padding": false,
        "processing_bbox_pixels": {
          "x0": 3840,
          "y0": 1840,
          "x1": 6160,
          "y1": 4160
        },
        "processing_requested_bbox_pixels": {
          "x0": 3840,
          "y0": 1840,
          "x1": 6160,
          "y1": 4160
        },
        "processing_width": 2320,
        "processing_height": 2320,
        "processing_target_width": 2320,
        "processing_target_height": 2320,
        "processing_requires_padding": false,
        "core_bbox_pixels": {
          "x0": 4000,
          "y0": 2000,
          "x1": 6000,
          "y1": 4000
        },
        "requested_bbox_pixels": {
          "x0": 4000,
          "y0": 2000,
          "x1": 6000,
          "y1": 4000
        },
        "halo_pixels": 160,
        "polarization": "VV",
        "display_bounds_lonlat": {
          "west": -38.447959175345886,
          "south": -3.415096197371917,
          "east": -38.199601004705755,
          "north": -3.1624317313462393
        },
        "cfar_detection_count": 0,
        "yolo_detection_count": 0,
        "processing_bounds_lonlat": {
          "west": -38.447959175345886,
          "south": -3.415096197371917,
          "east": -38.199601004705755,
          "north": -3.1624317313462393
        },
        "cfar_count": 0,
        "yolo_count": 0,
        "has_cfar_detection": false,
        "has_yolo_detection": false,
        "has_detection": false
      }
    },
    {
      "type": "Feature",
      "geometry": {
        "type": "Polygon",
        "coordinates": [
          [
            [
              -38.39256698594487,
              -3.1798428231405187
            ],
            [
              -38.430907301200435,
              -3.3591887937366955
            ],
            [
              -38.60666183521283,
              -3.3207055965886716
            ],
            [
              -38.56829853818935,
              -3.1413996525895
            ],
            [
              -38.39256698594487,
              -3.1798428231405187
            ]
          ]
        ]
      },
      "properties": {
        "patch_id": 16,
        "tile_id": 16,
        "patch_number": 17,
        "patch_label": "P017",
        "name": "patch_0017_VV",
        "x_start": 6000,
        "y_start": 2000,
        "valid_x_end": 8000,
        "valid_y_end": 4000,
        "width": 2000,
        "height": 2000,
        "target_width": 2000,
        "target_height": 2000,
        "requires_padding": false,
        "processing_bbox_pixels": {
          "x0": 5840,
          "y0": 1840,
          "x1": 8160,
          "y1": 4160
        },
        "processing_requested_bbox_pixels": {
          "x0": 5840,
          "y0": 1840,
          "x1": 8160,
          "y1": 4160
        },
        "processing_width": 2320,
        "processing_height": 2320,
        "processing_target_width": 2320,
        "processing_target_height": 2320,
        "processing_requires_padding": false,
        "core_bbox_pixels": {
          "x0": 6000,
          "y0": 2000,
          "x1": 8000,
          "y1": 4000
        },
        "requested_bbox_pixels": {
          "x0": 6000,
          "y0": 2000,
          "x1": 8000,
          "y1": 4000
        },
        "halo_pixels": 160,
        "polarization": "VV",
        "display_bounds_lonlat": {
          "west": -38.62380246446567,
          "south": -3.376622308316285,
          "east": -38.37543333707606,
          "north": -3.1239695943940013
        },
        "cfar_detection_count": 0,
        "yolo_detection_count": 0,
        "processing_bounds_lonlat": {
          "west": -38.62380246446567,
          "south": -3.376622308316285,
          "east": -38.37543333707606,
          "north": -3.1239695943940013
        },
        "cfar_count": 0,
        "yolo_count": 0,
        "has_cfar_detection": false,
        "has_yolo_detection": false,
        "has_detection": false
      }
    },
    {
      "type": "Feature",
      "geometry": {
        "type": "Polygon",
        "coordinates": [
          [
            [
              -38.568386443573296,
              -3.1413804116385906
            ],
            [
              -38.6067497524029,
              -3.3206863351352123
            ],
            [
              -38.78249329184077,
              -3.282172688038619
            ],
            [
              -38.74410867933702,
              -3.1029083361866716
            ],
            [
              -38.568386443573296,
              -3.1413804116385906
            ]
          ]
        ]
      },
      "properties": {
        "patch_id": 17,
        "tile_id": 17,
        "patch_number": 18,
        "patch_label": "P018",
        "name": "patch_0018_VV",
        "x_start": 8000,
        "y_start": 2000,
        "valid_x_end": 10000,
        "valid_y_end": 4000,
        "width": 2000,
        "height": 2000,
        "target_width": 2000,
        "target_height": 2000,
        "requires_padding": false,
        "processing_bbox_pixels": {
          "x0": 7840,
          "y0": 1840,
          "x1": 10160,
          "y1": 4160
        },
        "processing_requested_bbox_pixels": {
          "x0": 7840,
          "y0": 1840,
          "x1": 10160,
          "y1": 4160
        },
        "processing_width": 2320,
        "processing_height": 2320,
        "processing_target_width": 2320,
        "processing_target_height": 2320,
        "processing_requires_padding": false,
        "core_bbox_pixels": {
          "x0": 8000,
          "y0": 2000,
          "x1": 10000,
          "y1": 4000
        },
        "requested_bbox_pixels": {
          "x0": 8000,
          "y0": 2000,
          "x1": 10000,
          "y1": 4000
        },
        "halo_pixels": 160,
        "polarization": "VV",
        "display_bounds_lonlat": {
          "west": -38.79963509550802,
          "south": -3.338119775776242,
          "east": -38.55125220504695,
          "north": -3.085480147871836
        },
        "cfar_detection_count": 0,
        "yolo_detection_count": 0,
        "processing_bounds_lonlat": {
          "west": -38.79963509550802,
          "south": -3.338119775776242,
          "east": -38.55125220504695,
          "north": -3.085480147871836
        },
        "cfar_count": 0,
        "yolo_count": 0,
        "has_cfar_detection": false,
        "has_yolo_detection": false,
        "has_detection": false
      }
    },
    {
      "type": "Feature",
      "geometry": {
        "type": "Polygon",
        "coordinates": [
          [
            [
              -38.744196584135736,
              -3.1028890860807232
            ],
            [
              -38.78258120621019,
              -3.2821534168592574
            ],
            [
              -38.95830832734571,
              -3.243608928878042
            ],
            [
              -38.919901588005416,
              -3.064387962696708
            ],
            [
              -38.744196584135736,
              -3.1028890860807232
            ]
          ]
        ]
      },
      "properties": {
        "patch_id": 18,
        "tile_id": 18,
        "patch_number": 19,
        "patch_label": "P019",
        "name": "patch_0019_VV",
        "x_start": 10000,
        "y_start": 2000,
        "valid_x_end": 12000,
        "valid_y_end": 4000,
        "width": 2000,
        "height": 2000,
        "target_width": 2000,
        "target_height": 2000,
        "requires_padding": false,
        "processing_bbox_pixels": {
          "x0": 9840,
          "y0": 1840,
          "x1": 12160,
          "y1": 4160
        },
        "processing_requested_bbox_pixels": {
          "x0": 9840,
          "y0": 1840,
          "x1": 12160,
          "y1": 4160
        },
        "processing_width": 2320,
        "processing_height": 2320,
        "processing_target_width": 2320,
        "processing_target_height": 2320,
        "processing_requires_padding": false,
        "core_bbox_pixels": {
          "x0": 10000,
          "y0": 2000,
          "x1": 12000,
          "y1": 4000
        },
        "requested_bbox_pixels": {
          "x0": 10000,
          "y0": 2000,
          "x1": 12000,
          "y1": 4000
        },
        "halo_pixels": 160,
        "polarization": "VV",
        "display_bounds_lonlat": {
          "west": -38.97545038387744,
          "south": -3.299585076194603,
          "east": -38.7270607418099,
          "north": -3.04696036095413
        },
        "cfar_detection_count": 0,
        "yolo_detection_count": 0,
        "processing_bounds_lonlat": {
          "west": -38.97545038387744,
          "south": -3.299585076194603,
          "east": -38.7270607418099,
          "north": -3.04696036095413
        },
        "cfar_count": 0,
        "yolo_count": 0,
        "has_cfar_detection": false,
        "has_yolo_detection": false,
        "has_detection": false
      }
    },
    {
      "type": "Feature",
      "geometry": {
        "type": "Polygon",
        "coordinates": [
          [
            [
              -38.91998948212813,
              -3.064368694479537
            ],
            [
              -38.95839623206754,
              -3.243589638567875
            ],
            [
              -39.13417482358675,
              -3.20500324702071
            ],
            [
              -39.09568610765713,
              -3.0258409090762264
            ],
            [
              -38.91998948212813,
              -3.064368694479537
            ]
          ]
        ]
      },
      "properties": {
        "patch_id": 19,
        "tile_id": 19,
        "patch_number": 20,
        "patch_label": "P020",
        "name": "patch_0020_VV",
        "x_start": 12000,
        "y_start": 2000,
        "valid_x_end": 14000,
        "valid_y_end": 4000,
        "width": 2000,
        "height": 2000,
        "target_width": 2000,
        "target_height": 2000,
        "requires_padding": false,
        "processing_bbox_pixels": {
          "x0": 11840,
          "y0": 1840,
          "x1": 14160,
          "y1": 4160
        },
        "processing_requested_bbox_pixels": {
          "x0": 11840,
          "y0": 1840,
          "x1": 14160,
          "y1": 4160
        },
        "processing_width": 2320,
        "processing_height": 2320,
        "processing_target_width": 2320,
        "processing_target_height": 2320,
        "processing_requires_padding": false,
        "core_bbox_pixels": {
          "x0": 12000,
          "y0": 2000,
          "x1": 14000,
          "y1": 4000
        },
        "requested_bbox_pixels": {
          "x0": 12000,
          "y0": 2000,
          "x1": 14000,
          "y1": 4000
        },
        "halo_pixels": 160,
        "polarization": "VV",
        "display_bounds_lonlat": {
          "west": -39.15138426725086,
          "south": -3.261020894968147,
          "east": -38.90285360902304,
          "north": -3.008414922430947
        },
        "cfar_detection_count": 1,
        "yolo_detection_count": 0,
        "processing_bounds_lonlat": {
          "west": -39.15138426725086,
          "south": -3.261020894968147,
          "east": -38.90285360902304,
          "north": -3.008414922430947
        },
        "cfar_count": 1,
        "yolo_count": 0,
        "has_cfar_detection": true,
        "has_yolo_detection": false,
        "has_detection": true
      }
    },
    {
      "type": "Feature",
      "geometry": {
        "type": "Polygon",
        "coordinates": [
          [
            [
              -39.095773998479565,
              -3.0258216318900706
            ],
            [
              -39.13426277633984,
              -3.2049839355437157
            ],
            [
              -39.31020340411072,
              -3.1663271539079005
            ],
            [
              -39.27147418168151,
              -2.9872605268179706
            ],
            [
              -39.095773998479565,
              -3.0258216318900706
            ]
          ]
        ]
      },
      "properties": {
        "patch_id": 20,
        "tile_id": 20,
        "patch_number": 21,
        "patch_label": "P021",
        "name": "patch_0021_VV",
        "x_start": 14000,
        "y_start": 2000,
        "valid_x_end": 16000,
        "valid_y_end": 4000,
        "width": 2000,
        "height": 2000,
        "target_width": 2000,
        "target_height": 2000,
        "requires_padding": false,
        "processing_bbox_pixels": {
          "x0": 13840,
          "y0": 1840,
          "x1": 16160,
          "y1": 4160
        },
        "processing_requested_bbox_pixels": {
          "x0": 13840,
          "y0": 1840,
          "x1": 16160,
          "y1": 4160
        },
        "processing_width": 2320,
        "processing_height": 2320,
        "processing_target_width": 2320,
        "processing_target_height": 2320,
        "processing_requires_padding": false,
        "core_bbox_pixels": {
          "x0": 14000,
          "y0": 2000,
          "x1": 16000,
          "y1": 4000
        },
        "requested_bbox_pixels": {
          "x0": 14000,
          "y0": 2000,
          "x1": 16000,
          "y1": 4000
        },
        "halo_pixels": 160,
        "polarization": "VV",
        "display_bounds_lonlat": {
          "west": -39.32732734831245,
          "south": -3.2224075604794806,
          "east": -39.078637049214905,
          "north": -2.969839878479762
        },
        "cfar_detection_count": 0,
        "yolo_detection_count": 0,
        "processing_bounds_lonlat": {
          "west": -39.32732734831245,
          "south": -3.2224075604794806,
          "east": -39.078637049214905,
          "north": -2.969839878479762
        },
        "cfar_count": 0,
        "yolo_count": 0,
        "has_cfar_detection": false,
        "has_yolo_detection": false,
        "has_detection": false
      }
    },
    {
      "type": "Feature",
      "geometry": {
        "type": "Polygon",
        "coordinates": [
          [
            [
              -39.27156203782526,
              -2.9872412378139424
            ],
            [
              -39.31029096127175,
              -3.166307908820232
            ],
            [
              -39.48609963469876,
              -3.1276497972048647
            ],
            [
              -39.44724243382699,
              -2.948656546793977
            ],
            [
              -39.27156203782526,
              -2.9872412378139424
            ]
          ]
        ]
      },
      "properties": {
        "patch_id": 21,
        "tile_id": 21,
        "patch_number": 22,
        "patch_label": "P022",
        "name": "patch_0022_VV",
        "x_start": 16000,
        "y_start": 2000,
        "valid_x_end": 18000,
        "valid_y_end": 4000,
        "width": 2000,
        "height": 2000,
        "target_width": 2000,
        "target_height": 2000,
        "requires_padding": false,
        "processing_bbox_pixels": {
          "x0": 15840,
          "y0": 1840,
          "x1": 18160,
          "y1": 4160
        },
        "processing_requested_bbox_pixels": {
          "x0": 15840,
          "y0": 1840,
          "x1": 18160,
          "y1": 4160
        },
        "processing_width": 2320,
        "processing_height": 2320,
        "processing_target_width": 2320,
        "processing_target_height": 2320,
        "processing_requires_padding": false,
        "core_bbox_pixels": {
          "x0": 16000,
          "y0": 2000,
          "x1": 18000,
          "y1": 4000
        },
        "requested_bbox_pixels": {
          "x0": 16000,
          "y0": 2000,
          "x1": 18000,
          "y1": 4000
        },
        "halo_pixels": 160,
        "polarization": "VV",
        "display_bounds_lonlat": {
          "west": -39.50326452949126,
          "south": -3.1837189844786993,
          "east": -39.25440757324067,
          "north": -2.931239182125397
        },
        "cfar_detection_count": 0,
        "yolo_detection_count": 0,
        "processing_bounds_lonlat": {
          "west": -39.50326452949126,
          "south": -3.1837189844786993,
          "east": -39.25440757324067,
          "north": -2.931239182125397
        },
        "cfar_count": 0,
        "yolo_count": 0,
        "has_cfar_detection": false,
        "has_yolo_detection": false,
        "has_detection": false
      }
    },
    {
      "type": "Feature",
      "geometry": {
        "type": "Polygon",
        "coordinates": [
          [
            [
              -39.447330313539524,
              -2.9486372349852745
            ],
            [
              -39.48618757914092,
              -3.1276304486599784
            ],
            [
              -39.66189548410923,
              -3.0889618424920595
            ],
            [
              -39.62315174161482,
              -2.9099890640601456
            ],
            [
              -39.447330313539524,
              -2.9486372349852745
            ]
          ]
        ]
      },
      "properties": {
        "patch_id": 22,
        "tile_id": 22,
        "patch_number": 23,
        "patch_label": "P023",
        "name": "patch_0023_VV",
        "x_start": 18000,
        "y_start": 2000,
        "valid_x_end": 20000,
        "valid_y_end": 4000,
        "width": 2000,
        "height": 2000,
        "target_width": 2000,
        "target_height": 2000,
        "requires_padding": false,
        "processing_bbox_pixels": {
          "x0": 17840,
          "y0": 1840,
          "x1": 20160,
          "y1": 4160
        },
        "processing_requested_bbox_pixels": {
          "x0": 17840,
          "y0": 1840,
          "x1": 20160,
          "y1": 4160
        },
        "processing_width": 2320,
        "processing_height": 2320,
        "processing_target_width": 2320,
        "processing_target_height": 2320,
        "processing_requires_padding": false,
        "core_bbox_pixels": {
          "x0": 18000,
          "y0": 2000,
          "x1": 20000,
          "y1": 4000
        },
        "requested_bbox_pixels": {
          "x0": 18000,
          "y0": 2000,
          "x1": 20000,
          "y1": 4000
        },
        "halo_pixels": 160,
        "polarization": "VV",
        "display_bounds_lonlat": {
          "west": -39.679071873583844,
          "south": -3.145058878984499,
          "east": -39.430165688602344,
          "north": -2.892564617287744
        },
        "cfar_detection_count": 0,
        "yolo_detection_count": 0,
        "processing_bounds_lonlat": {
          "west": -39.679071873583844,
          "south": -3.145058878984499,
          "east": -39.430165688602344,
          "north": -2.892564617287744
        },
        "cfar_count": 0,
        "yolo_count": 0,
        "has_cfar_detection": false,
        "has_yolo_detection": false,
        "has_detection": false
      }
    },
    {
      "type": "Feature",
      "geometry": {
        "type": "Polygon",
        "coordinates": [
          [
            [
              -39.623239820046976,
              -2.9099696968674733
            ],
            [
              -39.66198337129656,
              -3.0889424941520516
            ],
            [
              -39.83764859356969,
              -3.050254148822046
            ],
            [
              -39.79898641986502,
              -2.871311061007489
            ],
            [
              -39.623239820046976,
              -2.9099696968674733
            ]
          ]
        ]
      },
      "properties": {
        "patch_id": 23,
        "tile_id": 23,
        "patch_number": 24,
        "patch_label": "P024",
        "name": "patch_0024_VV",
        "x_start": 20000,
        "y_start": 2000,
        "valid_x_end": 22000,
        "valid_y_end": 4000,
        "width": 2000,
        "height": 2000,
        "target_width": 2000,
        "target_height": 2000,
        "requires_padding": false,
        "processing_bbox_pixels": {
          "x0": 19840,
          "y0": 1840,
          "x1": 22160,
          "y1": 4160
        },
        "processing_requested_bbox_pixels": {
          "x0": 19840,
          "y0": 1840,
          "x1": 22160,
          "y1": 4160
        },
        "processing_width": 2320,
        "processing_height": 2320,
        "processing_target_width": 2320,
        "processing_target_height": 2320,
        "processing_requires_padding": false,
        "core_bbox_pixels": {
          "x0": 20000,
          "y0": 2000,
          "x1": 22000,
          "y1": 4000
        },
        "requested_bbox_pixels": {
          "x0": 20000,
          "y0": 2000,
          "x1": 22000,
          "y1": 4000
        },
        "halo_pixels": 160,
        "polarization": "VV",
        "display_bounds_lonlat": {
          "west": -39.85481524194404,
          "south": -3.1063618065271386,
          "east": -39.606047729125564,
          "north": -2.853895454015011
        },
        "cfar_detection_count": 0,
        "yolo_detection_count": 0,
        "processing_bounds_lonlat": {
          "west": -39.85481524194404,
          "south": -3.1063618065271386,
          "east": -39.606047729125564,
          "north": -2.853895454015011
        },
        "cfar_count": 0,
        "yolo_count": 0,
        "has_cfar_detection": false,
        "has_yolo_detection": false,
        "has_detection": false
      }
    },
    {
      "type": "Feature",
      "geometry": {
        "type": "Polygon",
        "coordinates": [
          [
            [
              -39.79907426574374,
              -2.8712917272490466
            ],
            [
              -39.837736454728265,
              -3.0502347867933244
            ],
            [
              -40.01342693682054,
              -3.011508377546831
            ],
            [
              -39.97451318499553,
              -2.832671586859793
            ],
            [
              -39.79907426574374,
              -2.8712917272490466
            ]
          ]
        ]
      },
      "properties": {
        "patch_id": 24,
        "tile_id": 24,
        "patch_number": 25,
        "patch_label": "P025",
        "name": "patch_0025_VV",
        "x_start": 22000,
        "y_start": 2000,
        "valid_x_end": 24000,
        "valid_y_end": 4000,
        "width": 2000,
        "height": 2000,
        "target_width": 2000,
        "target_height": 2000,
        "requires_padding": false,
        "processing_bbox_pixels": {
          "x0": 21840,
          "y0": 1840,
          "x1": 24160,
          "y1": 4160
        },
        "processing_requested_bbox_pixels": {
          "x0": 21840,
          "y0": 1840,
          "x1": 24160,
          "y1": 4160
        },
        "processing_width": 2320,
        "processing_height": 2320,
        "processing_target_width": 2320,
        "processing_target_height": 2320,
        "processing_requires_padding": false,
        "core_bbox_pixels": {
          "x0": 22000,
          "y0": 2000,
          "x1": 24000,
          "y1": 4000
        },
        "requested_bbox_pixels": {
          "x0": 22000,
          "y0": 2000,
          "x1": 24000,
          "y1": 4000
        },
        "halo_pixels": 160,
        "polarization": "VV",
        "display_bounds_lonlat": {
          "west": -40.03066444937277,
          "south": -3.0676528291768452,
          "east": -39.78192498912258,
          "north": -2.8152671451164233
        },
        "cfar_detection_count": 1,
        "yolo_detection_count": 0,
        "processing_bounds_lonlat": {
          "west": -40.03066444937277,
          "south": -3.0676528291768452,
          "east": -39.78192498912258,
          "north": -2.8152671451164233
        },
        "cfar_count": 1,
        "yolo_count": 0,
        "has_cfar_detection": true,
        "has_yolo_detection": false,
        "has_detection": true
      }
    },
    {
      "type": "Feature",
      "geometry": {
        "type": "Polygon",
        "coordinates": [
          [
            [
              -39.97460085397442,
              -2.8326522831772154
            ],
            [
              -40.013514858120274,
              -3.011488992230002
            ],
            [
              -40.15618479929551,
              -2.980021090006733
            ],
            [
              -40.11745786790143,
              -2.8011845510218087
            ],
            [
              -39.97460085397442,
              -2.8326522831772154
            ]
          ]
        ]
      },
      "properties": {
        "patch_id": 25,
        "tile_id": 25,
        "patch_number": 26,
        "patch_label": "P026",
        "name": "patch_0026_VV",
        "x_start": 24000,
        "y_start": 2000,
        "valid_x_end": 25629,
        "valid_y_end": 4000,
        "width": 2000,
        "height": 2000,
        "target_width": 2000,
        "target_height": 2000,
        "requires_padding": true,
        "processing_bbox_pixels": {
          "x0": 23840,
          "y0": 1840,
          "x1": 25629,
          "y1": 4160
        },
        "processing_requested_bbox_pixels": {
          "x0": 23840,
          "y0": 1840,
          "x1": 26160,
          "y1": 4160
        },
        "processing_width": 1789,
        "processing_height": 2320,
        "processing_target_width": 1789,
        "processing_target_height": 2320,
        "processing_requires_padding": false,
        "core_bbox_pixels": {
          "x0": 24000,
          "y0": 2000,
          "x1": 25629,
          "y1": 4000
        },
        "requested_bbox_pixels": {
          "x0": 24000,
          "y0": 2000,
          "x1": 26000,
          "y1": 4000
        },
        "halo_pixels": 160,
        "polarization": "VV",
        "display_bounds_lonlat": {
          "west": -40.159321206316,
          "south": -3.0288971104296727,
          "east": -39.95747197846169,
          "north": -2.7868687667347927
        },
        "cfar_detection_count": 0,
        "yolo_detection_count": 0,
        "processing_bounds_lonlat": {
          "west": -40.159321206316,
          "south": -3.0288971104296727,
          "east": -39.95747197846169,
          "north": -2.7868687667347927
        },
        "cfar_count": 0,
        "yolo_count": 0,
        "has_cfar_detection": false,
        "has_yolo_detection": false,
        "has_detection": false
      }
    },
    {
      "type": "Feature",
      "geometry": {
        "type": "Polygon",
        "coordinates": [
          [
            [
              -37.90331570936637,
              -3.4746015713669633
            ],
            [
              -37.941622435459934,
              -3.65405299880315
            ],
            [
              -38.11744988365749,
              -3.6156252788042496
            ],
            [
              -38.07911176694328,
              -3.4362101422327775
            ],
            [
              -37.90331570936637,
              -3.4746015713669633
            ]
          ]
        ]
      },
      "properties": {
        "patch_id": 26,
        "tile_id": 26,
        "patch_number": 27,
        "patch_label": "P027",
        "name": "patch_0027_VV",
        "x_start": 0,
        "y_start": 4000,
        "valid_x_end": 2000,
        "valid_y_end": 6000,
        "width": 2000,
        "height": 2000,
        "target_width": 2000,
        "target_height": 2000,
        "requires_padding": false,
        "processing_bbox_pixels": {
          "x0": 0,
          "y0": 3840,
          "x1": 2160,
          "y1": 6160
        },
        "processing_requested_bbox_pixels": {
          "x0": -160,
          "y0": 3840,
          "x1": 2160,
          "y1": 6160
        },
        "processing_width": 2160,
        "processing_height": 2320,
        "processing_target_width": 2160,
        "processing_target_height": 2320,
        "processing_requires_padding": false,
        "core_bbox_pixels": {
          "x0": 0,
          "y0": 4000,
          "x1": 2000,
          "y1": 6000
        },
        "requested_bbox_pixels": {
          "x0": 0,
          "y0": 4000,
          "x1": 2000,
          "y1": 6000
        },
        "halo_pixels": 160,
        "polarization": "VV",
        "display_bounds_lonlat": {
          "west": -38.134595845866876,
          "south": -3.6684160315191767,
          "east": -37.90025011863958,
          "north": -3.4187759359193772
        },
        "cfar_detection_count": 0,
        "yolo_detection_count": 0,
        "processing_bounds_lonlat": {
          "west": -38.134595845866876,
          "south": -3.6684160315191767,
          "east": -37.90025011863958,
          "north": -3.4187759359193772
        },
        "cfar_count": 0,
        "yolo_count": 0,
        "has_cfar_detection": false,
        "has_yolo_detection": false,
        "has_detection": false
      }
    },
    {
      "type": "Feature",
      "geometry": {
        "type": "Polygon",
        "coordinates": [
          [
            [
              -38.07919970561578,
              -3.436190930406712
            ],
            [
              -38.11753783970755,
              -3.6156060483875887
            ],
            [
              -38.29335103156046,
              -3.5771477765908815
            ],
            [
              -38.25498411662533,
              -3.3977702596081913
            ],
            [
              -38.07919970561578,
              -3.436190930406712
            ]
          ]
        ]
      },
      "properties": {
        "patch_id": 27,
        "tile_id": 27,
        "patch_number": 28,
        "patch_label": "P028",
        "name": "patch_0028_VV",
        "x_start": 2000,
        "y_start": 4000,
        "valid_x_end": 4000,
        "valid_y_end": 6000,
        "width": 2000,
        "height": 2000,
        "target_width": 2000,
        "target_height": 2000,
        "requires_padding": false,
        "processing_bbox_pixels": {
          "x0": 1840,
          "y0": 3840,
          "x1": 4160,
          "y1": 6160
        },
        "processing_requested_bbox_pixels": {
          "x0": 1840,
          "y0": 3840,
          "x1": 4160,
          "y1": 6160
        },
        "processing_width": 2320,
        "processing_height": 2320,
        "processing_target_width": 2320,
        "processing_target_height": 2320,
        "processing_requires_padding": false,
        "core_bbox_pixels": {
          "x0": 2000,
          "y0": 4000,
          "x1": 4000,
          "y1": 6000
        },
        "requested_bbox_pixels": {
          "x0": 2000,
          "y0": 4000,
          "x1": 4000,
          "y1": 6000
        },
        "halo_pixels": 160,
        "polarization": "VV",
        "display_bounds_lonlat": {
          "west": -38.31049963405573,
          "south": -3.6330429231678005,
          "east": -38.06206209369362,
          "north": -3.380335788083296
        },
        "cfar_detection_count": 0,
        "yolo_detection_count": 0,
        "processing_bounds_lonlat": {
          "west": -38.31049963405573,
          "south": -3.6330429231678005,
          "east": -38.06206209369362,
          "north": -3.380335788083296
        },
        "cfar_count": 0,
        "yolo_count": 0,
        "has_cfar_detection": false,
        "has_yolo_detection": false,
        "has_detection": false
      }
    },
    {
      "type": "Feature",
      "geometry": {
        "type": "Polygon",
        "coordinates": [
          [
            [
              -38.25507204609253,
              -3.397751027771761
            ],
            [
              -38.29343897743267,
              -3.577128525291822
            ],
            [
              -38.469237840256035,
              -3.538635923433195
            ],
            [
              -38.430838575442536,
              -3.359297751653148
            ],
            [
              -38.25507204609253,
              -3.397751027771761
            ]
          ]
        ]
      },
      "properties": {
        "patch_id": 28,
        "tile_id": 28,
        "patch_number": 29,
        "patch_label": "P029",
        "name": "patch_0029_VV",
        "x_start": 4000,
        "y_start": 4000,
        "valid_x_end": 6000,
        "valid_y_end": 6000,
        "width": 2000,
        "height": 2000,
        "target_width": 2000,
        "target_height": 2000,
        "requires_padding": false,
        "processing_bbox_pixels": {
          "x0": 3840,
          "y0": 3840,
          "x1": 6160,
          "y1": 6160
        },
        "processing_requested_bbox_pixels": {
          "x0": 3840,
          "y0": 3840,
          "x1": 6160,
          "y1": 6160
        },
        "processing_width": 2320,
        "processing_height": 2320,
        "processing_target_width": 2320,
        "processing_target_height": 2320,
        "processing_requires_padding": false,
        "core_bbox_pixels": {
          "x0": 4000,
          "y0": 4000,
          "x1": 6000,
          "y1": 6000
        },
        "requested_bbox_pixels": {
          "x0": 4000,
          "y0": 4000,
          "x1": 6000,
          "y1": 6000
        },
        "halo_pixels": 160,
        "polarization": "VV",
        "display_bounds_lonlat": {
          "west": -38.48638928540444,
          "south": -3.5945653404700524,
          "east": -38.237934054164235,
          "north": -3.34186473296819
        },
        "cfar_detection_count": 0,
        "yolo_detection_count": 0,
        "processing_bounds_lonlat": {
          "west": -38.48638928540444,
          "south": -3.5945653404700524,
          "east": -38.237934054164235,
          "north": -3.34186473296819
        },
        "cfar_count": 0,
        "yolo_count": 0,
        "has_cfar_detection": false,
        "has_yolo_detection": false,
        "has_detection": false
      }
    },
    {
      "type": "Feature",
      "geometry": {
        "type": "Polygon",
        "coordinates": [
          [
            [
              -38.43092649963454,
              -3.3592785096928552
            ],
            [
              -38.46932578032002,
              -3.5386166615290717
            ],
            [
              -38.64527349678015,
              -3.500056096155933
            ],
            [
              -38.60668104587576,
              -3.3207952924946706
            ],
            [
              -38.43092649963454,
              -3.3592785096928552
            ]
          ]
        ]
      },
      "properties": {
        "patch_id": 29,
        "tile_id": 29,
        "patch_number": 30,
        "patch_label": "P030",
        "name": "patch_0030_VV",
        "x_start": 6000,
        "y_start": 4000,
        "valid_x_end": 8000,
        "valid_y_end": 6000,
        "width": 2000,
        "height": 2000,
        "target_width": 2000,
        "target_height": 2000,
        "requires_padding": false,
        "processing_bbox_pixels": {
          "x0": 5840,
          "y0": 3840,
          "x1": 8160,
          "y1": 6160
        },
        "processing_requested_bbox_pixels": {
          "x0": 5840,
          "y0": 3840,
          "x1": 8160,
          "y1": 6160
        },
        "processing_width": 2320,
        "processing_height": 2320,
        "processing_target_width": 2320,
        "processing_target_height": 2320,
        "processing_requires_padding": false,
        "core_bbox_pixels": {
          "x0": 6000,
          "y0": 4000,
          "x1": 8000,
          "y1": 6000
        },
        "requested_bbox_pixels": {
          "x0": 6000,
          "y0": 4000,
          "x1": 8000,
          "y1": 6000
        },
        "halo_pixels": 160,
        "polarization": "VV",
        "display_bounds_lonlat": {
          "west": -38.662615887096386,
          "south": -3.5560517234688978,
          "east": -38.41378704381013,
          "north": -3.303362378109167
        },
        "cfar_detection_count": 1,
        "yolo_detection_count": 1,
        "processing_bounds_lonlat": {
          "west": -38.662615887096386,
          "south": -3.5560517234688978,
          "east": -38.41378704381013,
          "north": -3.303362378109167
        },
        "cfar_count": 1,
        "yolo_count": 1,
        "has_cfar_detection": true,
        "has_yolo_detection": true,
        "has_detection": true
      }
    },
    {
      "type": "Feature",
      "geometry": {
        "type": "Polygon",
        "coordinates": [
          [
            [
              -38.60676896307271,
              -3.3207760310308685
            ],
            [
              -38.645361961114546,
              -3.500036696073694
            ],
            [
              -38.821363973592085,
              -3.4614289709425368
            ],
            [
              -38.78251251314545,
              -3.282262363053929
            ],
            [
              -38.60676896307271,
              -3.3207760310308685
            ]
          ]
        ]
      },
      "properties": {
        "patch_id": 30,
        "tile_id": 30,
        "patch_number": 31,
        "patch_label": "P031",
        "name": "patch_0031_VV",
        "x_start": 8000,
        "y_start": 4000,
        "valid_x_end": 10000,
        "valid_y_end": 6000,
        "width": 2000,
        "height": 2000,
        "target_width": 2000,
        "target_height": 2000,
        "requires_padding": false,
        "processing_bbox_pixels": {
          "x0": 7840,
          "y0": 3840,
          "x1": 10160,
          "y1": 6160
        },
        "processing_requested_bbox_pixels": {
          "x0": 7840,
          "y0": 3840,
          "x1": 10160,
          "y1": 6160
        },
        "processing_width": 2320,
        "processing_height": 2320,
        "processing_target_width": 2320,
        "processing_target_height": 2320,
        "processing_requires_padding": false,
        "core_bbox_pixels": {
          "x0": 8000,
          "y0": 4000,
          "x1": 10000,
          "y1": 6000
        },
        "requested_bbox_pixels": {
          "x0": 8000,
          "y0": 4000,
          "x1": 10000,
          "y1": 6000
        },
        "halo_pixels": 160,
        "polarization": "VV",
        "display_bounds_lonlat": {
          "west": -38.83862264078736,
          "south": -3.5174829702459967,
          "east": -38.58962868804147,
          "north": -3.2648312400944075
        },
        "cfar_detection_count": 3,
        "yolo_detection_count": 6,
        "processing_bounds_lonlat": {
          "west": -38.83862264078736,
          "south": -3.5174829702459967,
          "east": -38.58962868804147,
          "north": -3.2648312400944075
        },
        "cfar_count": 3,
        "yolo_count": 6,
        "has_cfar_detection": true,
        "has_yolo_detection": true,
        "has_detection": true
      }
    },
    {
      "type": "Feature",
      "geometry": {
        "type": "Polygon",
        "coordinates": [
          [
            [
              -38.7826004275187,
              -3.282243091864025
            ],
            [
              -38.8214516228657,
              -3.4614097391291416
            ],
            [
              -38.99699538040201,
              -3.422867194597635
            ],
            [
              -38.958327559321134,
              -3.2436985821493245
            ],
            [
              -38.7826004275187,
              -3.282243091864025
            ]
          ]
        ]
      },
      "properties": {
        "patch_id": 31,
        "tile_id": 31,
        "patch_number": 32,
        "patch_label": "P032",
        "name": "patch_0032_VV",
        "x_start": 10000,
        "y_start": 4000,
        "valid_x_end": 12000,
        "valid_y_end": 6000,
        "width": 2000,
        "height": 2000,
        "target_width": 2000,
        "target_height": 2000,
        "requires_padding": false,
        "processing_bbox_pixels": {
          "x0": 9840,
          "y0": 3840,
          "x1": 12160,
          "y1": 6160
        },
        "processing_requested_bbox_pixels": {
          "x0": 9840,
          "y0": 3840,
          "x1": 12160,
          "y1": 6160
        },
        "processing_width": 2320,
        "processing_height": 2320,
        "processing_target_width": 2320,
        "processing_target_height": 2320,
        "processing_requires_padding": false,
        "core_bbox_pixels": {
          "x0": 10000,
          "y0": 4000,
          "x1": 12000,
          "y1": 6000
        },
        "requested_bbox_pixels": {
          "x0": 10000,
          "y0": 4000,
          "x1": 12000,
          "y1": 6000
        },
        "halo_pixels": 160,
        "polarization": "VV",
        "display_bounds_lonlat": {
          "west": -39.014219460055905,
          "south": -3.4787922751870473,
          "east": -38.76545881523384,
          "north": -3.2262678924857724
        },
        "cfar_detection_count": 0,
        "yolo_detection_count": 0,
        "processing_bounds_lonlat": {
          "west": -39.014219460055905,
          "south": -3.4787922751870473,
          "east": -38.76545881523384,
          "north": -3.2262678924857724
        },
        "cfar_count": 0,
        "yolo_count": 0,
        "has_cfar_detection": false,
        "has_yolo_detection": false,
        "has_detection": false
      }
    },
    {
      "type": "Feature",
      "geometry": {
        "type": "Polygon",
        "coordinates": [
          [
            [
              -38.958415464050034,
              -3.2436792918280184
            ],
            [
              -38.997083243243544,
              -3.4228478940693408
            ],
            [
              -39.1731152337164,
              -3.384164235697297
            ],
            [
              -39.13419430579303,
              -3.2050928242019863
            ],
            [
              -38.958415464050034,
              -3.2436792918280184
            ]
          ]
        ]
      },
      "properties": {
        "patch_id": 32,
        "tile_id": 32,
        "patch_number": 33,
        "patch_label": "P033",
        "name": "patch_0033_VV",
        "x_start": 12000,
        "y_start": 4000,
        "valid_x_end": 14000,
        "valid_y_end": 6000,
        "width": 2000,
        "height": 2000,
        "target_width": 2000,
        "target_height": 2000,
        "requires_padding": false,
        "processing_bbox_pixels": {
          "x0": 11840,
          "y0": 3840,
          "x1": 14160,
          "y1": 6160
        },
        "processing_requested_bbox_pixels": {
          "x0": 11840,
          "y0": 3840,
          "x1": 14160,
          "y1": 6160
        },
        "processing_width": 2320,
        "processing_height": 2320,
        "processing_target_width": 2320,
        "processing_target_height": 2320,
        "processing_requires_padding": false,
        "core_bbox_pixels": {
          "x0": 12000,
          "y0": 4000,
          "x1": 14000,
          "y1": 6000
        },
        "requested_bbox_pixels": {
          "x0": 12000,
          "y0": 4000,
          "x1": 14000,
          "y1": 6000
        },
        "halo_pixels": 160,
        "polarization": "VV",
        "display_bounds_lonlat": {
          "west": -39.19032402991689,
          "south": -3.440259988435579,
          "east": -38.941273768546104,
          "north": -3.1876667073651936
        },
        "cfar_detection_count": 0,
        "yolo_detection_count": 0,
        "processing_bounds_lonlat": {
          "west": -39.19032402991689,
          "south": -3.440259988435579,
          "east": -38.941273768546104,
          "north": -3.1876667073651936
        },
        "cfar_count": 0,
        "yolo_count": 0,
        "has_cfar_detection": false,
        "has_yolo_detection": false,
        "has_detection": false
      }
    },
    {
      "type": "Feature",
      "geometry": {
        "type": "Polygon",
        "coordinates": [
          [
            [
              -39.134282258752606,
              -3.2050735126684042
            ],
            [
              -39.17320342932039,
              -3.384144849102861
            ],
            [
              -39.34919131383219,
              -3.3454356842561204
            ],
            [
              -39.31022284260437,
              -3.1664167199468585
            ],
            [
              -39.134282258752606,
              -3.2050735126684042
            ]
          ]
        ]
      },
      "properties": {
        "patch_id": 33,
        "tile_id": 33,
        "patch_number": 34,
        "patch_label": "P034",
        "name": "patch_0034_VV",
        "x_start": 14000,
        "y_start": 4000,
        "valid_x_end": 16000,
        "valid_y_end": 6000,
        "width": 2000,
        "height": 2000,
        "target_width": 2000,
        "target_height": 2000,
        "requires_padding": false,
        "processing_bbox_pixels": {
          "x0": 13840,
          "y0": 3840,
          "x1": 16160,
          "y1": 6160
        },
        "processing_requested_bbox_pixels": {
          "x0": 13840,
          "y0": 3840,
          "x1": 16160,
          "y1": 6160
        },
        "processing_width": 2320,
        "processing_height": 2320,
        "processing_target_width": 2320,
        "processing_target_height": 2320,
        "processing_requires_padding": false,
        "core_bbox_pixels": {
          "x0": 14000,
          "y0": 4000,
          "x1": 16000,
          "y1": 6000
        },
        "requested_bbox_pixels": {
          "x0": 14000,
          "y0": 4000,
          "x1": 16000,
          "y1": 6000
        },
        "halo_pixels": 160,
        "polarization": "VV",
        "display_bounds_lonlat": {
          "west": -39.36642310182891,
          "south": -3.40158073091974,
          "east": -39.11709786390385,
          "north": -3.1490082350848274
        },
        "cfar_detection_count": 1,
        "yolo_detection_count": 0,
        "processing_bounds_lonlat": {
          "west": -39.36642310182891,
          "south": -3.40158073091974,
          "east": -39.11709786390385,
          "north": -3.1490082350848274
        },
        "cfar_count": 1,
        "yolo_count": 0,
        "has_cfar_detection": true,
        "has_yolo_detection": false,
        "has_detection": true
      }
    },
    {
      "type": "Feature",
      "geometry": {
        "type": "Polygon",
        "coordinates": [
          [
            [
              -39.31031039994663,
              -3.16639747480827
            ],
            [
              -39.349279250661695,
              -3.345416333488441
            ],
            [
              -39.52492363554223,
              -3.3067512382667563
            ],
            [
              -39.48611900402535,
              -3.1277393568622003
            ],
            [
              -39.31031039994663,
              -3.16639747480827
            ]
          ]
        ]
      },
      "properties": {
        "patch_id": 34,
        "tile_id": 34,
        "patch_number": 35,
        "patch_label": "P035",
        "name": "patch_0035_VV",
        "x_start": 16000,
        "y_start": 4000,
        "valid_x_end": 18000,
        "valid_y_end": 6000,
        "width": 2000,
        "height": 2000,
        "target_width": 2000,
        "target_height": 2000,
        "requires_padding": false,
        "processing_bbox_pixels": {
          "x0": 15840,
          "y0": 3840,
          "x1": 18160,
          "y1": 6160
        },
        "processing_requested_bbox_pixels": {
          "x0": 15840,
          "y0": 3840,
          "x1": 18160,
          "y1": 6160
        },
        "processing_width": 2320,
        "processing_height": 2320,
        "processing_target_width": 2320,
        "processing_target_height": 2320,
        "processing_requires_padding": false,
        "core_bbox_pixels": {
          "x0": 16000,
          "y0": 4000,
          "x1": 18000,
          "y1": 6000
        },
        "requested_bbox_pixels": {
          "x0": 16000,
          "y0": 4000,
          "x1": 18000,
          "y1": 6000
        },
        "halo_pixels": 160,
        "polarization": "VV",
        "display_bounds_lonlat": {
          "west": -39.54213493877481,
          "south": -3.362834814518924,
          "east": -39.29319567733562,
          "north": -3.1103155041791934
        },
        "cfar_detection_count": 1,
        "yolo_detection_count": 0,
        "processing_bounds_lonlat": {
          "west": -39.54213493877481,
          "south": -3.362834814518924,
          "east": -39.29319567733562,
          "north": -3.1103155041791934
        },
        "cfar_count": 1,
        "yolo_count": 0,
        "has_cfar_detection": true,
        "has_yolo_detection": false,
        "has_detection": true
      }
    },
    {
      "type": "Feature",
      "geometry": {
        "type": "Polygon",
        "coordinates": [
          [
            [
              -39.48620694846049,
              -3.1277200083073255
            ],
            [
              -39.52501158197429,
              -3.306731866230722
            ],
            [
              -39.70088758145363,
              -3.2679795866845938
            ],
            [
              -39.66191493718679,
              -3.0890513603318874
            ],
            [
              -39.48620694846049,
              -3.1277200083073255
            ]
          ]
        ]
      },
      "properties": {
        "patch_id": 35,
        "tile_id": 35,
        "patch_number": 36,
        "patch_label": "P036",
        "name": "patch_0036_VV",
        "x_start": 18000,
        "y_start": 4000,
        "valid_x_end": 20000,
        "valid_y_end": 6000,
        "width": 2000,
        "height": 2000,
        "target_width": 2000,
        "target_height": 2000,
        "requires_padding": false,
        "processing_bbox_pixels": {
          "x0": 17840,
          "y0": 3840,
          "x1": 20160,
          "y1": 6160
        },
        "processing_requested_bbox_pixels": {
          "x0": 17840,
          "y0": 3840,
          "x1": 20160,
          "y1": 6160
        },
        "processing_width": 2320,
        "processing_height": 2320,
        "processing_target_width": 2320,
        "processing_target_height": 2320,
        "processing_requires_padding": false,
        "core_bbox_pixels": {
          "x0": 18000,
          "y0": 4000,
          "x1": 20000,
          "y1": 6000
        },
        "requested_bbox_pixels": {
          "x0": 18000,
          "y0": 4000,
          "x1": 20000,
          "y1": 6000
        },
        "halo_pixels": 160,
        "polarization": "VV",
        "display_bounds_lonlat": {
          "west": -39.71811528281022,
          "south": -3.3241501088966743,
          "east": -39.4690167261198,
          "north": -3.0716334951594977
        },
        "cfar_detection_count": 0,
        "yolo_detection_count": 0,
        "processing_bounds_lonlat": {
          "west": -39.71811528281022,
          "south": -3.3241501088966743,
          "east": -39.4690167261198,
          "north": -3.0716334951594977
        },
        "cfar_count": 0,
        "yolo_count": 0,
        "has_cfar_detection": false,
        "has_yolo_detection": false,
        "has_detection": false
      }
    },
    {
      "type": "Feature",
      "geometry": {
        "type": "Polygon",
        "coordinates": [
          [
            [
              -39.66200282445028,
              -3.089032011963436
            ],
            [
              -39.70097558266743,
              -3.2679601899836603
            ],
            [
              -39.87656443209703,
              -3.2292405299328104
            ],
            [
              -39.837668023646856,
              -3.0503436475025354
            ],
            [
              -39.66200282445028,
              -3.089032011963436
            ]
          ]
        ]
      },
      "properties": {
        "patch_id": 36,
        "tile_id": 36,
        "patch_number": 37,
        "patch_label": "P037",
        "name": "patch_0037_VV",
        "x_start": 20000,
        "y_start": 4000,
        "valid_x_end": 22000,
        "valid_y_end": 6000,
        "width": 2000,
        "height": 2000,
        "target_width": 2000,
        "target_height": 2000,
        "requires_padding": false,
        "processing_bbox_pixels": {
          "x0": 19840,
          "y0": 3840,
          "x1": 22160,
          "y1": 6160
        },
        "processing_requested_bbox_pixels": {
          "x0": 19840,
          "y0": 3840,
          "x1": 22160,
          "y1": 6160
        },
        "processing_width": 2320,
        "processing_height": 2320,
        "processing_target_width": 2320,
        "processing_target_height": 2320,
        "processing_requires_padding": false,
        "core_bbox_pixels": {
          "x0": 20000,
          "y0": 4000,
          "x1": 22000,
          "y1": 6000
        },
        "requested_bbox_pixels": {
          "x0": 20000,
          "y0": 4000,
          "x1": 22000,
          "y1": 6000
        },
        "halo_pixels": 160,
        "polarization": "VV",
        "display_bounds_lonlat": {
          "west": -39.893743257476984,
          "south": -3.2853792472500487,
          "east": -39.644830309048686,
          "north": -3.032926262938422
        },
        "cfar_detection_count": 0,
        "yolo_detection_count": 0,
        "processing_bounds_lonlat": {
          "west": -39.893743257476984,
          "south": -3.2853792472500487,
          "east": -39.644830309048686,
          "north": -3.032926262938422
        },
        "cfar_count": 0,
        "yolo_count": 0,
        "has_cfar_detection": false,
        "has_yolo_detection": false,
        "has_detection": false
      }
    },
    {
      "type": "Feature",
      "geometry": {
        "type": "Polygon",
        "coordinates": [
          [
            [
              -39.83775588480785,
              -3.0503242854608845
            ],
            [
              -39.87665224653307,
              -3.229221153529588
            ],
            [
              -40.0527552337743,
              -3.1903534812860426
            ],
            [
              -40.013446694227866,
              -3.0115977786896417
            ],
            [
              -39.83775588480785,
              -3.0503242854608845
            ]
          ]
        ]
      },
      "properties": {
        "patch_id": 37,
        "tile_id": 37,
        "patch_number": 38,
        "patch_label": "P038",
        "name": "patch_0038_VV",
        "x_start": 22000,
        "y_start": 4000,
        "valid_x_end": 24000,
        "valid_y_end": 6000,
        "width": 2000,
        "height": 2000,
        "target_width": 2000,
        "target_height": 2000,
        "requires_padding": false,
        "processing_bbox_pixels": {
          "x0": 21840,
          "y0": 3840,
          "x1": 24160,
          "y1": 6160
        },
        "processing_requested_bbox_pixels": {
          "x0": 21840,
          "y0": 3840,
          "x1": 24160,
          "y1": 6160
        },
        "processing_width": 2320,
        "processing_height": 2320,
        "processing_target_width": 2320,
        "processing_target_height": 2320,
        "processing_requires_padding": false,
        "core_bbox_pixels": {
          "x0": 22000,
          "y0": 4000,
          "x1": 24000,
          "y1": 6000
        },
        "requested_bbox_pixels": {
          "x0": 22000,
          "y0": 4000,
          "x1": 24000,
          "y1": 6000
        },
        "halo_pixels": 160,
        "polarization": "VV",
        "display_bounds_lonlat": {
          "west": -40.069981495661445,
          "south": -3.246636190064557,
          "east": -39.82058936376697,
          "north": -2.994194229804781
        },
        "cfar_detection_count": 0,
        "yolo_detection_count": 0,
        "processing_bounds_lonlat": {
          "west": -40.069981495661445,
          "south": -3.246636190064557,
          "east": -39.82058936376697,
          "north": -2.994194229804781
        },
        "cfar_count": 0,
        "yolo_count": 0,
        "has_cfar_detection": false,
        "has_yolo_detection": false,
        "has_detection": false
      }
    },
    {
      "type": "Feature",
      "geometry": {
        "type": "Polygon",
        "coordinates": [
          [
            [
              -40.013534615875905,
              -3.0115783932830062
            ],
            [
              -40.05284365093078,
              -3.190333960907915
            ],
            [
              -40.19538420920908,
              -3.1588535382752307
            ],
            [
              -40.15620440183807,
              -2.9801105049923633
            ],
            [
              -40.013534615875905,
              -3.0115783932830062
            ]
          ]
        ]
      },
      "properties": {
        "patch_id": 38,
        "tile_id": 38,
        "patch_number": 39,
        "patch_label": "P039",
        "name": "patch_0039_VV",
        "x_start": 24000,
        "y_start": 4000,
        "valid_x_end": 25629,
        "valid_y_end": 6000,
        "width": 2000,
        "height": 2000,
        "target_width": 2000,
        "target_height": 2000,
        "requires_padding": true,
        "processing_bbox_pixels": {
          "x0": 23840,
          "y0": 3840,
          "x1": 25629,
          "y1": 6160
        },
        "processing_requested_bbox_pixels": {
          "x0": 23840,
          "y0": 3840,
          "x1": 26160,
          "y1": 6160
        },
        "processing_width": 1789,
        "processing_height": 2320,
        "processing_target_width": 1789,
        "processing_target_height": 2320,
        "processing_requires_padding": false,
        "core_bbox_pixels": {
          "x0": 24000,
          "y0": 4000,
          "x1": 25629,
          "y1": 6000
        },
        "requested_bbox_pixels": {
          "x0": 24000,
          "y0": 4000,
          "x1": 26000,
          "y1": 6000
        },
        "halo_pixels": 160,
        "polarization": "VV",
        "display_bounds_lonlat": {
          "west": -40.19851826333985,
          "south": -3.207778494811955,
          "east": -39.99631482172511,
          "north": -2.965804107291563
        },
        "cfar_detection_count": 0,
        "yolo_detection_count": 0,
        "processing_bounds_lonlat": {
          "west": -40.19851826333985,
          "south": -3.207778494811955,
          "east": -39.99631482172511,
          "north": -2.965804107291563
        },
        "cfar_count": 0,
        "yolo_count": 0,
        "has_cfar_detection": false,
        "has_yolo_detection": false,
        "has_detection": false
      }
    },
    {
      "type": "Feature",
      "geometry": {
        "type": "Polygon",
        "coordinates": [
          [
            [
              -37.94164161094142,
              -3.6541427677576253
            ],
            [
              -37.97998404695666,
              -3.833589792039568
            ],
            [
              -38.15588356331995,
              -3.795117425996977
            ],
            [
              -38.11746908766455,
              -3.6157150272104164
            ],
            [
              -37.94164161094142,
              -3.6541427677576253
            ]
          ]
        ]
      },
      "properties": {
        "patch_id": 39,
        "tile_id": 39,
        "patch_number": 40,
        "patch_label": "P040",
        "name": "patch_0040_VV",
        "x_start": 0,
        "y_start": 6000,
        "valid_x_end": 2000,
        "valid_y_end": 8000,
        "width": 2000,
        "height": 2000,
        "target_width": 2000,
        "target_height": 2000,
        "requires_padding": false,
        "processing_bbox_pixels": {
          "x0": 0,
          "y0": 5840,
          "x1": 2160,
          "y1": 8160
        },
        "processing_requested_bbox_pixels": {
          "x0": -160,
          "y0": 5840,
          "x1": 2160,
          "y1": 8160
        },
        "processing_width": 2160,
        "processing_height": 2320,
        "processing_target_width": 2160,
        "processing_target_height": 2320,
        "processing_requires_padding": false,
        "core_bbox_pixels": {
          "x0": 0,
          "y0": 6000,
          "x1": 2000,
          "y1": 8000
        },
        "requested_bbox_pixels": {
          "x0": 0,
          "y0": 6000,
          "x1": 2000,
          "y1": 8000
        },
        "halo_pixels": 160,
        "polarization": "VV",
        "display_bounds_lonlat": {
          "west": -38.17304352809825,
          "south": -3.84795247838758,
          "east": -37.93857353409274,
          "north": -3.598278678685731
        },
        "cfar_detection_count": 0,
        "yolo_detection_count": 0,
        "processing_bounds_lonlat": {
          "west": -38.17304352809825,
          "south": -3.84795247838758,
          "east": -37.93857353409274,
          "north": -3.598278678685731
        },
        "cfar_count": 0,
        "yolo_count": 0,
        "has_cfar_detection": false,
        "has_yolo_detection": false,
        "has_detection": false
      }
    },
    {
      "type": "Feature",
      "geometry": {
        "type": "Polygon",
        "coordinates": [
          [
            [
              -38.117557043728354,
              -3.6156957967834122
            ],
            [
              -38.15597155466014,
              -3.795098173151441
            ],
            [
              -38.33186406561843,
              -3.7565920147693443
            ],
            [
              -38.29337026266392,
              -3.5772375039640325
            ],
            [
              -38.117557043728354,
              -3.6156957967834122
            ]
          ]
        ]
      },
      "properties": {
        "patch_id": 40,
        "tile_id": 40,
        "patch_number": 41,
        "patch_label": "P041",
        "name": "patch_0041_VV",
        "x_start": 2000,
        "y_start": 6000,
        "valid_x_end": 4000,
        "valid_y_end": 8000,
        "width": 2000,
        "height": 2000,
        "target_width": 2000,
        "target_height": 2000,
        "requires_padding": false,
        "processing_bbox_pixels": {
          "x0": 1840,
          "y0": 5840,
          "x1": 4160,
          "y1": 8160
        },
        "processing_requested_bbox_pixels": {
          "x0": 1840,
          "y0": 5840,
          "x1": 4160,
          "y1": 8160
        },
        "processing_width": 2320,
        "processing_height": 2320,
        "processing_target_width": 2320,
        "processing_target_height": 2320,
        "processing_requires_padding": false,
        "core_bbox_pixels": {
          "x0": 2000,
          "y0": 6000,
          "x1": 4000,
          "y1": 8000
        },
        "requested_bbox_pixels": {
          "x0": 2000,
          "y0": 6000,
          "x1": 4000,
          "y1": 8000
        },
        "halo_pixels": 160,
        "polarization": "VV",
        "display_bounds_lonlat": {
          "west": -38.34904931729925,
          "south": -3.8125372743038106,
          "east": -38.100411780128454,
          "north": -3.559801194718623
        },
        "cfar_detection_count": 0,
        "yolo_detection_count": 0,
        "processing_bounds_lonlat": {
          "west": -38.34904931729925,
          "south": -3.8125372743038106,
          "east": -38.100411780128454,
          "north": -3.559801194718623
        },
        "cfar_count": 0,
        "yolo_count": 0,
        "has_cfar_detection": false,
        "has_yolo_detection": false,
        "has_detection": false
      }
    },
    {
      "type": "Feature",
      "geometry": {
        "type": "Polygon",
        "coordinates": [
          [
            [
              -38.293458208546866,
              -3.5772182526540335
            ],
            [
              -38.331952116112426,
              -3.756572723702094
            ],
            [
              -38.5082139761291,
              -3.717944755227081
            ],
            [
              -38.46925709463523,
              -3.5387256289267697
            ],
            [
              -38.293458208546866,
              -3.5772182526540335
            ]
          ]
        ]
      },
      "properties": {
        "patch_id": 41,
        "tile_id": 41,
        "patch_number": 42,
        "patch_label": "P042",
        "name": "patch_0042_VV",
        "x_start": 4000,
        "y_start": 6000,
        "valid_x_end": 6000,
        "valid_y_end": 8000,
        "width": 2000,
        "height": 2000,
        "target_width": 2000,
        "target_height": 2000,
        "requires_padding": false,
        "processing_bbox_pixels": {
          "x0": 3840,
          "y0": 5840,
          "x1": 6160,
          "y1": 8160
        },
        "processing_requested_bbox_pixels": {
          "x0": 3840,
          "y0": 5840,
          "x1": 6160,
          "y1": 8160
        },
        "processing_width": 2320,
        "processing_height": 2320,
        "processing_target_width": 2320,
        "processing_target_height": 2320,
        "processing_requires_padding": false,
        "core_bbox_pixels": {
          "x0": 4000,
          "y0": 6000,
          "x1": 6000,
          "y1": 8000
        },
        "requested_bbox_pixels": {
          "x0": 4000,
          "y0": 6000,
          "x1": 6000,
          "y1": 8000
        },
        "halo_pixels": 160,
        "polarization": "VV",
        "display_bounds_lonlat": {
          "west": -38.525592172895756,
          "south": -3.7740134154625764,
          "east": -38.276310146307615,
          "north": -3.521291123603365
        },
        "cfar_detection_count": 6,
        "yolo_detection_count": 5,
        "processing_bounds_lonlat": {
          "west": -38.525592172895756,
          "south": -3.7740134154625764,
          "east": -38.276310146307615,
          "north": -3.521291123603365
        },
        "cfar_count": 6,
        "yolo_count": 5,
        "has_cfar_detection": true,
        "has_yolo_detection": true,
        "has_detection": true
      }
    },
    {
      "type": "Feature",
      "geometry": {
        "type": "Polygon",
        "coordinates": [
          [
            [
              -38.469345034712006,
              -3.5387063670117063
            ],
            [
              -38.5083023117041,
              -3.717925389535055
            ],
            [
              -38.6858566714193,
              -3.6789751501517283
            ],
            [
              -38.64529320032209,
              -3.500145685081102
            ],
            [
              -38.469345034712006,
              -3.5387063670117063
            ]
          ]
        ]
      },
      "properties": {
        "patch_id": 42,
        "tile_id": 42,
        "patch_number": 43,
        "patch_label": "P043",
        "name": "patch_0043_VV",
        "x_start": 6000,
        "y_start": 6000,
        "valid_x_end": 8000,
        "valid_y_end": 8000,
        "width": 2000,
        "height": 2000,
        "target_width": 2000,
        "target_height": 2000,
        "requires_padding": false,
        "processing_bbox_pixels": {
          "x0": 5840,
          "y0": 5840,
          "x1": 8160,
          "y1": 8160
        },
        "processing_requested_bbox_pixels": {
          "x0": 5840,
          "y0": 5840,
          "x1": 8160,
          "y1": 8160
        },
        "processing_width": 2320,
        "processing_height": 2320,
        "processing_target_width": 2320,
        "processing_target_height": 2320,
        "processing_requires_padding": false,
        "core_bbox_pixels": {
          "x0": 6000,
          "y0": 6000,
          "x1": 8000,
          "y1": 8000
        },
        "requested_bbox_pixels": {
          "x0": 6000,
          "y0": 6000,
          "x1": 8000,
          "y1": 8000
        },
        "halo_pixels": 160,
        "polarization": "VV",
        "display_bounds_lonlat": {
          "west": -38.703756976757205,
          "south": -3.7353493869603085,
          "east": -38.4521942384287,
          "north": -3.482715476882799
        },
        "cfar_detection_count": 1,
        "yolo_detection_count": 0,
        "processing_bounds_lonlat": {
          "west": -38.703756976757205,
          "south": -3.7353493869603085,
          "east": -38.4521942384287,
          "north": -3.482715476882799
        },
        "cfar_count": 1,
        "yolo_count": 0,
        "has_cfar_detection": true,
        "has_yolo_detection": false,
        "has_detection": true
      }
    },
    {
      "type": "Feature",
      "geometry": {
        "type": "Polygon",
        "coordinates": [
          [
            [
              -38.64538166604454,
              -3.500126284683101
            ],
            [
              -38.68594671296361,
              -3.678955383337855
            ],
            [
              -38.86201604483182,
              -3.640296283247669
            ],
            [
              -38.821384303407484,
              -3.461518403192939
            ],
            [
              -38.64538166604454,
              -3.500126284683101
            ]
          ]
        ]
      },
      "properties": {
        "patch_id": 43,
        "tile_id": 43,
        "patch_number": 44,
        "patch_label": "P044",
        "name": "patch_0044_VV",
        "x_start": 8000,
        "y_start": 6000,
        "valid_x_end": 10000,
        "valid_y_end": 8000,
        "width": 2000,
        "height": 2000,
        "target_width": 2000,
        "target_height": 2000,
        "requires_padding": false,
        "processing_bbox_pixels": {
          "x0": 7840,
          "y0": 5840,
          "x1": 10160,
          "y1": 8160
        },
        "processing_requested_bbox_pixels": {
          "x0": 7840,
          "y0": 5840,
          "x1": 10160,
          "y1": 8160
        },
        "processing_width": 2320,
        "processing_height": 2320,
        "processing_target_width": 2320,
        "processing_target_height": 2320,
        "processing_requires_padding": false,
        "core_bbox_pixels": {
          "x0": 8000,
          "y0": 6000,
          "x1": 10000,
          "y1": 8000
        },
        "requested_bbox_pixels": {
          "x0": 8000,
          "y0": 6000,
          "x1": 10000,
          "y1": 8000
        },
        "halo_pixels": 160,
        "polarization": "VV",
        "display_bounds_lonlat": {
          "west": -38.879043741362295,
          "south": -3.6963669221272824,
          "east": -38.62810990346441,
          "north": -3.4441284388358735
        },
        "cfar_detection_count": 5,
        "yolo_detection_count": 5,
        "processing_bounds_lonlat": {
          "west": -38.879043741362295,
          "south": -3.6963669221272824,
          "east": -38.62810990346441,
          "north": -3.4441284388358735
        },
        "cfar_count": 5,
        "yolo_count": 5,
        "has_cfar_detection": true,
        "has_yolo_detection": true,
        "has_detection": true
      }
    },
    {
      "type": "Feature",
      "geometry": {
        "type": "Polygon",
        "coordinates": [
          [
            [
              -38.82147195197858,
              -3.4614991715255394
            ],
            [
              -38.86210227085685,
              -3.64027734763022
            ],
            [
              -39.036734870123254,
              -3.6018981826049523
            ],
            [
              -38.99701519010912,
              -3.422956722853349
            ],
            [
              -38.82147195197858,
              -3.4614991715255394
            ]
          ]
        ]
      },
      "properties": {
        "patch_id": 44,
        "tile_id": 44,
        "patch_number": 45,
        "patch_label": "P045",
        "name": "patch_0045_VV",
        "x_start": 10000,
        "y_start": 6000,
        "valid_x_end": 12000,
        "valid_y_end": 8000,
        "width": 2000,
        "height": 2000,
        "target_width": 2000,
        "target_height": 2000,
        "requires_padding": false,
        "processing_bbox_pixels": {
          "x0": 9840,
          "y0": 5840,
          "x1": 12160,
          "y1": 8160
        },
        "processing_requested_bbox_pixels": {
          "x0": 9840,
          "y0": 5840,
          "x1": 12160,
          "y1": 8160
        },
        "processing_width": 2320,
        "processing_height": 2320,
        "processing_target_width": 2320,
        "processing_target_height": 2320,
        "processing_requires_padding": false,
        "core_bbox_pixels": {
          "x0": 10000,
          "y0": 6000,
          "x1": 12000,
          "y1": 8000
        },
        "requested_bbox_pixels": {
          "x0": 10000,
          "y0": 6000,
          "x1": 12000,
          "y1": 8000
        },
        "halo_pixels": 160,
        "polarization": "VV",
        "display_bounds_lonlat": {
          "west": -39.0539691508765,
          "south": -3.6576131576881488,
          "east": -38.80417753708053,
          "north": -3.405543606336954
        },
        "cfar_detection_count": 0,
        "yolo_detection_count": 0,
        "processing_bounds_lonlat": {
          "west": -39.0539691508765,
          "south": -3.6576131576881488,
          "east": -38.80417753708053,
          "north": -3.405543606336954
        },
        "cfar_count": 0,
        "yolo_count": 0,
        "has_cfar_detection": false,
        "has_yolo_detection": false,
        "has_detection": false
      }
    },
    {
      "type": "Feature",
      "geometry": {
        "type": "Polygon",
        "coordinates": [
          [
            [
              -38.99710305281268,
              -3.4229374223451448
            ],
            [
              -39.03682253845639,
              -3.6018789046744426
            ],
            [
              -39.212297029139194,
              -3.5632785753054392
            ],
            [
              -39.17313465376202,
              -3.384253830037288
            ],
            [
              -38.99710305281268,
              -3.4229374223451448
            ]
          ]
        ]
      },
      "properties": {
        "patch_id": 45,
        "tile_id": 45,
        "patch_number": 46,
        "patch_label": "P046",
        "name": "patch_0046_VV",
        "x_start": 12000,
        "y_start": 6000,
        "valid_x_end": 14000,
        "valid_y_end": 8000,
        "width": 2000,
        "height": 2000,
        "target_width": 2000,
        "target_height": 2000,
        "requires_padding": false,
        "processing_bbox_pixels": {
          "x0": 11840,
          "y0": 5840,
          "x1": 14160,
          "y1": 8160
        },
        "processing_requested_bbox_pixels": {
          "x0": 11840,
          "y0": 5840,
          "x1": 14160,
          "y1": 8160
        },
        "processing_width": 2320,
        "processing_height": 2320,
        "processing_target_width": 2320,
        "processing_target_height": 2320,
        "processing_requires_padding": false,
        "core_bbox_pixels": {
          "x0": 12000,
          "y0": 6000,
          "x1": 14000,
          "y1": 8000
        },
        "requested_bbox_pixels": {
          "x0": 12000,
          "y0": 6000,
          "x1": 14000,
          "y1": 8000
        },
        "halo_pixels": 160,
        "polarization": "VV",
        "display_bounds_lonlat": {
          "west": -39.22958775814489,
          "south": -3.619280327587438,
          "east": -38.97987195506747,
          "north": -3.366817754161466
        },
        "cfar_detection_count": 0,
        "yolo_detection_count": 0,
        "processing_bounds_lonlat": {
          "west": -39.22958775814489,
          "south": -3.619280327587438,
          "east": -38.97987195506747,
          "north": -3.366817754161466
        },
        "cfar_count": 0,
        "yolo_count": 0,
        "has_cfar_detection": false,
        "has_yolo_detection": false,
        "has_detection": false
      }
    },
    {
      "type": "Feature",
      "geometry": {
        "type": "Polygon",
        "coordinates": [
          [
            [
              -39.17322284913199,
              -3.3842344434848206
            ],
            [
              -39.21238488777086,
              -3.5632592435351658
            ],
            [
              -39.388689833932176,
              -3.524436773250925
            ],
            [
              -39.34921103956017,
              -3.345525189317346
            ],
            [
              -39.17322284913199,
              -3.3842344434848206
            ]
          ]
        ]
      },
      "properties": {
        "patch_id": 46,
        "tile_id": 46,
        "patch_number": 47,
        "patch_label": "P047",
        "name": "patch_0047_VV",
        "x_start": 14000,
        "y_start": 6000,
        "valid_x_end": 16000,
        "valid_y_end": 8000,
        "width": 2000,
        "height": 2000,
        "target_width": 2000,
        "target_height": 2000,
        "requires_padding": false,
        "processing_bbox_pixels": {
          "x0": 13840,
          "y0": 5840,
          "x1": 16160,
          "y1": 8160
        },
        "processing_requested_bbox_pixels": {
          "x0": 13840,
          "y0": 5840,
          "x1": 16160,
          "y1": 8160
        },
        "processing_width": 2320,
        "processing_height": 2320,
        "processing_target_width": 2320,
        "processing_target_height": 2320,
        "processing_requires_padding": false,
        "core_bbox_pixels": {
          "x0": 14000,
          "y0": 6000,
          "x1": 16000,
          "y1": 8000
        },
        "requested_bbox_pixels": {
          "x0": 14000,
          "y0": 6000,
          "x1": 16000,
          "y1": 8000
        },
        "halo_pixels": 160,
        "polarization": "VV",
        "display_bounds_lonlat": {
          "west": -39.405976764733765,
          "south": -3.5806647119570725,
          "east": -39.15599840858155,
          "north": -3.3281098050982285
        },
        "cfar_detection_count": 0,
        "yolo_detection_count": 0,
        "processing_bounds_lonlat": {
          "west": -39.405976764733765,
          "south": -3.5806647119570725,
          "east": -39.15599840858155,
          "north": -3.3281098050982285
        },
        "cfar_count": 0,
        "yolo_count": 0,
        "has_cfar_detection": false,
        "has_yolo_detection": false,
        "has_detection": false
      }
    },
    {
      "type": "Feature",
      "geometry": {
        "type": "Polygon",
        "coordinates": [
          [
            [
              -39.34929897661543,
              -3.345505838488801
            ],
            [
              -39.38877807103451,
              -3.5244173343264262
            ],
            [
              -39.564386734514855,
              -3.485716698304059
            ],
            [
              -39.524943225874665,
              -3.306840751639389
            ],
            [
              -39.34929897661543,
              -3.345505838488801
            ]
          ]
        ]
      },
      "properties": {
        "patch_id": 47,
        "tile_id": 47,
        "patch_number": 48,
        "patch_label": "P048",
        "name": "patch_0048_VV",
        "x_start": 16000,
        "y_start": 6000,
        "valid_x_end": 18000,
        "valid_y_end": 8000,
        "width": 2000,
        "height": 2000,
        "target_width": 2000,
        "target_height": 2000,
        "requires_padding": false,
        "processing_bbox_pixels": {
          "x0": 15840,
          "y0": 5840,
          "x1": 18160,
          "y1": 8160
        },
        "processing_requested_bbox_pixels": {
          "x0": 15840,
          "y0": 5840,
          "x1": 18160,
          "y1": 8160
        },
        "processing_width": 2320,
        "processing_height": 2320,
        "processing_target_width": 2320,
        "processing_target_height": 2320,
        "processing_requires_padding": false,
        "core_bbox_pixels": {
          "x0": 16000,
          "y0": 6000,
          "x1": 18000,
          "y1": 8000
        },
        "requested_bbox_pixels": {
          "x0": 16000,
          "y0": 6000,
          "x1": 18000,
          "y1": 8000
        },
        "halo_pixels": 160,
        "polarization": "VV",
        "display_bounds_lonlat": {
          "west": -39.581686950271006,
          "south": -3.5418454588562067,
          "east": -39.33207867549254,
          "north": -3.28941883148054
        },
        "cfar_detection_count": 0,
        "yolo_detection_count": 0,
        "processing_bounds_lonlat": {
          "west": -39.581686950271006,
          "south": -3.5418454588562067,
          "east": -39.33207867549254,
          "north": -3.28941883148054
        },
        "cfar_count": 0,
        "yolo_count": 0,
        "has_cfar_detection": false,
        "has_yolo_detection": false,
        "has_detection": false
      }
    },
    {
      "type": "Feature",
      "geometry": {
        "type": "Polygon",
        "coordinates": [
          [
            [
              -39.525031172341144,
              -3.3068213795842674
            ],
            [
              -39.564474690777324,
              -3.485697301389143
            ],
            [
              -39.740332011385675,
              -3.446903274088101
            ],
            [
              -39.70090725707997,
              -3.268069058079546
            ],
            [
              -39.525031172341144,
              -3.3068213795842674
            ]
          ]
        ]
      },
      "properties": {
        "patch_id": 48,
        "tile_id": 48,
        "patch_number": 49,
        "patch_label": "P049",
        "name": "patch_0049_VV",
        "x_start": 18000,
        "y_start": 6000,
        "valid_x_end": 20000,
        "valid_y_end": 8000,
        "width": 2000,
        "height": 2000,
        "target_width": 2000,
        "target_height": 2000,
        "requires_padding": false,
        "processing_bbox_pixels": {
          "x0": 17840,
          "y0": 5840,
          "x1": 20160,
          "y1": 8160
        },
        "processing_requested_bbox_pixels": {
          "x0": 17840,
          "y0": 5840,
          "x1": 20160,
          "y1": 8160
        },
        "processing_width": 2320,
        "processing_height": 2320,
        "processing_target_width": 2320,
        "processing_target_height": 2320,
        "processing_requires_padding": false,
        "core_bbox_pixels": {
          "x0": 18000,
          "y0": 6000,
          "x1": 20000,
          "y1": 8000
        },
        "requested_bbox_pixels": {
          "x0": 18000,
          "y0": 6000,
          "x1": 20000,
          "y1": 8000
        },
        "halo_pixels": 160,
        "polarization": "VV",
        "display_bounds_lonlat": {
          "west": -39.75757033085155,
          "south": -3.503097986226506,
          "east": -39.50783307925291,
          "north": -3.2506503246627125
        },
        "cfar_detection_count": 0,
        "yolo_detection_count": 0,
        "processing_bounds_lonlat": {
          "west": -39.75757033085155,
          "south": -3.503097986226506,
          "east": -39.50783307925291,
          "north": -3.2506503246627125
        },
        "cfar_count": 0,
        "yolo_count": 0,
        "has_cfar_detection": false,
        "has_yolo_detection": false,
        "has_detection": false
      }
    },
    {
      "type": "Feature",
      "geometry": {
        "type": "Polygon",
        "coordinates": [
          [
            [
              -39.70099525827074,
              -3.2680496613722476
            ],
            [
              -39.74041991436084,
              -3.446883876087494
            ],
            [
              -39.91580663732917,
              -3.4081616479668897
            ],
            [
              -39.876584006364,
              -3.229330000180323
            ],
            [
              -39.70099525827074,
              -3.2680496613722476
            ]
          ]
        ]
      },
      "properties": {
        "patch_id": 49,
        "tile_id": 49,
        "patch_number": 50,
        "patch_label": "P050",
        "name": "patch_0050_VV",
        "x_start": 20000,
        "y_start": 6000,
        "valid_x_end": 22000,
        "valid_y_end": 8000,
        "width": 2000,
        "height": 2000,
        "target_width": 2000,
        "target_height": 2000,
        "requires_padding": false,
        "processing_bbox_pixels": {
          "x0": 19840,
          "y0": 5840,
          "x1": 22160,
          "y1": 8160
        },
        "processing_requested_bbox_pixels": {
          "x0": 19840,
          "y0": 5840,
          "x1": 22160,
          "y1": 8160
        },
        "processing_width": 2320,
        "processing_height": 2320,
        "processing_target_width": 2320,
        "processing_target_height": 2320,
        "processing_requires_padding": false,
        "core_bbox_pixels": {
          "x0": 20000,
          "y0": 6000,
          "x1": 22000,
          "y1": 8000
        },
        "requested_bbox_pixels": {
          "x0": 20000,
          "y0": 6000,
          "x1": 22000,
          "y1": 8000
        },
        "halo_pixels": 160,
        "polarization": "VV",
        "display_bounds_lonlat": {
          "west": -39.932974668837076,
          "south": -3.4642966468157925,
          "east": -39.68376638333115,
          "north": -3.2119141084801237
        },
        "cfar_detection_count": 0,
        "yolo_detection_count": 0,
        "processing_bounds_lonlat": {
          "west": -39.932974668837076,
          "south": -3.4642966468157925,
          "east": -39.68376638333115,
          "north": -3.2119141084801237
        },
        "cfar_count": 0,
        "yolo_count": 0,
        "has_cfar_detection": false,
        "has_yolo_detection": false,
        "has_detection": false
      }
    },
    {
      "type": "Feature",
      "geometry": {
        "type": "Polygon",
        "coordinates": [
          [
            [
              -39.87667182066896,
              -3.229310623793908
            ],
            [
              -39.9158941994816,
              -3.4081423033334093
            ],
            [
              -40.09142238519723,
              -3.3693531210459398
            ],
            [
              -40.05277450817863,
              -3.1904429933087473
            ],
            [
              -39.87667182066896,
              -3.229310623793908
            ]
          ]
        ]
      },
      "properties": {
        "patch_id": 50,
        "tile_id": 50,
        "patch_number": 51,
        "patch_label": "P051",
        "name": "patch_0051_VV",
        "x_start": 22000,
        "y_start": 6000,
        "valid_x_end": 24000,
        "valid_y_end": 8000,
        "width": 2000,
        "height": 2000,
        "target_width": 2000,
        "target_height": 2000,
        "requires_padding": false,
        "processing_bbox_pixels": {
          "x0": 21840,
          "y0": 5840,
          "x1": 24160,
          "y1": 8160
        },
        "processing_requested_bbox_pixels": {
          "x0": 21840,
          "y0": 5840,
          "x1": 24160,
          "y1": 8160
        },
        "processing_width": 2320,
        "processing_height": 2320,
        "processing_target_width": 2320,
        "processing_target_height": 2320,
        "processing_requires_padding": false,
        "core_bbox_pixels": {
          "x0": 22000,
          "y0": 6000,
          "x1": 24000,
          "y1": 8000
        },
        "requested_bbox_pixels": {
          "x0": 22000,
          "y0": 6000,
          "x1": 24000,
          "y1": 8000
        },
        "halo_pixels": 160,
        "polarization": "VV",
        "display_bounds_lonlat": {
          "west": -40.10863367839376,
          "south": -3.4255463322988726,
          "east": -39.8594863301703,
          "north": -3.1729971589463397
        },
        "cfar_detection_count": 0,
        "yolo_detection_count": 0,
        "processing_bounds_lonlat": {
          "west": -40.10863367839376,
          "south": -3.4255463322988726,
          "east": -39.8594863301703,
          "north": -3.1729971589463397
        },
        "cfar_count": 0,
        "yolo_count": 0,
        "has_cfar_detection": false,
        "has_yolo_detection": false,
        "has_detection": false
      }
    },
    {
      "type": "Feature",
      "geometry": {
        "type": "Polygon",
        "coordinates": [
          [
            [
              -40.052862925163595,
              -3.190423472956179
            ],
            [
              -40.091510474475605,
              -3.369333648506025
            ],
            [
              -40.23457150734236,
              -3.337695717873644
            ],
            [
              -40.195403797048485,
              -3.1589429596752114
            ],
            [
              -40.052862925163595,
              -3.190423472956179
            ]
          ]
        ]
      },
      "properties": {
        "patch_id": 51,
        "tile_id": 51,
        "patch_number": 52,
        "patch_label": "P052",
        "name": "patch_0052_VV",
        "x_start": 24000,
        "y_start": 6000,
        "valid_x_end": 25629,
        "valid_y_end": 8000,
        "width": 2000,
        "height": 2000,
        "target_width": 2000,
        "target_height": 2000,
        "requires_padding": true,
        "processing_bbox_pixels": {
          "x0": 23840,
          "y0": 5840,
          "x1": 25629,
          "y1": 8160
        },
        "processing_requested_bbox_pixels": {
          "x0": 23840,
          "y0": 5840,
          "x1": 26160,
          "y1": 8160
        },
        "processing_width": 1789,
        "processing_height": 2320,
        "processing_target_width": 1789,
        "processing_target_height": 2320,
        "processing_requires_padding": false,
        "core_bbox_pixels": {
          "x0": 24000,
          "y0": 6000,
          "x1": 25629,
          "y1": 8000
        },
        "requested_bbox_pixels": {
          "x0": 24000,
          "y0": 6000,
          "x1": 26000,
          "y1": 8000
        },
        "halo_pixels": 160,
        "polarization": "VV",
        "display_bounds_lonlat": {
          "west": -40.23770916939388,
          "south": -3.386763113604342,
          "east": -40.035627933688765,
          "north": -3.1446355356782734
        },
        "cfar_detection_count": 0,
        "yolo_detection_count": 0,
        "processing_bounds_lonlat": {
          "west": -40.23770916939388,
          "south": -3.386763113604342,
          "east": -40.035627933688765,
          "north": -3.1446355356782734
        },
        "cfar_count": 0,
        "yolo_count": 0,
        "has_cfar_detection": false,
        "has_yolo_detection": false,
        "has_detection": false
      }
    },
    {
      "type": "Feature",
      "geometry": {
        "type": "Polygon",
        "coordinates": [
          [
            [
              -37.98000324310306,
              -3.833679558829243
            ],
            [
              -38.01838599870001,
              -4.013122092897845
            ],
            [
              -38.194793317073646,
              -3.974508704603183
            ],
            [
              -38.15590281712913,
              -3.7952071653514534
            ],
            [
              -37.98000324310306,
              -3.833679558829243
            ]
          ]
        ]
      },
      "properties": {
        "patch_id": 52,
        "tile_id": 52,
        "patch_number": 53,
        "patch_label": "P053",
        "name": "patch_0053_VV",
        "x_start": 0,
        "y_start": 8000,
        "valid_x_end": 2000,
        "valid_y_end": 10000,
        "width": 2000,
        "height": 2000,
        "target_width": 2000,
        "target_height": 2000,
        "requires_padding": false,
        "processing_bbox_pixels": {
          "x0": 0,
          "y0": 7840,
          "x1": 2160,
          "y1": 10160
        },
        "processing_requested_bbox_pixels": {
          "x0": -160,
          "y0": 7840,
          "x1": 2160,
          "y1": 10160
        },
        "processing_width": 2160,
        "processing_height": 2320,
        "processing_target_width": 2160,
        "processing_target_height": 2320,
        "processing_requires_padding": false,
        "core_bbox_pixels": {
          "x0": 0,
          "y0": 8000,
          "x1": 2000,
          "y1": 10000
        },
        "requested_bbox_pixels": {
          "x0": 0,
          "y0": 8000,
          "x1": 2000,
          "y1": 10000
        },
        "halo_pixels": 160,
        "polarization": "VV",
        "display_bounds_lonlat": {
          "west": -38.2120546374005,
          "south": -4.027484461909257,
          "east": -37.976931859746266,
          "north": -3.7777687624996847
        },
        "cfar_detection_count": 0,
        "yolo_detection_count": 0,
        "processing_bounds_lonlat": {
          "west": -38.2120546374005,
          "south": -4.027484461909257,
          "east": -37.976931859746266,
          "north": -3.7777687624996847
        },
        "cfar_count": 0,
        "yolo_count": 0,
        "has_cfar_detection": false,
        "has_yolo_detection": false,
        "has_detection": false
      }
    },
    {
      "type": "Feature",
      "geometry": {
        "type": "Polygon",
        "coordinates": [
          [
            [
              -38.15599080849822,
              -3.795187912492193
            ],
            [
              -38.194881327614645,
              -3.974489432642798
            ],
            [
              -38.3707406774963,
              -3.9359595822227718
            ],
            [
              -38.33188339534543,
              -3.7566817217537682
            ],
            [
              -38.15599080849822,
              -3.795187912492193
            ]
          ]
        ]
      },
      "properties": {
        "patch_id": 53,
        "tile_id": 53,
        "patch_number": 54,
        "patch_label": "P054",
        "name": "patch_0054_VV",
        "x_start": 2000,
        "y_start": 8000,
        "valid_x_end": 4000,
        "valid_y_end": 10000,
        "width": 2000,
        "height": 2000,
        "target_width": 2000,
        "target_height": 2000,
        "requires_padding": false,
        "processing_bbox_pixels": {
          "x0": 1840,
          "y0": 7840,
          "x1": 4160,
          "y1": 10160
        },
        "processing_requested_bbox_pixels": {
          "x0": 1840,
          "y0": 7840,
          "x1": 4160,
          "y1": 10160
        },
        "processing_width": 2320,
        "processing_height": 2320,
        "processing_target_width": 2320,
        "processing_target_height": 2320,
        "processing_requires_padding": false,
        "core_bbox_pixels": {
          "x0": 2000,
          "y0": 8000,
          "x1": 4000,
          "y1": 10000
        },
        "requested_bbox_pixels": {
          "x0": 2000,
          "y0": 8000,
          "x1": 4000,
          "y1": 10000
        },
        "halo_pixels": 160,
        "polarization": "VV",
        "display_bounds_lonlat": {
          "west": -38.38797651995675,
          "south": -3.9919095620289347,
          "east": -38.13883231257588,
          "north": -3.739243194790169
        },
        "cfar_detection_count": 0,
        "yolo_detection_count": 0,
        "processing_bounds_lonlat": {
          "west": -38.38797651995675,
          "south": -3.9919095620289347,
          "east": -38.13883231257588,
          "north": -3.739243194790169
        },
        "cfar_count": 0,
        "yolo_count": 0,
        "has_cfar_detection": false,
        "has_yolo_detection": false,
        "has_detection": false
      }
    },
    {
      "type": "Feature",
      "geometry": {
        "type": "Polygon",
        "coordinates": [
          [
            [
              -38.33197144601149,
              -3.756662430640869
            ],
            [
              -38.37082877984451,
              -3.935940263902172
            ],
            [
              -38.54797356426497,
              -3.897085095271116
            ],
            [
              -38.50823413735684,
              -3.7180342625104164
            ],
            [
              -38.33197144601149,
              -3.756662430640869
            ]
          ]
        ]
      },
      "properties": {
        "patch_id": 54,
        "tile_id": 54,
        "patch_number": 55,
        "patch_label": "P055",
        "name": "patch_0055_VV",
        "x_start": 4000,
        "y_start": 8000,
        "valid_x_end": 6000,
        "valid_y_end": 10000,
        "width": 2000,
        "height": 2000,
        "target_width": 2000,
        "target_height": 2000,
        "requires_padding": false,
        "processing_bbox_pixels": {
          "x0": 3840,
          "y0": 7840,
          "x1": 6160,
          "y1": 10160
        },
        "processing_requested_bbox_pixels": {
          "x0": 3840,
          "y0": 7840,
          "x1": 6160,
          "y1": 10160
        },
        "processing_width": 2320,
        "processing_height": 2320,
        "processing_target_width": 2320,
        "processing_target_height": 2320,
        "processing_requires_padding": false,
        "core_bbox_pixels": {
          "x0": 4000,
          "y0": 8000,
          "x1": 6000,
          "y1": 10000
        },
        "requested_bbox_pixels": {
          "x0": 4000,
          "y0": 8000,
          "x1": 6000,
          "y1": 10000
        },
        "halo_pixels": 160,
        "polarization": "VV",
        "display_bounds_lonlat": {
          "west": -38.56534271532697,
          "south": -3.953371224364675,
          "east": -38.31479517108447,
          "north": -3.700618907820152
        },
        "cfar_detection_count": 0,
        "yolo_detection_count": 0,
        "processing_bounds_lonlat": {
          "west": -38.56534271532697,
          "south": -3.953371224364675,
          "east": -38.31479517108447,
          "north": -3.700618907820152
        },
        "cfar_count": 0,
        "yolo_count": 0,
        "has_cfar_detection": false,
        "has_yolo_detection": false,
        "has_detection": false
      }
    },
    {
      "type": "Feature",
      "geometry": {
        "type": "Polygon",
        "coordinates": [
          [
            [
              -38.508322473662375,
              -3.7180148966485254
            ],
            [
              -38.54806284463346,
              -3.897065504410408
            ],
            [
              -38.72814290760202,
              -3.857522542075621
            ],
            [
              -38.68587865691352,
              -3.6790642369389053
            ],
            [
              -38.508322473662375,
              -3.7180148966485254
            ]
          ]
        ]
      },
      "properties": {
        "patch_id": 55,
        "tile_id": 55,
        "patch_number": 56,
        "patch_label": "P056",
        "name": "patch_0056_VV",
        "x_start": 6000,
        "y_start": 8000,
        "valid_x_end": 8000,
        "valid_y_end": 10000,
        "width": 2000,
        "height": 2000,
        "target_width": 2000,
        "target_height": 2000,
        "requires_padding": false,
        "processing_bbox_pixels": {
          "x0": 5840,
          "y0": 7840,
          "x1": 8160,
          "y1": 10160
        },
        "processing_requested_bbox_pixels": {
          "x0": 5840,
          "y0": 7840,
          "x1": 8160,
          "y1": 10160
        },
        "processing_width": 2320,
        "processing_height": 2320,
        "processing_target_width": 2320,
        "processing_target_height": 2320,
        "processing_requires_padding": false,
        "core_bbox_pixels": {
          "x0": 6000,
          "y0": 8000,
          "x1": 8000,
          "y1": 10000
        },
        "requested_bbox_pixels": {
          "x0": 6000,
          "y0": 8000,
          "x1": 8000,
          "y1": 10000
        },
        "halo_pixels": 160,
        "polarization": "VV",
        "display_bounds_lonlat": {
          "west": -38.745409953604856,
          "south": -3.914552226000543,
          "east": -38.49098144410362,
          "north": -3.661642623392239
        },
        "cfar_detection_count": 1,
        "yolo_detection_count": 0,
        "processing_bounds_lonlat": {
          "west": -38.745409953604856,
          "south": -3.914552226000543,
          "east": -38.49098144410362,
          "north": -3.661642623392239
        },
        "cfar_count": 1,
        "yolo_count": 0,
        "has_cfar_detection": true,
        "has_yolo_detection": false,
        "has_detection": true
      }
    },
    {
      "type": "Feature",
      "geometry": {
        "type": "Polygon",
        "coordinates": [
          [
            [
              -38.6859686975197,
              -3.6790444703230416
            ],
            [
              -38.72823149907127,
              -3.857503077235256
            ],
            [
              -38.902191899127075,
              -3.8192735606634423
            ],
            [
              -38.86203635998468,
              -3.64038572095318
            ],
            [
              -38.6859686975197,
              -3.6790444703230416
            ]
          ]
        ]
      },
      "properties": {
        "patch_id": 56,
        "tile_id": 56,
        "patch_number": 57,
        "patch_label": "P057",
        "name": "patch_0057_VV",
        "x_start": 8000,
        "y_start": 8000,
        "valid_x_end": 10000,
        "valid_y_end": 10000,
        "width": 2000,
        "height": 2000,
        "target_width": 2000,
        "target_height": 2000,
        "requires_padding": false,
        "processing_bbox_pixels": {
          "x0": 7840,
          "y0": 7840,
          "x1": 10160,
          "y1": 10160
        },
        "processing_requested_bbox_pixels": {
          "x0": 7840,
          "y0": 7840,
          "x1": 10160,
          "y1": 10160
        },
        "processing_width": 2320,
        "processing_height": 2320,
        "processing_target_width": 2320,
        "processing_target_height": 2320,
        "processing_requires_padding": false,
        "core_bbox_pixels": {
          "x0": 8000,
          "y0": 8000,
          "x1": 10000,
          "y1": 10000
        },
        "requested_bbox_pixels": {
          "x0": 8000,
          "y0": 8000,
          "x1": 10000,
          "y1": 10000
        },
        "halo_pixels": 160,
        "polarization": "VV",
        "display_bounds_lonlat": {
          "west": -38.91902918182956,
          "south": -3.8749627977661385,
          "east": -38.668020662621466,
          "north": -3.6230420676638504
        },
        "cfar_detection_count": 0,
        "yolo_detection_count": 0,
        "processing_bounds_lonlat": {
          "west": -38.91902918182956,
          "south": -3.8749627977661385,
          "east": -38.668020662621466,
          "north": -3.6230420676638504
        },
        "cfar_count": 0,
        "yolo_count": 0,
        "has_cfar_detection": false,
        "has_yolo_detection": false,
        "has_detection": false
      }
    },
    {
      "type": "Feature",
      "geometry": {
        "type": "Polygon",
        "coordinates": [
          [
            [
              -38.86212258527185,
              -3.640366785489883
            ],
            [
              -38.90227744306988,
              -3.819254757756579
            ],
            [
              -39.07638182114585,
              -3.7809540036017486
            ],
            [
              -39.036754912815596,
              -3.6019876613380206
            ],
            [
              -38.86212258527185,
              -3.640366785489883
            ]
          ]
        ]
      },
      "properties": {
        "patch_id": 57,
        "tile_id": 57,
        "patch_number": 58,
        "patch_label": "P058",
        "name": "patch_0058_VV",
        "x_start": 10000,
        "y_start": 8000,
        "valid_x_end": 12000,
        "valid_y_end": 10000,
        "width": 2000,
        "height": 2000,
        "target_width": 2000,
        "target_height": 2000,
        "requires_padding": false,
        "processing_bbox_pixels": {
          "x0": 9840,
          "y0": 7840,
          "x1": 12160,
          "y1": 10160
        },
        "processing_requested_bbox_pixels": {
          "x0": 9840,
          "y0": 7840,
          "x1": 12160,
          "y1": 10160
        },
        "processing_width": 2320,
        "processing_height": 2320,
        "processing_target_width": 2320,
        "processing_target_height": 2320,
        "processing_requires_padding": false,
        "core_bbox_pixels": {
          "x0": 10000,
          "y0": 8000,
          "x1": 12000,
          "y1": 10000
        },
        "requested_bbox_pixels": {
          "x0": 10000,
          "y0": 8000,
          "x1": 12000,
          "y1": 10000
        },
        "halo_pixels": 160,
        "polarization": "VV",
        "display_bounds_lonlat": {
          "west": -39.09350864325883,
          "south": -3.8366015484225406,
          "east": -38.84505734237334,
          "north": -3.584586951906076
        },
        "cfar_detection_count": 0,
        "yolo_detection_count": 0,
        "processing_bounds_lonlat": {
          "west": -39.09350864325883,
          "south": -3.8366015484225406,
          "east": -38.84505734237334,
          "north": -3.584586951906076
        },
        "cfar_count": 0,
        "yolo_count": 0,
        "has_cfar_detection": false,
        "has_yolo_detection": false,
        "has_detection": false
      }
    },
    {
      "type": "Feature",
      "geometry": {
        "type": "Polygon",
        "coordinates": [
          [
            [
              -39.036842581168756,
              -3.601968383393489
            ],
            [
              -39.07646950427831,
              -3.780934703138911
            ],
            [
              -39.25216781622894,
              -3.742245344167154
            ],
            [
              -39.21231711219107,
              -3.5633680254041096
            ],
            [
              -39.036842581168756,
              -3.601968383393489
            ]
          ]
        ]
      },
      "properties": {
        "patch_id": 58,
        "tile_id": 58,
        "patch_number": 59,
        "patch_label": "P059",
        "name": "patch_0059_VV",
        "x_start": 12000,
        "y_start": 8000,
        "valid_x_end": 14000,
        "valid_y_end": 10000,
        "width": 2000,
        "height": 2000,
        "target_width": 2000,
        "target_height": 2000,
        "requires_padding": false,
        "processing_bbox_pixels": {
          "x0": 11840,
          "y0": 7840,
          "x1": 14160,
          "y1": 10160
        },
        "processing_requested_bbox_pixels": {
          "x0": 11840,
          "y0": 7840,
          "x1": 14160,
          "y1": 10160
        },
        "processing_width": 2320,
        "processing_height": 2320,
        "processing_target_width": 2320,
        "processing_target_height": 2320,
        "processing_requires_padding": false,
        "core_bbox_pixels": {
          "x0": 12000,
          "y0": 8000,
          "x1": 14000,
          "y1": 10000
        },
        "requested_bbox_pixels": {
          "x0": 12000,
          "y0": 8000,
          "x1": 14000,
          "y1": 10000
        },
        "halo_pixels": 160,
        "polarization": "VV",
        "display_bounds_lonlat": {
          "west": -39.26942248229207,
          "south": -3.798363926461899,
          "east": -39.019609320855196,
          "north": -3.545957417770734
        },
        "cfar_detection_count": 0,
        "yolo_detection_count": 0,
        "processing_bounds_lonlat": {
          "west": -39.26942248229207,
          "south": -3.798363926461899,
          "east": -39.019609320855196,
          "north": -3.545957417770734
        },
        "cfar_count": 0,
        "yolo_count": 0,
        "has_cfar_detection": false,
        "has_yolo_detection": false,
        "has_detection": false
      }
    },
    {
      "type": "Feature",
      "geometry": {
        "type": "Polygon",
        "coordinates": [
          [
            [
              -39.212404970843025,
              -3.563348693619316
            ],
            [
              -39.252255853706465,
              -3.7422259527129658
            ],
            [
              -39.428399973547734,
              -3.7033966844308157
            ],
            [
              -39.38870965098245,
              -3.5245262607846946
            ],
            [
              -39.212404970843025,
              -3.563348693619316
            ]
          ]
        ]
      },
      "properties": {
        "patch_id": 59,
        "tile_id": 59,
        "patch_number": 60,
        "patch_label": "P060",
        "name": "patch_0060_VV",
        "x_start": 14000,
        "y_start": 8000,
        "valid_x_end": 16000,
        "valid_y_end": 10000,
        "width": 2000,
        "height": 2000,
        "target_width": 2000,
        "target_height": 2000,
        "requires_padding": false,
        "processing_bbox_pixels": {
          "x0": 13840,
          "y0": 7840,
          "x1": 16160,
          "y1": 10160
        },
        "processing_requested_bbox_pixels": {
          "x0": 13840,
          "y0": 7840,
          "x1": 16160,
          "y1": 10160
        },
        "processing_width": 2320,
        "processing_height": 2320,
        "processing_target_width": 2320,
        "processing_target_height": 2320,
        "processing_requires_padding": false,
        "core_bbox_pixels": {
          "x0": 14000,
          "y0": 8000,
          "x1": 16000,
          "y1": 10000
        },
        "requested_bbox_pixels": {
          "x0": 14000,
          "y0": 8000,
          "x1": 16000,
          "y1": 10000
        },
        "halo_pixels": 160,
        "polarization": "VV",
        "display_bounds_lonlat": {
          "west": -39.44559589547412,
          "south": -3.7596587037653544,
          "east": -39.19513479389121,
          "north": -3.5070979186684954
        },
        "cfar_detection_count": 0,
        "yolo_detection_count": 0,
        "processing_bounds_lonlat": {
          "west": -39.44559589547412,
          "south": -3.7596587037653544,
          "east": -39.19513479389121,
          "north": -3.5070979186684954
        },
        "cfar_count": 0,
        "yolo_count": 0,
        "has_cfar_detection": false,
        "has_yolo_detection": false,
        "has_detection": false
      }
    },
    {
      "type": "Feature",
      "geometry": {
        "type": "Polygon",
        "coordinates": [
          [
            [
              -39.38879788801708,
              -3.5245068218644726
            ],
            [
              -39.428487633522934,
              -3.7033773524013194
            ],
            [
              -39.60425882755442,
              -3.664597016479314
            ],
            [
              -39.564406872854235,
              -3.4858060927660417
            ],
            [
              -39.38879788801708,
              -3.5245068218644726
            ]
          ]
        ]
      },
      "properties": {
        "patch_id": 60,
        "tile_id": 60,
        "patch_number": 61,
        "patch_label": "P061",
        "name": "patch_0061_VV",
        "x_start": 16000,
        "y_start": 8000,
        "valid_x_end": 18000,
        "valid_y_end": 10000,
        "width": 2000,
        "height": 2000,
        "target_width": 2000,
        "target_height": 2000,
        "requires_padding": false,
        "processing_bbox_pixels": {
          "x0": 15840,
          "y0": 7840,
          "x1": 18160,
          "y1": 10160
        },
        "processing_requested_bbox_pixels": {
          "x0": 15840,
          "y0": 7840,
          "x1": 18160,
          "y1": 10160
        },
        "processing_width": 2320,
        "processing_height": 2320,
        "processing_target_width": 2320,
        "processing_target_height": 2320,
        "processing_requires_padding": false,
        "core_bbox_pixels": {
          "x0": 16000,
          "y0": 8000,
          "x1": 18000,
          "y1": 10000
        },
        "requested_bbox_pixels": {
          "x0": 16000,
          "y0": 8000,
          "x1": 18000,
          "y1": 10000
        },
        "halo_pixels": 160,
        "polarization": "VV",
        "display_bounds_lonlat": {
          "west": -39.62142876950146,
          "south": -3.720780730610809,
          "east": -39.3715075129378,
          "north": -3.468396713571167
        },
        "cfar_detection_count": 0,
        "yolo_detection_count": 0,
        "processing_bounds_lonlat": {
          "west": -39.62142876950146,
          "south": -3.720780730610809,
          "east": -39.3715075129378,
          "north": -3.468396713571167
        },
        "cfar_count": 0,
        "yolo_count": 0,
        "has_cfar_detection": false,
        "has_yolo_detection": false,
        "has_detection": false
      }
    },
    {
      "type": "Feature",
      "geometry": {
        "type": "Polygon",
        "coordinates": [
          [
            [
              -39.56449482903661,
              -3.485786695857837
            ],
            [
              -39.604346671637465,
              -3.664577622208931
            ],
            [
              -39.77982084557637,
              -3.6258232603645686
            ],
            [
              -39.740351867806396,
              -3.446992708418807
            ],
            [
              -39.56449482903661,
              -3.485786695857837
            ]
          ]
        ]
      },
      "properties": {
        "patch_id": 61,
        "tile_id": 61,
        "patch_number": 62,
        "patch_label": "P062",
        "name": "patch_0062_VV",
        "x_start": 18000,
        "y_start": 8000,
        "valid_x_end": 20000,
        "valid_y_end": 10000,
        "width": 2000,
        "height": 2000,
        "target_width": 2000,
        "target_height": 2000,
        "requires_padding": false,
        "processing_bbox_pixels": {
          "x0": 17840,
          "y0": 7840,
          "x1": 20160,
          "y1": 10160
        },
        "processing_requested_bbox_pixels": {
          "x0": 17840,
          "y0": 7840,
          "x1": 20160,
          "y1": 10160
        },
        "processing_width": 2320,
        "processing_height": 2320,
        "processing_target_width": 2320,
        "processing_target_height": 2320,
        "processing_requires_padding": false,
        "core_bbox_pixels": {
          "x0": 18000,
          "y0": 8000,
          "x1": 20000,
          "y1": 10000
        },
        "requested_bbox_pixels": {
          "x0": 18000,
          "y0": 8000,
          "x1": 20000,
          "y1": 10000
        },
        "halo_pixels": 160,
        "polarization": "VV",
        "display_bounds_lonlat": {
          "west": -39.796983108736946,
          "south": -3.682010508473935,
          "east": -39.54723008465498,
          "north": -3.4295791331267704
        },
        "cfar_detection_count": 0,
        "yolo_detection_count": 0,
        "processing_bounds_lonlat": {
          "west": -39.796983108736946,
          "south": -3.682010508473935,
          "east": -39.54723008465498,
          "north": -3.4295791331267704
        },
        "cfar_count": 0,
        "yolo_count": 0,
        "has_cfar_detection": false,
        "has_yolo_detection": false,
        "has_detection": false
      }
    },
    {
      "type": "Feature",
      "geometry": {
        "type": "Polygon",
        "coordinates": [
          [
            [
              -39.74043977065731,
              -3.4469733104340126
            ],
            [
              -39.779908596713526,
              -3.6258038727059505
            ],
            [
              -39.95523986432708,
              -3.58704638250857
            ],
            [
              -39.915826393349434,
              -3.4082510806175677
            ],
            [
              -39.74043977065731,
              -3.4469733104340126
            ]
          ]
        ]
      },
      "properties": {
        "patch_id": 62,
        "tile_id": 62,
        "patch_number": 63,
        "patch_label": "P063",
        "name": "patch_0063_VV",
        "x_start": 20000,
        "y_start": 8000,
        "valid_x_end": 22000,
        "valid_y_end": 10000,
        "width": 2000,
        "height": 2000,
        "target_width": 2000,
        "target_height": 2000,
        "requires_padding": false,
        "processing_bbox_pixels": {
          "x0": 19840,
          "y0": 7840,
          "x1": 22160,
          "y1": 10160
        },
        "processing_requested_bbox_pixels": {
          "x0": 19840,
          "y0": 7840,
          "x1": 22160,
          "y1": 10160
        },
        "processing_width": 2320,
        "processing_height": 2320,
        "processing_target_width": 2320,
        "processing_target_height": 2320,
        "processing_requires_padding": false,
        "core_bbox_pixels": {
          "x0": 20000,
          "y0": 8000,
          "x1": 22000,
          "y1": 10000
        },
        "requested_bbox_pixels": {
          "x0": 20000,
          "y0": 8000,
          "x1": 22000,
          "y1": 10000
        },
        "halo_pixels": 160,
        "polarization": "VV",
        "display_bounds_lonlat": {
          "west": -39.97238260490719,
          "south": -3.643228568130973,
          "east": -39.72319512802186,
          "north": -3.390846378652249
        },
        "cfar_detection_count": 0,
        "yolo_detection_count": 0,
        "processing_bounds_lonlat": {
          "west": -39.97238260490719,
          "south": -3.643228568130973,
          "east": -39.72319512802186,
          "north": -3.390846378652249
        },
        "cfar_count": 0,
        "yolo_count": 0,
        "has_cfar_detection": false,
        "has_yolo_detection": false,
        "has_detection": false
      }
    },
    {
      "type": "Feature",
      "geometry": {
        "type": "Polygon",
        "coordinates": [
          [
            [
              -39.915913955389954,
              -3.408231735997314
            ],
            [
              -39.95532735328755,
              -3.5870270303521066
            ],
            [
              -40.13046628907854,
              -3.5482760184562347
            ],
            [
              -40.0914418892242,
              -3.3694425857147916
            ],
            [
              -39.915913955389954,
              -3.408231735997314
            ]
          ]
        ]
      },
      "properties": {
        "patch_id": 63,
        "tile_id": 63,
        "patch_number": 64,
        "patch_label": "P064",
        "name": "patch_0064_VV",
        "x_start": 22000,
        "y_start": 8000,
        "valid_x_end": 24000,
        "valid_y_end": 10000,
        "width": 2000,
        "height": 2000,
        "target_width": 2000,
        "target_height": 2000,
        "requires_padding": false,
        "processing_bbox_pixels": {
          "x0": 21840,
          "y0": 7840,
          "x1": 24160,
          "y1": 10160
        },
        "processing_requested_bbox_pixels": {
          "x0": 21840,
          "y0": 7840,
          "x1": 24160,
          "y1": 10160
        },
        "processing_width": 2320,
        "processing_height": 2320,
        "processing_target_width": 2320,
        "processing_target_height": 2320,
        "processing_requires_padding": false,
        "core_bbox_pixels": {
          "x0": 22000,
          "y0": 8000,
          "x1": 24000,
          "y1": 10000
        },
        "requested_bbox_pixels": {
          "x0": 22000,
          "y0": 8000,
          "x1": 24000,
          "y1": 10000
        },
        "halo_pixels": 160,
        "polarization": "VV",
        "display_bounds_lonlat": {
          "west": -40.147631116418246,
          "south": -3.6044384274779513,
          "east": -39.89874023427421,
          "north": -3.3520121440076602
        },
        "cfar_detection_count": 0,
        "yolo_detection_count": 0,
        "processing_bounds_lonlat": {
          "west": -40.147631116418246,
          "south": -3.6044384274779513,
          "east": -39.89874023427421,
          "north": -3.3520121440076602
        },
        "cfar_count": 0,
        "yolo_count": 0,
        "has_cfar_detection": false,
        "has_yolo_detection": false,
        "has_detection": false
      }
    },
    {
      "type": "Feature",
      "geometry": {
        "type": "Polygon",
        "coordinates": [
          [
            [
              -40.09152997836045,
              -3.3694231131940704
            ],
            [
              -40.13055404461261,
              -3.548256595459869
            ],
            [
              -40.27366821060733,
              -3.5165653192067534
            ],
            [
              -40.2345911177305,
              -3.337785138069945
            ],
            [
              -40.09152997836045,
              -3.3694231131940704
            ]
          ]
        ]
      },
      "properties": {
        "patch_id": 64,
        "tile_id": 64,
        "patch_number": 65,
        "patch_label": "P065",
        "name": "patch_0065_VV",
        "x_start": 24000,
        "y_start": 8000,
        "valid_x_end": 25629,
        "valid_y_end": 10000,
        "width": 2000,
        "height": 2000,
        "target_width": 2000,
        "target_height": 2000,
        "requires_padding": true,
        "processing_bbox_pixels": {
          "x0": 23840,
          "y0": 7840,
          "x1": 25629,
          "y1": 10160
        },
        "processing_requested_bbox_pixels": {
          "x0": 23840,
          "y0": 7840,
          "x1": 26160,
          "y1": 10160
        },
        "processing_width": 1789,
        "processing_height": 2320,
        "processing_target_width": 1789,
        "processing_target_height": 2320,
        "processing_requires_padding": false,
        "core_bbox_pixels": {
          "x0": 24000,
          "y0": 8000,
          "x1": 25629,
          "y1": 10000
        },
        "requested_bbox_pixels": {
          "x0": 24000,
          "y0": 8000,
          "x1": 26000,
          "y1": 10000
        },
        "halo_pixels": 160,
        "polarization": "VV",
        "display_bounds_lonlat": {
          "west": -40.27677507666605,
          "south": -3.5656760948012844,
          "east": -40.07431145079663,
          "north": -3.323477906661812
        },
        "cfar_detection_count": 0,
        "yolo_detection_count": 0,
        "processing_bounds_lonlat": {
          "west": -40.27677507666605,
          "south": -3.5656760948012844,
          "east": -40.07431145079663,
          "north": -3.323477906661812
        },
        "cfar_count": 0,
        "yolo_count": 0,
        "has_cfar_detection": false,
        "has_yolo_detection": false,
        "has_detection": false
      }
    },
    {
      "type": "Feature",
      "geometry": {
        "type": "Polygon",
        "coordinates": [
          [
            [
              -38.01840520983294,
              -4.013211857704167
            ],
            [
              -38.057068901564534,
              -4.192595945833479
            ],
            [
              -38.23434562795494,
              -4.153762530193939
            ],
            [
              -38.19481319472647,
              -3.9745983083249574
            ],
            [
              -38.01840520983294,
              -4.013211857704167
            ]
          ]
        ]
      },
      "properties": {
        "patch_id": 65,
        "tile_id": 65,
        "patch_number": 66,
        "patch_label": "P066",
        "name": "patch_0066_VV",
        "x_start": 0,
        "y_start": 10000,
        "valid_x_end": 2000,
        "valid_y_end": 12000,
        "width": 2000,
        "height": 2000,
        "target_width": 2000,
        "target_height": 2000,
        "requires_padding": false,
        "processing_bbox_pixels": {
          "x0": 0,
          "y0": 9840,
          "x1": 2160,
          "y1": 12160
        },
        "processing_requested_bbox_pixels": {
          "x0": -160,
          "y0": 9840,
          "x1": 2160,
          "y1": 12160
        },
        "processing_width": 2160,
        "processing_height": 2320,
        "processing_target_width": 2160,
        "processing_target_height": 2320,
        "processing_requires_padding": false,
        "core_bbox_pixels": {
          "x0": 0,
          "y0": 10000,
          "x1": 2000,
          "y1": 12000
        },
        "requested_bbox_pixels": {
          "x0": 0,
          "y0": 10000,
          "x1": 2000,
          "y1": 12000
        },
        "halo_pixels": 160,
        "polarization": "VV",
        "display_bounds_lonlat": {
          "west": -38.25155354684007,
          "south": -4.2069467858079035,
          "east": -38.01533142858467,
          "north": -3.9571782194200136
        },
        "cfar_detection_count": 1,
        "yolo_detection_count": 0,
        "processing_bounds_lonlat": {
          "west": -38.25155354684007,
          "south": -4.2069467858079035,
          "east": -38.01533142858467,
          "north": -3.9571782194200136
        },
        "cfar_count": 1,
        "yolo_count": 0,
        "has_cfar_detection": true,
        "has_yolo_detection": false,
        "has_detection": true
      }
    },
    {
      "type": "Feature",
      "geometry": {
        "type": "Polygon",
        "coordinates": [
          [
            [
              -38.19490120523652,
              -3.9745790363637767
            ],
            [
              -38.234433568693554,
              -4.153743258335426
            ],
            [
              -38.409867473771385,
              -4.115276616442882
            ],
            [
              -38.37076034410644,
              -3.9360492172236476
            ],
            [
              -38.19490120523652,
              -3.9745790363637767
            ]
          ]
        ]
      },
      "properties": {
        "patch_id": 66,
        "tile_id": 66,
        "patch_number": 67,
        "patch_label": "P067",
        "name": "patch_0067_VV",
        "x_start": 2000,
        "y_start": 10000,
        "valid_x_end": 4000,
        "valid_y_end": 12000,
        "width": 2000,
        "height": 2000,
        "target_width": 2000,
        "target_height": 2000,
        "requires_padding": false,
        "processing_bbox_pixels": {
          "x0": 1840,
          "y0": 9840,
          "x1": 4160,
          "y1": 12160
        },
        "processing_requested_bbox_pixels": {
          "x0": 1840,
          "y0": 9840,
          "x1": 4160,
          "y1": 12160
        },
        "processing_width": 2320,
        "processing_height": 2320,
        "processing_target_width": 2320,
        "processing_target_height": 2320,
        "processing_requires_padding": false,
        "core_bbox_pixels": {
          "x0": 2000,
          "y0": 10000,
          "x1": 4000,
          "y1": 12000
        },
        "requested_bbox_pixels": {
          "x0": 2000,
          "y0": 10000,
          "x1": 4000,
          "y1": 12000
        },
        "halo_pixels": 160,
        "polarization": "VV",
        "display_bounds_lonlat": {
          "west": -38.42700198965068,
          "south": -4.171172905844347,
          "east": -38.177638309593135,
          "north": -3.9186153195471753
        },
        "cfar_detection_count": 0,
        "yolo_detection_count": 0,
        "processing_bounds_lonlat": {
          "west": -38.42700198965068,
          "south": -4.171172905844347,
          "east": -38.177638309593135,
          "north": -3.9186153195471753
        },
        "cfar_count": 0,
        "yolo_count": 0,
        "has_cfar_detection": false,
        "has_yolo_detection": false,
        "has_detection": false
      }
    },
    {
      "type": "Feature",
      "geometry": {
        "type": "Polygon",
        "coordinates": [
          [
            [
              -38.370848446173326,
              -3.9360298989567526
            ],
            [
              -38.409955175975405,
              -4.115257370283545
            ],
            [
              -38.58640476990806,
              -4.0765233835488965
            ],
            [
              -38.547992852305654,
              -3.897174797669571
            ],
            [
              -38.370848446173326,
              -3.9360298989567526
            ]
          ]
        ]
      },
      "properties": {
        "patch_id": 67,
        "tile_id": 67,
        "patch_number": 68,
        "patch_label": "P068",
        "name": "patch_0068_VV",
        "x_start": 4000,
        "y_start": 10000,
        "valid_x_end": 6000,
        "valid_y_end": 12000,
        "width": 2000,
        "height": 2000,
        "target_width": 2000,
        "target_height": 2000,
        "requires_padding": false,
        "processing_bbox_pixels": {
          "x0": 3840,
          "y0": 9840,
          "x1": 6160,
          "y1": 12160
        },
        "processing_requested_bbox_pixels": {
          "x0": 3840,
          "y0": 9840,
          "x1": 6160,
          "y1": 12160
        },
        "processing_width": 2320,
        "processing_height": 2320,
        "processing_target_width": 2320,
        "processing_target_height": 2320,
        "processing_requires_padding": false,
        "core_bbox_pixels": {
          "x0": 4000,
          "y0": 10000,
          "x1": 6000,
          "y1": 12000
        },
        "requested_bbox_pixels": {
          "x0": 4000,
          "y0": 10000,
          "x1": 6000,
          "y1": 12000
        },
        "halo_pixels": 160,
        "polarization": "VV",
        "display_bounds_lonlat": {
          "west": -38.60369452534484,
          "south": -4.132687781996519,
          "east": -38.353599198674516,
          "north": -3.879687676327641
        },
        "cfar_detection_count": 0,
        "yolo_detection_count": 0,
        "processing_bounds_lonlat": {
          "west": -38.60369452534484,
          "south": -4.132687781996519,
          "east": -38.353599198674516,
          "north": -3.879687676327641
        },
        "cfar_count": 0,
        "yolo_count": 0,
        "has_cfar_detection": false,
        "has_yolo_detection": false,
        "has_detection": false
      }
    },
    {
      "type": "Feature",
      "geometry": {
        "type": "Polygon",
        "coordinates": [
          [
            [
              -38.54808213260378,
              -3.89715520681672
            ],
            [
              -38.586493770101896,
              -4.076503838416007
            ],
            [
              -38.766436937691935,
              -4.036956776435866
            ],
            [
              -38.72816227950424,
              -3.857612208774569
            ],
            [
              -38.54808213260378,
              -3.89715520681672
            ]
          ]
        ]
      },
      "properties": {
        "patch_id": 68,
        "tile_id": 68,
        "patch_number": 69,
        "patch_label": "P069",
        "name": "patch_0069_VV",
        "x_start": 6000,
        "y_start": 10000,
        "valid_x_end": 8000,
        "valid_y_end": 12000,
        "width": 2000,
        "height": 2000,
        "target_width": 2000,
        "target_height": 2000,
        "requires_padding": false,
        "processing_bbox_pixels": {
          "x0": 5840,
          "y0": 9840,
          "x1": 8160,
          "y1": 12160
        },
        "processing_requested_bbox_pixels": {
          "x0": 5840,
          "y0": 9840,
          "x1": 8160,
          "y1": 12160
        },
        "processing_width": 2320,
        "processing_height": 2320,
        "processing_target_width": 2320,
        "processing_target_height": 2320,
        "processing_requires_padding": false,
        "core_bbox_pixels": {
          "x0": 6000,
          "y0": 10000,
          "x1": 8000,
          "y1": 12000
        },
        "requested_bbox_pixels": {
          "x0": 6000,
          "y0": 10000,
          "x1": 8000,
          "y1": 12000
        },
        "halo_pixels": 160,
        "polarization": "VV",
        "display_bounds_lonlat": {
          "west": -38.783640511185894,
          "south": -4.093989181597605,
          "east": -38.53070939865395,
          "north": -3.8401498367254576
        },
        "cfar_detection_count": 0,
        "yolo_detection_count": 0,
        "processing_bounds_lonlat": {
          "west": -38.783640511185894,
          "south": -4.093989181597605,
          "east": -38.53070939865395,
          "north": -3.8401498367254576
        },
        "cfar_count": 0,
        "yolo_count": 0,
        "has_cfar_detection": false,
        "has_yolo_detection": false,
        "has_detection": false
      }
    },
    {
      "type": "Feature",
      "geometry": {
        "type": "Polygon",
        "coordinates": [
          [
            [
              -38.728250870696556,
              -3.8575927439863165
            ],
            [
              -38.76652558717226,
              -4.036937280680522
            ],
            [
              -38.94144473340451,
              -3.998459245593672
            ],
            [
              -38.90221150928111,
              -3.8193631563966246
            ],
            [
              -38.728250870696556,
              -3.8575927439863165
            ]
          ]
        ]
      },
      "properties": {
        "patch_id": 69,
        "tile_id": 69,
        "patch_number": 70,
        "patch_label": "P070",
        "name": "patch_0070_VV",
        "x_start": 8000,
        "y_start": 10000,
        "valid_x_end": 10000,
        "valid_y_end": 12000,
        "width": 2000,
        "height": 2000,
        "target_width": 2000,
        "target_height": 2000,
        "requires_padding": false,
        "processing_bbox_pixels": {
          "x0": 7840,
          "y0": 9840,
          "x1": 10160,
          "y1": 12160
        },
        "processing_requested_bbox_pixels": {
          "x0": 7840,
          "y0": 9840,
          "x1": 10160,
          "y1": 12160
        },
        "processing_width": 2320,
        "processing_height": 2320,
        "processing_target_width": 2320,
        "processing_target_height": 2320,
        "processing_requires_padding": false,
        "core_bbox_pixels": {
          "x0": 8000,
          "y0": 10000,
          "x1": 10000,
          "y1": 12000
        },
        "requested_bbox_pixels": {
          "x0": 8000,
          "y0": 10000,
          "x1": 10000,
          "y1": 12000
        },
        "halo_pixels": 160,
        "polarization": "VV",
        "display_bounds_lonlat": {
          "west": -38.958425540792945,
          "south": -4.054427239656048,
          "east": -38.71096973798595,
          "north": -3.802022382248171
        },
        "cfar_detection_count": 0,
        "yolo_detection_count": 0,
        "processing_bounds_lonlat": {
          "west": -38.958425540792945,
          "south": -4.054427239656048,
          "east": -38.71096973798595,
          "north": -3.802022382248171
        },
        "cfar_count": 0,
        "yolo_count": 0,
        "has_cfar_detection": false,
        "has_yolo_detection": false,
        "has_detection": false
      }
    },
    {
      "type": "Feature",
      "geometry": {
        "type": "Polygon",
        "coordinates": [
          [
            [
              -38.90229705371726,
              -3.8193443533715135
            ],
            [
              -38.94153115490674,
              -3.998440230199923
            ],
            [
              -39.11506258178912,
              -3.96022891632366
            ],
            [
              -39.076401183687494,
              -3.781043634914967
            ],
            [
              -38.90229705371726,
              -3.8193443533715135
            ]
          ]
        ]
      },
      "properties": {
        "patch_id": 70,
        "tile_id": 70,
        "patch_number": 71,
        "patch_label": "P071",
        "name": "patch_0071_VV",
        "x_start": 10000,
        "y_start": 10000,
        "valid_x_end": 12000,
        "valid_y_end": 12000,
        "width": 2000,
        "height": 2000,
        "target_width": 2000,
        "target_height": 2000,
        "requires_padding": false,
        "processing_bbox_pixels": {
          "x0": 9840,
          "y0": 9840,
          "x1": 12160,
          "y1": 12160
        },
        "processing_requested_bbox_pixels": {
          "x0": 9840,
          "y0": 9840,
          "x1": 12160,
          "y1": 12160
        },
        "processing_width": 2320,
        "processing_height": 2320,
        "processing_target_width": 2320,
        "processing_target_height": 2320,
        "processing_requires_padding": false,
        "core_bbox_pixels": {
          "x0": 10000,
          "y0": 10000,
          "x1": 12000,
          "y1": 12000
        },
        "requested_bbox_pixels": {
          "x0": 10000,
          "y0": 10000,
          "x1": 12000,
          "y1": 12000
        },
        "halo_pixels": 160,
        "polarization": "VV",
        "display_bounds_lonlat": {
          "west": -39.13216531112454,
          "south": -4.015819033998237,
          "east": -38.88548486877582,
          "north": -3.76361468990019
        },
        "cfar_detection_count": 0,
        "yolo_detection_count": 0,
        "processing_bounds_lonlat": {
          "west": -39.13216531112454,
          "south": -4.015819033998237,
          "east": -38.88548486877582,
          "north": -3.76361468990019
        },
        "cfar_count": 0,
        "yolo_count": 0,
        "has_cfar_detection": false,
        "has_yolo_detection": false,
        "has_detection": false
      }
    },
    {
      "type": "Feature",
      "geometry": {
        "type": "Polygon",
        "coordinates": [
          [
            [
              -39.07648886680081,
              -3.7810243344466596
            ],
            [
              -39.115150181045145,
              -3.9602096150027615
            ],
            [
              -39.291115571232105,
              -3.9214212606033176
            ],
            [
              -39.2521874411515,
              -3.7423348975397515
            ],
            [
              -39.07648886680081,
              -3.7810243344466596
            ]
          ]
        ]
      },
      "properties": {
        "patch_id": 71,
        "tile_id": 71,
        "patch_number": 72,
        "patch_label": "P072",
        "name": "patch_0072_VV",
        "x_start": 12000,
        "y_start": 10000,
        "valid_x_end": 14000,
        "valid_y_end": 12000,
        "width": 2000,
        "height": 2000,
        "target_width": 2000,
        "target_height": 2000,
        "requires_padding": false,
        "processing_bbox_pixels": {
          "x0": 11840,
          "y0": 9840,
          "x1": 14160,
          "y1": 12160
        },
        "processing_requested_bbox_pixels": {
          "x0": 11840,
          "y0": 9840,
          "x1": 14160,
          "y1": 12160
        },
        "processing_width": 2320,
        "processing_height": 2320,
        "processing_target_width": 2320,
        "processing_target_height": 2320,
        "processing_requires_padding": false,
        "core_bbox_pixels": {
          "x0": 12000,
          "y0": 10000,
          "x1": 14000,
          "y1": 12000
        },
        "requested_bbox_pixels": {
          "x0": 12000,
          "y0": 10000,
          "x1": 14000,
          "y1": 12000
        },
        "halo_pixels": 160,
        "polarization": "VV",
        "display_bounds_lonlat": {
          "west": -39.30837364095663,
          "south": -3.977641184523374,
          "east": -39.05936107258807,
          "north": -3.7249010783361225
        },
        "cfar_detection_count": 0,
        "yolo_detection_count": 0,
        "processing_bounds_lonlat": {
          "west": -39.30837364095663,
          "south": -3.977641184523374,
          "east": -39.05936107258807,
          "north": -3.7249010783361225
        },
        "cfar_count": 0,
        "yolo_count": 0,
        "has_cfar_detection": false,
        "has_yolo_detection": false,
        "has_detection": false
      }
    },
    {
      "type": "Feature",
      "geometry": {
        "type": "Polygon",
        "coordinates": [
          [
            [
              -39.25227547886382,
              -3.742315506023505
            ],
            [
              -39.29120389201921,
              -3.9214017861287678
            ],
            [
              -39.467819087435586,
              -3.8824267456809807
            ],
            [
              -39.42841990856077,
              -3.7034861484521766
            ],
            [
              -39.25227547886382,
              -3.742315506023505
            ]
          ]
        ]
      },
      "properties": {
        "patch_id": 72,
        "tile_id": 72,
        "patch_number": 73,
        "patch_label": "P073",
        "name": "patch_0073_VV",
        "x_start": 14000,
        "y_start": 10000,
        "valid_x_end": 16000,
        "valid_y_end": 12000,
        "width": 2000,
        "height": 2000,
        "target_width": 2000,
        "target_height": 2000,
        "requires_padding": false,
        "processing_bbox_pixels": {
          "x0": 13840,
          "y0": 9840,
          "x1": 16160,
          "y1": 12160
        },
        "processing_requested_bbox_pixels": {
          "x0": 13840,
          "y0": 9840,
          "x1": 16160,
          "y1": 12160
        },
        "processing_width": 2320,
        "processing_height": 2320,
        "processing_target_width": 2320,
        "processing_target_height": 2320,
        "processing_requires_padding": false,
        "core_bbox_pixels": {
          "x0": 14000,
          "y0": 10000,
          "x1": 16000,
          "y1": 12000
        },
        "requested_bbox_pixels": {
          "x0": 14000,
          "y0": 10000,
          "x1": 16000,
          "y1": 12000
        },
        "halo_pixels": 160,
        "polarization": "VV",
        "display_bounds_lonlat": {
          "west": -39.48480742396764,
          "south": -3.9388607714233173,
          "east": -39.23505540959561,
          "north": -3.686074790387254
        },
        "cfar_detection_count": 0,
        "yolo_detection_count": 0,
        "processing_bounds_lonlat": {
          "west": -39.48480742396764,
          "south": -3.9388607714233173,
          "east": -39.23505540959561,
          "north": -3.686074790387254
        },
        "cfar_count": 0,
        "yolo_count": 0,
        "has_cfar_detection": false,
        "has_yolo_detection": false,
        "has_detection": false
      }
    },
    {
      "type": "Feature",
      "geometry": {
        "type": "Polygon",
        "coordinates": [
          [
            [
              -39.428507567783015,
              -3.7034668165795166
            ],
            [
              -39.46790589713647,
              -3.8824075817941543
            ],
            [
              -39.643221377541316,
              -3.843684801657698
            ],
            [
              -39.60427833825221,
              -3.6646865527232295
            ],
            [
              -39.428507567783015,
              -3.7034668165795166
            ]
          ]
        ]
      },
      "properties": {
        "patch_id": 73,
        "tile_id": 73,
        "patch_number": 74,
        "patch_label": "P074",
        "name": "patch_0074_VV",
        "x_start": 16000,
        "y_start": 10000,
        "valid_x_end": 18000,
        "valid_y_end": 12000,
        "width": 2000,
        "height": 2000,
        "target_width": 2000,
        "target_height": 2000,
        "requires_padding": false,
        "processing_bbox_pixels": {
          "x0": 15840,
          "y0": 9840,
          "x1": 18160,
          "y1": 12160
        },
        "processing_requested_bbox_pixels": {
          "x0": 15840,
          "y0": 9840,
          "x1": 18160,
          "y1": 12160
        },
        "processing_width": 2320,
        "processing_height": 2320,
        "processing_target_width": 2320,
        "processing_target_height": 2320,
        "processing_requires_padding": false,
        "core_bbox_pixels": {
          "x0": 16000,
          "y0": 10000,
          "x1": 18000,
          "y1": 12000
        },
        "requested_bbox_pixels": {
          "x0": 16000,
          "y0": 10000,
          "x1": 18000,
          "y1": 12000
        },
        "halo_pixels": 160,
        "polarization": "VV",
        "display_bounds_lonlat": {
          "west": -39.66038961925161,
          "south": -3.8998099351910747,
          "east": -39.41127333529046,
          "north": -3.6472590064341435
        },
        "cfar_detection_count": 0,
        "yolo_detection_count": 0,
        "processing_bounds_lonlat": {
          "west": -39.66038961925161,
          "south": -3.8998099351910747,
          "east": -39.41127333529046,
          "north": -3.6472590064341435
        },
        "cfar_count": 0,
        "yolo_count": 0,
        "has_cfar_detection": false,
        "has_yolo_detection": false,
        "has_detection": false
      }
    },
    {
      "type": "Feature",
      "geometry": {
        "type": "Polygon",
        "coordinates": [
          [
            [
              -39.60436618232963,
              -3.664667158442839
            ],
            [
              -39.64330927475024,
              -3.8436653729194337
            ],
            [
              -39.81883811808618,
              -3.8048533955181014
            ],
            [
              -39.77984035449097,
              -3.6259127743167134
            ],
            [
              -39.60436618232963,
              -3.664667158442839
            ]
          ]
        ]
      },
      "properties": {
        "patch_id": 74,
        "tile_id": 74,
        "patch_number": 75,
        "patch_label": "P075",
        "name": "patch_0075_VV",
        "x_start": 18000,
        "y_start": 10000,
        "valid_x_end": 20000,
        "valid_y_end": 12000,
        "width": 2000,
        "height": 2000,
        "target_width": 2000,
        "target_height": 2000,
        "requires_padding": false,
        "processing_bbox_pixels": {
          "x0": 17840,
          "y0": 9840,
          "x1": 20160,
          "y1": 12160
        },
        "processing_requested_bbox_pixels": {
          "x0": 17840,
          "y0": 9840,
          "x1": 20160,
          "y1": 12160
        },
        "processing_width": 2320,
        "processing_height": 2320,
        "processing_target_width": 2320,
        "processing_target_height": 2320,
        "processing_requires_padding": false,
        "core_bbox_pixels": {
          "x0": 18000,
          "y0": 10000,
          "x1": 20000,
          "y1": 12000
        },
        "requested_bbox_pixels": {
          "x0": 18000,
          "y0": 10000,
          "x1": 20000,
          "y1": 12000
        },
        "halo_pixels": 160,
        "polarization": "VV",
        "display_bounds_lonlat": {
          "west": -39.835997565032756,
          "south": -3.8611074931893317,
          "east": -39.58717025959167,
          "north": -3.6084889542975183
        },
        "cfar_detection_count": 0,
        "yolo_detection_count": 0,
        "processing_bounds_lonlat": {
          "west": -39.835997565032756,
          "south": -3.8611074931893317,
          "east": -39.58717025959167,
          "north": -3.6084889542975183
        },
        "cfar_count": 0,
        "yolo_count": 0,
        "has_cfar_detection": false,
        "has_yolo_detection": false,
        "has_detection": false
      }
    },
    {
      "type": "Feature",
      "geometry": {
        "type": "Polygon",
        "coordinates": [
          [
            [
              -39.77992810565384,
              -3.6258933866408904
            ],
            [
              -39.818925864038675,
              -3.804833986224196
            ],
            [
              -39.99447912872597,
              -3.7659804371859207
            ],
            [
              -39.95525949808426,
              -3.5871358453063955
            ],
            [
              -39.77992810565384,
              -3.6258933866408904
            ]
          ]
        ]
      },
      "properties": {
        "patch_id": 75,
        "tile_id": 75,
        "patch_number": 76,
        "patch_label": "P076",
        "name": "patch_0076_VV",
        "x_start": 20000,
        "y_start": 10000,
        "valid_x_end": 22000,
        "valid_y_end": 12000,
        "width": 2000,
        "height": 2000,
        "target_width": 2000,
        "target_height": 2000,
        "requires_padding": false,
        "processing_bbox_pixels": {
          "x0": 19840,
          "y0": 9840,
          "x1": 22160,
          "y1": 12160
        },
        "processing_requested_bbox_pixels": {
          "x0": 19840,
          "y0": 9840,
          "x1": 22160,
          "y1": 12160
        },
        "processing_width": 2320,
        "processing_height": 2320,
        "processing_target_width": 2320,
        "processing_target_height": 2320,
        "processing_requires_padding": false,
        "core_bbox_pixels": {
          "x0": 20000,
          "y0": 10000,
          "x1": 22000,
          "y1": 12000
        },
        "requested_bbox_pixels": {
          "x0": 20000,
          "y0": 10000,
          "x1": 22000,
          "y1": 12000
        },
        "halo_pixels": 160,
        "polarization": "VV",
        "display_bounds_lonlat": {
          "west": -40.01167371720756,
          "south": -3.8222621845624944,
          "east": -39.762767148663855,
          "north": -3.569726457059819
        },
        "cfar_detection_count": 0,
        "yolo_detection_count": 0,
        "processing_bounds_lonlat": {
          "west": -40.01167371720756,
          "south": -3.8222621845624944,
          "east": -39.762767148663855,
          "north": -3.569726457059819
        },
        "cfar_count": 0,
        "yolo_count": 0,
        "has_cfar_detection": false,
        "has_yolo_detection": false,
        "has_detection": false
      }
    },
    {
      "type": "Feature",
      "geometry": {
        "type": "Polygon",
        "coordinates": [
          [
            [
              -39.95534698716648,
              -3.5871164931104484
            ],
            [
              -39.99456695818942,
              -3.765960984746225
            ],
            [
              -40.169764453858356,
              -3.727147824942282
            ],
            [
              -40.130485848721904,
              -3.548365473134111
            ],
            [
              -39.95534698716648,
              -3.5871164931104484
            ]
          ]
        ]
      },
      "properties": {
        "patch_id": 76,
        "tile_id": 76,
        "patch_number": 77,
        "patch_label": "P077",
        "name": "patch_0077_VV",
        "x_start": 22000,
        "y_start": 10000,
        "valid_x_end": 24000,
        "valid_y_end": 12000,
        "width": 2000,
        "height": 2000,
        "target_width": 2000,
        "target_height": 2000,
        "requires_padding": false,
        "processing_bbox_pixels": {
          "x0": 21840,
          "y0": 9840,
          "x1": 24160,
          "y1": 12160
        },
        "processing_requested_bbox_pixels": {
          "x0": 21840,
          "y0": 9840,
          "x1": 24160,
          "y1": 12160
        },
        "processing_width": 2320,
        "processing_height": 2320,
        "processing_target_width": 2320,
        "processing_target_height": 2320,
        "processing_requires_padding": false,
        "core_bbox_pixels": {
          "x0": 22000,
          "y0": 10000,
          "x1": 24000,
          "y1": 12000
        },
        "requested_bbox_pixels": {
          "x0": 22000,
          "y0": 10000,
          "x1": 24000,
          "y1": 12000
        },
        "halo_pixels": 160,
        "polarization": "VV",
        "display_bounds_lonlat": {
          "west": -40.186917669243954,
          "south": -3.7833908770325304,
          "east": -39.93821044604249,
          "north": -3.5309441167179063
        },
        "cfar_detection_count": 0,
        "yolo_detection_count": 0,
        "processing_bounds_lonlat": {
          "west": -40.186917669243954,
          "south": -3.7833908770325304,
          "east": -39.93821044604249,
          "north": -3.5309441167179063
        },
        "cfar_count": 0,
        "yolo_count": 0,
        "has_cfar_detection": false,
        "has_yolo_detection": false,
        "has_detection": false
      }
    },
    {
      "type": "Feature",
      "geometry": {
        "type": "Polygon",
        "coordinates": [
          [
            [
              -40.13057360403707,
              -3.548346050174245
            ],
            [
              -40.16985188268676,
              -3.7271284500091793
            ],
            [
              -40.312733808710945,
              -3.6954479162414198
            ],
            [
              -40.2736876285201,
              -3.5166547847152296
            ],
            [
              -40.13057360403707,
              -3.548346050174245
            ]
          ]
        ]
      },
      "properties": {
        "patch_id": 77,
        "tile_id": 77,
        "patch_number": 78,
        "patch_label": "P078",
        "name": "patch_0078_VV",
        "x_start": 24000,
        "y_start": 10000,
        "valid_x_end": 25629,
        "valid_y_end": 12000,
        "width": 2000,
        "height": 2000,
        "target_width": 2000,
        "target_height": 2000,
        "requires_padding": true,
        "processing_bbox_pixels": {
          "x0": 23840,
          "y0": 9840,
          "x1": 25629,
          "y1": 12160
        },
        "processing_requested_bbox_pixels": {
          "x0": 23840,
          "y0": 9840,
          "x1": 26160,
          "y1": 12160
        },
        "processing_width": 1789,
        "processing_height": 2320,
        "processing_target_width": 1789,
        "processing_target_height": 2320,
        "processing_requires_padding": false,
        "core_bbox_pixels": {
          "x0": 24000,
          "y0": 10000,
          "x1": 25629,
          "y1": 12000
        },
        "requested_bbox_pixels": {
          "x0": 24000,
          "y0": 10000,
          "x1": 26000,
          "y1": 12000
        },
        "halo_pixels": 160,
        "polarization": "VV",
        "display_bounds_lonlat": {
          "west": -40.31588818334192,
          "south": -3.744533315178458,
          "east": -40.11339763607263,
          "north": -3.5023403033591043
        },
        "cfar_detection_count": 0,
        "yolo_detection_count": 0,
        "processing_bounds_lonlat": {
          "west": -40.31588818334192,
          "south": -3.744533315178458,
          "east": -40.11339763607263,
          "north": -3.5023403033591043
        },
        "cfar_count": 0,
        "yolo_count": 0,
        "has_cfar_detection": false,
        "has_yolo_detection": false,
        "has_detection": false
      }
    },
    {
      "type": "Feature",
      "geometry": {
        "type": "Polygon",
        "coordinates": [
          [
            [
              -38.05708844951083,
              -4.192685638583319
            ],
            [
              -38.09653728583397,
              -4.371900589271037
            ],
            [
              -38.27326931032364,
              -4.333158619742299
            ],
            [
              -38.234365243285474,
              -4.153852193853739
            ],
            [
              -38.05708844951083,
              -4.192685638583319
            ]
          ]
        ]
      },
      "properties": {
        "patch_id": 78,
        "tile_id": 78,
        "patch_number": 79,
        "patch_label": "P079",
        "name": "patch_0079_VV",
        "x_start": 0,
        "y_start": 12000,
        "valid_x_end": 2000,
        "valid_y_end": 14000,
        "width": 2000,
        "height": 2000,
        "target_width": 2000,
        "target_height": 2000,
        "requires_padding": false,
        "processing_bbox_pixels": {
          "x0": 0,
          "y0": 11840,
          "x1": 2160,
          "y1": 14160
        },
        "processing_requested_bbox_pixels": {
          "x0": -160,
          "y0": 11840,
          "x1": 2160,
          "y1": 14160
        },
        "processing_width": 2160,
        "processing_height": 2320,
        "processing_target_width": 2160,
        "processing_target_height": 2320,
        "processing_requires_padding": false,
        "core_bbox_pixels": {
          "x0": 0,
          "y0": 12000,
          "x1": 2000,
          "y1": 14000
        },
        "requested_bbox_pixels": {
          "x0": 0,
          "y0": 12000,
          "x1": 2000,
          "y1": 14000
        },
        "halo_pixels": 160,
        "polarization": "VV",
        "display_bounds_lonlat": {
          "west": -38.29042745688203,
          "south": -4.386237103439301,
          "east": -38.053960778056464,
          "north": -4.136422475502728
        },
        "cfar_detection_count": 0,
        "yolo_detection_count": 0,
        "processing_bounds_lonlat": {
          "west": -38.29042745688203,
          "south": -4.386237103439301,
          "east": -38.053960778056464,
          "north": -4.136422475502728
        },
        "cfar_count": 0,
        "yolo_count": 0,
        "has_cfar_detection": false,
        "has_yolo_detection": false,
        "has_detection": false
      }
    },
    {
      "type": "Feature",
      "geometry": {
        "type": "Polygon",
        "coordinates": [
          [
            [
              -38.23445318398292,
              -4.153832921996619
            ],
            [
              -38.27335726318388,
              -4.33313933037112
            ],
            [
              -38.44871213903029,
              -4.294660247628789
            ],
            [
              -38.409886873627556,
              -4.115366312222307
            ],
            [
              -38.23445318398292,
              -4.153832921996619
            ]
          ]
        ]
      },
      "properties": {
        "patch_id": 79,
        "tile_id": 79,
        "patch_number": 80,
        "patch_label": "P080",
        "name": "patch_0080_VV",
        "x_start": 2000,
        "y_start": 12000,
        "valid_x_end": 4000,
        "valid_y_end": 14000,
        "width": 2000,
        "height": 2000,
        "target_width": 2000,
        "target_height": 2000,
        "requires_padding": false,
        "processing_bbox_pixels": {
          "x0": 1840,
          "y0": 11840,
          "x1": 4160,
          "y1": 14160
        },
        "processing_requested_bbox_pixels": {
          "x0": 1840,
          "y0": 11840,
          "x1": 4160,
          "y1": 14160
        },
        "processing_width": 2320,
        "processing_height": 2320,
        "processing_target_width": 2320,
        "processing_target_height": 2320,
        "processing_requires_padding": false,
        "core_bbox_pixels": {
          "x0": 2000,
          "y0": 12000,
          "x1": 4000,
          "y1": 14000
        },
        "requested_bbox_pixels": {
          "x0": 2000,
          "y0": 12000,
          "x1": 4000,
          "y1": 14000
        },
        "halo_pixels": 160,
        "polarization": "VV",
        "display_bounds_lonlat": {
          "west": -38.46587388703954,
          "south": -4.35058453610554,
          "east": -38.217243169708226,
          "north": -4.097935394554211
        },
        "cfar_detection_count": 0,
        "yolo_detection_count": 0,
        "processing_bounds_lonlat": {
          "west": -38.46587388703954,
          "south": -4.35058453610554,
          "east": -38.217243169708226,
          "north": -4.097935394554211
        },
        "cfar_count": 0,
        "yolo_count": 0,
        "has_cfar_detection": false,
        "has_yolo_detection": false,
        "has_detection": false
      }
    },
    {
      "type": "Feature",
      "geometry": {
        "type": "Polygon",
        "coordinates": [
          [
            [
              -38.40997457576028,
              -4.115347066071126
            ],
            [
              -38.448799922070684,
              -4.294640967844631
            ],
            [
              -38.62498530637888,
              -4.25593288554281
            ],
            [
              -38.58642387073089,
              -4.076613129227173
            ],
            [
              -38.40997457576028,
              -4.115347066071126
            ]
          ]
        ]
      },
      "properties": {
        "patch_id": 80,
        "tile_id": 80,
        "patch_number": 81,
        "patch_label": "P081",
        "name": "patch_0081_VV",
        "x_start": 4000,
        "y_start": 12000,
        "valid_x_end": 6000,
        "valid_y_end": 14000,
        "width": 2000,
        "height": 2000,
        "target_width": 2000,
        "target_height": 2000,
        "requires_padding": false,
        "processing_bbox_pixels": {
          "x0": 3840,
          "y0": 11840,
          "x1": 6160,
          "y1": 14160
        },
        "processing_requested_bbox_pixels": {
          "x0": 3840,
          "y0": 11840,
          "x1": 6160,
          "y1": 14160
        },
        "processing_width": 2320,
        "processing_height": 2320,
        "processing_target_width": 2320,
        "processing_target_height": 2320,
        "processing_requires_padding": false,
        "core_bbox_pixels": {
          "x0": 4000,
          "y0": 12000,
          "x1": 6000,
          "y1": 14000
        },
        "requested_bbox_pixels": {
          "x0": 4000,
          "y0": 12000,
          "x1": 6000,
          "y1": 14000
        },
        "halo_pixels": 160,
        "polarization": "VV",
        "display_bounds_lonlat": {
          "west": -38.642279726539044,
          "south": -4.312076584379463,
          "east": -38.392836448491806,
          "north": -4.059125412835554
        },
        "cfar_detection_count": 0,
        "yolo_detection_count": 0,
        "processing_bounds_lonlat": {
          "west": -38.642279726539044,
          "south": -4.312076584379463,
          "east": -38.392836448491806,
          "north": -4.059125412835554
        },
        "cfar_count": 0,
        "yolo_count": 0,
        "has_cfar_detection": false,
        "has_yolo_detection": false,
        "has_detection": false
      }
    },
    {
      "type": "Feature",
      "geometry": {
        "type": "Polygon",
        "coordinates": [
          [
            [
              -38.58651287067416,
              -4.076593584140925
            ],
            [
              -38.62507389949833,
              -4.255913413488948
            ],
            [
              -38.80440545434779,
              -4.216467078664903
            ],
            [
              -38.76645572836661,
              -4.037046573442544
            ],
            [
              -38.58651287067416,
              -4.076593584140925
            ]
          ]
        ]
      },
      "properties": {
        "patch_id": 81,
        "tile_id": 81,
        "patch_number": 82,
        "patch_label": "P082",
        "name": "patch_0082_VV",
        "x_start": 6000,
        "y_start": 12000,
        "valid_x_end": 8000,
        "valid_y_end": 14000,
        "width": 2000,
        "height": 2000,
        "target_width": 2000,
        "target_height": 2000,
        "requires_padding": false,
        "processing_bbox_pixels": {
          "x0": 5840,
          "y0": 11840,
          "x1": 8160,
          "y1": 14160
        },
        "processing_requested_bbox_pixels": {
          "x0": 5840,
          "y0": 11840,
          "x1": 8160,
          "y1": 14160
        },
        "processing_width": 2320,
        "processing_height": 2320,
        "processing_target_width": 2320,
        "processing_target_height": 2320,
        "processing_requires_padding": false,
        "core_bbox_pixels": {
          "x0": 6000,
          "y0": 12000,
          "x1": 8000,
          "y1": 14000
        },
        "requested_bbox_pixels": {
          "x0": 6000,
          "y0": 12000,
          "x1": 8000,
          "y1": 14000
        },
        "halo_pixels": 160,
        "polarization": "VV",
        "display_bounds_lonlat": {
          "west": -38.821866254789185,
          "south": -4.273373130609004,
          "east": -38.569210364330786,
          "north": -4.019562848570946
        },
        "cfar_detection_count": 0,
        "yolo_detection_count": 0,
        "processing_bounds_lonlat": {
          "west": -38.821866254789185,
          "south": -4.273373130609004,
          "east": -38.569210364330786,
          "north": -4.019562848570946
        },
        "cfar_count": 0,
        "yolo_count": 0,
        "has_cfar_detection": false,
        "has_yolo_detection": false,
        "has_detection": false
      }
    },
    {
      "type": "Feature",
      "geometry": {
        "type": "Polygon",
        "coordinates": [
          [
            [
              -38.76654437836071,
              -4.037027077564674
            ],
            [
              -38.804495259980754,
              -4.216447309118706
            ],
            [
              -38.981155058003615,
              -4.177548238953975
            ],
            [
              -38.94146438559214,
              -3.9985488338556907
            ],
            [
              -38.76654437836071,
              -4.037027077564674
            ]
          ]
        ]
      },
      "properties": {
        "patch_id": 82,
        "tile_id": 82,
        "patch_number": 83,
        "patch_label": "P083",
        "name": "patch_0083_VV",
        "x_start": 8000,
        "y_start": 12000,
        "valid_x_end": 10000,
        "valid_y_end": 14000,
        "width": 2000,
        "height": 2000,
        "target_width": 2000,
        "target_height": 2000,
        "requires_padding": false,
        "processing_bbox_pixels": {
          "x0": 7840,
          "y0": 11840,
          "x1": 10160,
          "y1": 14160
        },
        "processing_requested_bbox_pixels": {
          "x0": 7840,
          "y0": 11840,
          "x1": 10160,
          "y1": 14160
        },
        "processing_width": 2320,
        "processing_height": 2320,
        "processing_target_width": 2320,
        "processing_target_height": 2320,
        "processing_requires_padding": false,
        "core_bbox_pixels": {
          "x0": 8000,
          "y0": 12000,
          "x1": 10000,
          "y1": 14000
        },
        "requested_bbox_pixels": {
          "x0": 8000,
          "y0": 12000,
          "x1": 10000,
          "y1": 14000
        },
        "halo_pixels": 160,
        "polarization": "VV",
        "display_bounds_lonlat": {
          "west": -38.99830108440599,
          "south": -4.233967052630665,
          "east": -38.74936694920119,
          "north": -3.981174467808307
        },
        "cfar_detection_count": 0,
        "yolo_detection_count": 0,
        "processing_bounds_lonlat": {
          "west": -38.99830108440599,
          "south": -4.233967052630665,
          "east": -38.74936694920119,
          "north": -3.981174467808307
        },
        "cfar_count": 0,
        "yolo_count": 0,
        "has_cfar_detection": false,
        "has_yolo_detection": false,
        "has_detection": false
      }
    },
    {
      "type": "Feature",
      "geometry": {
        "type": "Polygon",
        "coordinates": [
          [
            [
              -38.94155080744669,
              -3.9985298183747218
            ],
            [
              -38.98124208089097,
              -4.177529072561064
            ],
            [
              -39.15405400009014,
              -4.139440422081718
            ],
            [
              -39.115081887055474,
              -3.9603185635140505
            ],
            [
              -38.94155080744669,
              -3.9985298183747218
            ]
          ]
        ]
      },
      "properties": {
        "patch_id": 83,
        "tile_id": 83,
        "patch_number": 84,
        "patch_label": "P084",
        "name": "patch_0084_VV",
        "x_start": 10000,
        "y_start": 12000,
        "valid_x_end": 12000,
        "valid_y_end": 14000,
        "width": 2000,
        "height": 2000,
        "target_width": 2000,
        "target_height": 2000,
        "requires_padding": false,
        "processing_bbox_pixels": {
          "x0": 9840,
          "y0": 11840,
          "x1": 12160,
          "y1": 14160
        },
        "processing_requested_bbox_pixels": {
          "x0": 9840,
          "y0": 11840,
          "x1": 12160,
          "y1": 14160
        },
        "processing_width": 2320,
        "processing_height": 2320,
        "processing_target_width": 2320,
        "processing_target_height": 2320,
        "processing_requires_padding": false,
        "core_bbox_pixels": {
          "x0": 10000,
          "y0": 12000,
          "x1": 12000,
          "y1": 14000
        },
        "requested_bbox_pixels": {
          "x0": 10000,
          "y0": 12000,
          "x1": 12000,
          "y1": 14000
        },
        "halo_pixels": 160,
        "polarization": "VV",
        "display_bounds_lonlat": {
          "west": -39.17116464624221,
          "south": -4.194915867518196,
          "east": -38.924587922463104,
          "north": -3.9428866094220916
        },
        "cfar_detection_count": 0,
        "yolo_detection_count": 0,
        "processing_bounds_lonlat": {
          "west": -39.17116464624221,
          "south": -4.194915867518196,
          "east": -38.924587922463104,
          "north": -3.9428866094220916
        },
        "cfar_count": 0,
        "yolo_count": 0,
        "has_cfar_detection": false,
        "has_yolo_detection": false,
        "has_detection": false
      }
    },
    {
      "type": "Feature",
      "geometry": {
        "type": "Polygon",
        "coordinates": [
          [
            [
              -39.115169486233434,
              -3.960299262200711
            ],
            [
              -39.154141259587526,
              -4.139421176651922
            ],
            [
              -39.32976791453907,
              -4.100668662500861
            ],
            [
              -39.29113480577466,
              -3.9215109033636915
            ],
            [
              -39.115169486233434,
              -3.960299262200711
            ]
          ]
        ]
      },
      "properties": {
        "patch_id": 84,
        "tile_id": 84,
        "patch_number": 85,
        "patch_label": "P085",
        "name": "patch_0085_VV",
        "x_start": 12000,
        "y_start": 12000,
        "valid_x_end": 14000,
        "valid_y_end": 14000,
        "width": 2000,
        "height": 2000,
        "target_width": 2000,
        "target_height": 2000,
        "requires_padding": false,
        "processing_bbox_pixels": {
          "x0": 11840,
          "y0": 11840,
          "x1": 14160,
          "y1": 14160
        },
        "processing_requested_bbox_pixels": {
          "x0": 11840,
          "y0": 11840,
          "x1": 14160,
          "y1": 14160
        },
        "processing_width": 2320,
        "processing_height": 2320,
        "processing_target_width": 2320,
        "processing_target_height": 2320,
        "processing_requires_padding": false,
        "core_bbox_pixels": {
          "x0": 12000,
          "y0": 12000,
          "x1": 14000,
          "y1": 14000
        },
        "requested_bbox_pixels": {
          "x0": 12000,
          "y0": 12000,
          "x1": 14000,
          "y1": 14000
        },
        "halo_pixels": 160,
        "polarization": "VV",
        "display_bounds_lonlat": {
          "west": -39.34701509606425,
          "south": -4.1568279714560905,
          "east": -39.098062786740115,
          "north": -3.9040408509228604
        },
        "cfar_detection_count": 0,
        "yolo_detection_count": 0,
        "processing_bounds_lonlat": {
          "west": -39.34701509606425,
          "south": -4.1568279714560905,
          "east": -39.098062786740115,
          "north": -3.9040408509228604
        },
        "cfar_count": 0,
        "yolo_count": 0,
        "has_cfar_detection": false,
        "has_yolo_detection": false,
        "has_detection": false
      }
    },
    {
      "type": "Feature",
      "geometry": {
        "type": "Polygon",
        "coordinates": [
          [
            [
              -39.29122312655583,
              -3.92149142888019
            ],
            [
              -39.32985618310122,
              -4.100649179824454
            ],
            [
              -39.50624738821515,
              -4.061682491677507
            ],
            [
              -39.467838439750466,
              -3.882516341537614
            ],
            [
              -39.29122312655583,
              -3.92149142888019
            ]
          ]
        ]
      },
      "properties": {
        "patch_id": 85,
        "tile_id": 85,
        "patch_number": 86,
        "patch_label": "P086",
        "name": "patch_0086_VV",
        "x_start": 14000,
        "y_start": 12000,
        "valid_x_end": 16000,
        "valid_y_end": 14000,
        "width": 2000,
        "height": 2000,
        "target_width": 2000,
        "target_height": 2000,
        "requires_padding": false,
        "processing_bbox_pixels": {
          "x0": 13840,
          "y0": 11840,
          "x1": 16160,
          "y1": 14160
        },
        "processing_requested_bbox_pixels": {
          "x0": 13840,
          "y0": 11840,
          "x1": 16160,
          "y1": 14160
        },
        "processing_width": 2320,
        "processing_height": 2320,
        "processing_target_width": 2320,
        "processing_target_height": 2320,
        "processing_requires_padding": false,
        "core_bbox_pixels": {
          "x0": 14000,
          "y0": 12000,
          "x1": 16000,
          "y1": 14000
        },
        "requested_bbox_pixels": {
          "x0": 14000,
          "y0": 12000,
          "x1": 16000,
          "y1": 14000
        },
        "halo_pixels": 160,
        "polarization": "VV",
        "display_bounds_lonlat": {
          "west": -39.5233078498146,
          "south": -4.1181024504131445,
          "east": -39.27401410265678,
          "north": -3.865115577027571
        },
        "cfar_detection_count": 0,
        "yolo_detection_count": 0,
        "processing_bounds_lonlat": {
          "west": -39.5233078498146,
          "south": -4.1181024504131445,
          "east": -39.27401410265678,
          "north": -3.865115577027571
        },
        "cfar_count": 0,
        "yolo_count": 0,
        "has_cfar_detection": false,
        "has_yolo_detection": false,
        "has_detection": false
      }
    },
    {
      "type": "Feature",
      "geometry": {
        "type": "Polygon",
        "coordinates": [
          [
            [
              -39.467925249545665,
              -3.88249717761956
            ],
            [
              -39.50633486917836,
              -4.061663157560947
            ],
            [
              -39.682189530437384,
              -4.022777278593032
            ],
            [
              -39.64324081219553,
              -3.843774357669885
            ],
            [
              -39.467925249545665,
              -3.88249717761956
            ]
          ]
        ]
      },
      "properties": {
        "patch_id": 86,
        "tile_id": 86,
        "patch_number": 87,
        "patch_label": "P087",
        "name": "patch_0087_VV",
        "x_start": 16000,
        "y_start": 12000,
        "valid_x_end": 18000,
        "valid_y_end": 14000,
        "width": 2000,
        "height": 2000,
        "target_width": 2000,
        "target_height": 2000,
        "requires_padding": false,
        "processing_bbox_pixels": {
          "x0": 15840,
          "y0": 11840,
          "x1": 18160,
          "y1": 14160
        },
        "processing_requested_bbox_pixels": {
          "x0": 15840,
          "y0": 11840,
          "x1": 18160,
          "y1": 14160
        },
        "processing_width": 2320,
        "processing_height": 2320,
        "processing_target_width": 2320,
        "processing_target_height": 2320,
        "processing_requires_padding": false,
        "core_bbox_pixels": {
          "x0": 16000,
          "y0": 12000,
          "x1": 18000,
          "y1": 14000
        },
        "requested_bbox_pixels": {
          "x0": 16000,
          "y0": 12000,
          "x1": 18000,
          "y1": 14000
        },
        "halo_pixels": 160,
        "polarization": "VV",
        "display_bounds_lonlat": {
          "west": -39.69938412641737,
          "south": -4.07910712888397,
          "east": -39.45094171181331,
          "north": -3.826338894338375
        },
        "cfar_detection_count": 0,
        "yolo_detection_count": 0,
        "processing_bounds_lonlat": {
          "west": -39.69938412641737,
          "south": -4.07910712888397,
          "east": -39.45094171181331,
          "north": -3.826338894338375
        },
        "cfar_count": 0,
        "yolo_count": 0,
        "has_cfar_detection": false,
        "has_yolo_detection": false,
        "has_detection": false
      }
    },
    {
      "type": "Feature",
      "geometry": {
        "type": "Polygon",
        "coordinates": [
          [
            [
              -39.64332870948202,
              -3.8437549289029365
            ],
            [
              -39.68227750113718,
              -4.022757811103395
            ],
            [
              -39.85785995928077,
              -3.983888822046572
            ],
            [
              -39.818857626282906,
              -3.8049429123531198
            ],
            [
              -39.64332870948202,
              -3.8437549289029365
            ]
          ]
        ]
      },
      "properties": {
        "patch_id": 87,
        "tile_id": 87,
        "patch_number": 88,
        "patch_label": "P088",
        "name": "patch_0088_VV",
        "x_start": 18000,
        "y_start": 12000,
        "valid_x_end": 20000,
        "valid_y_end": 14000,
        "width": 2000,
        "height": 2000,
        "target_width": 2000,
        "target_height": 2000,
        "requires_padding": false,
        "processing_bbox_pixels": {
          "x0": 17840,
          "y0": 11840,
          "x1": 20160,
          "y1": 14160
        },
        "processing_requested_bbox_pixels": {
          "x0": 17840,
          "y0": 11840,
          "x1": 20160,
          "y1": 14160
        },
        "processing_width": 2320,
        "processing_height": 2320,
        "processing_target_width": 2320,
        "processing_target_height": 2320,
        "processing_requires_padding": false,
        "core_bbox_pixels": {
          "x0": 18000,
          "y0": 12000,
          "x1": 20000,
          "y1": 14000
        },
        "requested_bbox_pixels": {
          "x0": 18000,
          "y0": 12000,
          "x1": 20000,
          "y1": 14000
        },
        "halo_pixels": 160,
        "polarization": "VV",
        "display_bounds_lonlat": {
          "west": -39.87501419702002,
          "south": -4.040202522305472,
          "east": -39.62613448294516,
          "north": -3.787514749435865
        },
        "cfar_detection_count": 0,
        "yolo_detection_count": 0,
        "processing_bounds_lonlat": {
          "west": -39.87501419702002,
          "south": -4.040202522305472,
          "east": -39.62613448294516,
          "north": -3.787514749435865
        },
        "cfar_count": 0,
        "yolo_count": 0,
        "has_cfar_detection": false,
        "has_yolo_detection": false,
        "has_detection": false
      }
    },
    {
      "type": "Feature",
      "geometry": {
        "type": "Polygon",
        "coordinates": [
          [
            [
              -39.81894537218798,
              -3.8049235030585176
            ],
            [
              -39.85794765817477,
              -3.9838694005829804
            ],
            [
              -40.03361204840229,
              -3.9449442508228687
            ],
            [
              -39.99449872597754,
              -3.7660699109150757
            ],
            [
              -39.81894537218798,
              -3.8049235030585176
            ]
          ]
        ]
      },
      "properties": {
        "patch_id": 88,
        "tile_id": 88,
        "patch_number": 89,
        "patch_label": "P089",
        "name": "patch_0089_VV",
        "x_start": 20000,
        "y_start": 12000,
        "valid_x_end": 22000,
        "valid_y_end": 14000,
        "width": 2000,
        "height": 2000,
        "target_width": 2000,
        "target_height": 2000,
        "requires_padding": false,
        "processing_bbox_pixels": {
          "x0": 19840,
          "y0": 11840,
          "x1": 22160,
          "y1": 14160
        },
        "processing_requested_bbox_pixels": {
          "x0": 19840,
          "y0": 11840,
          "x1": 22160,
          "y1": 14160
        },
        "processing_width": 2320,
        "processing_height": 2320,
        "processing_target_width": 2320,
        "processing_target_height": 2320,
        "processing_requires_padding": false,
        "core_bbox_pixels": {
          "x0": 20000,
          "y0": 12000,
          "x1": 22000,
          "y1": 14000
        },
        "requested_bbox_pixels": {
          "x0": 20000,
          "y0": 12000,
          "x1": 22000,
          "y1": 14000
        },
        "halo_pixels": 160,
        "polarization": "VV",
        "display_bounds_lonlat": {
          "west": -40.05083576870593,
          "south": -4.001300160888657,
          "east": -39.80178351104095,
          "north": -3.748643429169393
        },
        "cfar_detection_count": 0,
        "yolo_detection_count": 0,
        "processing_bounds_lonlat": {
          "west": -40.05083576870593,
          "south": -4.001300160888657,
          "east": -39.80178351104095,
          "north": -3.748643429169393
        },
        "cfar_count": 0,
        "yolo_count": 0,
        "has_cfar_detection": false,
        "has_yolo_detection": false,
        "has_detection": false
      }
    },
    {
      "type": "Feature",
      "geometry": {
        "type": "Polygon",
        "coordinates": [
          [
            [
              -39.99458655568807,
              -3.766050458408349
            ],
            [
              -40.03370016484556,
              -3.944924710663643
            ],
            [
              -40.209254801723446,
              -3.9059835915148757
            ],
            [
              -40.169784244661386,
              -3.727237231096445
            ],
            [
              -39.99458655568807,
              -3.766050458408349
            ]
          ]
        ]
      },
      "properties": {
        "patch_id": 89,
        "tile_id": 89,
        "patch_number": 90,
        "patch_label": "P090",
        "name": "patch_0090_VV",
        "x_start": 22000,
        "y_start": 12000,
        "valid_x_end": 24000,
        "valid_y_end": 14000,
        "width": 2000,
        "height": 2000,
        "target_width": 2000,
        "target_height": 2000,
        "requires_padding": false,
        "processing_bbox_pixels": {
          "x0": 21840,
          "y0": 11840,
          "x1": 24160,
          "y1": 14160
        },
        "processing_requested_bbox_pixels": {
          "x0": 21840,
          "y0": 11840,
          "x1": 24160,
          "y1": 14160
        },
        "processing_width": 2320,
        "processing_height": 2320,
        "processing_target_width": 2320,
        "processing_target_height": 2320,
        "processing_requires_padding": false,
        "core_bbox_pixels": {
          "x0": 22000,
          "y0": 12000,
          "x1": 24000,
          "y1": 14000
        },
        "requested_bbox_pixels": {
          "x0": 22000,
          "y0": 12000,
          "x1": 24000,
          "y1": 14000
        },
        "halo_pixels": 160,
        "polarization": "VV",
        "display_bounds_lonlat": {
          "west": -40.22640643151372,
          "south": -3.9623702303320596,
          "east": -39.977404543437785,
          "north": -3.7098321483407473
        },
        "cfar_detection_count": 0,
        "yolo_detection_count": 0,
        "processing_bounds_lonlat": {
          "west": -40.22640643151372,
          "south": -3.9623702303320596,
          "east": -39.977404543437785,
          "north": -3.7098321483407473
        },
        "cfar_count": 0,
        "yolo_count": 0,
        "has_cfar_detection": false,
        "has_yolo_detection": false,
        "has_detection": false
      }
    },
    {
      "type": "Feature",
      "geometry": {
        "type": "Polygon",
        "coordinates": [
          [
            [
              -40.169871673414455,
              -3.727217856167618
            ],
            [
              -40.209342285301744,
              -3.9059641796902103
            ],
            [
              -40.35220555157207,
              -3.8742471317466474
            ],
            [
              -40.31275352355236,
              -3.69553731917839
            ],
            [
              -40.169871673414455,
              -3.727217856167618
            ]
          ]
        ]
      },
      "properties": {
        "patch_id": 90,
        "tile_id": 90,
        "patch_number": 91,
        "patch_label": "P091",
        "name": "patch_0091_VV",
        "x_start": 24000,
        "y_start": 12000,
        "valid_x_end": 25629,
        "valid_y_end": 14000,
        "width": 2000,
        "height": 2000,
        "target_width": 2000,
        "target_height": 2000,
        "requires_padding": true,
        "processing_bbox_pixels": {
          "x0": 23840,
          "y0": 11840,
          "x1": 25629,
          "y1": 14160
        },
        "processing_requested_bbox_pixels": {
          "x0": 23840,
          "y0": 11840,
          "x1": 26160,
          "y1": 14160
        },
        "processing_width": 1789,
        "processing_height": 2320,
        "processing_target_width": 1789,
        "processing_target_height": 2320,
        "processing_requires_padding": false,
        "core_bbox_pixels": {
          "x0": 24000,
          "y0": 12000,
          "x1": 25629,
          "y1": 14000
        },
        "requested_bbox_pixels": {
          "x0": 24000,
          "y0": 12000,
          "x1": 26000,
          "y1": 14000
        },
        "halo_pixels": 160,
        "polarization": "VV",
        "display_bounds_lonlat": {
          "west": -40.3553673786173,
          "south": -3.9233803839715837,
          "east": -40.15271462216829,
          "north": -3.6812328492631914
        },
        "cfar_detection_count": 0,
        "yolo_detection_count": 0,
        "processing_bounds_lonlat": {
          "west": -40.3553673786173,
          "south": -3.9233803839715837,
          "east": -40.15271462216829,
          "north": -3.6812328492631914
        },
        "cfar_count": 0,
        "yolo_count": 0,
        "has_cfar_detection": false,
        "has_yolo_detection": false,
        "has_detection": false
      }
    },
    {
      "type": "Feature",
      "geometry": {
        "type": "Polygon",
        "coordinates": [
          [
            [
              -38.09655724625946,
              -4.3719901924845885
            ],
            [
              -38.13610030533583,
              -4.55113552059899
            ],
            [
              -38.31226163691587,
              -4.512491050907432
            ],
            [
              -38.2732885857221,
              -4.333248359554611
            ],
            [
              -38.09655724625946,
              -4.3719901924845885
            ]
          ]
        ]
      },
      "properties": {
        "patch_id": 91,
        "tile_id": 91,
        "patch_number": 92,
        "patch_label": "P092",
        "name": "patch_0092_VV",
        "x_start": 0,
        "y_start": 14000,
        "valid_x_end": 2000,
        "valid_y_end": 16000,
        "width": 2000,
        "height": 2000,
        "target_width": 2000,
        "target_height": 2000,
        "requires_padding": false,
        "processing_bbox_pixels": {
          "x0": 0,
          "y0": 13840,
          "x1": 2160,
          "y1": 16160
        },
        "processing_requested_bbox_pixels": {
          "x0": -160,
          "y0": 13840,
          "x1": 2160,
          "y1": 16160
        },
        "processing_width": 2160,
        "processing_height": 2320,
        "processing_target_width": 2160,
        "processing_target_height": 2320,
        "processing_requires_padding": false,
        "core_bbox_pixels": {
          "x0": 0,
          "y0": 14000,
          "x1": 2000,
          "y1": 16000
        },
        "requested_bbox_pixels": {
          "x0": 0,
          "y0": 14000,
          "x1": 2000,
          "y1": 16000
        },
        "halo_pixels": 160,
        "polarization": "VV",
        "display_bounds_lonlat": {
          "west": -38.32945045814968,
          "south": -4.565476452837702,
          "east": -38.093363578145784,
          "north": -4.3158042265718395
        },
        "cfar_detection_count": 0,
        "yolo_detection_count": 0,
        "processing_bounds_lonlat": {
          "west": -38.32945045814968,
          "south": -4.565476452837702,
          "east": -38.093363578145784,
          "north": -4.3158042265718395
        },
        "cfar_count": 0,
        "yolo_count": 0,
        "has_cfar_detection": false,
        "has_yolo_detection": false,
        "has_detection": false
      }
    },
    {
      "type": "Feature",
      "geometry": {
        "type": "Polygon",
        "coordinates": [
          [
            [
              -38.27337653864577,
              -4.333229070162347
            ],
            [
              -38.312349402463596,
              -4.512471788563022
            ],
            [
              -38.48857184579972,
              -4.473771354372221
            ],
            [
              -38.44873158866578,
              -4.294749934629501
            ],
            [
              -38.27337653864577,
              -4.333229070162347
            ]
          ]
        ]
      },
      "properties": {
        "patch_id": 92,
        "tile_id": 92,
        "patch_number": 93,
        "patch_label": "P093",
        "name": "patch_0093_VV",
        "x_start": 2000,
        "y_start": 14000,
        "valid_x_end": 4000,
        "valid_y_end": 16000,
        "width": 2000,
        "height": 2000,
        "target_width": 2000,
        "target_height": 2000,
        "requires_padding": false,
        "processing_bbox_pixels": {
          "x0": 1840,
          "y0": 13840,
          "x1": 4160,
          "y1": 16160
        },
        "processing_requested_bbox_pixels": {
          "x0": 1840,
          "y0": 13840,
          "x1": 4160,
          "y1": 16160
        },
        "processing_width": 2320,
        "processing_height": 2320,
        "processing_target_width": 2320,
        "processing_target_height": 2320,
        "processing_requires_padding": false,
        "core_bbox_pixels": {
          "x0": 2000,
          "y0": 14000,
          "x1": 4000,
          "y1": 16000
        },
        "requested_bbox_pixels": {
          "x0": 2000,
          "y0": 14000,
          "x1": 4000,
          "y1": 16000
        },
        "halo_pixels": 160,
        "polarization": "VV",
        "display_bounds_lonlat": {
          "west": -38.50594221295633,
          "south": -4.5298881501938215,
          "east": -38.25622161845166,
          "north": -4.277316448305684
        },
        "cfar_detection_count": 0,
        "yolo_detection_count": 0,
        "processing_bounds_lonlat": {
          "west": -38.50594221295633,
          "south": -4.5298881501938215,
          "east": -38.25622161845166,
          "north": -4.277316448305684
        },
        "cfar_count": 0,
        "yolo_count": 0,
        "has_cfar_detection": false,
        "has_yolo_detection": false,
        "has_detection": false
      }
    },
    {
      "type": "Feature",
      "geometry": {
        "type": "Polygon",
        "coordinates": [
          [
            [
              -38.4488193718823,
              -4.2947306547982045
            ],
            [
              -38.488659999453574,
              -4.473751976611121
            ],
            [
              -38.66451883416641,
              -4.435083947602001
            ],
            [
              -38.625004826768674,
              -4.256022540579312
            ],
            [
              -38.4488193718823,
              -4.2947306547982045
            ]
          ]
        ]
      },
      "properties": {
        "patch_id": 93,
        "tile_id": 93,
        "patch_number": 94,
        "patch_label": "P094",
        "name": "patch_0094_VV",
        "x_start": 4000,
        "y_start": 14000,
        "valid_x_end": 6000,
        "valid_y_end": 16000,
        "width": 2000,
        "height": 2000,
        "target_width": 2000,
        "target_height": 2000,
        "requires_padding": false,
        "processing_bbox_pixels": {
          "x0": 3840,
          "y0": 13840,
          "x1": 6160,
          "y1": 16160
        },
        "processing_requested_bbox_pixels": {
          "x0": 3840,
          "y0": 13840,
          "x1": 6160,
          "y1": 16160
        },
        "processing_width": 2320,
        "processing_height": 2320,
        "processing_target_width": 2320,
        "processing_target_height": 2320,
        "processing_requires_padding": false,
        "core_bbox_pixels": {
          "x0": 4000,
          "y0": 14000,
          "x1": 6000,
          "y1": 16000
        },
        "requested_bbox_pixels": {
          "x0": 4000,
          "y0": 14000,
          "x1": 6000,
          "y1": 16000
        },
        "halo_pixels": 160,
        "polarization": "VV",
        "display_bounds_lonlat": {
          "west": -38.68173935016325,
          "south": -4.491163063358356,
          "east": -38.43166735028011,
          "north": -4.23856158878283
        },
        "cfar_detection_count": 0,
        "yolo_detection_count": 0,
        "processing_bounds_lonlat": {
          "west": -38.68173935016325,
          "south": -4.491163063358356,
          "east": -38.43166735028011,
          "north": -4.23856158878283
        },
        "cfar_count": 0,
        "yolo_count": 0,
        "has_cfar_detection": false,
        "has_yolo_detection": false,
        "has_detection": false
      }
    },
    {
      "type": "Feature",
      "geometry": {
        "type": "Polygon",
        "coordinates": [
          [
            [
              -38.6250934197417,
              -4.256003068549716
            ],
            [
              -38.66460657479008,
              -4.435064647892268
            ],
            [
              -38.841424226202165,
              -4.396140785616284
            ],
            [
              -38.80442467375308,
              -4.2165567829739325
            ],
            [
              -38.6250934197417,
              -4.256003068549716
            ]
          ]
        ]
      },
      "properties": {
        "patch_id": 94,
        "tile_id": 94,
        "patch_number": 95,
        "patch_label": "P095",
        "name": "patch_0095_VV",
        "x_start": 6000,
        "y_start": 14000,
        "valid_x_end": 8000,
        "valid_y_end": 16000,
        "width": 2000,
        "height": 2000,
        "target_width": 2000,
        "target_height": 2000,
        "requires_padding": false,
        "processing_bbox_pixels": {
          "x0": 5840,
          "y0": 13840,
          "x1": 8160,
          "y1": 16160
        },
        "processing_requested_bbox_pixels": {
          "x0": 5840,
          "y0": 13840,
          "x1": 8160,
          "y1": 16160
        },
        "processing_width": 2320,
        "processing_height": 2320,
        "processing_target_width": 2320,
        "processing_target_height": 2320,
        "processing_requires_padding": false,
        "core_bbox_pixels": {
          "x0": 6000,
          "y0": 14000,
          "x1": 8000,
          "y1": 16000
        },
        "requested_bbox_pixels": {
          "x0": 6000,
          "y0": 14000,
          "x1": 8000,
          "y1": 16000
        },
        "halo_pixels": 160,
        "polarization": "VV",
        "display_bounds_lonlat": {
          "west": -38.85870896091421,
          "south": -4.452469092455819,
          "east": -38.607791547187965,
          "north": -4.199044892813673
        },
        "cfar_detection_count": 0,
        "yolo_detection_count": 0,
        "processing_bounds_lonlat": {
          "west": -38.85870896091421,
          "south": -4.452469092455819,
          "east": -38.607791547187965,
          "north": -4.199044892813673
        },
        "cfar_count": 0,
        "yolo_count": 0,
        "has_cfar_detection": false,
        "has_yolo_detection": false,
        "has_detection": false
      }
    },
    {
      "type": "Feature",
      "geometry": {
        "type": "Polygon",
        "coordinates": [
          [
            [
              -38.80451448004223,
              -4.216537013273385
            ],
            [
              -38.84151444624245,
              -4.39612090653485
            ],
            [
              -39.01956073380196,
              -4.356879087177818
            ],
            [
              -38.98117515972057,
              -4.177637730288758
            ],
            [
              -38.80451448004223,
              -4.216537013273385
            ]
          ]
        ]
      },
      "properties": {
        "patch_id": 95,
        "tile_id": 95,
        "patch_number": 96,
        "patch_label": "P096",
        "name": "patch_0096_VV",
        "x_start": 8000,
        "y_start": 14000,
        "valid_x_end": 10000,
        "valid_y_end": 16000,
        "width": 2000,
        "height": 2000,
        "target_width": 2000,
        "target_height": 2000,
        "requires_padding": false,
        "processing_bbox_pixels": {
          "x0": 7840,
          "y0": 13840,
          "x1": 10160,
          "y1": 16160
        },
        "processing_requested_bbox_pixels": {
          "x0": 7840,
          "y0": 13840,
          "x1": 10160,
          "y1": 16160
        },
        "processing_width": 2320,
        "processing_height": 2320,
        "processing_target_width": 2320,
        "processing_target_height": 2320,
        "processing_requires_padding": false,
        "core_bbox_pixels": {
          "x0": 8000,
          "y0": 14000,
          "x1": 10000,
          "y1": 16000
        },
        "requested_bbox_pixels": {
          "x0": 8000,
          "y0": 14000,
          "x1": 10000,
          "y1": 16000
        },
        "halo_pixels": 160,
        "polarization": "VV",
        "display_bounds_lonlat": {
          "west": -39.036593182855825,
          "south": -4.413694355333632,
          "east": -38.787087069926955,
          "north": -4.160254052383591
        },
        "cfar_detection_count": 0,
        "yolo_detection_count": 0,
        "processing_bounds_lonlat": {
          "west": -39.036593182855825,
          "south": -4.413694355333632,
          "east": -38.787087069926955,
          "north": -4.160254052383591
        },
        "cfar_count": 0,
        "yolo_count": 0,
        "has_cfar_detection": false,
        "has_yolo_detection": false,
        "has_detection": false
      }
    },
    {
      "type": "Feature",
      "geometry": {
        "type": "Polygon",
        "coordinates": [
          [
            [
              -38.98126218284591,
              -4.177618563834585
            ],
            [
              -39.019648713798595,
              -4.3568596908740655
            ],
            [
              -39.19351930079473,
              -4.318499059106377
            ],
            [
              -39.15407372713155,
              -4.13952997750032
            ],
            [
              -38.98126218284591,
              -4.177618563834585
            ]
          ]
        ]
      },
      "properties": {
        "patch_id": 96,
        "tile_id": 96,
        "patch_number": 97,
        "patch_label": "P097",
        "name": "patch_0097_VV",
        "x_start": 10000,
        "y_start": 14000,
        "valid_x_end": 12000,
        "valid_y_end": 16000,
        "width": 2000,
        "height": 2000,
        "target_width": 2000,
        "target_height": 2000,
        "requires_padding": false,
        "processing_bbox_pixels": {
          "x0": 9840,
          "y0": 13840,
          "x1": 12160,
          "y1": 16160
        },
        "processing_requested_bbox_pixels": {
          "x0": 9840,
          "y0": 13840,
          "x1": 12160,
          "y1": 16160
        },
        "processing_width": 2320,
        "processing_height": 2320,
        "processing_target_width": 2320,
        "processing_target_height": 2320,
        "processing_requires_padding": false,
        "core_bbox_pixels": {
          "x0": 10000,
          "y0": 14000,
          "x1": 12000,
          "y1": 16000
        },
        "requested_bbox_pixels": {
          "x0": 10000,
          "y0": 14000,
          "x1": 12000,
          "y1": 16000
        },
        "halo_pixels": 160,
        "polarization": "VV",
        "display_bounds_lonlat": {
          "west": -39.210567316566525,
          "south": -4.37433988468491,
          "east": -38.964128261003474,
          "north": -4.122120500817028
        },
        "cfar_detection_count": 0,
        "yolo_detection_count": 0,
        "processing_bounds_lonlat": {
          "west": -39.210567316566525,
          "south": -4.37433988468491,
          "east": -38.964128261003474,
          "north": -4.122120500817028
        },
        "cfar_count": 0,
        "yolo_count": 0,
        "has_cfar_detection": false,
        "has_yolo_detection": false,
        "has_detection": false
      }
    },
    {
      "type": "Feature",
      "geometry": {
        "type": "Polygon",
        "coordinates": [
          [
            [
              -39.15416098634753,
              -4.139510732123233
            ],
            [
              -39.193606136445375,
              -4.318479888913515
            ],
            [
              -39.36883549771014,
              -4.279777130085239
            ],
            [
              -39.329787352013646,
              -4.100758263050266
            ],
            [
              -39.15416098634753,
              -4.139510732123233
            ]
          ]
        ]
      },
      "properties": {
        "patch_id": 97,
        "tile_id": 97,
        "patch_number": 98,
        "patch_label": "P098",
        "name": "patch_0098_VV",
        "x_start": 12000,
        "y_start": 14000,
        "valid_x_end": 14000,
        "valid_y_end": 16000,
        "width": 2000,
        "height": 2000,
        "target_width": 2000,
        "target_height": 2000,
        "requires_padding": false,
        "processing_bbox_pixels": {
          "x0": 11840,
          "y0": 13840,
          "x1": 14160,
          "y1": 16160
        },
        "processing_requested_bbox_pixels": {
          "x0": 11840,
          "y0": 13840,
          "x1": 14160,
          "y1": 16160
        },
        "processing_width": 2320,
        "processing_height": 2320,
        "processing_target_width": 2320,
        "processing_target_height": 2320,
        "processing_requires_padding": false,
        "core_bbox_pixels": {
          "x0": 12000,
          "y0": 14000,
          "x1": 14000,
          "y1": 16000
        },
        "requested_bbox_pixels": {
          "x0": 12000,
          "y0": 14000,
          "x1": 14000,
          "y1": 16000
        },
        "halo_pixels": 160,
        "polarization": "VV",
        "display_bounds_lonlat": {
          "west": -39.38606984722884,
          "south": -4.335867298776912,
          "east": -39.13703602370357,
          "north": -4.083298160763011
        },
        "cfar_detection_count": 0,
        "yolo_detection_count": 0,
        "processing_bounds_lonlat": {
          "west": -39.38606984722884,
          "south": -4.335867298776912,
          "east": -39.13703602370357,
          "north": -4.083298160763011
        },
        "cfar_count": 0,
        "yolo_count": 0,
        "has_cfar_detection": false,
        "has_yolo_detection": false,
        "has_detection": false
      }
    },
    {
      "type": "Feature",
      "geometry": {
        "type": "Polygon",
        "coordinates": [
          [
            [
              -39.32987562052519,
              -4.100738780375648
            ],
            [
              -39.368923722478264,
              -4.279757637642971
            ],
            [
              -39.544900097390354,
              -4.240841799391483
            ],
            [
              -39.50626643453746,
              -4.061772158440884
            ],
            [
              -39.32987562052519,
              -4.100738780375648
            ]
          ]
        ]
      },
      "properties": {
        "patch_id": 98,
        "tile_id": 98,
        "patch_number": 99,
        "patch_label": "P099",
        "name": "patch_0099_VV",
        "x_start": 14000,
        "y_start": 14000,
        "valid_x_end": 16000,
        "valid_y_end": 16000,
        "width": 2000,
        "height": 2000,
        "target_width": 2000,
        "target_height": 2000,
        "requires_padding": false,
        "processing_bbox_pixels": {
          "x0": 13840,
          "y0": 13840,
          "x1": 16160,
          "y1": 16160
        },
        "processing_requested_bbox_pixels": {
          "x0": 13840,
          "y0": 13840,
          "x1": 16160,
          "y1": 16160
        },
        "processing_width": 2320,
        "processing_height": 2320,
        "processing_target_width": 2320,
        "processing_target_height": 2320,
        "processing_requires_padding": false,
        "core_bbox_pixels": {
          "x0": 14000,
          "y0": 14000,
          "x1": 16000,
          "y1": 16000
        },
        "requested_bbox_pixels": {
          "x0": 14000,
          "y0": 14000,
          "x1": 16000,
          "y1": 16000
        },
        "halo_pixels": 160,
        "polarization": "VV",
        "display_bounds_lonlat": {
          "west": -39.56216339391776,
          "south": -4.297198442113286,
          "east": -39.312641353739984,
          "north": -4.044335848183887
        },
        "cfar_detection_count": 0,
        "yolo_detection_count": 0,
        "processing_bounds_lonlat": {
          "west": -39.56216339391776,
          "south": -4.297198442113286,
          "east": -39.312641353739984,
          "north": -4.044335848183887
        },
        "cfar_count": 0,
        "yolo_count": 0,
        "has_cfar_detection": false,
        "has_yolo_detection": false,
        "has_detection": false
      }
    },
    {
      "type": "Feature",
      "geometry": {
        "type": "Polygon",
        "coordinates": [
          [
            [
              -39.50635391612943,
              -4.061752824173753
            ],
            [
              -39.54498837495937,
              -4.240822266589795
            ],
            [
              -39.7219510450643,
              -4.201646509641498
            ],
            [
              -39.68220907454818,
              -4.0228668129593315
            ],
            [
              -39.50635391612943,
              -4.061752824173753
            ]
          ]
        ]
      },
      "properties": {
        "patch_id": 99,
        "tile_id": 99,
        "patch_number": 100,
        "patch_label": "P100",
        "name": "patch_0100_VV",
        "x_start": 16000,
        "y_start": 14000,
        "valid_x_end": 18000,
        "valid_y_end": 16000,
        "width": 2000,
        "height": 2000,
        "target_width": 2000,
        "target_height": 2000,
        "requires_padding": false,
        "processing_bbox_pixels": {
          "x0": 15840,
          "y0": 13840,
          "x1": 18160,
          "y1": 16160
        },
        "processing_requested_bbox_pixels": {
          "x0": 15840,
          "y0": 13840,
          "x1": 18160,
          "y1": 16160
        },
        "processing_width": 2320,
        "processing_height": 2320,
        "processing_target_width": 2320,
        "processing_target_height": 2320,
        "processing_requires_padding": false,
        "core_bbox_pixels": {
          "x0": 16000,
          "y0": 14000,
          "x1": 18000,
          "y1": 16000
        },
        "requested_bbox_pixels": {
          "x0": 16000,
          "y0": 14000,
          "x1": 18000,
          "y1": 16000
        },
        "halo_pixels": 160,
        "polarization": "VV",
        "display_bounds_lonlat": {
          "west": -39.73908663430092,
          "south": -4.25826849908314,
          "east": -39.48932544608376,
          "north": -4.005427921108267
        },
        "cfar_detection_count": 0,
        "yolo_detection_count": 0,
        "processing_bounds_lonlat": {
          "west": -39.73908663430092,
          "south": -4.25826849908314,
          "east": -39.48932544608376,
          "north": -4.005427921108267
        },
        "cfar_count": 0,
        "yolo_count": 0,
        "has_cfar_detection": false,
        "has_yolo_detection": false,
        "has_detection": false
      }
    },
    {
      "type": "Feature",
      "geometry": {
        "type": "Polygon",
        "coordinates": [
          [
            [
              -39.682297045235124,
              -4.022847345461626
            ],
            [
              -39.72203833013805,
              -4.201627173244293
            ],
            [
              -39.89666388295665,
              -4.162927015133223
            ],
            [
              -39.857879473511105,
              -3.9839783408266447
            ],
            [
              -39.682297045235124,
              -4.022847345461626
            ]
          ]
        ]
      },
      "properties": {
        "patch_id": 100,
        "tile_id": 100,
        "patch_number": 101,
        "patch_label": "P101",
        "name": "patch_0101_VV",
        "x_start": 18000,
        "y_start": 14000,
        "valid_x_end": 20000,
        "valid_y_end": 16000,
        "width": 2000,
        "height": 2000,
        "target_width": 2000,
        "target_height": 2000,
        "requires_padding": false,
        "processing_bbox_pixels": {
          "x0": 17840,
          "y0": 13840,
          "x1": 20160,
          "y1": 16160
        },
        "processing_requested_bbox_pixels": {
          "x0": 17840,
          "y0": 13840,
          "x1": 20160,
          "y1": 16160
        },
        "processing_width": 2320,
        "processing_height": 2320,
        "processing_target_width": 2320,
        "processing_target_height": 2320,
        "processing_requires_padding": false,
        "core_bbox_pixels": {
          "x0": 18000,
          "y0": 14000,
          "x1": 20000,
          "y1": 16000
        },
        "requested_bbox_pixels": {
          "x0": 18000,
          "y0": 14000,
          "x1": 20000,
          "y1": 16000
        },
        "halo_pixels": 160,
        "polarization": "VV",
        "display_bounds_lonlat": {
          "west": -39.913820744664505,
          "south": -4.219042181767426,
          "east": -39.66507337559528,
          "north": -3.966548223159929
        },
        "cfar_detection_count": 0,
        "yolo_detection_count": 0,
        "processing_bounds_lonlat": {
          "west": -39.913820744664505,
          "south": -4.219042181767426,
          "east": -39.66507337559528,
          "north": -3.966548223159929
        },
        "cfar_count": 0,
        "yolo_count": 0,
        "has_cfar_detection": false,
        "has_yolo_detection": false,
        "has_detection": false
      }
    },
    {
      "type": "Feature",
      "geometry": {
        "type": "Polygon",
        "coordinates": [
          [
            [
              -39.857967172410596,
              -3.9839589193504232
            ],
            [
              -39.89675178584836,
              -4.1629075251876575
            ],
            [
              -40.07253600111529,
              -4.123908906733288
            ],
            [
              -40.03363157745945,
              -3.9450337426631217
            ],
            [
              -39.857967172410596,
              -3.9839589193504232
            ]
          ]
        ]
      },
      "properties": {
        "patch_id": 101,
        "tile_id": 101,
        "patch_number": 102,
        "patch_label": "P102",
        "name": "patch_0102_VV",
        "x_start": 20000,
        "y_start": 14000,
        "valid_x_end": 22000,
        "valid_y_end": 16000,
        "width": 2000,
        "height": 2000,
        "target_width": 2000,
        "target_height": 2000,
        "requires_padding": false,
        "processing_bbox_pixels": {
          "x0": 19840,
          "y0": 13840,
          "x1": 22160,
          "y1": 16160
        },
        "processing_requested_bbox_pixels": {
          "x0": 19840,
          "y0": 13840,
          "x1": 22160,
          "y1": 16160
        },
        "processing_width": 2320,
        "processing_height": 2320,
        "processing_target_width": 2320,
        "processing_target_height": 2320,
        "processing_requires_padding": false,
        "core_bbox_pixels": {
          "x0": 20000,
          "y0": 14000,
          "x1": 22000,
          "y1": 16000
        },
        "requested_bbox_pixels": {
          "x0": 20000,
          "y0": 14000,
          "x1": 22000,
          "y1": 16000
        },
        "halo_pixels": 160,
        "polarization": "VV",
        "display_bounds_lonlat": {
          "west": -40.08972220509989,
          "south": -4.1803504058747105,
          "east": -39.84081321276855,
          "north": -3.927589022498292
        },
        "cfar_detection_count": 0,
        "yolo_detection_count": 0,
        "processing_bounds_lonlat": {
          "west": -40.08972220509989,
          "south": -4.1803504058747105,
          "east": -39.84081321276855,
          "north": -3.927589022498292
        },
        "cfar_count": 0,
        "yolo_count": 0,
        "has_cfar_detection": false,
        "has_yolo_detection": false,
        "has_detection": false
      }
    },
    {
      "type": "Feature",
      "geometry": {
        "type": "Polygon",
        "coordinates": [
          [
            [
              -40.03371969392038,
              -3.9450142024881814
            ],
            [
              -40.07262403180817,
              -4.1238893618393435
            ],
            [
              -40.24824452199255,
              -4.084885180323649
            ],
            [
              -40.2092744914716,
              -3.906073023645565
            ],
            [
              -40.03371969392038,
              -3.9450142024881814
            ]
          ]
        ]
      },
      "properties": {
        "patch_id": 102,
        "tile_id": 102,
        "patch_number": 103,
        "patch_label": "P103",
        "name": "patch_0103_VV",
        "x_start": 22000,
        "y_start": 14000,
        "valid_x_end": 24000,
        "valid_y_end": 16000,
        "width": 2000,
        "height": 2000,
        "target_width": 2000,
        "target_height": 2000,
        "requires_padding": false,
        "processing_bbox_pixels": {
          "x0": 21840,
          "y0": 13840,
          "x1": 24160,
          "y1": 16160
        },
        "processing_requested_bbox_pixels": {
          "x0": 21840,
          "y0": 13840,
          "x1": 24160,
          "y1": 16160
        },
        "processing_width": 2320,
        "processing_height": 2320,
        "processing_target_width": 2320,
        "processing_target_height": 2320,
        "processing_requires_padding": false,
        "core_bbox_pixels": {
          "x0": 22000,
          "y0": 14000,
          "x1": 24000,
          "y1": 16000
        },
        "requested_bbox_pixels": {
          "x0": 22000,
          "y0": 14000,
          "x1": 24000,
          "y1": 16000
        },
        "halo_pixels": 160,
        "polarization": "VV",
        "display_bounds_lonlat": {
          "west": -40.26535937124793,
          "south": -4.141332032487414,
          "east": -40.0164968759236,
          "north": -3.8886591622133135
        },
        "cfar_detection_count": 0,
        "yolo_detection_count": 0,
        "processing_bounds_lonlat": {
          "west": -40.26535937124793,
          "south": -4.141332032487414,
          "east": -40.0164968759236,
          "north": -3.8886591622133135
        },
        "cfar_count": 0,
        "yolo_count": 0,
        "has_cfar_detection": false,
        "has_yolo_detection": false,
        "has_detection": false
      }
    },
    {
      "type": "Feature",
      "geometry": {
        "type": "Polygon",
        "coordinates": [
          [
            [
              -40.209361975202036,
              -3.9060536117748534
            ],
            [
              -40.248332174289466,
              -4.084865706280711
            ],
            [
              -40.39120499469158,
              -4.053105987757521
            ],
            [
              -40.352225312991635,
              -3.874336527310389
            ],
            [
              -40.209361975202036,
              -3.9060536117748534
            ]
          ]
        ]
      },
      "properties": {
        "patch_id": 103,
        "tile_id": 103,
        "patch_number": 104,
        "patch_label": "P104",
        "name": "patch_0104_VV",
        "x_start": 24000,
        "y_start": 14000,
        "valid_x_end": 25629,
        "valid_y_end": 16000,
        "width": 2000,
        "height": 2000,
        "target_width": 2000,
        "target_height": 2000,
        "requires_padding": true,
        "processing_bbox_pixels": {
          "x0": 23840,
          "y0": 13840,
          "x1": 25629,
          "y1": 16160
        },
        "processing_requested_bbox_pixels": {
          "x0": 23840,
          "y0": 13840,
          "x1": 26160,
          "y1": 16160
        },
        "processing_width": 1789,
        "processing_height": 2320,
        "processing_target_width": 1789,
        "processing_target_height": 2320,
        "processing_requires_padding": false,
        "core_bbox_pixels": {
          "x0": 24000,
          "y0": 14000,
          "x1": 25629,
          "y1": 16000
        },
        "requested_bbox_pixels": {
          "x0": 24000,
          "y0": 14000,
          "x1": 26000,
          "y1": 16000
        },
        "halo_pixels": 160,
        "polarization": "VV",
        "display_bounds_lonlat": {
          "west": -40.39428569709475,
          "south": -4.102296914874862,
          "east": -40.19221808310197,
          "north": -3.8600332371117134
        },
        "cfar_detection_count": 0,
        "yolo_detection_count": 0,
        "processing_bounds_lonlat": {
          "west": -40.39428569709475,
          "south": -4.102296914874862,
          "east": -40.19221808310197,
          "north": -3.8600332371117134
        },
        "cfar_count": 0,
        "yolo_count": 0,
        "has_cfar_detection": false,
        "has_yolo_detection": false,
        "has_detection": false
      }
    },
    {
      "type": "Feature",
      "geometry": {
        "type": "Polygon",
        "coordinates": [
          [
            [
              -38.136119919120134,
              -4.551225151425482
            ],
            [
              -38.152517042352926,
              -4.626156522372753
            ],
            [
              -38.32875315027061,
              -4.587483925195954
            ],
            [
              -38.31228134003885,
              -4.512580648128805
            ],
            [
              -38.136119919120134,
              -4.551225151425482
            ]
          ]
        ]
      },
      "properties": {
        "patch_id": 104,
        "tile_id": 104,
        "patch_number": 105,
        "patch_label": "P105",
        "name": "patch_0105_VV",
        "x_start": 0,
        "y_start": 16000,
        "valid_x_end": 2000,
        "valid_y_end": 16837,
        "width": 2000,
        "height": 2000,
        "target_width": 2000,
        "target_height": 2000,
        "requires_padding": true,
        "processing_bbox_pixels": {
          "x0": 0,
          "y0": 15840,
          "x1": 2160,
          "y1": 16837
        },
        "processing_requested_bbox_pixels": {
          "x0": -160,
          "y0": 15840,
          "x1": 2160,
          "y1": 18160
        },
        "processing_width": 2160,
        "processing_height": 997,
        "processing_target_width": 2160,
        "processing_target_height": 997,
        "processing_requires_padding": false,
        "core_bbox_pixels": {
          "x0": 0,
          "y0": 16000,
          "x1": 2000,
          "y1": 16837
        },
        "requested_bbox_pixels": {
          "x0": 0,
          "y0": 16000,
          "x1": 2000,
          "y1": 18000
        },
        "halo_pixels": 160,
        "polarization": "VV",
        "display_bounds_lonlat": {
          "west": -38.34276337578484,
          "south": -4.626156522372753,
          "east": -38.132981713630834,
          "north": -4.495161948709032
        },
        "cfar_detection_count": 0,
        "yolo_detection_count": 0,
        "processing_bounds_lonlat": {
          "west": -38.34276337578484,
          "south": -4.626156522372753,
          "east": -38.132981713630834,
          "north": -4.495161948709032
        },
        "cfar_count": 0,
        "yolo_count": 0,
        "has_cfar_detection": false,
        "has_yolo_detection": false,
        "has_detection": false
      }
    },
    {
      "type": "Feature",
      "geometry": {
        "type": "Polygon",
        "coordinates": [
          [
            [
              -38.31236910534565,
              -4.512561385830341
            ],
            [
              -38.32884071417212,
              -4.587464701309274
            ],
            [
              -38.505629939070104,
              -4.548626211529576
            ],
            [
              -38.48859222584028,
              -4.473860786698573
            ],
            [
              -38.31236910534565,
              -4.512561385830341
            ]
          ]
        ]
      },
      "properties": {
        "patch_id": 105,
        "tile_id": 105,
        "patch_number": 106,
        "patch_label": "P106",
        "name": "patch_0106_VV",
        "x_start": 2000,
        "y_start": 16000,
        "valid_x_end": 4000,
        "valid_y_end": 16837,
        "width": 2000,
        "height": 2000,
        "target_width": 2000,
        "target_height": 2000,
        "requires_padding": true,
        "processing_bbox_pixels": {
          "x0": 1840,
          "y0": 15840,
          "x1": 4160,
          "y1": 16837
        },
        "processing_requested_bbox_pixels": {
          "x0": 1840,
          "y0": 15840,
          "x1": 4160,
          "y1": 18160
        },
        "processing_width": 2320,
        "processing_height": 997,
        "processing_target_width": 2320,
        "processing_target_height": 997,
        "processing_requires_padding": false,
        "core_bbox_pixels": {
          "x0": 2000,
          "y0": 16000,
          "x1": 4000,
          "y1": 16837
        },
        "requested_bbox_pixels": {
          "x0": 2000,
          "y0": 16000,
          "x1": 4000,
          "y1": 18000
        },
        "halo_pixels": 160,
        "polarization": "VV",
        "display_bounds_lonlat": {
          "west": -38.519760505600416,
          "south": -4.5905405231779985,
          "east": -38.29516802552007,
          "north": -4.456452463044377
        },
        "cfar_detection_count": 0,
        "yolo_detection_count": 0,
        "processing_bounds_lonlat": {
          "west": -38.519760505600416,
          "south": -4.5905405231779985,
          "east": -38.29516802552007,
          "north": -4.456452463044377
        },
        "cfar_count": 0,
        "yolo_count": 0,
        "has_cfar_detection": false,
        "has_yolo_detection": false,
        "has_detection": false
      }
    },
    {
      "type": "Feature",
      "geometry": {
        "type": "Polygon",
        "coordinates": [
          [
            [
              -38.48868037968805,
              -4.473841408886753
            ],
            [
              -38.50571825503677,
              -4.548606791315137
            ],
            [
              -38.681256935195755,
              -4.509996282585807
            ],
            [
              -38.664538831898234,
              -4.435173448599591
            ],
            [
              -38.48868037968805,
              -4.473841408886753
            ]
          ]
        ]
      },
      "properties": {
        "patch_id": 106,
        "tile_id": 106,
        "patch_number": 107,
        "patch_label": "P107",
        "name": "patch_0107_VV",
        "x_start": 4000,
        "y_start": 16000,
        "valid_x_end": 6000,
        "valid_y_end": 16837,
        "width": 2000,
        "height": 2000,
        "target_width": 2000,
        "target_height": 2000,
        "requires_padding": true,
        "processing_bbox_pixels": {
          "x0": 3840,
          "y0": 15840,
          "x1": 6160,
          "y1": 16837
        },
        "processing_requested_bbox_pixels": {
          "x0": 3840,
          "y0": 15840,
          "x1": 6160,
          "y1": 18160
        },
        "processing_width": 2320,
        "processing_height": 997,
        "processing_target_width": 2320,
        "processing_target_height": 997,
        "processing_requires_padding": false,
        "core_bbox_pixels": {
          "x0": 4000,
          "y0": 16000,
          "x1": 6000,
          "y1": 16837
        },
        "requested_bbox_pixels": {
          "x0": 4000,
          "y0": 16000,
          "x1": 6000,
          "y1": 18000
        },
        "halo_pixels": 160,
        "polarization": "VV",
        "display_bounds_lonlat": {
          "west": -38.695203227329515,
          "south": -4.5517145104253816,
          "east": -38.47131936622124,
          "north": -4.417761666819567
        },
        "cfar_detection_count": 0,
        "yolo_detection_count": 0,
        "processing_bounds_lonlat": {
          "west": -38.695203227329515,
          "south": -4.5517145104253816,
          "east": -38.47131936622124,
          "north": -4.417761666819567
        },
        "cfar_count": 0,
        "yolo_count": 0,
        "has_cfar_detection": false,
        "has_yolo_detection": false,
        "has_detection": false
      }
    },
    {
      "type": "Feature",
      "geometry": {
        "type": "Polygon",
        "coordinates": [
          [
            [
              -38.664626571833324,
              -4.435154149034064
            ],
            [
              -38.681344099480484,
              -4.509977103576746
            ],
            [
              -38.856359460994696,
              -4.47143823384101
            ],
            [
              -38.84144206997186,
              -4.396230746725274
            ],
            [
              -38.664626571833324,
              -4.435154149034064
            ]
          ]
        ]
      },
      "properties": {
        "patch_id": 107,
        "tile_id": 107,
        "patch_number": 108,
        "patch_label": "P108",
        "name": "patch_0108_VV",
        "x_start": 6000,
        "y_start": 16000,
        "valid_x_end": 8000,
        "valid_y_end": 16837,
        "width": 2000,
        "height": 2000,
        "target_width": 2000,
        "target_height": 2000,
        "requires_padding": true,
        "processing_bbox_pixels": {
          "x0": 5840,
          "y0": 15840,
          "x1": 8160,
          "y1": 16837
        },
        "processing_requested_bbox_pixels": {
          "x0": 5840,
          "y0": 15840,
          "x1": 8160,
          "y1": 18160
        },
        "processing_width": 2320,
        "processing_height": 997,
        "processing_target_width": 2320,
        "processing_target_height": 997,
        "processing_requires_padding": false,
        "core_bbox_pixels": {
          "x0": 6000,
          "y0": 16000,
          "x1": 8000,
          "y1": 16837
        },
        "requested_bbox_pixels": {
          "x0": 6000,
          "y0": 16000,
          "x1": 8000,
          "y1": 18000
        },
        "halo_pixels": 160,
        "polarization": "VV",
        "display_bounds_lonlat": {
          "west": -38.87076604428459,
          "south": -4.513045745026441,
          "east": -38.64737101855486,
          "north": -4.378655334588565
        },
        "cfar_detection_count": 0,
        "yolo_detection_count": 0,
        "processing_bounds_lonlat": {
          "west": -38.87076604428459,
          "south": -4.513045745026441,
          "east": -38.64737101855486,
          "north": -4.378655334588565
        },
        "cfar_count": 0,
        "yolo_count": 0,
        "has_cfar_detection": false,
        "has_yolo_detection": false,
        "has_detection": false
      }
    },
    {
      "type": "Feature",
      "geometry": {
        "type": "Polygon",
        "coordinates": [
          [
            [
              -38.841532289798444,
              -4.396210867682427
            ],
            [
              -38.856449502165766,
              -4.471418387057412
            ],
            [
              -39.03492819793175,
              -4.432065647487149
            ],
            [
              -39.019579093974734,
              -4.356968915804233
            ],
            [
              -38.841532289798444,
              -4.396210867682427
            ]
          ]
        ]
      },
      "properties": {
        "patch_id": 108,
        "tile_id": 108,
        "patch_number": 109,
        "patch_label": "P109",
        "name": "patch_0109_VV",
        "x_start": 8000,
        "y_start": 16000,
        "valid_x_end": 10000,
        "valid_y_end": 16837,
        "width": 2000,
        "height": 2000,
        "target_width": 2000,
        "target_height": 2000,
        "requires_padding": true,
        "processing_bbox_pixels": {
          "x0": 7840,
          "y0": 15840,
          "x1": 10160,
          "y1": 16837
        },
        "processing_requested_bbox_pixels": {
          "x0": 7840,
          "y0": 15840,
          "x1": 10160,
          "y1": 18160
        },
        "processing_width": 2320,
        "processing_height": 997,
        "processing_target_width": 2320,
        "processing_target_height": 997,
        "processing_requires_padding": false,
        "core_bbox_pixels": {
          "x0": 8000,
          "y0": 16000,
          "x1": 10000,
          "y1": 16837
        },
        "requested_bbox_pixels": {
          "x0": 8000,
          "y0": 16000,
          "x1": 10000,
          "y1": 18000
        },
        "halo_pixels": 160,
        "polarization": "VV",
        "display_bounds_lonlat": {
          "west": -39.04909928581769,
          "south": -4.474593872433145,
          "east": -38.82423668553471,
          "north": -4.339497131961511
        },
        "cfar_detection_count": 0,
        "yolo_detection_count": 0,
        "processing_bounds_lonlat": {
          "west": -39.04909928581769,
          "south": -4.474593872433145,
          "east": -38.82423668553471,
          "north": -4.339497131961511
        },
        "cfar_count": 0,
        "yolo_count": 0,
        "has_cfar_detection": false,
        "has_yolo_detection": false,
        "has_detection": false
      }
    },
    {
      "type": "Feature",
      "geometry": {
        "type": "Polygon",
        "coordinates": [
          [
            [
              -39.01966707467545,
              -4.35694951933519
            ],
            [
              -39.03501676724807,
              -4.4320461128354545
            ],
            [
              -39.21003993028493,
              -4.3934146190956
            ],
            [
              -39.19353903870404,
              -4.318588563957022
            ],
            [
              -39.01966707467545,
              -4.35694951933519
            ]
          ]
        ]
      },
      "properties": {
        "patch_id": 109,
        "tile_id": 109,
        "patch_number": 110,
        "patch_label": "P110",
        "name": "patch_0110_VV",
        "x_start": 10000,
        "y_start": 16000,
        "valid_x_end": 12000,
        "valid_y_end": 16837,
        "width": 2000,
        "height": 2000,
        "target_width": 2000,
        "target_height": 2000,
        "requires_padding": true,
        "processing_bbox_pixels": {
          "x0": 9840,
          "y0": 15840,
          "x1": 12160,
          "y1": 16837
        },
        "processing_requested_bbox_pixels": {
          "x0": 9840,
          "y0": 15840,
          "x1": 12160,
          "y1": 18160
        },
        "processing_width": 2320,
        "processing_height": 997,
        "processing_target_width": 2320,
        "processing_target_height": 997,
        "processing_requires_padding": false,
        "core_bbox_pixels": {
          "x0": 10000,
          "y0": 16000,
          "x1": 12000,
          "y1": 16837
        },
        "requested_bbox_pixels": {
          "x0": 10000,
          "y0": 16000,
          "x1": 12000,
          "y1": 18000
        },
        "halo_pixels": 160,
        "polarization": "VV",
        "display_bounds_lonlat": {
          "west": -39.22391398097526,
          "south": -4.435171657106654,
          "east": -39.0026704454925,
          "north": -4.3011999598983905
        },
        "cfar_detection_count": 0,
        "yolo_detection_count": 0,
        "processing_bounds_lonlat": {
          "west": -39.22391398097526,
          "south": -4.435171657106654,
          "east": -39.0026704454925,
          "north": -4.3011999598983905
        },
        "cfar_count": 0,
        "yolo_count": 0,
        "has_cfar_detection": false,
        "has_yolo_detection": false,
        "has_detection": false
      }
    },
    {
      "type": "Feature",
      "geometry": {
        "type": "Polygon",
        "coordinates": [
          [
            [
              -39.19362587420789,
              -4.31856939378763
            ],
            [
              -39.21012664307817,
              -4.393395468547812
            ],
            [
              -39.38526085742027,
              -4.354697681921285
            ],
            [
              -39.36885512179642,
              -4.279866640899858
            ],
            [
              -39.19362587420789,
              -4.31856939378763
            ]
          ]
        ]
      },
      "properties": {
        "patch_id": 110,
        "tile_id": 110,
        "patch_number": 111,
        "patch_label": "P111",
        "name": "patch_0111_VV",
        "x_start": 12000,
        "y_start": 16000,
        "valid_x_end": 14000,
        "valid_y_end": 16837,
        "width": 2000,
        "height": 2000,
        "target_width": 2000,
        "target_height": 2000,
        "requires_padding": true,
        "processing_bbox_pixels": {
          "x0": 11840,
          "y0": 15840,
          "x1": 14160,
          "y1": 16837
        },
        "processing_requested_bbox_pixels": {
          "x0": 11840,
          "y0": 15840,
          "x1": 14160,
          "y1": 18160
        },
        "processing_width": 2320,
        "processing_height": 997,
        "processing_target_width": 2320,
        "processing_target_height": 997,
        "processing_requires_padding": false,
        "core_bbox_pixels": {
          "x0": 12000,
          "y0": 16000,
          "x1": 14000,
          "y1": 16837
        },
        "requested_bbox_pixels": {
          "x0": 12000,
          "y0": 16000,
          "x1": 14000,
          "y1": 18000
        },
        "halo_pixels": 160,
        "polarization": "VV",
        "display_bounds_lonlat": {
          "west": -39.399350764431716,
          "south": -4.3964595561937685,
          "east": -39.176570391618995,
          "north": -4.2624297785050675
        },
        "cfar_detection_count": 0,
        "yolo_detection_count": 0,
        "processing_bounds_lonlat": {
          "west": -39.399350764431716,
          "south": -4.3964595561937685,
          "east": -39.176570391618995,
          "north": -4.2624297785050675
        },
        "cfar_count": 0,
        "yolo_count": 0,
        "has_cfar_detection": false,
        "has_yolo_detection": false,
        "has_detection": false
      }
    },
    {
      "type": "Feature",
      "geometry": {
        "type": "Polygon",
        "coordinates": [
          [
            [
              -39.36894334656958,
              -4.279847148446451
            ],
            [
              -39.38534908639808,
              -4.354678180155929
            ],
            [
              -39.56129598534517,
              -4.315751618615347
            ],
            [
              -39.544919686265544,
              -4.240931297383389
            ],
            [
              -39.36894334656958,
              -4.279847148446451
            ]
          ]
        ]
      },
      "properties": {
        "patch_id": 111,
        "tile_id": 111,
        "patch_number": 112,
        "patch_label": "P112",
        "name": "patch_0112_VV",
        "x_start": 14000,
        "y_start": 16000,
        "valid_x_end": 16000,
        "valid_y_end": 16837,
        "width": 2000,
        "height": 2000,
        "target_width": 2000,
        "target_height": 2000,
        "requires_padding": true,
        "processing_bbox_pixels": {
          "x0": 13840,
          "y0": 15840,
          "x1": 16160,
          "y1": 16837
        },
        "processing_requested_bbox_pixels": {
          "x0": 13840,
          "y0": 15840,
          "x1": 16160,
          "y1": 18160
        },
        "processing_width": 2320,
        "processing_height": 997,
        "processing_target_width": 2320,
        "processing_target_height": 997,
        "processing_requires_padding": false,
        "core_bbox_pixels": {
          "x0": 14000,
          "y0": 16000,
          "x1": 16000,
          "y1": 16837
        },
        "requested_bbox_pixels": {
          "x0": 14000,
          "y0": 16000,
          "x1": 16000,
          "y1": 18000
        },
        "halo_pixels": 160,
        "polarization": "VV",
        "display_bounds_lonlat": {
          "west": -39.57544480388245,
          "south": -4.357798462612678,
          "east": -39.351687636054,
          "north": -4.2234876759270765
        },
        "cfar_detection_count": 0,
        "yolo_detection_count": 0,
        "processing_bounds_lonlat": {
          "west": -39.57544480388245,
          "south": -4.357798462612678,
          "east": -39.351687636054,
          "north": -4.2234876759270765
        },
        "cfar_count": 0,
        "yolo_count": 0,
        "has_cfar_detection": false,
        "has_yolo_detection": false,
        "has_detection": false
      }
    },
    {
      "type": "Feature",
      "geometry": {
        "type": "Polygon",
        "coordinates": [
          [
            [
              -39.54500796401682,
              -4.240911764530382
            ],
            [
              -39.561384415463294,
              -4.315732042860868
            ],
            [
              -39.73885539119709,
              -4.276425012737913
            ],
            [
              -39.721971241416384,
              -4.201735850744361
            ],
            [
              -39.54500796401682,
              -4.240911764530382
            ]
          ]
        ]
      },
      "properties": {
        "patch_id": 112,
        "tile_id": 112,
        "patch_number": 113,
        "patch_label": "P113",
        "name": "patch_0113_VV",
        "x_start": 16000,
        "y_start": 16000,
        "valid_x_end": 18000,
        "valid_y_end": 16837,
        "width": 2000,
        "height": 2000,
        "target_width": 2000,
        "target_height": 2000,
        "requires_padding": true,
        "processing_bbox_pixels": {
          "x0": 15840,
          "y0": 15840,
          "x1": 18160,
          "y1": 16837
        },
        "processing_requested_bbox_pixels": {
          "x0": 15840,
          "y0": 15840,
          "x1": 18160,
          "y1": 18160
        },
        "processing_width": 2320,
        "processing_height": 997,
        "processing_target_width": 2320,
        "processing_target_height": 997,
        "processing_requires_padding": false,
        "core_bbox_pixels": {
          "x0": 16000,
          "y0": 16000,
          "x1": 18000,
          "y1": 16837
        },
        "requested_bbox_pixels": {
          "x0": 16000,
          "y0": 16000,
          "x1": 18000,
          "y1": 18000
        },
        "halo_pixels": 160,
        "polarization": "VV",
        "display_bounds_lonlat": {
          "west": -39.75266874680449,
          "south": -4.318864163577548,
          "east": -39.527753940757066,
          "north": -4.184351574493506
        },
        "cfar_detection_count": 0,
        "yolo_detection_count": 0,
        "processing_bounds_lonlat": {
          "west": -39.75266874680449,
          "south": -4.318864163577548,
          "east": -39.527753940757066,
          "north": -4.184351574493506
        },
        "cfar_count": 0,
        "yolo_count": 0,
        "has_cfar_detection": false,
        "has_yolo_detection": false,
        "has_detection": false
      }
    },
    {
      "type": "Feature",
      "geometry": {
        "type": "Polygon",
        "coordinates": [
          [
            [
              -39.722058525837994,
              -4.201716514481713
            ],
            [
              -39.738942130423965,
              -4.27640578896484
            ],
            [
              -39.912815233993854,
              -4.237854747260785
            ],
            [
              -39.896683179672756,
              -4.163016534526446
            ],
            [
              -39.722058525837994,
              -4.201716514481713
            ]
          ]
        ]
      },
      "properties": {
        "patch_id": 113,
        "tile_id": 113,
        "patch_number": 114,
        "patch_label": "P114",
        "name": "patch_0114_VV",
        "x_start": 18000,
        "y_start": 16000,
        "valid_x_end": 20000,
        "valid_y_end": 16837,
        "width": 2000,
        "height": 2000,
        "target_width": 2000,
        "target_height": 2000,
        "requires_padding": true,
        "processing_bbox_pixels": {
          "x0": 17840,
          "y0": 15840,
          "x1": 20160,
          "y1": 16837
        },
        "processing_requested_bbox_pixels": {
          "x0": 17840,
          "y0": 15840,
          "x1": 20160,
          "y1": 18160
        },
        "processing_width": 2320,
        "processing_height": 997,
        "processing_target_width": 2320,
        "processing_target_height": 997,
        "processing_requires_padding": false,
        "core_bbox_pixels": {
          "x0": 18000,
          "y0": 16000,
          "x1": 20000,
          "y1": 16837
        },
        "requested_bbox_pixels": {
          "x0": 18000,
          "y0": 16000,
          "x1": 20000,
          "y1": 18000
        },
        "halo_pixels": 160,
        "polarization": "VV",
        "display_bounds_lonlat": {
          "west": -39.92690546963577,
          "south": -4.279525595340387,
          "east": -39.70473551945912,
          "north": -4.145576426801204
        },
        "cfar_detection_count": 0,
        "yolo_detection_count": 0,
        "processing_bounds_lonlat": {
          "west": -39.92690546963577,
          "south": -4.279525595340387,
          "east": -39.70473551945912,
          "north": -4.145576426801204
        },
        "cfar_count": 0,
        "yolo_count": 0,
        "has_cfar_detection": false,
        "has_yolo_detection": false,
        "has_detection": false
      }
    },
    {
      "type": "Feature",
      "geometry": {
        "type": "Polygon",
        "coordinates": [
          [
            [
              -39.89677108275693,
              -4.162997044526381
            ],
            [
              -39.91290329798345,
              -4.23783521169869
            ],
            [
              -40.08877304081318,
              -4.198798151345591
            ],
            [
              -40.07255540020741,
              -4.123998380143816
            ],
            [
              -39.89677108275693,
              -4.162997044526381
            ]
          ]
        ]
      },
      "properties": {
        "patch_id": 114,
        "tile_id": 114,
        "patch_number": 115,
        "patch_label": "P115",
        "name": "patch_0115_VV",
        "x_start": 20000,
        "y_start": 16000,
        "valid_x_end": 22000,
        "valid_y_end": 16837,
        "width": 2000,
        "height": 2000,
        "target_width": 2000,
        "target_height": 2000,
        "requires_padding": true,
        "processing_bbox_pixels": {
          "x0": 19840,
          "y0": 15840,
          "x1": 22160,
          "y1": 16837
        },
        "processing_requested_bbox_pixels": {
          "x0": 19840,
          "y0": 15840,
          "x1": 22160,
          "y1": 18160
        },
        "processing_width": 2320,
        "processing_height": 997,
        "processing_target_width": 2320,
        "processing_target_height": 997,
        "processing_requires_padding": false,
        "core_bbox_pixels": {
          "x0": 20000,
          "y0": 16000,
          "x1": 22000,
          "y1": 16837
        },
        "requested_bbox_pixels": {
          "x0": 20000,
          "y0": 16000,
          "x1": 22000,
          "y1": 18000
        },
        "halo_pixels": 160,
        "polarization": "VV",
        "display_bounds_lonlat": {
          "west": -40.102844600041784,
          "south": -4.240960901633942,
          "east": -39.87962401263604,
          "north": -4.106555193360518
        },
        "cfar_detection_count": 0,
        "yolo_detection_count": 0,
        "processing_bounds_lonlat": {
          "west": -40.102844600041784,
          "south": -4.240960901633942,
          "east": -39.87962401263604,
          "north": -4.106555193360518
        },
        "cfar_count": 0,
        "yolo_count": 0,
        "has_cfar_detection": false,
        "has_yolo_detection": false,
        "has_detection": false
      }
    },
    {
      "type": "Feature",
      "geometry": {
        "type": "Polygon",
        "coordinates": [
          [
            [
              -40.07264343080067,
              -4.123978835260017
            ],
            [
              -40.08886098813039,
              -4.198778614942314
            ],
            [
              -40.264408800527946,
              -4.159770139845668
            ],
            [
              -40.24826383415379,
              -4.084974648614595
            ],
            [
              -40.07264343080067,
              -4.123978835260017
            ]
          ]
        ]
      },
      "properties": {
        "patch_id": 115,
        "tile_id": 115,
        "patch_number": 116,
        "patch_label": "P116",
        "name": "patch_0116_VV",
        "x_start": 22000,
        "y_start": 16000,
        "valid_x_end": 24000,
        "valid_y_end": 16837,
        "width": 2000,
        "height": 2000,
        "target_width": 2000,
        "target_height": 2000,
        "requires_padding": true,
        "processing_bbox_pixels": {
          "x0": 21840,
          "y0": 15840,
          "x1": 24160,
          "y1": 16837
        },
        "processing_requested_bbox_pixels": {
          "x0": 21840,
          "y0": 15840,
          "x1": 24160,
          "y1": 18160
        },
        "processing_width": 2320,
        "processing_height": 997,
        "processing_target_width": 2320,
        "processing_target_height": 997,
        "processing_requires_padding": false,
        "core_bbox_pixels": {
          "x0": 22000,
          "y0": 16000,
          "x1": 24000,
          "y1": 16837
        },
        "requested_bbox_pixels": {
          "x0": 22000,
          "y0": 16000,
          "x1": 24000,
          "y1": 18000
        },
        "halo_pixels": 160,
        "polarization": "VV",
        "display_bounds_lonlat": {
          "west": -40.278435959413,
          "south": -4.201904439466575,
          "east": -40.05545216293475,
          "north": -4.067544310366124
        },
        "cfar_detection_count": 0,
        "yolo_detection_count": 0,
        "processing_bounds_lonlat": {
          "west": -40.278435959413,
          "south": -4.201904439466575,
          "east": -40.05545216293475,
          "north": -4.067544310366124
        },
        "cfar_count": 0,
        "yolo_count": 0,
        "has_cfar_detection": false,
        "has_yolo_detection": false,
        "has_detection": false
      }
    },
    {
      "type": "Feature",
      "geometry": {
        "type": "Polygon",
        "coordinates": [
          [
            [
              -40.24835148647153,
              -4.084955174554552
            ],
            [
              -40.26449647025257,
              -4.159750651485134
            ],
            [
              -40.407320918365926,
              -4.127984990813758
            ],
            [
              -40.391224249081404,
              -4.05319544893202
            ],
            [
              -40.24835148647153,
              -4.084955174554552
            ]
          ]
        ]
      },
      "properties": {
        "patch_id": 116,
        "tile_id": 116,
        "patch_number": 117,
        "patch_label": "P117",
        "name": "patch_0117_VV",
        "x_start": 24000,
        "y_start": 16000,
        "valid_x_end": 25629,
        "valid_y_end": 16837,
        "width": 2000,
        "height": 2000,
        "target_width": 2000,
        "target_height": 2000,
        "requires_padding": true,
        "processing_bbox_pixels": {
          "x0": 23840,
          "y0": 15840,
          "x1": 25629,
          "y1": 16837
        },
        "processing_requested_bbox_pixels": {
          "x0": 23840,
          "y0": 15840,
          "x1": 26160,
          "y1": 18160
        },
        "processing_width": 1789,
        "processing_height": 997,
        "processing_target_width": 1789,
        "processing_target_height": 997,
        "processing_requires_padding": false,
        "core_bbox_pixels": {
          "x0": 24000,
          "y0": 16000,
          "x1": 25629,
          "y1": 16837
        },
        "requested_bbox_pixels": {
          "x0": 24000,
          "y0": 16000,
          "x1": 26000,
          "y1": 18000
        },
        "halo_pixels": 160,
        "polarization": "VV",
        "display_bounds_lonlat": {
          "west": -40.407320918365926,
          "south": -4.162868789170554,
          "east": -40.23123769364827,
          "north": -4.03888166101207
        },
        "cfar_detection_count": 0,
        "yolo_detection_count": 0,
        "processing_bounds_lonlat": {
          "west": -40.407320918365926,
          "south": -4.162868789170554,
          "east": -40.23123769364827,
          "north": -4.03888166101207
        },
        "cfar_count": 0,
        "yolo_count": 0,
        "has_cfar_detection": false,
        "has_yolo_detection": false,
        "has_detection": false
      }
    }
  ]
}
