area_px,artifact_aspect_ratio,bbox_pixel_coords,core_bbox_pixels,core_bounds_lonlat,detection_method,era5_lat,era5_lon,era5_time,friction_velocity,geocoding_method,geolocation_grid_status,geometry_json,georef_method,geotiff_name,global_pixel_coords,halo_pixels,id,input_scale,land_fraction,land_mask_info,land_mask_method,lat,lon,max_sigma0_dB,mean_sigma0_dB,min_sigma0_dB,patch_id,patch_label,patch_name,peak_wave_period,phase_speed,pixel_coords,polarization,processing_bbox_pixels,processing_bounds_lonlat,raster_crs,raster_transform,snap_geolocation_grid_used,source,source_arquivo_id,source_product,threshold_cfar_dB,u10,valid_bbox_fraction,valid_water_fraction,water_fraction,wave_age,wave_age_class,wave_age_factor,wave_age_status
5,2.0,"{""row_min"": 1170, ""row_max"": 1179, ""col_min"": 312, ""col_max"": 315}","{""x0"": 0, ""y0"": 0, ""x1"": 2000, ""y1"": 2000}","{""west"": -40.16299572249408, ""south"": -21.221897249868928, ""east"": -39.930865870616856, ""north"": -21.00094575277888}",cfar,,,,,geolocation_grid,,"{""type"": ""Polygon"", ""coordinates"": [[[-39.986429125104635, -21.1413077658094], [-39.98670979348674, -21.141243756795973], [-39.98691278019024, -21.142046382263544], [-39.98663211074444, -21.142110391557864], [-39.986429125104635, -21.1413077658094]]]}",snap_geolocation_grid,patch_0001_VV_sigma0_preproc.tif,"{""row"": 1176, ""col"": 312}",160,1,linear,0.0,"{""enabled"": true, ""applied"": true, ""status"": ""ok"", ""stage"": ""cfar_water_mask"", ""resampled_shape"": [720, 720], ""sample_shape"": [128, 128], ""sample_max_dim"": 128, ""available"": true, ""method"": ""natural_earth_land_point_mask"", ""bounds_lonlat"": {""west"": -40.16299572249408, ""south"": -21.221897249868928, ""east"": -39.930865870616856, ""north"": -21.00094575277888}, ""mask_path"": ""/content/sismom_colab_work_v2/sources/api/copernicus_meta_1-main/copernicus-platform/frontend/public/shapes/ne_10m_land/ne_10m_land.shp"", ""land_buffer_degrees"": 0.0, ""valid_geolocation_points"": 16384, ""land_points"": 0, ""water_points"": 16384, ""land_fraction"": 0.0, ""water_fraction"": 1.0, ""valid_pixels_before_land_mask"": 489600, ""valid_pixels_after_land_mask"": 489600, ""pixels_masked_by_land"": 0, ""valid_water_fraction"": 1.0, ""land_skip_threshold"": 0.99, ""min_water_fraction"": 0.01, ""skip_land_tiles"": true, ""skipped"": false, ""reason"": ""water_candidate"", ""message"": ""CFAR restrito aos pixels de água.""}",natural_earth_land_point_mask,-21.141842849641712,-39.98656444886451,0.9800000190734863,-2.7100000381469727,-5.019999980926514,0,P001,patch_0001_VV,,,"{""row"": 1176, ""col"": 312, ""row_resampled"": 392, ""col_resampled"": 104}",VV,"{""x0"": 0, ""y0"": 0, ""x1"": 2160, ""y1"": 2160}","{""west"": -40.181597584672375, ""south"": -21.236165531114434, ""east"": -39.930865870616856, ""north"": -20.99752357338979}",EPSG:4326,"[0.00010924210395578077, 0.0, -42.71096817418752, 0.0, -0.0001224201828423, -20.482657020286773, 0.0, 0.0, 1.0]",,cfar,,S1C_IW_GRDH_1SDV_20260810T081306_20260810T081331_008930_011B7A_86B1,-6.18,,1.0,1.0,1.0,,,1.35,fallback
3,3.0,"{""row_min"": 1530, ""row_max"": 1536, ""col_min"": 219, ""col_max"": 219}","{""x0"": 0, ""y0"": 0, ""x1"": 2000, ""y1"": 2000}","{""west"": -40.16299572249408, ""south"": -21.221897249868928, ""east"": -39.930865870616856, ""north"": -21.00094575277888}",cfar,,,,,geolocation_grid,,"{""type"": ""Polygon"", ""coordinates"": [[[-39.98584651216652, -21.175397423465142], [-39.98584651216652, -21.175397423465142], [-39.985981813937485, -21.175932513102467], [-39.985981813937485, -21.175932513102467], [-39.98584651216652, -21.175397423465142]]]}",snap_geolocation_grid,patch_0001_VV_sigma0_preproc.tif,"{""row"": 1533, ""col"": 219}",160,2,linear,0.0,"{""enabled"": true, ""applied"": true, ""status"": ""ok"", ""stage"": ""cfar_water_mask"", ""resampled_shape"": [720, 720], ""sample_shape"": [128, 128], ""sample_max_dim"": 128, ""available"": true, ""method"": ""natural_earth_land_point_mask"", ""bounds_lonlat"": {""west"": -40.16299572249408, ""south"": -21.221897249868928, ""east"": -39.930865870616856, ""north"": -21.00094575277888}, ""mask_path"": ""/content/sismom_colab_work_v2/sources/api/copernicus_meta_1-main/copernicus-platform/frontend/public/shapes/ne_10m_land/ne_10m_land.shp"", ""land_buffer_degrees"": 0.0, ""valid_geolocation_points"": 16384, ""land_points"": 0, ""water_points"": 16384, ""land_fraction"": 0.0, ""water_fraction"": 1.0, ""valid_pixels_before_land_mask"": 489600, ""valid_pixels_after_land_mask"": 489600, ""pixels_masked_by_land"": 0, ""valid_water_fraction"": 1.0, ""land_skip_threshold"": 0.99, ""min_water_fraction"": 0.01, ""skip_land_tiles"": true, ""skipped"": false, ""reason"": ""water_candidate"", ""message"": ""CFAR restrito aos pixels de água.""}",natural_earth_land_point_mask,-21.175664968283805,-39.985914163052,1.600000023841858,-0.7900000214576721,-4.550000190734863,0,P001,patch_0001_VV,,,"{""row"": 1533, ""col"": 219, ""row_resampled"": 511, ""col_resampled"": 73}",VV,"{""x0"": 0, ""y0"": 0, ""x1"": 2160, ""y1"": 2160}","{""west"": -40.181597584672375, ""south"": -21.236165531114434, ""east"": -39.930865870616856, ""north"": -20.99752357338979}",EPSG:4326,"[0.00010924210395578077, 0.0, -42.71096817418752, 0.0, -0.0001224201828423, -20.482657020286773, 0.0, 0.0, 1.0]",,cfar,,S1C_IW_GRDH_1SDV_20260810T081306_20260810T081331_008930_011B7A_86B1,-6.27,,1.0,1.0,1.0,,,1.35,fallback
5,1.0,"{""row_min"": 1707, ""row_max"": 1713, ""col_min"": 624, ""col_max"": 630}","{""x0"": 0, ""y0"": 0, ""x1"": 2000, ""y1"": 2000}","{""west"": -40.16299572249408, ""south"": -21.221897249868928, ""east"": -39.930865870616856, ""north"": -21.00094575277888}",cfar,,,,,geolocation_grid,,"{""type"": ""Polygon"", ""coordinates"": [[[-40.027736720369205, -21.18253908840158], [-40.02829818425715, -21.182411036855438], [-40.028433583175214, -21.182946100838336], [-40.02787211786895, -21.183074152758998], [-40.027736720369205, -21.18253908840158]]]}",snap_geolocation_grid,patch_0001_VV_sigma0_preproc.tif,"{""row"": 1710, ""col"": 627}",160,3,linear,0.0,"{""enabled"": true, ""applied"": true, ""status"": ""ok"", ""stage"": ""cfar_water_mask"", ""resampled_shape"": [720, 720], ""sample_shape"": [128, 128], ""sample_max_dim"": 128, ""available"": true, ""method"": ""natural_earth_land_point_mask"", ""bounds_lonlat"": {""west"": -40.16299572249408, ""south"": -21.221897249868928, ""east"": -39.930865870616856, ""north"": -21.00094575277888}, ""mask_path"": ""/content/sismom_colab_work_v2/sources/api/copernicus_meta_1-main/copernicus-platform/frontend/public/shapes/ne_10m_land/ne_10m_land.shp"", ""land_buffer_degrees"": 0.0, ""valid_geolocation_points"": 16384, ""land_points"": 0, ""water_points"": 16384, ""land_fraction"": 0.0, ""water_fraction"": 1.0, ""valid_pixels_before_land_mask"": 489600, ""valid_pixels_after_land_mask"": 489600, ""pixels_masked_by_land"": 0, ""valid_water_fraction"": 1.0, ""land_skip_threshold"": 0.99, ""min_water_fraction"": 0.01, ""skip_land_tiles"": true, ""skipped"": false, ""reason"": ""water_candidate"", ""message"": ""CFAR restrito aos pixels de água.""}",natural_earth_land_point_mask,-21.182742594713588,-40.02808515141763,5.519999980926514,0.2800000011920929,-4.840000152587891,0,P001,patch_0001_VV,,,"{""row"": 1710, ""col"": 627, ""row_resampled"": 570, ""col_resampled"": 209}",VV,"{""x0"": 0, ""y0"": 0, ""x1"": 2160, ""y1"": 2160}","{""west"": -40.181597584672375, ""south"": -21.236165531114434, ""east"": -39.930865870616856, ""north"": -20.99752357338979}",EPSG:4326,"[0.00010924210395578077, 0.0, -42.71096817418752, 0.0, -0.0001224201828423, -20.482657020286773, 0.0, 0.0, 1.0]",,cfar,,S1C_IW_GRDH_1SDV_20260810T081306_20260810T081331_008930_011B7A_86B1,-4.87,,1.0,1.0,1.0,,,1.35,fallback
3,1.0,"{""row_min"": 1950, ""row_max"": 1953, ""col_min"": 1017, ""col_max"": 1020}","{""x0"": 0, ""y0"": 0, ""x1"": 2000, ""y1"": 2000}","{""west"": -40.16299572249408, ""south"": -21.221897249868928, ""east"": -39.930865870616856, ""north"": -21.00094575277888}",cfar,,,,,geolocation_grid,,"{""type"": ""Polygon"", ""coordinates"": [[[-40.07000488073382, -21.19582009419169], [-40.07028564392118, -21.195756060284474], [-40.07035358274908, -21.19602355137757], [-40.07007281910461, -21.196087585400022], [-40.07000488073382, -21.19582009419169]]]}",snap_geolocation_grid,patch_0001_VV_sigma0_preproc.tif,"{""row"": 1950, ""col"": 1020}",160,4,linear,0.0,"{""enabled"": true, ""applied"": true, ""status"": ""ok"", ""stage"": ""cfar_water_mask"", ""resampled_shape"": [720, 720], ""sample_shape"": [128, 128], ""sample_max_dim"": 128, ""available"": true, ""method"": ""natural_earth_land_point_mask"", ""bounds_lonlat"": {""west"": -40.16299572249408, ""south"": -21.221897249868928, ""east"": -39.930865870616856, ""north"": -21.00094575277888}, ""mask_path"": ""/content/sismom_colab_work_v2/sources/api/copernicus_meta_1-main/copernicus-platform/frontend/public/shapes/ne_10m_land/ne_10m_land.shp"", ""land_buffer_degrees"": 0.0, ""valid_geolocation_points"": 16384, ""land_points"": 0, ""water_points"": 16384, ""land_fraction"": 0.0, ""water_fraction"": 1.0, ""valid_pixels_before_land_mask"": 489600, ""valid_pixels_after_land_mask"": 489600, ""pixels_masked_by_land"": 0, ""valid_water_fraction"": 1.0, ""land_skip_threshold"": 0.99, ""min_water_fraction"": 0.01, ""skip_land_tiles"": true, ""skipped"": false, ""reason"": ""water_candidate"", ""message"": ""CFAR restrito aos pixels de água.""}",natural_earth_land_point_mask,-21.195756060284474,-40.07028564392118,2.490000009536743,-0.28999999165534973,-4.110000133514404,0,P001,patch_0001_VV,,,"{""row"": 1950, ""col"": 1020, ""row_resampled"": 650, ""col_resampled"": 340}",VV,"{""x0"": 0, ""y0"": 0, ""x1"": 2160, ""y1"": 2160}","{""west"": -40.181597584672375, ""south"": -21.236165531114434, ""east"": -39.930865870616856, ""north"": -20.99752357338979}",EPSG:4326,"[0.00010924210395578077, 0.0, -42.71096817418752, 0.0, -0.0001224201828423, -20.482657020286773, 0.0, 0.0, 1.0]",,cfar,,S1C_IW_GRDH_1SDV_20260810T081306_20260810T081331_008930_011B7A_86B1,-4.56,,1.0,1.0,1.0,,,1.35,fallback
5,1.5,"{""row_min"": 1980, ""row_max"": 1986, ""col_min"": 243, ""col_max"": 246}","{""x0"": 0, ""y0"": 0, ""x1"": 2000, ""y1"": 2000}","{""west"": -40.16299572249408, ""south"": -21.221897249868928, ""east"": -39.930865870616856, ""north"": -21.00094575277888}",cfar,,,,,geolocation_grid,,"{""type"": ""Polygon"", ""coordinates"": [[[-39.998246169385304, -21.215016051645435], [-39.998526937099875, -21.214952016585862], [-39.99866257888511, -21.215487058233858], [-39.99838181025629, -21.215551093523906], [-39.998246169385304, -21.215016051645435]]]}",snap_geolocation_grid,patch_0001_VV_sigma0_preproc.tif,"{""row"": 1983, ""col"": 246}",160,5,linear,0.0,"{""enabled"": true, ""applied"": true, ""status"": ""ok"", ""stage"": ""cfar_water_mask"", ""resampled_shape"": [720, 720], ""sample_shape"": [128, 128], ""sample_max_dim"": 128, ""available"": true, ""method"": ""natural_earth_land_point_mask"", ""bounds_lonlat"": {""west"": -40.16299572249408, ""south"": -21.221897249868928, ""east"": -39.930865870616856, ""north"": -21.00094575277888}, ""mask_path"": ""/content/sismom_colab_work_v2/sources/api/copernicus_meta_1-main/copernicus-platform/frontend/public/shapes/ne_10m_land/ne_10m_land.shp"", ""land_buffer_degrees"": 0.0, ""valid_geolocation_points"": 16384, ""land_points"": 0, ""water_points"": 16384, ""land_fraction"": 0.0, ""water_fraction"": 1.0, ""valid_pixels_before_land_mask"": 489600, ""valid_pixels_after_land_mask"": 489600, ""pixels_masked_by_land"": 0, ""valid_water_fraction"": 1.0, ""land_skip_threshold"": 0.99, ""min_water_fraction"": 0.01, ""skip_land_tiles"": true, ""skipped"": false, ""reason"": ""water_candidate"", ""message"": ""CFAR restrito aos pixels de água.""}",natural_earth_land_point_mask,-21.215219537409858,-39.998594757992116,15.260000228881836,13.5600004196167,11.869999885559082,0,P001,patch_0001_VV,,,"{""row"": 1983, ""col"": 246, ""row_resampled"": 661, ""col_resampled"": 82}",VV,"{""x0"": 0, ""y0"": 0, ""x1"": 2160, ""y1"": 2160}","{""west"": -40.181597584672375, ""south"": -21.236165531114434, ""east"": -39.930865870616856, ""north"": -20.99752357338979}",EPSG:4326,"[0.00010924210395578077, 0.0, -42.71096817418752, 0.0, -0.0001224201828423, -20.482657020286773, 0.0, 0.0, 1.0]",,cfar,,S1C_IW_GRDH_1SDV_20260810T081306_20260810T081331_008930_011B7A_86B1,11.23,,1.0,1.0,1.0,,,1.35,fallback
10,1.5,"{""row_min"": 531, ""row_max"": 546, ""col_min"": 1086, ""col_max"": 1095}","{""x0"": 2000, ""y0"": 0, ""x1"": 4000, ""y1"": 2000}","{""west"": -40.350053665960395, ""south"": -21.17915971555488, ""east"": -40.117859805508694, ""north"": -20.95806314347632}",cfar,,,,,geolocation_grid,,"{""type"": ""Polygon"", ""coordinates"": [[[-40.21643594503256, -21.028434125238395], [-40.21727710495392, -21.028240990192423], [-40.21761699418646, -21.029578281103866], [-40.21677582877745, -21.02977141777035], [-40.21643594503256, -21.028434125238395]]]}",snap_geolocation_grid,patch_0002_VV_sigma0_preproc.tif,"{""row"": 540, ""col"": 2932}",160,6,linear,0.0,"{""enabled"": true, ""applied"": true, ""status"": ""ok"", ""stage"": ""cfar_water_mask"", ""resampled_shape"": [720, 773], ""sample_shape"": [119, 128], ""sample_max_dim"": 128, ""available"": true, ""method"": ""natural_earth_land_point_mask"", ""bounds_lonlat"": {""west"": -40.350053665960395, ""south"": -21.17915971555488, ""east"": -40.117859805508694, ""north"": -20.95806314347632}, ""mask_path"": ""/content/sismom_colab_work_v2/sources/api/copernicus_meta_1-main/copernicus-platform/frontend/public/shapes/ne_10m_land/ne_10m_land.shp"", ""land_buffer_degrees"": 0.0, ""valid_geolocation_points"": 15232, ""land_points"": 0, ""water_points"": 15232, ""land_fraction"": 0.0, ""water_fraction"": 1.0, ""valid_pixels_before_land_mask"": 556560, ""valid_pixels_after_land_mask"": 556560, ""pixels_masked_by_land"": 0, ""valid_water_fraction"": 1.0, ""land_skip_threshold"": 0.99, ""min_water_fraction"": 0.01, ""skip_land_tiles"": true, ""skipped"": false, ""reason"": ""water_candidate"", ""message"": ""CFAR restrito aos pixels de água.""}",natural_earth_land_point_mask,-21.029107743412048,-40.21720065075014,14.420000076293945,8.479999542236328,3.109999895095825,1,P002,patch_0002_VV,,,"{""row"": 540, ""col"": 1092, ""row_resampled"": 180, ""col_resampled"": 364}",VV,"{""x0"": 1840, ""y0"": 0, ""x1"": 4160, ""y1"": 2160}","{""west"": -40.368660759525746, ""south"": -21.196849669131, ""east"": -40.10290394556886, ""north"": -20.954620338558318}",EPSG:4326,"[0.00010924210395578077, 0.0, -42.50996270290889, 0.0, -0.0001224201828423, -20.482657020286773, 0.0, 0.0, 1.0]",,cfar,,S1C_IW_GRDH_1SDV_20260810T081306_20260810T081331_008930_011B7A_86B1,2.8,,1.0,1.0,1.0,,,1.35,fallback
9,1.6667,"{""row_min"": 1695, ""row_max"": 1707, ""col_min"": 498, ""col_max"": 504}","{""x0"": 2000, ""y0"": 0, ""x1"": 4000, ""y1"": 2000}","{""west"": -40.350053665960395, ""south"": -21.17915971555488, ""east"": -40.117859805508694, ""north"": -20.95806314347632}",cfar,,,,,geolocation_grid,,"{""type"": ""Polygon"", ""coordinates"": [[[-40.1878204296696, -21.144820467325584], [-40.188381686794074, -21.144692029797408], [-40.18865331007303, -21.145761943789097], [-40.188092050027315, -21.145890382066305], [-40.1878204296696, -21.144820467325584]]]}",snap_geolocation_grid,patch_0002_VV_sigma0_preproc.tif,"{""row"": 1701, ""col"": 2341}",160,7,linear,0.0,"{""enabled"": true, ""applied"": true, ""status"": ""ok"", ""stage"": ""cfar_water_mask"", ""resampled_shape"": [720, 773], ""sample_shape"": [119, 128], ""sample_max_dim"": 128, ""available"": true, ""method"": ""natural_earth_land_point_mask"", ""bounds_lonlat"": {""west"": -40.350053665960395, ""south"": -21.17915971555488, ""east"": -40.117859805508694, ""north"": -20.95806314347632}, ""mask_path"": ""/content/sismom_colab_work_v2/sources/api/copernicus_meta_1-main/copernicus-platform/frontend/public/shapes/ne_10m_land/ne_10m_land.shp"", ""land_buffer_degrees"": 0.0, ""valid_geolocation_points"": 15232, ""land_points"": 0, ""water_points"": 15232, ""land_fraction"": 0.0, ""water_fraction"": 1.0, ""valid_pixels_before_land_mask"": 556560, ""valid_pixels_after_land_mask"": 556560, ""pixels_masked_by_land"": 0, ""valid_water_fraction"": 1.0, ""land_skip_threshold"": 0.99, ""min_water_fraction"": 0.01, ""skip_land_tiles"": true, ""skipped"": false, ""reason"": ""water_candidate"", ""message"": ""CFAR restrito aos pixels de água.""}",natural_earth_land_point_mask,-21.1452912057446,-40.18823686914101,10.9399995803833,1.850000023841858,-3.0,1,P002,patch_0002_VV,,,"{""row"": 1701, ""col"": 501, ""row_resampled"": 567, ""col_resampled"": 167}",VV,"{""x0"": 1840, ""y0"": 0, ""x1"": 4160, ""y1"": 2160}","{""west"": -40.368660759525746, ""south"": -21.196849669131, ""east"": -40.10290394556886, ""north"": -20.954620338558318}",EPSG:4326,"[0.00010924210395578077, 0.0, -42.50996270290889, 0.0, -0.0001224201828423, -20.482657020286773, 0.0, 0.0, 1.0]",,cfar,,S1C_IW_GRDH_1SDV_20260810T081306_20260810T081331_008930_011B7A_86B1,-3.17,,1.0,1.0,1.0,,,1.35,fallback
3,1.5,"{""row_min"": 537, ""row_max"": 540, ""col_min"": 1137, ""col_max"": 1143}","{""x0"": 4000, ""y0"": 0, ""x1"": 6000, ""y1"": 2000}","{""west"": -40.53699538437623, ""south"": -21.136230275141617, ""east"": -40.30475218702886, ""north"": -20.914969511581088}",cfar,,,,,geolocation_grid,,"{""type"": ""Polygon"", ""coordinates"": [[[-40.408218994017666, -20.98488085028077], [-40.40877953875946, -20.984751706420248], [-40.40884777043555, -20.985019090851477], [-40.40828722494109, -20.98514823492806], [-40.408218994017666, -20.98488085028077]]]}",snap_geolocation_grid,patch_0003_VV_sigma0_preproc.tif,"{""row"": 540, ""col"": 4980}",160,8,linear,0.0,"{""enabled"": true, ""applied"": true, ""status"": ""ok"", ""stage"": ""cfar_water_mask"", ""resampled_shape"": [720, 773], ""sample_shape"": [119, 128], ""sample_max_dim"": 128, ""available"": true, ""method"": ""natural_earth_land_point_mask"", ""bounds_lonlat"": {""west"": -40.53699538437623, ""south"": -21.136230275141617, ""east"": -40.30475218702886, ""north"": -20.914969511581088}, ""mask_path"": ""/content/sismom_colab_work_v2/sources/api/copernicus_meta_1-main/copernicus-platform/frontend/public/shapes/ne_10m_land/ne_10m_land.shp"", ""land_buffer_degrees"": 0.0, ""valid_geolocation_points"": 15232, ""land_points"": 0, ""water_points"": 15232, ""land_fraction"": 0.0, ""water_fraction"": 1.0, ""valid_pixels_before_land_mask"": 556560, ""valid_pixels_after_land_mask"": 556560, ""pixels_masked_by_land"": 0, ""valid_water_fraction"": 1.0, ""land_skip_threshold"": 0.99, ""min_water_fraction"": 0.01, ""skip_land_tiles"": true, ""skipped"": false, ""reason"": ""water_candidate"", ""message"": ""CFAR restrito aos pixels de água.""}",natural_earth_land_point_mask,-20.98508366288977,-40.408567497688324,-3.740000009536743,-5.349999904632568,-6.25,2,P003,patch_0003_VV,,,"{""row"": 540, ""col"": 1140, ""row_resampled"": 180, ""col_resampled"": 380}",VV,"{""x0"": 3840, ""y0"": 0, ""x1"": 6160, ""y1"": 2160}","{""west"": -40.55561349281995, ""south"": -21.153937050448807, ""east"": -40.28980792153715, ""north"": -20.91151639383461}",EPSG:4326,"[0.00010924210395578077, 0.0, -42.29147849499732, 0.0, -0.0001224201828423, -20.482657020286773, 0.0, 0.0, 1.0]",,cfar,,S1C_IW_GRDH_1SDV_20260810T081306_20260810T081331_008930_011B7A_86B1,-8.35,,1.0,1.0,1.0,,,1.35,fallback
7,1.3333,"{""row_min"": 156, ""row_max"": 165, ""col_min"": 975, ""col_max"": 981}","{""x0"": 8000, ""y0"": 0, ""x1"": 10000, ""y1"": 2000}","{""west"": -40.911731636334515, ""south"": -21.049745703846295, ""east"": -40.6781925904389, ""north"": -20.826433974345843}",cfar,,,,,geolocation_grid,,"{""type"": ""Polygon"", ""coordinates"": [[[-40.7578047978232, -20.86785895168314], [-40.75836463360262, -20.867728674323367], [-40.758570784465185, -20.868530395278455], [-40.758010946373304, -20.868660673329643], [-40.7578047978232, -20.86785895168314]]]}",snap_geolocation_grid,patch_0005_VV_sigma0_preproc.tif,"{""row"": 162, ""col"": 8818}",160,9,linear,0.5123424369747899,"{""enabled"": true, ""applied"": true, ""status"": ""ok"", ""stage"": ""cfar_water_mask"", ""resampled_shape"": [720, 773], ""sample_shape"": [119, 128], ""sample_max_dim"": 128, ""available"": true, ""method"": ""natural_earth_land_point_mask"", ""bounds_lonlat"": {""west"": -40.911731636334515, ""south"": -21.049745703846295, ""east"": -40.6781925904389, ""north"": -20.826433974345843}, ""mask_path"": ""/content/sismom_colab_work_v2/sources/api/copernicus_meta_1-main/copernicus-platform/frontend/public/shapes/ne_10m_land/ne_10m_land.shp"", ""land_buffer_degrees"": 0.0, ""valid_geolocation_points"": 15232, ""land_points"": 7804, ""water_points"": 7428, ""land_fraction"": 0.5123424369747899, ""water_fraction"": 0.4876575630252101, ""valid_pixels_before_land_mask"": 556560, ""valid_pixels_after_land_mask"": 271494, ""pixels_masked_by_land"": 285066, ""valid_water_fraction"": 0.4878072445019405, ""land_skip_threshold"": 0.99, ""min_water_fraction"": 0.01, ""skip_land_tiles"": true, ""skipped"": false, ""reason"": ""water_candidate"", ""message"": ""CFAR restrito aos pixels de água.""}",natural_earth_land_point_mask,-20.868328293870448,-40.758222148850464,-1.3600000143051147,-3.440000057220459,-5.269999980926514,4,P005,patch_0005_VV,,,"{""row"": 162, ""col"": 978, ""row_resampled"": 54, ""col_resampled"": 326}",VV,"{""x0"": 7840, ""y0"": 0, ""x1"": 10160, ""y1"": 2160}","{""west"": -40.93042583289566, ""south"": -21.067474275664754, ""east"": -40.663264696854874, ""north"": -20.822692999693096}",EPSG:4326,"[0.00010924210395578077, 0.0, -41.8545100791742, 0.0, -0.0001224201828423, -20.482657020286773, 0.0, 0.0, 1.0]",,cfar,,S1C_IW_GRDH_1SDV_20260810T081306_20260810T081331_008930_011B7A_86B1,-5.52,,1.0,0.4878072445019405,0.4876575630252101,,,1.35,fallback
3,3.0,"{""row_min"": 264, ""row_max"": 270, ""col_min"": 963, ""col_max"": 963}","{""x0"": 8000, ""y0"": 0, ""x1"": 10000, ""y1"": 2000}","{""west"": -40.911731636334515, ""south"": -21.049745703846295, ""east"": -40.6781925904389, ""north"": -20.826433974345843}",cfar,,,,,geolocation_grid,,"{""type"": ""Polygon"", ""coordinates"": [[[-40.75915885339533, -20.877740182754696], [-40.75915885339533, -20.877740182754696], [-40.75929628268294, -20.878274664774253], [-40.75929628268294, -20.878274664774253], [-40.75915885339533, -20.877740182754696]]]}",snap_geolocation_grid,patch_0005_VV_sigma0_preproc.tif,"{""row"": 267, ""col"": 8803}",160,10,linear,0.5123424369747899,"{""enabled"": true, ""applied"": true, ""status"": ""ok"", ""stage"": ""cfar_water_mask"", ""resampled_shape"": [720, 773], ""sample_shape"": [119, 128], ""sample_max_dim"": 128, ""available"": true, ""method"": ""natural_earth_land_point_mask"", ""bounds_lonlat"": {""west"": -40.911731636334515, ""south"": -21.049745703846295, ""east"": -40.6781925904389, ""north"": -20.826433974345843}, ""mask_path"": ""/content/sismom_colab_work_v2/sources/api/copernicus_meta_1-main/copernicus-platform/frontend/public/shapes/ne_10m_land/ne_10m_land.shp"", ""land_buffer_degrees"": 0.0, ""valid_geolocation_points"": 15232, ""land_points"": 7804, ""water_points"": 7428, ""land_fraction"": 0.5123424369747899, ""water_fraction"": 0.4876575630252101, ""valid_pixels_before_land_mask"": 556560, ""valid_pixels_after_land_mask"": 271494, ""pixels_masked_by_land"": 285066, ""valid_water_fraction"": 0.4878072445019405, ""land_skip_threshold"": 0.99, ""min_water_fraction"": 0.01, ""skip_land_tiles"": true, ""skipped"": false, ""reason"": ""water_candidate"", ""message"": ""CFAR restrito aos pixels de água.""}",natural_earth_land_point_mask,-20.878007423764473,-40.75922756803913,1.4700000286102295,-1.1399999856948853,-2.8299999237060547,4,P005,patch_0005_VV,,,"{""row"": 267, ""col"": 963, ""row_resampled"": 89, ""col_resampled"": 321}",VV,"{""x0"": 7840, ""y0"": 0, ""x1"": 10160, ""y1"": 2160}","{""west"": -40.93042583289566, ""south"": -21.067474275664754, ""east"": -40.663264696854874, ""north"": -20.822692999693096}",EPSG:4326,"[0.00010924210395578077, 0.0, -41.8545100791742, 0.0, -0.0001224201828423, -20.482657020286773, 0.0, 0.0, 1.0]",,cfar,,S1C_IW_GRDH_1SDV_20260810T081306_20260810T081331_008930_011B7A_86B1,-4.55,,1.0,0.4878072445019405,0.4876575630252101,,,1.35,fallback
3,1.5,"{""row_min"": 276, ""row_max"": 279, ""col_min"": 951, ""col_max"": 957}","{""x0"": 8000, ""y0"": 0, ""x1"": 10000, ""y1"": 2000}","{""west"": -40.911731636334515, ""south"": -21.049745703846295, ""east"": -40.6781925904389, ""north"": -20.826433974345843}",cfar,,,,,geolocation_grid,,"{""type"": ""Polygon"", ""coordinates"": [[[-40.75831397859304, -20.879069719951122], [-40.75887384530732, -20.878939433372462], [-40.7589425591803, -20.879206674612714], [-40.7583826916952, -20.879336961421846], [-40.75831397859304, -20.879069719951122]]]}",snap_geolocation_grid,patch_0005_VV_sigma0_preproc.tif,"{""row"": 276, ""col"": 8794}",160,11,linear,0.5123424369747899,"{""enabled"": true, ""applied"": true, ""status"": ""ok"", ""stage"": ""cfar_water_mask"", ""resampled_shape"": [720, 773], ""sample_shape"": [119, 128], ""sample_max_dim"": 128, ""available"": true, ""method"": ""natural_earth_land_point_mask"", ""bounds_lonlat"": {""west"": -40.911731636334515, ""south"": -21.049745703846295, ""east"": -40.6781925904389, ""north"": -20.826433974345843}, ""mask_path"": ""/content/sismom_colab_work_v2/sources/api/copernicus_meta_1-main/copernicus-platform/frontend/public/shapes/ne_10m_land/ne_10m_land.shp"", ""land_buffer_degrees"": 0.0, ""valid_geolocation_points"": 15232, ""land_points"": 7804, ""water_points"": 7428, ""land_fraction"": 0.5123424369747899, ""water_fraction"": 0.4876575630252101, ""valid_pixels_before_land_mask"": 556560, ""valid_pixels_after_land_mask"": 271494, ""pixels_masked_by_land"": 285066, ""valid_water_fraction"": 0.4878072445019405, ""land_skip_threshold"": 0.99, ""min_water_fraction"": 0.01, ""skip_land_tiles"": true, ""skipped"": false, ""reason"": ""water_candidate"", ""message"": ""CFAR restrito aos pixels de água.""}",natural_earth_land_point_mask,-20.879004576661792,-40.75859391195017,-3.5,-3.809999942779541,-4.289999961853027,4,P005,patch_0005_VV,,,"{""row"": 276, ""col"": 954, ""row_resampled"": 92, ""col_resampled"": 318}",VV,"{""x0"": 7840, ""y0"": 0, ""x1"": 10160, ""y1"": 2160}","{""west"": -40.93042583289566, ""south"": -21.067474275664754, ""east"": -40.663264696854874, ""north"": -20.822692999693096}",EPSG:4326,"[0.00010924210395578077, 0.0, -41.8545100791742, 0.0, -0.0001224201828423, -20.482657020286773, 0.0, 0.0, 1.0]",,cfar,,S1C_IW_GRDH_1SDV_20260810T081306_20260810T081331_008930_011B7A_86B1,-4.28,,1.0,0.4878072445019405,0.4876575630252101,,,1.35,fallback
81,1.2667,"{""row_min"": 741, ""row_max"": 795, ""col_min"": 759, ""col_max"": 801}","{""x0"": 8000, ""y0"": 0, ""x1"": 10000, ""y1"": 2000}","{""west"": -40.911731636334515, ""south"": -21.049745703846295, ""east"": -40.6781925904389, ""north"": -20.826433974345843}",cfar,,,,,geolocation_grid,,"{""type"": ""Polygon"", ""coordinates"": [[[-40.7510449486269, -20.92466246157155], [-40.75496485322621, -20.923750205458745], [-40.75620134227755, -20.928560655644176], [-40.75228134055568, -20.92947294079646], [-40.7510449486269, -20.92466246157155]]]}",snap_geolocation_grid,patch_0005_VV_sigma0_preproc.tif,"{""row"": 768, ""col"": 8620}",160,12,linear,0.5123424369747899,"{""enabled"": true, ""applied"": true, ""status"": ""ok"", ""stage"": ""cfar_water_mask"", ""resampled_shape"": [720, 773], ""sample_shape"": [119, 128], ""sample_max_dim"": 128, ""available"": true, ""method"": ""natural_earth_land_point_mask"", ""bounds_lonlat"": {""west"": -40.911731636334515, ""south"": -21.049745703846295, ""east"": -40.6781925904389, ""north"": -20.826433974345843}, ""mask_path"": ""/content/sismom_colab_work_v2/sources/api/copernicus_meta_1-main/copernicus-platform/frontend/public/shapes/ne_10m_land/ne_10m_land.shp"", ""land_buffer_degrees"": 0.0, ""valid_geolocation_points"": 15232, ""land_points"": 7804, ""water_points"": 7428, ""land_fraction"": 0.5123424369747899, ""water_fraction"": 0.4876575630252101, ""valid_pixels_before_land_mask"": 556560, ""valid_pixels_after_land_mask"": 271494, ""pixels_masked_by_land"": 285066, ""valid_water_fraction"": 0.4878072445019405, ""land_skip_threshold"": 0.99, ""min_water_fraction"": 0.01, ""skip_land_tiles"": true, ""skipped"": false, ""reason"": ""water_candidate"", ""message"": ""CFAR restrito aos pixels de água.""}",natural_earth_land_point_mask,-20.926611565867734,-40.75362312121907,-2.130000114440918,-6.449999809265137,-9.050000190734863,4,P005,patch_0005_VV,,,"{""row"": 768, ""col"": 780, ""row_resampled"": 256, ""col_resampled"": 260}",VV,"{""x0"": 7840, ""y0"": 0, ""x1"": 10160, ""y1"": 2160}","{""west"": -40.93042583289566, ""south"": -21.067474275664754, ""east"": -40.663264696854874, ""north"": -20.822692999693096}",EPSG:4326,"[0.00010924210395578077, 0.0, -41.8545100791742, 0.0, -0.0001224201828423, -20.482657020286773, 0.0, 0.0, 1.0]",,cfar,,S1C_IW_GRDH_1SDV_20260810T081306_20260810T081331_008930_011B7A_86B1,-8.82,,1.0,0.4878072445019405,0.4876575630252101,,,1.35,fallback
3,3.0,"{""row_min"": 1641, ""row_max"": 1647, ""col_min"": 906, ""col_max"": 906}","{""x0"": 8000, ""y0"": 0, ""x1"": 10000, ""y1"": 2000}","{""west"": -40.911731636334515, ""south"": -21.049745703846295, ""east"": -40.6781925904389, ""north"": -20.826433974345843}",cfar,,,,,geolocation_grid,,"{""type"": ""Polygon"", ""coordinates"": [[[-40.785376810746975, -21.001642524955464], [-40.785376810746975, -21.001642524955464], [-40.78551422538868, -21.00217701135399], [-40.78551422538868, -21.00217701135399], [-40.785376810746975, -21.001642524955464]]]}",snap_geolocation_grid,patch_0005_VV_sigma0_preproc.tif,"{""row"": 1644, ""col"": 8746}",160,13,linear,0.5123424369747899,"{""enabled"": true, ""applied"": true, ""status"": ""ok"", ""stage"": ""cfar_water_mask"", ""resampled_shape"": [720, 773], ""sample_shape"": [119, 128], ""sample_max_dim"": 128, ""available"": true, ""method"": ""natural_earth_land_point_mask"", ""bounds_lonlat"": {""west"": -40.911731636334515, ""south"": -21.049745703846295, ""east"": -40.6781925904389, ""north"": -20.826433974345843}, ""mask_path"": ""/content/sismom_colab_work_v2/sources/api/copernicus_meta_1-main/copernicus-platform/frontend/public/shapes/ne_10m_land/ne_10m_land.shp"", ""land_buffer_degrees"": 0.0, ""valid_geolocation_points"": 15232, ""land_points"": 7804, ""water_points"": 7428, ""land_fraction"": 0.5123424369747899, ""water_fraction"": 0.4876575630252101, ""valid_pixels_before_land_mask"": 556560, ""valid_pixels_after_land_mask"": 271494, ""pixels_masked_by_land"": 285066, ""valid_water_fraction"": 0.4878072445019405, ""land_skip_threshold"": 0.99, ""min_water_fraction"": 0.01, ""skip_land_tiles"": true, ""skipped"": false, ""reason"": ""water_candidate"", ""message"": ""CFAR restrito aos pixels de água.""}",natural_earth_land_point_mask,-21.00190976815473,-40.78544551806784,-6.510000228881836,-7.28000020980835,-7.659999847412109,4,P005,patch_0005_VV,,,"{""row"": 1644, ""col"": 906, ""row_resampled"": 548, ""col_resampled"": 302}",VV,"{""x0"": 7840, ""y0"": 0, ""x1"": 10160, ""y1"": 2160}","{""west"": -40.93042583289566, ""south"": -21.067474275664754, ""east"": -40.663264696854874, ""north"": -20.822692999693096}",EPSG:4326,"[0.00010924210395578077, 0.0, -41.8545100791742, 0.0, -0.0001224201828423, -20.482657020286773, 0.0, 0.0, 1.0]",,cfar,,S1C_IW_GRDH_1SDV_20260810T081306_20260810T081331_008930_011B7A_86B1,-12.47,,1.0,0.4878072445019405,0.4876575630252101,,,1.35,fallback
8,3.0,"{""row_min"": 510, ""row_max"": 525, ""col_min"": 675, ""col_max"": 678}","{""x0"": 0, ""y0"": 2000, ""x1"": 2000, ""y1"": 4000}","{""west"": -40.20840267990937, ""south"": -21.400249224305526, ""east"": -39.97595587999069, ""north"": -21.179270275474416}",cfar,,,,,geolocation_grid,,"{""type"": ""Polygon"", ""coordinates"": [[[-40.047049373173806, -21.238787205646872], [-40.04733019739854, -21.238723156374853], [-40.04766963101306, -21.240060677524898], [-40.04738880450278, -21.240124727373104], [-40.047049373173806, -21.238787205646872]]]}",snap_geolocation_grid,patch_0014_VV_sigma0_preproc.tif,"{""row"": 2356, ""col"": 678}",160,14,linear,0.0,"{""enabled"": true, ""applied"": true, ""status"": ""ok"", ""stage"": ""cfar_water_mask"", ""resampled_shape"": [773, 720], ""sample_shape"": [128, 119], ""sample_max_dim"": 128, ""available"": true, ""method"": ""natural_earth_land_point_mask"", ""bounds_lonlat"": {""west"": -40.20840267990937, ""south"": -21.400249224305526, ""east"": -39.97595587999069, ""north"": -21.179270275474416}, ""mask_path"": ""/content/sismom_colab_work_v2/sources/api/copernicus_meta_1-main/copernicus-platform/frontend/public/shapes/ne_10m_land/ne_10m_land.shp"", ""land_buffer_degrees"": 0.0, ""valid_geolocation_points"": 15232, ""land_points"": 0, ""water_points"": 15232, ""land_fraction"": 0.0, ""water_fraction"": 1.0, ""valid_pixels_before_land_mask"": 525640, ""valid_pixels_after_land_mask"": 525640, ""pixels_masked_by_land"": 0, ""valid_water_fraction"": 1.0, ""land_skip_threshold"": 0.99, ""min_water_fraction"": 0.01, ""skip_land_tiles"": true, ""skipped"": false, ""reason"": ""water_candidate"", ""message"": ""CFAR restrito aos pixels de água.""}",natural_earth_land_point_mask,-21.239258164834876,-40.04746597084412,9.819999694824219,8.1899995803833,6.519999980926514,13,P014,patch_0014_VV,,,"{""row"": 516, ""col"": 678, ""row_resampled"": 172, ""col_resampled"": 226}",VV,"{""x0"": 0, ""y0"": 1840, ""x1"": 2160, ""y1"": 4160}","{""west"": -40.22702974494145, ""south"": -21.414516528131784, ""east"": -39.97234253971972, ""north"": -21.16158059338302}",EPSG:4326,"[0.00010924210395578077, 0.0, -42.71096817418752, 0.0, -0.0001224201828423, -20.707910156716604, 0.0, 0.0, 1.0]",,cfar,,S1C_IW_GRDH_1SDV_20260810T081306_20260810T081331_008930_011B7A_86B1,6.2,,1.0,1.0,1.0,,,1.35,fallback
5,1.0,"{""row_min"": 531, ""row_max"": 537, ""col_min"": 678, ""col_max"": 684}","{""x0"": 0, ""y0"": 2000, ""x1"": 2000, ""y1"": 4000}","{""west"": -40.20840267990937, ""south"": -21.400249224305526, ""east"": -39.97595587999069, ""north"": -21.179270275474416}",cfar,,,,,geolocation_grid,,"{""type"": ""Polygon"", ""coordinates"": [[[-40.04780540445902, -21.240595685984918], [-40.048367059308035, -21.240467585827577], [-40.048502834582436, -21.24100259382665], [-40.04794117790498, -21.241130694444934], [-40.04780540445902, -21.240595685984918]]]}",snap_geolocation_grid,patch_0014_VV_sigma0_preproc.tif,"{""row"": 2374, ""col"": 681}",160,15,linear,0.0,"{""enabled"": true, ""applied"": true, ""status"": ""ok"", ""stage"": ""cfar_water_mask"", ""resampled_shape"": [773, 720], ""sample_shape"": [128, 119], ""sample_max_dim"": 128, ""available"": true, ""method"": ""natural_earth_land_point_mask"", ""bounds_lonlat"": {""west"": -40.20840267990937, ""south"": -21.400249224305526, ""east"": -39.97595587999069, ""north"": -21.179270275474416}, ""mask_path"": ""/content/sismom_colab_work_v2/sources/api/copernicus_meta_1-main/copernicus-platform/frontend/public/shapes/ne_10m_land/ne_10m_land.shp"", ""land_buffer_degrees"": 0.0, ""valid_geolocation_points"": 15232, ""land_points"": 0, ""water_points"": 15232, ""land_fraction"": 0.0, ""water_fraction"": 1.0, ""valid_pixels_before_land_mask"": 525640, ""valid_pixels_after_land_mask"": 525640, ""pixels_masked_by_land"": 0, ""valid_water_fraction"": 1.0, ""land_skip_threshold"": 0.99, ""min_water_fraction"": 0.01, ""skip_land_tiles"": true, ""skipped"": false, ""reason"": ""water_candidate"", ""message"": ""CFAR restrito aos pixels de água.""}",natural_earth_land_point_mask,-21.240799140021018,-40.04815411906362,10.199999809265137,7.880000114440918,6.480000019073486,13,P014,patch_0014_VV,,,"{""row"": 534, ""col"": 681, ""row_resampled"": 178, ""col_resampled"": 227}",VV,"{""x0"": 0, ""y0"": 1840, ""x1"": 2160, ""y1"": 4160}","{""west"": -40.22702974494145, ""south"": -21.414516528131784, ""east"": -39.97234253971972, ""north"": -21.16158059338302}",EPSG:4326,"[0.00010924210395578077, 0.0, -42.71096817418752, 0.0, -0.0001224201828423, -20.707910156716604, 0.0, 0.0, 1.0]",,cfar,,S1C_IW_GRDH_1SDV_20260810T081306_20260810T081331_008930_011B7A_86B1,6.14,,1.0,1.0,1.0,,,1.35,fallback
11,1.0,"{""row_min"": 537, ""row_max"": 546, ""col_min"": 495, ""col_max"": 504}","{""x0"": 0, ""y0"": 2000, ""x1"": 2000, ""y1"": 4000}","{""west"": -40.20840267990937, ""south"": -21.400249224305526, ""east"": -39.97595587999069, ""north"": -21.179270275474416}",cfar,,,,,geolocation_grid,,"{""type"": ""Polygon"", ""coordinates"": [[[-40.03081064950463, -21.245037763302708], [-40.03165313446259, -21.24484561237528], [-40.03185671509383, -21.245648145116373], [-40.031014226021824, -21.24584029708093], [-40.03081064950463, -21.245037763302708]]]}",snap_geolocation_grid,patch_0014_VV_sigma0_preproc.tif,"{""row"": 2380, ""col"": 498}",160,16,linear,0.0,"{""enabled"": true, ""applied"": true, ""status"": ""ok"", ""stage"": ""cfar_water_mask"", ""resampled_shape"": [773, 720], ""sample_shape"": [128, 119], ""sample_max_dim"": 128, ""available"": true, ""method"": ""natural_earth_land_point_mask"", ""bounds_lonlat"": {""west"": -40.20840267990937, ""south"": -21.400249224305526, ""east"": -39.97595587999069, ""north"": -21.179270275474416}, ""mask_path"": ""/content/sismom_colab_work_v2/sources/api/copernicus_meta_1-main/copernicus-platform/frontend/public/shapes/ne_10m_land/ne_10m_land.shp"", ""land_buffer_degrees"": 0.0, ""valid_geolocation_points"": 15232, ""land_points"": 0, ""water_points"": 15232, ""land_fraction"": 0.0, ""water_fraction"": 1.0, ""valid_pixels_before_land_mask"": 525640, ""valid_pixels_after_land_mask"": 525640, ""pixels_masked_by_land"": 0, ""valid_water_fraction"": 1.0, ""land_skip_threshold"": 0.99, ""min_water_fraction"": 0.01, ""skip_land_tiles"": true, ""skipped"": false, ""reason"": ""water_candidate"", ""message"": ""CFAR restrito aos pixels de água.""}",natural_earth_land_point_mask,-21.245241224137736,-40.03115933712014,10.199999809265137,3.680000066757202,-2.490000009536743,13,P014,patch_0014_VV,,,"{""row"": 540, ""col"": 498, ""row_resampled"": 180, ""col_resampled"": 166}",VV,"{""x0"": 0, ""y0"": 1840, ""x1"": 2160, ""y1"": 4160}","{""west"": -40.22702974494145, ""south"": -21.414516528131784, ""east"": -39.97234253971972, ""north"": -21.16158059338302}",EPSG:4326,"[0.00010924210395578077, 0.0, -42.71096817418752, 0.0, -0.0001224201828423, -20.707910156716604, 0.0, 0.0, 1.0]",,cfar,,S1C_IW_GRDH_1SDV_20260810T081306_20260810T081331_008930_011B7A_86B1,-3.85,,1.0,1.0,1.0,,,1.35,fallback
8,1.6667,"{""row_min"": 573, ""row_max"": 585, ""col_min"": 354, ""col_max"": 360}","{""x0"": 0, ""y0"": 2000, ""x1"": 2000, ""y1"": 4000}","{""west"": -40.20840267990937, ""south"": -21.400249224305526, ""east"": -39.97595587999069, ""north"": -21.179270275474416}",cfar,,,,,geolocation_grid,,"{""type"": ""Polygon"", ""coordinates"": [[[-40.01842576758716, -21.25125832793848], [-40.01898743510941, -21.251130224554526], [-40.019258788185965, -21.252200290334645], [-40.01869711700677, -21.252328394640482], [-40.01842576758716, -21.25125832793848]]]}",snap_geolocation_grid,patch_0014_VV_sigma0_preproc.tif,"{""row"": 2419, ""col"": 357}",160,17,linear,0.0,"{""enabled"": true, ""applied"": true, ""status"": ""ok"", ""stage"": ""cfar_water_mask"", ""resampled_shape"": [773, 720], ""sample_shape"": [128, 119], ""sample_max_dim"": 128, ""available"": true, ""method"": ""natural_earth_land_point_mask"", ""bounds_lonlat"": {""west"": -40.20840267990937, ""south"": -21.400249224305526, ""east"": -39.97595587999069, ""north"": -21.179270275474416}, ""mask_path"": ""/content/sismom_colab_work_v2/sources/api/copernicus_meta_1-main/copernicus-platform/frontend/public/shapes/ne_10m_land/ne_10m_land.shp"", ""land_buffer_degrees"": 0.0, ""valid_geolocation_points"": 15232, ""land_points"": 0, ""water_points"": 15232, ""land_fraction"": 0.0, ""water_fraction"": 1.0, ""valid_pixels_before_land_mask"": 525640, ""valid_pixels_after_land_mask"": 525640, ""pixels_masked_by_land"": 0, ""valid_water_fraction"": 1.0, ""land_skip_threshold"": 0.99, ""min_water_fraction"": 0.01, ""skip_land_tiles"": true, ""skipped"": false, ""reason"": ""water_candidate"", ""message"": ""CFAR restrito aos pixels de água.""}",natural_earth_land_point_mask,-21.25172930936703,-40.01884227697206,9.109999656677246,2.0199999809265137,-3.180000066757202,13,P014,patch_0014_VV,,,"{""row"": 579, ""col"": 357, ""row_resampled"": 193, ""col_resampled"": 119}",VV,"{""x0"": 0, ""y0"": 1840, ""x1"": 2160, ""y1"": 4160}","{""west"": -40.22702974494145, ""south"": -21.414516528131784, ""east"": -39.97234253971972, ""north"": -21.16158059338302}",EPSG:4326,"[0.00010924210395578077, 0.0, -42.71096817418752, 0.0, -0.0001224201828423, -20.707910156716604, 0.0, 0.0, 1.0]",,cfar,,S1C_IW_GRDH_1SDV_20260810T081306_20260810T081331_008930_011B7A_86B1,-4.16,,1.0,1.0,1.0,,,1.35,fallback
4,4.0,"{""row_min"": 858, ""row_max"": 867, ""col_min"": 564, ""col_max"": 564}","{""x0"": 0, ""y0"": 2000, ""x1"": 2000, ""y1"": 4000}","{""west"": -40.20840267990937, ""south"": -21.400249224305526, ""east"": -39.97595587999069, ""north"": -21.179270275474416}",cfar,,,,,geolocation_grid,,"{""type"": ""Polygon"", ""coordinates"": [[[-40.04453172190756, -21.27218802735311], [-40.04453172190756, -21.27218802735311], [-40.04473532997045, -21.272990553180044], [-40.04473532997045, -21.272990553180044], [-40.04453172190756, -21.27218802735311]]]}",snap_geolocation_grid,patch_0014_VV_sigma0_preproc.tif,"{""row"": 2704, ""col"": 564}",160,18,linear,0.0,"{""enabled"": true, ""applied"": true, ""status"": ""ok"", ""stage"": ""cfar_water_mask"", ""resampled_shape"": [773, 720], ""sample_shape"": [128, 119], ""sample_max_dim"": 128, ""available"": true, ""method"": ""natural_earth_land_point_mask"", ""bounds_lonlat"": {""west"": -40.20840267990937, ""south"": -21.400249224305526, ""east"": -39.97595587999069, ""north"": -21.179270275474416}, ""mask_path"": ""/content/sismom_colab_work_v2/sources/api/copernicus_meta_1-main/copernicus-platform/frontend/public/shapes/ne_10m_land/ne_10m_land.shp"", ""land_buffer_degrees"": 0.0, ""valid_geolocation_points"": 15232, ""land_points"": 0, ""water_points"": 15232, ""land_fraction"": 0.0, ""water_fraction"": 1.0, ""valid_pixels_before_land_mask"": 525640, ""valid_pixels_after_land_mask"": 525640, ""pixels_masked_by_land"": 0, ""valid_water_fraction"": 1.0, ""land_skip_threshold"": 0.99, ""min_water_fraction"": 0.01, ""skip_land_tiles"": true, ""skipped"": false, ""reason"": ""water_candidate"", ""message"": ""CFAR restrito aos pixels de água.""}",natural_earth_land_point_mask,-21.272723044571066,-40.044667460616154,4.300000190734863,3.0399999618530273,1.7200000286102295,13,P014,patch_0014_VV,,,"{""row"": 864, ""col"": 564, ""row_resampled"": 288, ""col_resampled"": 188}",VV,"{""x0"": 0, ""y0"": 1840, ""x1"": 2160, ""y1"": 4160}","{""west"": -40.22702974494145, ""south"": -21.414516528131784, ""east"": -39.97234253971972, ""north"": -21.16158059338302}",EPSG:4326,"[0.00010924210395578077, 0.0, -42.71096817418752, 0.0, -0.0001224201828423, -20.707910156716604, 0.0, 0.0, 1.0]",,cfar,,S1C_IW_GRDH_1SDV_20260810T081306_20260810T081331_008930_011B7A_86B1,-5.23,,1.0,1.0,1.0,,,1.35,fallback
7,1.6667,"{""row_min"": 1050, ""row_max"": 1062, ""col_min"": 885, ""col_max"": 891}","{""x0"": 0, ""y0"": 2000, ""x1"": 2000, ""y1"": 4000}","{""west"": -40.20840267990937, ""south"": -21.400249224305526, ""east"": -39.97595587999069, ""north"": -21.179270275474416}",cfar,,,,,geolocation_grid,,"{""type"": ""Polygon"", ""coordinates"": [[[-40.07893235534833, -21.282453086775615], [-40.07949416828324, -21.282324946746602], [-40.07976584499793, -21.2833949309396], [-40.07920402840621, -21.283523071890503], [-40.07893235534833, -21.282453086775615]]]}",snap_geolocation_grid,patch_0014_VV_sigma0_preproc.tif,"{""row"": 2896, ""col"": 888}",160,19,linear,0.0,"{""enabled"": true, ""applied"": true, ""status"": ""ok"", ""stage"": ""cfar_water_mask"", ""resampled_shape"": [773, 720], ""sample_shape"": [128, 119], ""sample_max_dim"": 128, ""available"": true, ""method"": ""natural_earth_land_point_mask"", ""bounds_lonlat"": {""west"": -40.20840267990937, ""south"": -21.400249224305526, ""east"": -39.97595587999069, ""north"": -21.179270275474416}, ""mask_path"": ""/content/sismom_colab_work_v2/sources/api/copernicus_meta_1-main/copernicus-platform/frontend/public/shapes/ne_10m_land/ne_10m_land.shp"", ""land_buffer_degrees"": 0.0, ""valid_geolocation_points"": 15232, ""land_points"": 0, ""water_points"": 15232, ""land_fraction"": 0.0, ""water_fraction"": 1.0, ""valid_pixels_before_land_mask"": 525640, ""valid_pixels_after_land_mask"": 525640, ""pixels_masked_by_land"": 0, ""valid_water_fraction"": 1.0, ""land_skip_threshold"": 0.99, ""min_water_fraction"": 0.01, ""skip_land_tiles"": true, ""skipped"": false, ""reason"": ""water_candidate"", ""message"": ""CFAR restrito aos pixels de água.""}",natural_earth_land_point_mask,-21.28292400908808,-40.07934909925893,0.2199999988079071,-2.569999933242798,-5.269999980926514,13,P014,patch_0014_VV,,,"{""row"": 1056, ""col"": 888, ""row_resampled"": 352, ""col_resampled"": 296}",VV,"{""x0"": 0, ""y0"": 1840, ""x1"": 2160, ""y1"": 4160}","{""west"": -40.22702974494145, ""south"": -21.414516528131784, ""east"": -39.97234253971972, ""north"": -21.16158059338302}",EPSG:4326,"[0.00010924210395578077, 0.0, -42.71096817418752, 0.0, -0.0001224201828423, -20.707910156716604, 0.0, 0.0, 1.0]",,cfar,,S1C_IW_GRDH_1SDV_20260810T081306_20260810T081331_008930_011B7A_86B1,-5.38,,1.0,1.0,1.0,,,1.35,fallback
8,1.0,"{""row_min"": 1197, ""row_max"": 1203, ""col_min"": 165, ""col_max"": 171}","{""x0"": 0, ""y0"": 2000, ""x1"": 2000, ""y1"": 4000}","{""west"": -40.20840267990937, ""south"": -21.400249224305526, ""east"": -39.97595587999069, ""north"": -21.179270275474416}",cfar,,,,,geolocation_grid,,"{""type"": ""Polygon"", ""coordinates"": [[[-40.01483742368585, -21.31093856309021], [-40.01539928114845, -21.310810411768067], [-40.01553490009168, -21.311345459177865], [-40.0149730408006, -21.311473610960952], [-40.01483742368585, -21.31093856309021]]]}",snap_geolocation_grid,patch_0014_VV_sigma0_preproc.tif,"{""row"": 3040, ""col"": 168}",160,20,linear,0.0,"{""enabled"": true, ""applied"": true, ""status"": ""ok"", ""stage"": ""cfar_water_mask"", ""resampled_shape"": [773, 720], ""sample_shape"": [128, 119], ""sample_max_dim"": 128, ""available"": true, ""method"": ""natural_earth_land_point_mask"", ""bounds_lonlat"": {""west"": -40.20840267990937, ""south"": -21.400249224305526, ""east"": -39.97595587999069, ""north"": -21.179270275474416}, ""mask_path"": ""/content/sismom_colab_work_v2/sources/api/copernicus_meta_1-main/copernicus-platform/frontend/public/shapes/ne_10m_land/ne_10m_land.shp"", ""land_buffer_degrees"": 0.0, ""valid_geolocation_points"": 15232, ""land_points"": 0, ""water_points"": 15232, ""land_fraction"": 0.0, ""water_fraction"": 1.0, ""valid_pixels_before_land_mask"": 525640, ""valid_pixels_after_land_mask"": 525640, ""pixels_masked_by_land"": 0, ""valid_water_fraction"": 1.0, ""land_skip_threshold"": 0.99, ""min_water_fraction"": 0.01, ""skip_land_tiles"": true, ""skipped"": false, ""reason"": ""water_candidate"", ""message"": ""CFAR restrito aos pixels de água.""}",natural_earth_land_point_mask,-21.311142011249274,-40.01518616143164,13.5600004196167,8.020000457763672,4.849999904632568,13,P014,patch_0014_VV,,,"{""row"": 1200, ""col"": 168, ""row_resampled"": 400, ""col_resampled"": 56}",VV,"{""x0"": 0, ""y0"": 1840, ""x1"": 2160, ""y1"": 4160}","{""west"": -40.22702974494145, ""south"": -21.414516528131784, ""east"": -39.97234253971972, ""north"": -21.16158059338302}",EPSG:4326,"[0.00010924210395578077, 0.0, -42.71096817418752, 0.0, -0.0001224201828423, -20.707910156716604, 0.0, 0.0, 1.0]",,cfar,,S1C_IW_GRDH_1SDV_20260810T081306_20260810T081331_008930_011B7A_86B1,3.48,,1.0,1.0,1.0,,,1.35,fallback
6,2.5,"{""row_min"": 1623, ""row_max"": 1635, ""col_min"": 1041, ""col_max"": 1044}","{""x0"": 0, ""y0"": 2000, ""x1"": 2000, ""y1"": 4000}","{""west"": -40.20840267990937, ""south"": -21.400249224305526, ""east"": -39.97595587999069, ""north"": -21.179270275474416}",cfar,,,,,geolocation_grid,,"{""type"": ""Polygon"", ""coordinates"": [[[-40.10651641741853, -21.33021209073306], [-40.10679741109836, -21.33014799870847], [-40.1070691810382, -21.33121795939332], [-40.106788185530014, -21.331282051878855], [-40.10651641741853, -21.33021209073306]]]}",snap_geolocation_grid,patch_0014_VV_sigma0_preproc.tif,"{""row"": 3469, ""col"": 1044}",160,21,linear,0.0,"{""enabled"": true, ""applied"": true, ""status"": ""ok"", ""stage"": ""cfar_water_mask"", ""resampled_shape"": [773, 720], ""sample_shape"": [128, 119], ""sample_max_dim"": 128, ""available"": true, ""method"": ""natural_earth_land_point_mask"", ""bounds_lonlat"": {""west"": -40.20840267990937, ""south"": -21.400249224305526, ""east"": -39.97595587999069, ""north"": -21.179270275474416}, ""mask_path"": ""/content/sismom_colab_work_v2/sources/api/copernicus_meta_1-main/copernicus-platform/frontend/public/shapes/ne_10m_land/ne_10m_land.shp"", ""land_buffer_degrees"": 0.0, ""valid_geolocation_points"": 15232, ""land_points"": 0, ""water_points"": 15232, ""land_fraction"": 0.0, ""water_fraction"": 1.0, ""valid_pixels_before_land_mask"": 525640, ""valid_pixels_after_land_mask"": 525640, ""pixels_masked_by_land"": 0, ""valid_water_fraction"": 1.0, ""land_skip_threshold"": 0.99, ""min_water_fraction"": 0.01, ""skip_land_tiles"": true, ""skipped"": false, ""reason"": ""water_candidate"", ""message"": ""CFAR restrito aos pixels de água.""}",natural_earth_land_point_mask,-21.3306829790509,-40.10693329606828,5.03000020980835,-1.5199999809265137,-3.7100000381469727,13,P014,patch_0014_VV,,,"{""row"": 1629, ""col"": 1044, ""row_resampled"": 543, ""col_resampled"": 348}",VV,"{""x0"": 0, ""y0"": 1840, ""x1"": 2160, ""y1"": 4160}","{""west"": -40.22702974494145, ""south"": -21.414516528131784, ""east"": -39.97234253971972, ""north"": -21.16158059338302}",EPSG:4326,"[0.00010924210395578077, 0.0, -42.71096817418752, 0.0, -0.0001224201828423, -20.707910156716604, 0.0, 0.0, 1.0]",,cfar,,S1C_IW_GRDH_1SDV_20260810T081306_20260810T081331_008930_011B7A_86B1,-4.96,,1.0,1.0,1.0,,,1.35,fallback
3,3.0,"{""row_min"": 1668, ""row_max"": 1674, ""col_min"": 1575, ""col_max"": 1575}","{""x0"": 8000, ""y0"": 2000, ""x1"": 10000, ""y1"": 4000}","{""west"": -40.956889909585236, ""south"": -21.227872472966414, ""east"": -40.723950612317545, ""north"": -21.006037807701155}",cfar,,,,,geolocation_grid,,"{""type"": ""Polygon"", ""coordinates"": [[[-40.890991361519326, -21.15329464400056], [-40.890991361519326, -21.15329464400056], [-40.89112813844129, -21.153829303809395], [-40.89112813844129, -21.153829303809395], [-40.890991361519326, -21.15329464400056]]]}",snap_geolocation_grid,patch_0018_VV_sigma0_preproc.tif,"{""row"": 3511, ""col"": 9415}",160,22,linear,0.384521484375,"{""enabled"": true, ""applied"": true, ""status"": ""ok"", ""stage"": ""cfar_water_mask"", ""resampled_shape"": [773, 773], ""sample_shape"": [128, 128], ""sample_max_dim"": 128, ""available"": true, ""method"": ""natural_earth_land_point_mask"", ""bounds_lonlat"": {""west"": -40.956889909585236, ""south"": -21.227872472966414, ""east"": -40.723950612317545, ""north"": -21.006037807701155}, ""mask_path"": ""/content/sismom_colab_work_v2/sources/api/copernicus_meta_1-main/copernicus-platform/frontend/public/shapes/ne_10m_land/ne_10m_land.shp"", ""land_buffer_degrees"": 0.0, ""valid_geolocation_points"": 16384, ""land_points"": 6300, ""water_points"": 10084, ""land_fraction"": 0.384521484375, ""water_fraction"": 0.615478515625, ""valid_pixels_before_land_mask"": 597529, ""valid_pixels_after_land_mask"": 368064, ""pixels_masked_by_land"": 229465, ""valid_water_fraction"": 0.6159767977788526, ""land_skip_threshold"": 0.99, ""min_water_fraction"": 0.01, ""skip_land_tiles"": true, ""skipped"": false, ""reason"": ""water_candidate"", ""message"": ""CFAR restrito aos pixels de água.""}",natural_earth_land_point_mask,-21.153561973904978,-40.89105974998031,-1.690000057220459,-2.5899999141693115,-3.569999933242798,17,P018,patch_0018_VV,,,"{""row"": 1671, ""col"": 1575, ""row_resampled"": 557, ""col_resampled"": 525}",VV,"{""x0"": 7840, ""y0"": 1840, ""x1"": 10160, ""y1"": 4160}","{""west"": -40.9755539333829, ""south"": -21.245604193984413, ""east"": -40.705333802890145, ""north"": -20.98821243906284}",EPSG:4326,"[0.00010924210395578077, 0.0, -41.8545100791742, 0.0, -0.0001224201828423, -20.707910156716604, 0.0, 0.0, 1.0]",,cfar,,S1C_IW_GRDH_1SDV_20260810T081306_20260810T081331_008930_011B7A_86B1,-3.57,,1.0,0.6159767977788526,0.615478515625,,,1.35,fallback
13,1.0,"{""row_min"": 1743, ""row_max"": 1755, ""col_min"": 1473, ""col_max"": 1485}","{""x0"": 8000, ""y0"": 2000, ""x1"": 10000, ""y1"": 4000}","{""west"": -40.956889909585236, ""south"": -21.227872472966414, ""east"": -40.723950612317545, ""north"": -21.006037807701155}",cfar,,,,,geolocation_grid,,"{""type"": ""Polygon"", ""coordinates"": [[[-40.88315186474072, -21.16220870005195], [-40.88427530098537, -21.161946252000067], [-40.88454939861828, -21.163015447162813], [-40.883426034879406, -21.163277878620708], [-40.88315186474072, -21.16220870005195]]]}",snap_geolocation_grid,patch_0018_VV_sigma0_preproc.tif,"{""row"": 3589, ""col"": 9319}",160,23,linear,0.384521484375,"{""enabled"": true, ""applied"": true, ""status"": ""ok"", ""stage"": ""cfar_water_mask"", ""resampled_shape"": [773, 773], ""sample_shape"": [128, 128], ""sample_max_dim"": 128, ""available"": true, ""method"": ""natural_earth_land_point_mask"", ""bounds_lonlat"": {""west"": -40.956889909585236, ""south"": -21.227872472966414, ""east"": -40.723950612317545, ""north"": -21.006037807701155}, ""mask_path"": ""/content/sismom_colab_work_v2/sources/api/copernicus_meta_1-main/copernicus-platform/frontend/public/shapes/ne_10m_land/ne_10m_land.shp"", ""land_buffer_degrees"": 0.0, ""valid_geolocation_points"": 16384, ""land_points"": 6300, ""water_points"": 10084, ""land_fraction"": 0.384521484375, ""water_fraction"": 0.615478515625, ""valid_pixels_before_land_mask"": 597529, ""valid_pixels_after_land_mask"": 368064, ""pixels_masked_by_land"": 229465, ""valid_water_fraction"": 0.6159767977788526, ""land_skip_threshold"": 0.99, ""min_water_fraction"": 0.01, ""skip_land_tiles"": true, ""skipped"": false, ""reason"": ""water_candidate"", ""message"": ""CFAR restrito aos pixels de água.""}",natural_earth_land_point_mask,-21.162612069458884,-40.88385064980595,-4.829999923706055,-7.059999942779541,-8.770000457763672,17,P018,patch_0018_VV,,,"{""row"": 1749, ""col"": 1479, ""row_resampled"": 583, ""col_resampled"": 493}",VV,"{""x0"": 7840, ""y0"": 1840, ""x1"": 10160, ""y1"": 4160}","{""west"": -40.9755539333829, ""south"": -21.245604193984413, ""east"": -40.705333802890145, ""north"": -20.98821243906284}",EPSG:4326,"[0.00010924210395578077, 0.0, -41.8545100791742, 0.0, -0.0001224201828423, -20.707910156716604, 0.0, 0.0, 1.0]",,cfar,,S1C_IW_GRDH_1SDV_20260810T081306_20260810T081331_008930_011B7A_86B1,-8.56,,1.0,0.6159767977788526,0.615478515625,,,1.35,fallback
3,1.5,"{""row_min"": 1329, ""row_max"": 1335, ""col_min"": 1899, ""col_max"": 1902}","{""x0"": 8000, ""y0"": 4000, ""x1"": 10000, ""y1"": 6000}","{""west"": -41.00315811304797, ""south"": -21.405979901489967, ""east"": -40.76997649032594, ""north"": -21.18435702285664}",cfar,,,,,geolocation_grid,,"{""type"": ""Polygon"", ""coordinates"": [[[-40.95961207183594, -21.29412489536955], [-40.959892685182645, -21.294059326298537], [-40.96003136143259, -21.29459355819612], [-40.9597507480792, -21.294659127324742], [-40.95961207183594, -21.29412489536955]]]}",snap_geolocation_grid,patch_0031_VV_sigma0_preproc.tif,"{""row"": 5172, ""col"": 9742}",160,24,linear,0.19281005859375,"{""enabled"": true, ""applied"": true, ""status"": ""ok"", ""stage"": ""cfar_water_mask"", ""resampled_shape"": [773, 773], ""sample_shape"": [128, 128], ""sample_max_dim"": 128, ""available"": true, ""method"": ""natural_earth_land_point_mask"", ""bounds_lonlat"": {""west"": -41.00315811304797, ""south"": -21.405979901489967, ""east"": -40.76997649032594, ""north"": -21.18435702285664}, ""mask_path"": ""/content/sismom_colab_work_v2/sources/api/copernicus_meta_1-main/copernicus-platform/frontend/public/shapes/ne_10m_land/ne_10m_land.shp"", ""land_buffer_degrees"": 0.0, ""valid_geolocation_points"": 16384, ""land_points"": 3159, ""water_points"": 13225, ""land_fraction"": 0.19281005859375, ""water_fraction"": 0.80718994140625, ""valid_pixels_before_land_mask"": 597529, ""valid_pixels_after_land_mask"": 483570, ""pixels_masked_by_land"": 113959, ""valid_water_fraction"": 0.8092828967296984, ""land_skip_threshold"": 0.99, ""min_water_fraction"": 0.01, ""skip_land_tiles"": true, ""skipped"": false, ""reason"": ""water_candidate"", ""message"": ""CFAR restrito aos pixels de água.""}",natural_earth_land_point_mask,-21.294326442247325,-40.95996202330762,-8.609999656677246,-9.430000305175781,-9.979999542236328,30,P031,patch_0031_VV,,,"{""row"": 1332, ""col"": 1902, ""row_resampled"": 444, ""col_resampled"": 634}",VV,"{""x0"": 7840, ""y0"": 3840, ""x1"": 10160, ""y1"": 6160}","{""west"": -41.02184461679963, ""south"": -21.423715369883542, ""east"": -40.751329126638964, ""north"": -21.166614634086734}",EPSG:4326,"[0.00010924210395578077, 0.0, -41.8545100791742, 0.0, -0.0001224201828423, -20.952750522401203, 0.0, 0.0, 1.0]",,cfar,,S1C_IW_GRDH_1SDV_20260810T081306_20260810T081331_008930_011B7A_86B1,-10.78,,1.0,0.8092828967296984,0.80718994140625,,,1.35,fallback
33,1.6667,"{""row_min"": 1368, ""row_max"": 1395, ""col_min"": 1872, ""col_max"": 1887}","{""x0"": 8000, ""y0"": 4000, ""x1"": 10000, ""y1"": 6000}","{""west"": -41.00315811304797, ""south"": -21.405979901489967, ""east"": -40.76997649032594, ""north"": -21.18435702285664}",cfar,,,,,geolocation_grid,,"{""type"": ""Polygon"", ""coordinates"": [[[-40.95798794689975, -21.298187528088064], [-40.95939101385052, -21.297859680860437], [-40.96001505681812, -21.300263725695952], [-40.95861198971696, -21.300591574219986], [-40.95798794689975, -21.298187528088064]]]}",snap_geolocation_grid,patch_0031_VV_sigma0_preproc.tif,"{""row"": 5220, ""col"": 9718}",160,25,linear,0.19281005859375,"{""enabled"": true, ""applied"": true, ""status"": ""ok"", ""stage"": ""cfar_water_mask"", ""resampled_shape"": [773, 773], ""sample_shape"": [128, 128], ""sample_max_dim"": 128, ""available"": true, ""method"": ""natural_earth_land_point_mask"", ""bounds_lonlat"": {""west"": -41.00315811304797, ""south"": -21.405979901489967, ""east"": -40.76997649032594, ""north"": -21.18435702285664}, ""mask_path"": ""/content/sismom_colab_work_v2/sources/api/copernicus_meta_1-main/copernicus-platform/frontend/public/shapes/ne_10m_land/ne_10m_land.shp"", ""land_buffer_degrees"": 0.0, ""valid_geolocation_points"": 16384, ""land_points"": 3159, ""water_points"": 13225, ""land_fraction"": 0.19281005859375, ""water_fraction"": 0.80718994140625, ""valid_pixels_before_land_mask"": 597529, ""valid_pixels_after_land_mask"": 483570, ""pixels_masked_by_land"": 113959, ""valid_water_fraction"": 0.8092828967296984, ""land_skip_threshold"": 0.99, ""min_water_fraction"": 0.01, ""skip_land_tiles"": true, ""skipped"": false, ""reason"": ""water_candidate"", ""message"": ""CFAR restrito aos pixels de água.""}",natural_earth_land_point_mask,-21.29912485391406,-40.95882652607,-5.099999904632568,-7.699999809265137,-9.829999923706055,30,P031,patch_0031_VV,,,"{""row"": 1380, ""col"": 1878, ""row_resampled"": 460, ""col_resampled"": 626}",VV,"{""x0"": 7840, ""y0"": 3840, ""x1"": 10160, ""y1"": 6160}","{""west"": -41.02184461679963, ""south"": -21.423715369883542, ""east"": -40.751329126638964, ""north"": -21.166614634086734}",EPSG:4326,"[0.00010924210395578077, 0.0, -41.8545100791742, 0.0, -0.0001224201828423, -20.952750522401203, 0.0, 0.0, 1.0]",,cfar,,S1C_IW_GRDH_1SDV_20260810T081306_20260810T081331_008930_011B7A_86B1,-9.77,,1.0,0.8092828967296984,0.80718994140625,,,1.35,fallback
11,2.0,"{""row_min"": 1398, ""row_max"": 1413, ""col_min"": 1863, ""col_max"": 1869}","{""x0"": 8000, ""y0"": 4000, ""x1"": 10000, ""y1"": 6000}","{""west"": -41.00315811304797, ""south"": -21.405979901489967, ""east"": -40.76997649032594, ""north"": -21.18435702285664}",cfar,,,,,geolocation_grid,,"{""type"": ""Polygon"", ""coordinates"": [[[-40.95783948753704, -21.301055399657713], [-40.95840071438418, -21.300924260190477], [-40.95874740482008, -21.30225984151893], [-40.95818617793951, -21.302390981274247], [-40.95783948753704, -21.301055399657713]]]}",snap_geolocation_grid,patch_0031_VV_sigma0_preproc.tif,"{""row"": 5244, ""col"": 9706}",160,26,linear,0.19281005859375,"{""enabled"": true, ""applied"": true, ""status"": ""ok"", ""stage"": ""cfar_water_mask"", ""resampled_shape"": [773, 773], ""sample_shape"": [128, 128], ""sample_max_dim"": 128, ""available"": true, ""method"": ""natural_earth_land_point_mask"", ""bounds_lonlat"": {""west"": -41.00315811304797, ""south"": -21.405979901489967, ""east"": -40.76997649032594, ""north"": -21.18435702285664}, ""mask_path"": ""/content/sismom_colab_work_v2/sources/api/copernicus_meta_1-main/copernicus-platform/frontend/public/shapes/ne_10m_land/ne_10m_land.shp"", ""land_buffer_degrees"": 0.0, ""valid_geolocation_points"": 16384, ""land_points"": 3159, ""water_points"": 13225, ""land_fraction"": 0.19281005859375, ""water_fraction"": 0.80718994140625, ""valid_pixels_before_land_mask"": 597529, ""valid_pixels_after_land_mask"": 483570, ""pixels_masked_by_land"": 113959, ""valid_water_fraction"": 0.8092828967296984, ""land_skip_threshold"": 0.99, ""min_water_fraction"": 0.01, ""skip_land_tiles"": true, ""skipped"": false, ""reason"": ""water_candidate"", ""message"": ""CFAR restrito aos pixels de água.""}",natural_earth_land_point_mask,-21.301524062513092,-40.95825877712885,-6.53000020980835,-8.069999694824219,-9.880000114440918,30,P031,patch_0031_VV,,,"{""row"": 1404, ""col"": 1866, ""row_resampled"": 468, ""col_resampled"": 622}",VV,"{""x0"": 7840, ""y0"": 3840, ""x1"": 10160, ""y1"": 6160}","{""west"": -41.02184461679963, ""south"": -21.423715369883542, ""east"": -40.751329126638964, ""north"": -21.166614634086734}",EPSG:4326,"[0.00010924210395578077, 0.0, -41.8545100791742, 0.0, -0.0001224201828423, -20.952750522401203, 0.0, 0.0, 1.0]",,cfar,,S1C_IW_GRDH_1SDV_20260810T081306_20260810T081331_008930_011B7A_86B1,-10.27,,1.0,0.8092828967296984,0.80718994140625,,,1.35,fallback
4,4.0,"{""row_min"": 1461, ""row_max"": 1470, ""col_min"": 1869, ""col_max"": 1869}","{""x0"": 8000, ""y0"": 4000, ""x1"": 10000, ""y1"": 6000}","{""west"": -41.00315811304797, ""south"": -21.405979901489967, ""east"": -40.76997649032594, ""north"": -21.18435702285664}",cfar,,,,,geolocation_grid,,"{""type"": ""Polygon"", ""coordinates"": [[[-40.95985681420594, -21.30653370176995], [-40.95985681420594, -21.30653370176995], [-40.96006482846578, -21.307335050567016], [-40.96006482846578, -21.307335050567016], [-40.95985681420594, -21.30653370176995]]]}",snap_geolocation_grid,patch_0031_VV_sigma0_preproc.tif,"{""row"": 5304, ""col"": 9709}",160,27,linear,0.19281005859375,"{""enabled"": true, ""applied"": true, ""status"": ""ok"", ""stage"": ""cfar_water_mask"", ""resampled_shape"": [773, 773], ""sample_shape"": [128, 128], ""sample_max_dim"": 128, ""available"": true, ""method"": ""natural_earth_land_point_mask"", ""bounds_lonlat"": {""west"": -41.00315811304797, ""south"": -21.405979901489967, ""east"": -40.76997649032594, ""north"": -21.18435702285664}, ""mask_path"": ""/content/sismom_colab_work_v2/sources/api/copernicus_meta_1-main/copernicus-platform/frontend/public/shapes/ne_10m_land/ne_10m_land.shp"", ""land_buffer_degrees"": 0.0, ""valid_geolocation_points"": 16384, ""land_points"": 3159, ""water_points"": 13225, ""land_fraction"": 0.19281005859375, ""water_fraction"": 0.80718994140625, ""valid_pixels_before_land_mask"": 597529, ""valid_pixels_after_land_mask"": 483570, ""pixels_masked_by_land"": 113959, ""valid_water_fraction"": 0.8092828967296984, ""land_skip_threshold"": 0.99, ""min_water_fraction"": 0.01, ""skip_land_tiles"": true, ""skipped"": false, ""reason"": ""water_candidate"", ""message"": ""CFAR restrito aos pixels de água.""}",natural_earth_land_point_mask,-21.30680081803564,-40.95992615229255,-4.199999809265137,-6.199999809265137,-8.220000267028809,30,P031,patch_0031_VV,,,"{""row"": 1464, ""col"": 1869, ""row_resampled"": 488, ""col_resampled"": 623}",VV,"{""x0"": 7840, ""y0"": 3840, ""x1"": 10160, ""y1"": 6160}","{""west"": -41.02184461679963, ""south"": -21.423715369883542, ""east"": -40.751329126638964, ""north"": -21.166614634086734}",EPSG:4326,"[0.00010924210395578077, 0.0, -41.8545100791742, 0.0, -0.0001224201828423, -20.952750522401203, 0.0, 0.0, 1.0]",,cfar,,S1C_IW_GRDH_1SDV_20260810T081306_20260810T081331_008930_011B7A_86B1,-8.96,,1.0,0.8092828967296984,0.80718994140625,,,1.35,fallback
18,3.3333,"{""row_min"": 1476, ""row_max"": 1503, ""col_min"": 1863, ""col_max"": 1869}","{""x0"": 8000, ""y0"": 4000, ""x1"": 10000, ""y1"": 6000}","{""west"": -41.00315811304797, ""south"": -21.405979901489967, ""east"": -40.76997649032594, ""north"": -21.18435702285664}",cfar,,,,,geolocation_grid,,"{""type"": ""Polygon"", ""coordinates"": [[[-40.95964227761684, -21.308000424063692], [-40.960203504637775, -21.307869283098395], [-40.9608275474089, -21.310273329489597], [-40.96026632032781, -21.31040447097346], [-40.95964227761684, -21.308000424063692]]]}",snap_geolocation_grid,patch_0031_VV_sigma0_preproc.tif,"{""row"": 5328, ""col"": 9706}",160,28,linear,0.19281005859375,"{""enabled"": true, ""applied"": true, ""status"": ""ok"", ""stage"": ""cfar_water_mask"", ""resampled_shape"": [773, 773], ""sample_shape"": [128, 128], ""sample_max_dim"": 128, ""available"": true, ""method"": ""natural_earth_land_point_mask"", ""bounds_lonlat"": {""west"": -41.00315811304797, ""south"": -21.405979901489967, ""east"": -40.76997649032594, ""north"": -21.18435702285664}, ""mask_path"": ""/content/sismom_colab_work_v2/sources/api/copernicus_meta_1-main/copernicus-platform/frontend/public/shapes/ne_10m_land/ne_10m_land.shp"", ""land_buffer_degrees"": 0.0, ""valid_geolocation_points"": 16384, ""land_points"": 3159, ""water_points"": 13225, ""land_fraction"": 0.19281005859375, ""water_fraction"": 0.80718994140625, ""valid_pixels_before_land_mask"": 597529, ""valid_pixels_after_land_mask"": 483570, ""pixels_masked_by_land"": 113959, ""valid_water_fraction"": 0.8092828967296984, ""land_skip_threshold"": 0.99, ""min_water_fraction"": 0.01, ""skip_land_tiles"": true, ""skipped"": false, ""reason"": ""water_candidate"", ""message"": ""CFAR restrito aos pixels de água.""}",natural_earth_land_point_mask,-21.309003318759036,-40.960200243456654,-4.28000020980835,-6.960000038146973,-8.899999618530273,30,P031,patch_0031_VV,,,"{""row"": 1488, ""col"": 1866, ""row_resampled"": 496, ""col_resampled"": 622}",VV,"{""x0"": 7840, ""y0"": 3840, ""x1"": 10160, ""y1"": 6160}","{""west"": -41.02184461679963, ""south"": -21.423715369883542, ""east"": -40.751329126638964, ""north"": -21.166614634086734}",EPSG:4326,"[0.00010924210395578077, 0.0, -41.8545100791742, 0.0, -0.0001224201828423, -20.952750522401203, 0.0, 0.0, 1.0]",,cfar,,S1C_IW_GRDH_1SDV_20260810T081306_20260810T081331_008930_011B7A_86B1,-8.71,,1.0,0.8092828967296984,0.80718994140625,,,1.35,fallback
12,3.0,"{""row_min"": 1728, ""row_max"": 1752, ""col_min"": 1842, ""col_max"": 1848}","{""x0"": 8000, ""y0"": 4000, ""x1"": 10000, ""y1"": 6000}","{""west"": -41.00315811304797, ""south"": -21.405979901489967, ""east"": -40.76997649032594, ""north"": -21.18435702285664}",cfar,,,,,geolocation_grid,,"{""type"": ""Polygon"", ""coordinates"": [[[-40.96350237950995, -21.330897205539742], [-40.964063607120174, -21.33076605973453], [-40.964618751995026, -21.332902911568652], [-40.964057522939385, -21.333034058163413], [-40.96350237950995, -21.330897205539742]]]}",snap_geolocation_grid,patch_0031_VV_sigma0_preproc.tif,"{""row"": 5580, ""col"": 9685}",160,29,linear,0.19281005859375,"{""enabled"": true, ""applied"": true, ""status"": ""ok"", ""stage"": ""cfar_water_mask"", ""resampled_shape"": [773, 773], ""sample_shape"": [128, 128], ""sample_max_dim"": 128, ""available"": true, ""method"": ""natural_earth_land_point_mask"", ""bounds_lonlat"": {""west"": -41.00315811304797, ""south"": -21.405979901489967, ""east"": -40.76997649032594, ""north"": -21.18435702285664}, ""mask_path"": ""/content/sismom_colab_work_v2/sources/api/copernicus_meta_1-main/copernicus-platform/frontend/public/shapes/ne_10m_land/ne_10m_land.shp"", ""land_buffer_degrees"": 0.0, ""valid_geolocation_points"": 16384, ""land_points"": 3159, ""water_points"": 13225, ""land_fraction"": 0.19281005859375, ""water_fraction"": 0.80718994140625, ""valid_pixels_before_land_mask"": 597529, ""valid_pixels_after_land_mask"": 483570, ""pixels_masked_by_land"": 113959, ""valid_water_fraction"": 0.8092828967296984, ""land_skip_threshold"": 0.99, ""min_water_fraction"": 0.01, ""skip_land_tiles"": true, ""skipped"": false, ""reason"": ""water_candidate"", ""message"": ""CFAR restrito aos pixels de água.""}",natural_earth_land_point_mask,-21.331900058751582,-40.96406056539114,-6.789999961853027,-7.75,-8.489999771118164,30,P031,patch_0031_VV,,,"{""row"": 1740, ""col"": 1845, ""row_resampled"": 580, ""col_resampled"": 615}",VV,"{""x0"": 7840, ""y0"": 3840, ""x1"": 10160, ""y1"": 6160}","{""west"": -41.02184461679963, ""south"": -21.423715369883542, ""east"": -40.751329126638964, ""north"": -21.166614634086734}",EPSG:4326,"[0.00010924210395578077, 0.0, -41.8545100791742, 0.0, -0.0001224201828423, -20.952750522401203, 0.0, 0.0, 1.0]",,cfar,,S1C_IW_GRDH_1SDV_20260810T081306_20260810T081331_008930_011B7A_86B1,-8.45,,1.0,0.8092828967296984,0.80718994140625,,,1.35,fallback
11,4.0,"{""row_min"": 1773, ""row_max"": 1794, ""col_min"": 1845, ""col_max"": 1848}","{""x0"": 8000, ""y0"": 4000, ""x1"": 10000, ""y1"": 6000}","{""west"": -41.00315811304797, ""south"": -21.405979901489967, ""east"": -40.76997649032594, ""north"": -21.18435702285664}",cfar,,,,,geolocation_grid,,"{""type"": ""Polygon"", ""coordinates"": [[[-40.964823888600336, -21.33483823056632], [-40.96510450376052, -21.334772656923516], [-40.965590411883156, -21.33664237391039], [-40.96530979584351, -21.33670794795695], [-40.964823888600336, -21.33483823056632]]]}",snap_geolocation_grid,patch_0031_VV_sigma0_preproc.tif,"{""row"": 5622, ""col"": 9688}",160,30,linear,0.19281005859375,"{""enabled"": true, ""applied"": true, ""status"": ""ok"", ""stage"": ""cfar_water_mask"", ""resampled_shape"": [773, 773], ""sample_shape"": [128, 128], ""sample_max_dim"": 128, ""available"": true, ""method"": ""natural_earth_land_point_mask"", ""bounds_lonlat"": {""west"": -41.00315811304797, ""south"": -21.405979901489967, ""east"": -40.76997649032594, ""north"": -21.18435702285664}, ""mask_path"": ""/content/sismom_colab_work_v2/sources/api/copernicus_meta_1-main/copernicus-platform/frontend/public/shapes/ne_10m_land/ne_10m_land.shp"", ""land_buffer_degrees"": 0.0, ""valid_geolocation_points"": 16384, ""land_points"": 3159, ""water_points"": 13225, ""land_fraction"": 0.19281005859375, ""water_fraction"": 0.80718994140625, ""valid_pixels_before_land_mask"": 597529, ""valid_pixels_after_land_mask"": 483570, ""pixels_masked_by_land"": 113959, ""valid_water_fraction"": 0.8092828967296984, ""land_skip_threshold"": 0.99, ""min_water_fraction"": 0.01, ""skip_land_tiles"": true, ""skipped"": false, ""reason"": ""water_candidate"", ""message"": ""CFAR restrito aos pixels de água.""}",natural_earth_land_point_mask,-21.335573976361314,-40.96531268308859,-4.730000019073486,-7.099999904632568,-8.819999694824219,30,P031,patch_0031_VV,,,"{""row"": 1782, ""col"": 1848, ""row_resampled"": 594, ""col_resampled"": 616}",VV,"{""x0"": 7840, ""y0"": 3840, ""x1"": 10160, ""y1"": 6160}","{""west"": -41.02184461679963, ""south"": -21.423715369883542, ""east"": -40.751329126638964, ""north"": -21.166614634086734}",EPSG:4326,"[0.00010924210395578077, 0.0, -41.8545100791742, 0.0, -0.0001224201828423, -20.952750522401203, 0.0, 0.0, 1.0]",,cfar,,S1C_IW_GRDH_1SDV_20260810T081306_20260810T081331_008930_011B7A_86B1,-9.05,,1.0,0.8092828967296984,0.80718994140625,,,1.35,fallback
3,1.0,"{""row_min"": 2010, ""row_max"": 2013, ""col_min"": 1755, ""col_max"": 1758}","{""x0"": 8000, ""y0"": 4000, ""x1"": 10000, ""y1"": 6000}","{""west"": -41.00315811304797, ""south"": -21.405979901489967, ""east"": -40.76997649032594, ""north"": -21.18435702285664}",cfar,,,,,geolocation_grid,,"{""type"": ""Polygon"", ""coordinates"": [[[-40.96190347623161, -21.357904077551325], [-40.96218412546888, -21.35783849365208], [-40.96225373928847, -21.358105561684646], [-40.96197308959023, -21.358171145720732], [-40.96190347623161, -21.357904077551325]]]}",snap_geolocation_grid,patch_0031_VV_sigma0_preproc.tif,"{""row"": 5850, ""col"": 9598}",160,31,linear,0.19281005859375,"{""enabled"": true, ""applied"": true, ""status"": ""ok"", ""stage"": ""cfar_water_mask"", ""resampled_shape"": [773, 773], ""sample_shape"": [128, 128], ""sample_max_dim"": 128, ""available"": true, ""method"": ""natural_earth_land_point_mask"", ""bounds_lonlat"": {""west"": -41.00315811304797, ""south"": -21.405979901489967, ""east"": -40.76997649032594, ""north"": -21.18435702285664}, ""mask_path"": ""/content/sismom_colab_work_v2/sources/api/copernicus_meta_1-main/copernicus-platform/frontend/public/shapes/ne_10m_land/ne_10m_land.shp"", ""land_buffer_degrees"": 0.0, ""valid_geolocation_points"": 16384, ""land_points"": 3159, ""water_points"": 13225, ""land_fraction"": 0.19281005859375, ""water_fraction"": 0.80718994140625, ""valid_pixels_before_land_mask"": 597529, ""valid_pixels_after_land_mask"": 483570, ""pixels_masked_by_land"": 113959, ""valid_water_fraction"": 0.8092828967296984, ""land_skip_threshold"": 0.99, ""min_water_fraction"": 0.01, ""skip_land_tiles"": true, ""skipped"": false, ""reason"": ""water_candidate"", ""message"": ""CFAR restrito aos pixels de água.""}",natural_earth_land_point_mask,-21.35783849365208,-40.96218412546888,-6.110000133514404,-7.010000228881836,-8.220000267028809,30,P031,patch_0031_VV,,,"{""row"": 2010, ""col"": 1758, ""row_resampled"": 670, ""col_resampled"": 586}",VV,"{""x0"": 7840, ""y0"": 3840, ""x1"": 10160, ""y1"": 6160}","{""west"": -41.02184461679963, ""south"": -21.423715369883542, ""east"": -40.751329126638964, ""north"": -21.166614634086734}",EPSG:4326,"[0.00010924210395578077, 0.0, -41.8545100791742, 0.0, -0.0001224201828423, -20.952750522401203, 0.0, 0.0, 1.0]",,cfar,,S1C_IW_GRDH_1SDV_20260810T081306_20260810T081331_008930_011B7A_86B1,-8.43,,1.0,0.8092828967296984,0.80718994140625,,,1.35,fallback
3,3.0,"{""row_min"": 2022, ""row_max"": 2028, ""col_min"": 1776, ""col_max"": 1776}","{""x0"": 8000, ""y0"": 4000, ""x1"": 10000, ""y1"": 6000}","{""west"": -41.00315811304797, ""south"": -21.405979901489967, ""east"": -40.76997649032594, ""north"": -21.18435702285664}",cfar,,,,,geolocation_grid,,"{""type"": ""Polygon"", ""coordinates"": [[[-40.96414648723408, -21.358513259102647], [-40.96414648723408, -21.358513259102647], [-40.9642857204049, -21.359047393525664], [-40.9642857204049, -21.359047393525664], [-40.96414648723408, -21.358513259102647]]]}",snap_geolocation_grid,patch_0031_VV_sigma0_preproc.tif,"{""row"": 5865, ""col"": 9616}",160,32,linear,0.19281005859375,"{""enabled"": true, ""applied"": true, ""status"": ""ok"", ""stage"": ""cfar_water_mask"", ""resampled_shape"": [773, 773], ""sample_shape"": [128, 128], ""sample_max_dim"": 128, ""available"": true, ""method"": ""natural_earth_land_point_mask"", ""bounds_lonlat"": {""west"": -41.00315811304797, ""south"": -21.405979901489967, ""east"": -40.76997649032594, ""north"": -21.18435702285664}, ""mask_path"": ""/content/sismom_colab_work_v2/sources/api/copernicus_meta_1-main/copernicus-platform/frontend/public/shapes/ne_10m_land/ne_10m_land.shp"", ""land_buffer_degrees"": 0.0, ""valid_geolocation_points"": 16384, ""land_points"": 3159, ""water_points"": 13225, ""land_fraction"": 0.19281005859375, ""water_fraction"": 0.80718994140625, ""valid_pixels_before_land_mask"": 597529, ""valid_pixels_after_land_mask"": 483570, ""pixels_masked_by_land"": 113959, ""valid_water_fraction"": 0.8092828967296984, ""land_skip_threshold"": 0.99, ""min_water_fraction"": 0.01, ""skip_land_tiles"": true, ""skipped"": false, ""reason"": ""water_candidate"", ""message"": ""CFAR restrito aos pixels de água.""}",natural_earth_land_point_mask,-21.358780326314154,-40.964216103819496,-7.0,-7.389999866485596,-7.880000114440918,30,P031,patch_0031_VV,,,"{""row"": 2025, ""col"": 1776, ""row_resampled"": 675, ""col_resampled"": 592}",VV,"{""x0"": 7840, ""y0"": 3840, ""x1"": 10160, ""y1"": 6160}","{""west"": -41.02184461679963, ""south"": -21.423715369883542, ""east"": -40.751329126638964, ""north"": -21.166614634086734}",EPSG:4326,"[0.00010924210395578077, 0.0, -41.8545100791742, 0.0, -0.0001224201828423, -20.952750522401203, 0.0, 0.0, 1.0]",,cfar,,S1C_IW_GRDH_1SDV_20260810T081306_20260810T081331_008930_011B7A_86B1,-8.23,,1.0,0.8092828967296984,0.80718994140625,,,1.35,fallback
5,1.5,"{""row_min"": 648, ""row_max"": 654, ""col_min"": 963, ""col_max"": 966}","{""x0"": 2000, ""y0"": 6000, ""x1"": 4000, ""y1"": 8000}","{""west"": -40.48724768816659, ""south"": -21.71400660624659, ""east"": -40.25403992736643, ""north"": -21.492810708976887}",cfar,,,,,geolocation_grid,,"{""type"": ""Polygon"", ""coordinates"": [[[-40.34047506643243, -21.56206758331805], [-40.34075634023473, -21.562002966210063], [-40.340893421768, -21.56253771093129], [-40.340612147031145, -21.562602328298556], [-40.34047506643243, -21.56206758331805]]]}",snap_geolocation_grid,patch_0041_VV_sigma0_preproc.tif,"{""row"": 6491, ""col"": 2806}",160,33,linear,0.0,"{""enabled"": true, ""applied"": true, ""status"": ""ok"", ""stage"": ""cfar_water_mask"", ""resampled_shape"": [773, 773], ""sample_shape"": [128, 128], ""sample_max_dim"": 128, ""available"": true, ""method"": ""natural_earth_land_point_mask"", ""bounds_lonlat"": {""west"": -40.48724768816659, ""south"": -21.71400660624659, ""east"": -40.25403992736643, ""north"": -21.492810708976887}, ""mask_path"": ""/content/sismom_colab_work_v2/sources/api/copernicus_meta_1-main/copernicus-platform/frontend/public/shapes/ne_10m_land/ne_10m_land.shp"", ""land_buffer_degrees"": 0.0, ""valid_geolocation_points"": 16384, ""land_points"": 0, ""water_points"": 16384, ""land_fraction"": 0.0, ""water_fraction"": 1.0, ""valid_pixels_before_land_mask"": 597529, ""valid_pixels_after_land_mask"": 597529, ""pixels_masked_by_land"": 0, ""valid_water_fraction"": 1.0, ""land_skip_threshold"": 0.99, ""min_water_fraction"": 0.01, ""skip_land_tiles"": true, ""skipped"": false, ""reason"": ""water_candidate"", ""message"": ""CFAR restrito aos pixels de água.""}",natural_earth_land_point_mask,-21.562270338570674,-40.34082488100137,-2.4800000190734863,-3.380000114440918,-4.340000152587891,40,P041,patch_0041_VV,,,"{""row"": 651, ""col"": 966, ""row_resampled"": 217, ""col_resampled"": 322}",VV,"{""x0"": 1840, ""y0"": 5840, ""x1"": 4160, ""y1"": 8160}","{""west"": -40.50593222034666, ""south"": -21.73170632414046, ""east"": -40.23539009463202, ""north"": -21.475098289318336}",EPSG:4326,"[0.00010924210395578077, 0.0, -42.50996270290889, 0.0, -0.0001224201828423, -21.197590888085806, 0.0, 0.0, 1.0]",,cfar,,S1C_IW_GRDH_1SDV_20260810T081306_20260810T081331_008930_011B7A_86B1,-8.43,,1.0,1.0,1.0,,,1.35,fallback
4,1.0,"{""row_min"": 201, ""row_max"": 207, ""col_min"": 1785, ""col_max"": 1791}","{""x0"": 8000, ""y0"": 6000, ""x1"": 10000, ""y1"": 8000}","{""west"": -41.04964682455505, ""south"": -21.584071328914074, ""east"": -40.816129780708785, ""north"": -21.362424599515254}",cfar,,,,,geolocation_grid,,"{""type"": ""Polygon"", ""coordinates"": [[[-40.96914231267268, -21.374251491554656], [-40.96970366984386, -21.374120306331516], [-40.96984290763021, -21.37465443938611], [-40.96928154861516, -21.37478562515662], [-40.96914231267268, -21.374251491554656]]]}",snap_geolocation_grid,patch_0044_VV_sigma0_preproc.tif,"{""row"": 6044, ""col"": 9628}",160,34,linear,0.0863037109375,"{""enabled"": true, ""applied"": true, ""status"": ""ok"", ""stage"": ""cfar_water_mask"", ""resampled_shape"": [773, 773], ""sample_shape"": [128, 128], ""sample_max_dim"": 128, ""available"": true, ""method"": ""natural_earth_land_point_mask"", ""bounds_lonlat"": {""west"": -41.04964682455505, ""south"": -21.584071328914074, ""east"": -40.816129780708785, ""north"": -21.362424599515254}, ""mask_path"": ""/content/sismom_colab_work_v2/sources/api/copernicus_meta_1-main/copernicus-platform/frontend/public/shapes/ne_10m_land/ne_10m_land.shp"", ""land_buffer_degrees"": 0.0, ""valid_geolocation_points"": 16384, ""land_points"": 1414, ""water_points"": 14970, ""land_fraction"": 0.0863037109375, ""water_fraction"": 0.9136962890625, ""valid_pixels_before_land_mask"": 597529, ""valid_pixels_after_land_mask"": 547004, ""pixels_masked_by_land"": 50525, ""valid_water_fraction"": 0.9154434345445995, ""land_skip_threshold"": 0.99, ""min_water_fraction"": 0.01, ""skip_land_tiles"": true, ""skipped"": false, ""reason"": ""water_candidate"", ""message"": ""CFAR restrito aos pixels de água.""}",natural_earth_land_point_mask,-21.374452965607222,-40.969492609690484,-6.010000228881836,-7.920000076293945,-8.779999732971191,43,P044,patch_0044_VV,,,"{""row"": 204, ""col"": 1788, ""row_resampled"": 68, ""col_resampled"": 596}",VV,"{""x0"": 7840, ""y0"": 5840, ""x1"": 10160, ""y1"": 8160}","{""west"": -41.06836359161925, ""south"": -21.60181057694006, ""east"": -40.79745707096901, ""north"": -21.34468416301664}",EPSG:4326,"[0.00010924210395578077, 0.0, -41.8545100791742, 0.0, -0.0001224201828423, -21.197590888085806, 0.0, 0.0, 1.0]",,cfar,,S1C_IW_GRDH_1SDV_20260810T081306_20260810T081331_008930_011B7A_86B1,-11.24,,1.0,0.9154434345445995,0.9136962890625,,,1.35,fallback
4,1.5,"{""row_min"": 210, ""row_max"": 216, ""col_min"": 1809, ""col_max"": 1812}","{""x0"": 8000, ""y0"": 6000, ""x1"": 10000, ""y1"": 8000}","{""west"": -41.04964682455505, ""south"": -21.584071328914074, ""east"": -40.816129780708785, ""north"": -21.362424599515254}",cfar,,,,,geolocation_grid,,"{""type"": ""Polygon"", ""coordinates"": [[[-40.971596606288934, -21.374527947780813], [-40.971877286249416, -21.374462354758716], [-40.97201653048929, -21.37499648589751], [-40.97173584960687, -21.37506207919329], [-40.971596606288934, -21.374527947780813]]]}",snap_geolocation_grid,patch_0044_VV_sigma0_preproc.tif,"{""row"": 6053, ""col"": 9652}",160,35,linear,0.0863037109375,"{""enabled"": true, ""applied"": true, ""status"": ""ok"", ""stage"": ""cfar_water_mask"", ""resampled_shape"": [773, 773], ""sample_shape"": [128, 128], ""sample_max_dim"": 128, ""available"": true, ""method"": ""natural_earth_land_point_mask"", ""bounds_lonlat"": {""west"": -41.04964682455505, ""south"": -21.584071328914074, ""east"": -40.816129780708785, ""north"": -21.362424599515254}, ""mask_path"": ""/content/sismom_colab_work_v2/sources/api/copernicus_meta_1-main/copernicus-platform/frontend/public/shapes/ne_10m_land/ne_10m_land.shp"", ""land_buffer_degrees"": 0.0, ""valid_geolocation_points"": 16384, ""land_points"": 1414, ""water_points"": 14970, ""land_fraction"": 0.0863037109375, ""water_fraction"": 0.9136962890625, ""valid_pixels_before_land_mask"": 597529, ""valid_pixels_after_land_mask"": 547004, ""pixels_masked_by_land"": 50525, ""valid_water_fraction"": 0.9154434345445995, ""land_skip_threshold"": 0.99, ""min_water_fraction"": 0.01, ""skip_land_tiles"": true, ""skipped"": false, ""reason"": ""water_candidate"", ""message"": ""CFAR restrito aos pixels de água.""}",natural_earth_land_point_mask,-21.374729420328112,-40.971946908369354,-6.380000114440918,-7.300000190734863,-8.100000381469727,43,P044,patch_0044_VV,,,"{""row"": 213, ""col"": 1812, ""row_resampled"": 71, ""col_resampled"": 604}",VV,"{""x0"": 7840, ""y0"": 5840, ""x1"": 10160, ""y1"": 8160}","{""west"": -41.06836359161925, ""south"": -21.60181057694006, ""east"": -40.79745707096901, ""north"": -21.34468416301664}",EPSG:4326,"[0.00010924210395578077, 0.0, -41.8545100791742, 0.0, -0.0001224201828423, -21.197590888085806, 0.0, 0.0, 1.0]",,cfar,,S1C_IW_GRDH_1SDV_20260810T081306_20260810T081331_008930_011B7A_86B1,-9.66,,1.0,0.9154434345445995,0.9136962890625,,,1.35,fallback
3,3.0,"{""row_min"": 222, ""row_max"": 228, ""col_min"": 1812, ""col_max"": 1812}","{""x0"": 8000, ""y0"": 6000, ""x1"": 10000, ""y1"": 8000}","{""west"": -41.04964682455505, ""south"": -21.584071328914074, ""east"": -40.816129780708785, ""north"": -21.362424599515254}",cfar,,,,,geolocation_grid,,"{""type"": ""Polygon"", ""coordinates"": [[[-40.97215577472916, -21.3755306170363], [-40.97215577472916, -21.3755306170363], [-40.972295018969035, -21.376064748175093], [-40.972295018969035, -21.376064748175093], [-40.97215577472916, -21.3755306170363]]]}",snap_geolocation_grid,patch_0044_VV_sigma0_preproc.tif,"{""row"": 6065, ""col"": 9652}",160,36,linear,0.0863037109375,"{""enabled"": true, ""applied"": true, ""status"": ""ok"", ""stage"": ""cfar_water_mask"", ""resampled_shape"": [773, 773], ""sample_shape"": [128, 128], ""sample_max_dim"": 128, ""available"": true, ""method"": ""natural_earth_land_point_mask"", ""bounds_lonlat"": {""west"": -41.04964682455505, ""south"": -21.584071328914074, ""east"": -40.816129780708785, ""north"": -21.362424599515254}, ""mask_path"": ""/content/sismom_colab_work_v2/sources/api/copernicus_meta_1-main/copernicus-platform/frontend/public/shapes/ne_10m_land/ne_10m_land.shp"", ""land_buffer_degrees"": 0.0, ""valid_geolocation_points"": 16384, ""land_points"": 1414, ""water_points"": 14970, ""land_fraction"": 0.0863037109375, ""water_fraction"": 0.9136962890625, ""valid_pixels_before_land_mask"": 597529, ""valid_pixels_after_land_mask"": 547004, ""pixels_masked_by_land"": 50525, ""valid_water_fraction"": 0.9154434345445995, ""land_skip_threshold"": 0.99, ""min_water_fraction"": 0.01, ""skip_land_tiles"": true, ""skipped"": false, ""reason"": ""water_candidate"", ""message"": ""CFAR restrito aos pixels de água.""}",natural_earth_land_point_mask,-21.375797682605697,-40.9722253968491,-6.659999847412109,-7.639999866485596,-8.180000305175781,43,P044,patch_0044_VV,,,"{""row"": 225, ""col"": 1812, ""row_resampled"": 75, ""col_resampled"": 604}",VV,"{""x0"": 7840, ""y0"": 5840, ""x1"": 10160, ""y1"": 8160}","{""west"": -41.06836359161925, ""south"": -21.60181057694006, ""east"": -40.79745707096901, ""north"": -21.34468416301664}",EPSG:4326,"[0.00010924210395578077, 0.0, -41.8545100791742, 0.0, -0.0001224201828423, -21.197590888085806, 0.0, 0.0, 1.0]",,cfar,,S1C_IW_GRDH_1SDV_20260810T081306_20260810T081331_008930_011B7A_86B1,-8.39,,1.0,0.9154434345445995,0.9136962890625,,,1.35,fallback
3,3.0,"{""row_min"": 297, ""row_max"": 303, ""col_min"": 1830, ""col_max"": 1830}","{""x0"": 8000, ""y0"": 6000, ""x1"": 10000, ""y1"": 8000}","{""west"": -41.04964682455505, ""south"": -21.584071328914074, ""east"": -40.816129780708785, ""north"": -21.362424599515254}",cfar,,,,,geolocation_grid,,"{""type"": ""Polygon"", ""coordinates"": [[[-40.97558048770814, -21.381813674327965], [-40.97558048770814, -21.381813674327965], [-40.97571973748101, -21.382347803824644], [-40.97571973748101, -21.382347803824644], [-40.97558048770814, -21.381813674327965]]]}",snap_geolocation_grid,patch_0044_VV_sigma0_preproc.tif,"{""row"": 6140, ""col"": 9670}",160,37,linear,0.0863037109375,"{""enabled"": true, ""applied"": true, ""status"": ""ok"", ""stage"": ""cfar_water_mask"", ""resampled_shape"": [773, 773], ""sample_shape"": [128, 128], ""sample_max_dim"": 128, ""available"": true, ""method"": ""natural_earth_land_point_mask"", ""bounds_lonlat"": {""west"": -41.04964682455505, ""south"": -21.584071328914074, ""east"": -40.816129780708785, ""north"": -21.362424599515254}, ""mask_path"": ""/content/sismom_colab_work_v2/sources/api/copernicus_meta_1-main/copernicus-platform/frontend/public/shapes/ne_10m_land/ne_10m_land.shp"", ""land_buffer_degrees"": 0.0, ""valid_geolocation_points"": 16384, ""land_points"": 1414, ""water_points"": 14970, ""land_fraction"": 0.0863037109375, ""water_fraction"": 0.9136962890625, ""valid_pixels_before_land_mask"": 597529, ""valid_pixels_after_land_mask"": 547004, ""pixels_masked_by_land"": 50525, ""valid_water_fraction"": 0.9154434345445995, ""land_skip_threshold"": 0.99, ""min_water_fraction"": 0.01, ""skip_land_tiles"": true, ""skipped"": false, ""reason"": ""water_candidate"", ""message"": ""CFAR restrito aos pixels de água.""}",natural_earth_land_point_mask,-21.382080739076304,-40.97565011259458,-5.099999904632568,-7.139999866485596,-9.029999732971191,43,P044,patch_0044_VV,,,"{""row"": 300, ""col"": 1830, ""row_resampled"": 100, ""col_resampled"": 610}",VV,"{""x0"": 7840, ""y0"": 5840, ""x1"": 10160, ""y1"": 8160}","{""west"": -41.06836359161925, ""south"": -21.60181057694006, ""east"": -40.79745707096901, ""north"": -21.34468416301664}",EPSG:4326,"[0.00010924210395578077, 0.0, -41.8545100791742, 0.0, -0.0001224201828423, -21.197590888085806, 0.0, 0.0, 1.0]",,cfar,,S1C_IW_GRDH_1SDV_20260810T081306_20260810T081331_008930_011B7A_86B1,-9.47,,1.0,0.9154434345445995,0.9136962890625,,,1.35,fallback
6,2.0,"{""row_min"": 360, ""row_max"": 369, ""col_min"": 1866, ""col_max"": 1869}","{""x0"": 8000, ""y0"": 6000, ""x1"": 10000, ""y1"": 8000}","{""west"": -41.04964682455505, ""south"": -21.584071328914074, ""east"": -40.816129780708785, ""north"": -21.362424599515254}",cfar,,,,,geolocation_grid,,"{""type"": ""Polygon"", ""coordinates"": [[[-40.980411046389264, -21.386634835672236], [-40.98069174938383, -21.386569235807997], [-40.98090064202258, -21.387370424716146], [-40.98061993764512, -21.387436024990915], [-40.980411046389264, -21.386634835672236]]]}",snap_geolocation_grid,patch_0044_VV_sigma0_preproc.tif,"{""row"": 6206, ""col"": 9706}",160,38,linear,0.0863037109375,"{""enabled"": true, ""applied"": true, ""status"": ""ok"", ""stage"": ""cfar_water_mask"", ""resampled_shape"": [773, 773], ""sample_shape"": [128, 128], ""sample_max_dim"": 128, ""available"": true, ""method"": ""natural_earth_land_point_mask"", ""bounds_lonlat"": {""west"": -41.04964682455505, ""south"": -21.584071328914074, ""east"": -40.816129780708785, ""north"": -21.362424599515254}, ""mask_path"": ""/content/sismom_colab_work_v2/sources/api/copernicus_meta_1-main/copernicus-platform/frontend/public/shapes/ne_10m_land/ne_10m_land.shp"", ""land_buffer_degrees"": 0.0, ""valid_geolocation_points"": 16384, ""land_points"": 1414, ""water_points"": 14970, ""land_fraction"": 0.0863037109375, ""water_fraction"": 0.9136962890625, ""valid_pixels_before_land_mask"": 597529, ""valid_pixels_after_land_mask"": 547004, ""pixels_masked_by_land"": 50525, ""valid_water_fraction"": 0.9154434345445995, ""land_skip_threshold"": 0.99, ""min_water_fraction"": 0.01, ""skip_land_tiles"": true, ""skipped"": false, ""reason"": ""water_candidate"", ""message"": ""CFAR restrito aos pixels de água.""}",natural_earth_land_point_mask,-21.387168961884687,-40.98055030722651,-7.230000019073486,-8.34000015258789,-8.989999771118164,43,P044,patch_0044_VV,,,"{""row"": 366, ""col"": 1866, ""row_resampled"": 122, ""col_resampled"": 622}",VV,"{""x0"": 7840, ""y0"": 5840, ""x1"": 10160, ""y1"": 8160}","{""west"": -41.06836359161925, ""south"": -21.60181057694006, ""east"": -40.79745707096901, ""north"": -21.34468416301664}",EPSG:4326,"[0.00010924210395578077, 0.0, -41.8545100791742, 0.0, -0.0001224201828423, -21.197590888085806, 0.0, 0.0, 1.0]",,cfar,,S1C_IW_GRDH_1SDV_20260810T081306_20260810T081331_008930_011B7A_86B1,-11.07,,1.0,0.9154434345445995,0.9136962890625,,,1.35,fallback
4,1.0,"{""row_min"": 411, ""row_max"": 414, ""col_min"": 1881, ""col_max"": 1884}","{""x0"": 8000, ""y0"": 6000, ""x1"": 10000, ""y1"": 8000}","{""west"": -41.04964682455505, ""south"": -21.584071328914074, ""east"": -40.816129780708785, ""north"": -21.362424599515254}",cfar,,,,,geolocation_grid,,"{""type"": ""Polygon"", ""coordinates"": [[[-40.98299831766511, -21.390846897525243], [-40.983279028496064, -21.390781295334676], [-40.98334866168097, -21.391048357619848], [-40.98306795038906, -21.391113959947255], [-40.98299831766511, -21.390846897525243]]]}",snap_geolocation_grid,patch_0044_VV_sigma0_preproc.tif,"{""row"": 6254, ""col"": 9724}",160,39,linear,0.0863037109375,"{""enabled"": true, ""applied"": true, ""status"": ""ok"", ""stage"": ""cfar_water_mask"", ""resampled_shape"": [773, 773], ""sample_shape"": [128, 128], ""sample_max_dim"": 128, ""available"": true, ""method"": ""natural_earth_land_point_mask"", ""bounds_lonlat"": {""west"": -41.04964682455505, ""south"": -21.584071328914074, ""east"": -40.816129780708785, ""north"": -21.362424599515254}, ""mask_path"": ""/content/sismom_colab_work_v2/sources/api/copernicus_meta_1-main/copernicus-platform/frontend/public/shapes/ne_10m_land/ne_10m_land.shp"", ""land_buffer_degrees"": 0.0, ""valid_geolocation_points"": 16384, ""land_points"": 1414, ""water_points"": 14970, ""land_fraction"": 0.0863037109375, ""water_fraction"": 0.9136962890625, ""valid_pixels_before_land_mask"": 597529, ""valid_pixels_after_land_mask"": 547004, ""pixels_masked_by_land"": 50525, ""valid_water_fraction"": 0.9154434345445995, ""land_skip_threshold"": 0.99, ""min_water_fraction"": 0.01, ""skip_land_tiles"": true, ""skipped"": false, ""reason"": ""water_candidate"", ""message"": ""CFAR restrito aos pixels de água.""}",natural_earth_land_point_mask,-21.391048357619848,-40.98334866168097,-5.210000038146973,-7.519999980926514,-8.529999732971191,43,P044,patch_0044_VV,,,"{""row"": 414, ""col"": 1884, ""row_resampled"": 138, ""col_resampled"": 628}",VV,"{""x0"": 7840, ""y0"": 5840, ""x1"": 10160, ""y1"": 8160}","{""west"": -41.06836359161925, ""south"": -21.60181057694006, ""east"": -40.79745707096901, ""north"": -21.34468416301664}",EPSG:4326,"[0.00010924210395578077, 0.0, -41.8545100791742, 0.0, -0.0001224201828423, -21.197590888085806, 0.0, 0.0, 1.0]",,cfar,,S1C_IW_GRDH_1SDV_20260810T081306_20260810T081331_008930_011B7A_86B1,-11.43,,1.0,0.9154434345445995,0.9136962890625,,,1.35,fallback
3,1.5,"{""row_min"": 1272, ""row_max"": 1278, ""col_min"": 246, ""col_max"": 249}","{""x0"": 10000, ""y0"": 6000, ""x1"": 12000, ""y1"": 8000}","{""west"": -41.23895730581191, ""south"": -21.540341030801923, ""east"": -41.00327489557255, ""north"": -21.318011392031124}",cfar,,,,,geolocation_grid,,"{""type"": ""Polygon"", ""coordinates"": [[[-41.037152146907026, -21.45950743446825], [-41.0374329898562, -21.459441793003805], [-41.03757236838763, -21.45997588427573], [-41.03729152451656, -21.460041526013864], [-41.037152146907026, -21.45950743446825]]]}",snap_geolocation_grid,patch_0045_VV_sigma0_preproc.tif,"{""row"": 7115, ""col"": 10086}",160,40,linear,0.9161376953125,"{""enabled"": true, ""applied"": true, ""status"": ""ok"", ""stage"": ""cfar_water_mask"", ""resampled_shape"": [773, 773], ""sample_shape"": [128, 128], ""sample_max_dim"": 128, ""available"": true, ""method"": ""natural_earth_land_point_mask"", ""bounds_lonlat"": {""west"": -41.23895730581191, ""south"": -21.540341030801923, ""east"": -41.00327489557255, ""north"": -21.318011392031124}, ""mask_path"": ""/content/sismom_colab_work_v2/sources/api/copernicus_meta_1-main/copernicus-platform/frontend/public/shapes/ne_10m_land/ne_10m_land.shp"", ""land_buffer_degrees"": 0.0, ""valid_geolocation_points"": 16384, ""land_points"": 15010, ""water_points"": 1374, ""land_fraction"": 0.9161376953125, ""water_fraction"": 0.0838623046875, ""valid_pixels_before_land_mask"": 597529, ""valid_pixels_after_land_mask"": 49218, ""pixels_masked_by_land"": 548311, ""valid_water_fraction"": 0.08236922392051264, ""land_skip_threshold"": 0.99, ""min_water_fraction"": 0.01, ""skip_land_tiles"": true, ""skipped"": false, ""reason"": ""water_candidate"", ""message"": ""CFAR restrito aos pixels de água.""}",natural_earth_land_point_mask,-21.45977448024106,-41.03722183571179,0.949999988079071,-2.859999895095825,-5.800000190734863,44,P045,patch_0045_VV,,,"{""row"": 1275, ""col"": 246, ""row_resampled"": 425, ""col_resampled"": 82}",VV,"{""x0"": 9840, ""y0"": 5840, ""x1"": 12160, ""y1"": 8160}","{""west"": -41.25774010283604, ""south"": -21.558085693054323, ""east"": -40.9845909921565, ""north"": -21.300217275190597}",EPSG:4326,"[0.00010924210395578077, 0.0, -41.63602587126264, 0.0, -0.0001224201828423, -21.197590888085806, 0.0, 0.0, 1.0]",,cfar,,S1C_IW_GRDH_1SDV_20260810T081306_20260810T081331_008930_011B7A_86B1,-7.19,,1.0,0.08236922392051264,0.0838623046875,,,1.35,fallback
3,1.5,"{""row_min"": 1416, ""row_max"": 1419, ""col_min"": 348, ""col_max"": 354}","{""x0"": 10000, ""y0"": 6000, ""x1"": 12000, ""y1"": 8000}","{""west"": -41.23895730581191, ""south"": -21.540341030801923, ""east"": -41.00327489557255, ""north"": -21.318011392031124}",cfar,,,,,geolocation_grid,,"{""type"": ""Polygon"", ""coordinates"": [[[-41.050071751615356, -21.470086193122384], [-41.05063886692268, -21.46995331020189], [-41.05070857558605, -21.47022035030349], [-41.05014145878024, -21.470353233629115], [-41.050071751615356, -21.470086193122384]]]}",snap_geolocation_grid,patch_0045_VV_sigma0_preproc.tif,"{""row"": 7256, ""col"": 10191}",160,41,linear,0.9161376953125,"{""enabled"": true, ""applied"": true, ""status"": ""ok"", ""stage"": ""cfar_water_mask"", ""resampled_shape"": [773, 773], ""sample_shape"": [128, 128], ""sample_max_dim"": 128, ""available"": true, ""method"": ""natural_earth_land_point_mask"", ""bounds_lonlat"": {""west"": -41.23895730581191, ""south"": -21.540341030801923, ""east"": -41.00327489557255, ""north"": -21.318011392031124}, ""mask_path"": ""/content/sismom_colab_work_v2/sources/api/copernicus_meta_1-main/copernicus-platform/frontend/public/shapes/ne_10m_land/ne_10m_land.shp"", ""land_buffer_degrees"": 0.0, ""valid_geolocation_points"": 16384, ""land_points"": 15010, ""water_points"": 1374, ""land_fraction"": 0.9161376953125, ""water_fraction"": 0.0838623046875, ""valid_pixels_before_land_mask"": 597529, ""valid_pixels_after_land_mask"": 49218, ""pixels_masked_by_land"": 548311, ""valid_water_fraction"": 0.08236922392051264, ""land_skip_threshold"": 0.99, ""min_water_fraction"": 0.01, ""skip_land_tiles"": true, ""skipped"": false, ""reason"": ""water_candidate"", ""message"": ""CFAR restrito aos pixels de água.""}",natural_earth_land_point_mask,-21.470019751662136,-41.05035530926902,0.5600000023841858,-4.380000114440918,-8.779999732971191,44,P045,patch_0045_VV,,,"{""row"": 1416, ""col"": 351, ""row_resampled"": 472, ""col_resampled"": 117}",VV,"{""x0"": 9840, ""y0"": 5840, ""x1"": 12160, ""y1"": 8160}","{""west"": -41.25774010283604, ""south"": -21.558085693054323, ""east"": -40.9845909921565, ""north"": -21.300217275190597}",EPSG:4326,"[0.00010924210395578077, 0.0, -41.63602587126264, 0.0, -0.0001224201828423, -21.197590888085806, 0.0, 0.0, 1.0]",,cfar,,S1C_IW_GRDH_1SDV_20260810T081306_20260810T081331_008930_011B7A_86B1,-8.95,,1.0,0.08236922392051264,0.0838623046875,,,1.35,fallback
3,1.0,"{""row_min"": 1425, ""row_max"": 1428, ""col_min"": 351, ""col_max"": 354}","{""x0"": 10000, ""y0"": 6000, ""x1"": 12000, ""y1"": 8000}","{""west"": -41.23895730581191, ""south"": -21.540341030801923, ""east"": -41.00327489557255, ""north"": -21.318011392031124}",cfar,,,,,geolocation_grid,,"{""type"": ""Polygon"", ""coordinates"": [[[-41.050564433011395, -21.470820872574638], [-41.050847992912786, -21.47075443050669], [-41.05091770157615, -21.471021470608292], [-41.05063414092552, -21.471087912878804], [-41.050564433011395, -21.470820872574638]]]}",snap_geolocation_grid,patch_0045_VV_sigma0_preproc.tif,"{""row"": 7268, ""col"": 10194}",160,42,linear,0.9161376953125,"{""enabled"": true, ""applied"": true, ""status"": ""ok"", ""stage"": ""cfar_water_mask"", ""resampled_shape"": [773, 773], ""sample_shape"": [128, 128], ""sample_max_dim"": 128, ""available"": true, ""method"": ""natural_earth_land_point_mask"", ""bounds_lonlat"": {""west"": -41.23895730581191, ""south"": -21.540341030801923, ""east"": -41.00327489557255, ""north"": -21.318011392031124}, ""mask_path"": ""/content/sismom_colab_work_v2/sources/api/copernicus_meta_1-main/copernicus-platform/frontend/public/shapes/ne_10m_land/ne_10m_land.shp"", ""land_buffer_degrees"": 0.0, ""valid_geolocation_points"": 16384, ""land_points"": 15010, ""water_points"": 1374, ""land_fraction"": 0.9161376953125, ""water_fraction"": 0.0838623046875, ""valid_pixels_before_land_mask"": 597529, ""valid_pixels_after_land_mask"": 49218, ""pixels_masked_by_land"": 548311, ""valid_water_fraction"": 0.08236922392051264, ""land_skip_threshold"": 0.99, ""min_water_fraction"": 0.01, ""skip_land_tiles"": true, ""skipped"": false, ""reason"": ""water_candidate"", ""message"": ""CFAR restrito aos pixels de água.""}",natural_earth_land_point_mask,-21.471021470608292,-41.05091770157615,-5.96999979019165,-7.309999942779541,-8.539999961853027,44,P045,patch_0045_VV,,,"{""row"": 1428, ""col"": 354, ""row_resampled"": 476, ""col_resampled"": 118}",VV,"{""x0"": 9840, ""y0"": 5840, ""x1"": 12160, ""y1"": 8160}","{""west"": -41.25774010283604, ""south"": -21.558085693054323, ""east"": -40.9845909921565, ""north"": -21.300217275190597}",EPSG:4326,"[0.00010924210395578077, 0.0, -41.63602587126264, 0.0, -0.0001224201828423, -21.197590888085806, 0.0, 0.0, 1.0]",,cfar,,S1C_IW_GRDH_1SDV_20260810T081306_20260810T081331_008930_011B7A_86B1,-9.54,,1.0,0.08236922392051264,0.0838623046875,,,1.35,fallback
9,4.0,"{""row_min"": 972, ""row_max"": 993, ""col_min"": 1194, ""col_max"": 1197}","{""x0"": 4000, ""y0"": 8000, ""x1"": 6000, ""y1"": 10000}","{""west"": -40.72100265332413, ""south"": -21.849102725353667, ""east"": -40.48736445805624, ""north"": -21.627703910899548}",cfar,,,,,geolocation_grid,,"{""type"": ""Polygon"", ""coordinates"": [[[-40.60305066223061, -21.720972370016966], [-40.603332203545385, -21.720907453288216], [-40.60381563879527, -21.722778234364423], [-40.603534094144244, -21.722843151950237], [-40.60305066223061, -21.720972370016966]]]}",snap_geolocation_grid,patch_0055_VV_sigma0_preproc.tif,"{""row"": 8824, ""col"": 5034}",160,43,linear,0.0,"{""enabled"": true, ""applied"": true, ""status"": ""ok"", ""stage"": ""cfar_water_mask"", ""resampled_shape"": [773, 773], ""sample_shape"": [128, 128], ""sample_max_dim"": 128, ""available"": true, ""method"": ""natural_earth_land_point_mask"", ""bounds_lonlat"": {""west"": -40.72100265332413, ""south"": -21.849102725353667, ""east"": -40.48736445805624, ""north"": -21.627703910899548}, ""mask_path"": ""/content/sismom_colab_work_v2/sources/api/copernicus_meta_1-main/copernicus-platform/frontend/public/shapes/ne_10m_land/ne_10m_land.shp"", ""land_buffer_degrees"": 0.0, ""valid_geolocation_points"": 16384, ""land_points"": 0, ""water_points"": 16384, ""land_fraction"": 0.0, ""water_fraction"": 1.0, ""valid_pixels_before_land_mask"": 597529, ""valid_pixels_after_land_mask"": 597529, ""pixels_masked_by_land"": 0, ""valid_water_fraction"": 1.0, ""land_skip_threshold"": 0.99, ""min_water_fraction"": 0.01, ""skip_land_tiles"": true, ""skipped"": false, ""reason"": ""water_candidate"", ""message"": ""CFAR restrito aos pixels de água.""}",natural_earth_land_point_mask,-21.72204138826455,-40.6033269090384,10.850000381469727,2.549999952316284,-3.640000104904175,54,P055,patch_0055_VV,,,"{""row"": 984, ""col"": 1194, ""row_resampled"": 328, ""col_resampled"": 398}",VV,"{""x0"": 3840, ""y0"": 7840, ""x1"": 6160, ""y1"": 10160}","{""west"": -40.73972486086364, ""south"": -21.866822726138462, ""east"": -40.46868262623587, ""north"": -21.60998191612659}",EPSG:4326,"[0.00010924210395578077, 0.0, -42.29147849499732, 0.0, -0.0001224201828423, -21.442431253770405, 0.0, 0.0, 1.0]",,cfar,,S1C_IW_GRDH_1SDV_20260810T081306_20260810T081331_008930_011B7A_86B1,-6.91,,1.0,1.0,1.0,,,1.35,fallback
18,2.0,"{""row_min"": 1665, ""row_max"": 1686, ""col_min"": 1170, ""col_max"": 1179}","{""x0"": 4000, ""y0"": 8000, ""x1"": 6000, ""y1"": 10000}","{""west"": -40.72100265332413, ""south"": -21.849102725353667, ""east"": -40.48736445805624, ""north"": -21.627703910899548}",cfar,,,,,geolocation_grid,,"{""type"": ""Polygon"", ""coordinates"": [[[-40.6167582221153, -21.783226478410796], [-40.61760317755188, -21.78303164137339], [-40.618087729337766, -21.784902237533807], [-40.61724276371051, -21.785097077444913], [-40.6167582221153, -21.783226478410796]]]}",snap_geolocation_grid,patch_0055_VV_sigma0_preproc.tif,"{""row"": 9514, ""col"": 5016}",160,44,linear,0.0,"{""enabled"": true, ""applied"": true, ""status"": ""ok"", ""stage"": ""cfar_water_mask"", ""resampled_shape"": [773, 773], ""sample_shape"": [128, 128], ""sample_max_dim"": 128, ""available"": true, ""method"": ""natural_earth_land_point_mask"", ""bounds_lonlat"": {""west"": -40.72100265332413, ""south"": -21.849102725353667, ""east"": -40.48736445805624, ""north"": -21.627703910899548}, ""mask_path"": ""/content/sismom_colab_work_v2/sources/api/copernicus_meta_1-main/copernicus-platform/frontend/public/shapes/ne_10m_land/ne_10m_land.shp"", ""land_buffer_degrees"": 0.0, ""valid_geolocation_points"": 16384, ""land_points"": 0, ""water_points"": 16384, ""land_fraction"": 0.0, ""water_fraction"": 1.0, ""valid_pixels_before_land_mask"": 597529, ""valid_pixels_after_land_mask"": 597529, ""pixels_masked_by_land"": 0, ""valid_water_fraction"": 1.0, ""land_skip_threshold"": 0.99, ""min_water_fraction"": 0.01, ""skip_land_tiles"": true, ""skipped"": false, ""reason"": ""water_candidate"", ""message"": ""CFAR restrito aos pixels de água.""}",natural_earth_land_point_mask,-21.783898271531807,-40.61752918933497,10.760000228881836,0.6499999761581421,-4.260000228881836,54,P055,patch_0055_VV,,,"{""row"": 1674, ""col"": 1176, ""row_resampled"": 558, ""col_resampled"": 392}",VV,"{""x0"": 3840, ""y0"": 7840, ""x1"": 6160, ""y1"": 10160}","{""west"": -40.73972486086364, ""south"": -21.866822726138462, ""east"": -40.46868262623587, ""north"": -21.60998191612659}",EPSG:4326,"[0.00010924210395578077, 0.0, -42.29147849499732, 0.0, -0.0001224201828423, -21.442431253770405, 0.0, 0.0, 1.0]",,cfar,,S1C_IW_GRDH_1SDV_20260810T081306_20260810T081331_008930_011B7A_86B1,-5.53,,1.0,1.0,1.0,,,1.35,fallback
3,3.0,"{""row_min"": 1692, ""row_max"": 1698, ""col_min"": 597, ""col_max"": 597}","{""x0"": 6000, ""y0"": 8000, ""x1"": 8000, ""y1"": 10000}","{""west"": -40.90868108653575, ""south"": -21.805728318728097, ""east"": -40.674941256058716, ""north"": -21.58418219679668}",cfar,,,,,geolocation_grid,,"{""type"": ""Polygon"", ""coordinates"": [[[-40.751304954353536, -21.754640858075483], [-40.751304954353536, -21.754640858075483], [-40.75144387462936, -21.755175190512425], [-40.75144387462936, -21.755175190512425], [-40.751304954353536, -21.754640858075483]]]}",snap_geolocation_grid,patch_0056_VV_sigma0_preproc.tif,"{""row"": 9535, ""col"": 6437}",160,45,linear,0.0,"{""enabled"": true, ""applied"": true, ""status"": ""ok"", ""stage"": ""cfar_water_mask"", ""resampled_shape"": [773, 773], ""sample_shape"": [128, 128], ""sample_max_dim"": 128, ""available"": true, ""method"": ""natural_earth_land_point_mask"", ""bounds_lonlat"": {""west"": -40.90868108653575, ""south"": -21.805728318728097, ""east"": -40.674941256058716, ""north"": -21.58418219679668}, ""mask_path"": ""/content/sismom_colab_work_v2/sources/api/copernicus_meta_1-main/copernicus-platform/frontend/public/shapes/ne_10m_land/ne_10m_land.shp"", ""land_buffer_degrees"": 0.0, ""valid_geolocation_points"": 16384, ""land_points"": 0, ""water_points"": 16384, ""land_fraction"": 0.0, ""water_fraction"": 1.0, ""valid_pixels_before_land_mask"": 597529, ""valid_pixels_after_land_mask"": 597529, ""pixels_masked_by_land"": 0, ""valid_water_fraction"": 1.0, ""land_skip_threshold"": 0.99, ""min_water_fraction"": 0.01, ""skip_land_tiles"": true, ""skipped"": false, ""reason"": ""water_candidate"", ""message"": ""CFAR restrito aos pixels de água.""}",natural_earth_land_point_mask,-21.754908024293957,-40.751374414491444,-4.739999771118164,-6.840000152587891,-9.960000038146973,55,P056,patch_0056_VV,,,"{""row"": 1695, ""col"": 597, ""row_resampled"": 565, ""col_resampled"": 199}",VV,"{""x0"": 5840, ""y0"": 7840, ""x1"": 8160, ""y1"": 10160}","{""west"": -40.92740942413815, ""south"": -21.823454501268916, ""east"": -40.65624813264574, ""north"": -21.56644372238861}",EPSG:4326,"[0.00010924210395578077, 0.0, -42.07299428708576, 0.0, -0.0001224201828423, -21.442431253770405, 0.0, 0.0, 1.0]",,cfar,,S1C_IW_GRDH_1SDV_20260810T081306_20260810T081331_008930_011B7A_86B1,-11.48,,1.0,1.0,1.0,,,1.35,fallback
32,1.1111,"{""row_min"": 2082, ""row_max"": 2109, ""col_min"": 354, ""col_max"": 378}","{""x0"": 6000, ""y0"": 8000, ""x1"": 8000, ""y1"": 10000}","{""west"": -40.90868108653575, ""south"": -21.805728318728097, ""east"": -40.674941256058716, ""north"": -21.58418219679668}",cfar,,,,,geolocation_grid,,"{""type"": ""Polygon"", ""coordinates"": [[[-40.7375267176263, -21.794656217599833], [-40.739779637892795, -21.794134855825824], [-40.74040444719748, -21.79653944017449], [-40.73815149053334, -21.79706081128262], [-40.7375267176263, -21.794656217599833]]]}",snap_geolocation_grid,patch_0056_VV_sigma0_preproc.tif,"{""row"": 9934, ""col"": 6206}",160,46,linear,0.0,"{""enabled"": true, ""applied"": true, ""status"": ""ok"", ""stage"": ""cfar_water_mask"", ""resampled_shape"": [773, 773], ""sample_shape"": [128, 128], ""sample_max_dim"": 128, ""available"": true, ""method"": ""natural_earth_land_point_mask"", ""bounds_lonlat"": {""west"": -40.90868108653575, ""south"": -21.805728318728097, ""east"": -40.674941256058716, ""north"": -21.58418219679668}, ""mask_path"": ""/content/sismom_colab_work_v2/sources/api/copernicus_meta_1-main/copernicus-platform/frontend/public/shapes/ne_10m_land/ne_10m_land.shp"", ""land_buffer_degrees"": 0.0, ""valid_geolocation_points"": 16384, ""land_points"": 0, ""water_points"": 16384, ""land_fraction"": 0.0, ""water_fraction"": 1.0, ""valid_pixels_before_land_mask"": 597529, ""valid_pixels_after_land_mask"": 597529, ""pixels_masked_by_land"": 0, ""valid_water_fraction"": 1.0, ""land_skip_threshold"": 0.99, ""min_water_fraction"": 0.01, ""skip_land_tiles"": true, ""skipped"": false, ""reason"": ""water_candidate"", ""message"": ""CFAR restrito aos pixels de água.""}",natural_earth_land_point_mask,-21.79546424294204,-40.73893086269548,13.600000381469727,-1.5700000524520874,-8.149999618530273,55,P056,patch_0056_VV,,,"{""row"": 2094, ""col"": 366, ""row_resampled"": 698, ""col_resampled"": 122}",VV,"{""x0"": 5840, ""y0"": 7840, ""x1"": 8160, ""y1"": 10160}","{""west"": -40.92740942413815, ""south"": -21.823454501268916, ""east"": -40.65624813264574, ""north"": -21.56644372238861}",EPSG:4326,"[0.00010924210395578077, 0.0, -42.07299428708576, 0.0, -0.0001224201828423, -21.442431253770405, 0.0, 0.0, 1.0]",,cfar,,S1C_IW_GRDH_1SDV_20260810T081306_20260810T081331_008930_011B7A_86B1,-8.51,,1.0,1.0,1.0,,,1.35,fallback
4,1.0,"{""row_min"": 384, ""row_max"": 390, ""col_min"": 201, ""col_max"": 207}","{""x0"": 10000, ""y0"": 8000, ""x1"": 12000, ""y1"": 10000}","{""west"": -41.28476778022913, ""south"": -21.718328764453368, ""east"": -41.049763793649774, ""north"": -21.49601482585949}",cfar,,,,,geolocation_grid,,"{""type"": ""Polygon"", ""coordinates"": [[[-41.05882425574428, -21.559469257603382], [-41.05938635442545, -21.55933785567754], [-41.05952618024668, -21.55987188066042], [-41.05896407913844, -21.56000328327767], [-41.05882425574428, -21.559469257603382]]]}",snap_geolocation_grid,patch_0058_VV_sigma0_preproc.tif,"{""row"": 8227, ""col"": 10044}",160,47,linear,0.9715576171875,"{""enabled"": true, ""applied"": true, ""status"": ""ok"", ""stage"": ""cfar_water_mask"", ""resampled_shape"": [773, 773], ""sample_shape"": [128, 128], ""sample_max_dim"": 128, ""available"": true, ""method"": ""natural_earth_land_point_mask"", ""bounds_lonlat"": {""west"": -41.28476778022913, ""south"": -21.718328764453368, ""east"": -41.049763793649774, ""north"": -21.49601482585949}, ""mask_path"": ""/content/sismom_colab_work_v2/sources/api/copernicus_meta_1-main/copernicus-platform/frontend/public/shapes/ne_10m_land/ne_10m_land.shp"", ""land_buffer_degrees"": 0.0, ""valid_geolocation_points"": 16384, ""land_points"": 15918, ""water_points"": 466, ""land_fraction"": 0.9715576171875, ""water_fraction"": 0.0284423828125, ""valid_pixels_before_land_mask"": 597529, ""valid_pixels_after_land_mask"": 16379, ""pixels_masked_by_land"": 581150, ""valid_water_fraction"": 0.027411221882117854, ""land_skip_threshold"": 0.99, ""min_water_fraction"": 0.01, ""skip_land_tiles"": true, ""skipped"": false, ""reason"": ""water_candidate"", ""message"": ""CFAR restrito aos pixels de água.""}",natural_earth_land_point_mask,-21.559670569304753,-41.059175217388706,-7.809999942779541,-9.09000015258789,-9.8100004196167,57,P058,patch_0058_VV,,,"{""row"": 387, ""col"": 204, ""row_resampled"": 129, ""col_resampled"": 68}",VV,"{""x0"": 9840, ""y0"": 7840, ""x1"": 12160, ""y1"": 10160}","{""west"": -41.303613256216394, ""south"": -21.736076956229763, ""east"": -41.03105045108665, ""north"": -21.478177521265913}",EPSG:4326,"[0.00010924210395578077, 0.0, -41.63602587126264, 0.0, -0.0001224201828423, -21.442431253770405, 0.0, 0.0, 1.0]",,cfar,,S1C_IW_GRDH_1SDV_20260810T081306_20260810T081331_008930_011B7A_86B1,-12.9,,1.0,0.027411221882117854,0.0284423828125,,,1.35,fallback
8,1.3333,"{""row_min"": 213, ""row_max"": 219, ""col_min"": 585, ""col_max"": 594}","{""x0"": 6000, ""y0"": 10000, ""x1"": 8000, ""y1"": 12000}","{""west"": -40.9552016088542, ""south"": -21.98384598904997, ""east"": -40.72111965820287, ""north"": -21.762256110960692}",cfar,,,,,geolocation_grid,,"{""type"": ""Polygon"", ""coordinates"": [[[-40.76224176304586, -21.801300232857045], [-40.7630863399323, -21.801104101726565], [-40.76322525921022, -21.801638434451597], [-40.762380679294566, -21.80183456644634], [-40.76224176304586, -21.801300232857045]]]}",snap_geolocation_grid,patch_0069_VV_sigma0_preproc.tif,"{""row"": 10056, ""col"": 6428}",160,48,linear,0.0,"{""enabled"": true, ""applied"": true, ""status"": ""ok"", ""stage"": ""cfar_water_mask"", ""resampled_shape"": [773, 773], ""sample_shape"": [128, 128], ""sample_max_dim"": 128, ""available"": true, ""method"": ""natural_earth_land_point_mask"", ""bounds_lonlat"": {""west"": -40.9552016088542, ""south"": -21.98384598904997, ""east"": -40.72111965820287, ""north"": -21.762256110960692}, ""mask_path"": ""/content/sismom_colab_work_v2/sources/api/copernicus_meta_1-main/copernicus-platform/frontend/public/shapes/ne_10m_land/ne_10m_land.shp"", ""land_buffer_degrees"": 0.0, ""valid_geolocation_points"": 16384, ""land_points"": 0, ""water_points"": 16384, ""land_fraction"": 0.0, ""water_fraction"": 1.0, ""valid_pixels_before_land_mask"": 597529, ""valid_pixels_after_land_mask"": 597529, ""pixels_masked_by_land"": 0, ""valid_water_fraction"": 1.0, ""land_skip_threshold"": 0.99, ""min_water_fraction"": 0.01, ""skip_land_tiles"": true, ""skipped"": false, ""reason"": ""water_candidate"", ""message"": ""CFAR restrito aos pixels de água.""}",natural_earth_land_point_mask,-21.801502022464156,-40.76259274730389,25.510000228881836,11.119999885559082,5.079999923706055,68,P069,patch_0069_VV,,,"{""row"": 216, ""col"": 588, ""row_resampled"": 72, ""col_resampled"": 196}",VV,"{""x0"": 5840, ""y0"": 9840, ""x1"": 8160, ""y1"": 12160}","{""west"": -40.97395566927775, ""south"": -22.001575641857848, ""east"": -40.70240030525633, ""north"": -21.74451423735206}",EPSG:4326,"[0.00010924210395578077, 0.0, -42.07299428708576, 0.0, -0.0001224201828423, -21.687271619455004, 0.0, 0.0, 1.0]",,cfar,,S1C_IW_GRDH_1SDV_20260810T081306_20260810T081331_008930_011B7A_86B1,3.29,,1.0,1.0,1.0,,,1.35,fallback
20,1.0,"{""row_min"": 246, ""row_max"": 270, ""col_min"": 306, ""col_max"": 330}","{""x0"": 6000, ""y0"": 10000, ""x1"": 8000, ""y1"": 12000}","{""west"": -40.9552016088542, ""south"": -21.98384598904997, ""east"": -40.72111965820287, ""north"": -21.762256110960692}",cfar,,,,,geolocation_grid,,"{""type"": ""Polygon"", ""coordinates"": [[[-40.736815351688264, -21.810304734687396], [-40.73906849322884, -21.809783316217256], [-40.73962381458042, -21.81192074112117], [-40.737370640686386, -21.812442167888307], [-40.736815351688264, -21.810304734687396]]]}",snap_geolocation_grid,patch_0069_VV_sigma0_preproc.tif,"{""row"": 10098, ""col"": 6158}",160,49,linear,0.0,"{""enabled"": true, ""applied"": true, ""status"": ""ok"", ""stage"": ""cfar_water_mask"", ""resampled_shape"": [773, 773], ""sample_shape"": [128, 128], ""sample_max_dim"": 128, ""available"": true, ""method"": ""natural_earth_land_point_mask"", ""bounds_lonlat"": {""west"": -40.9552016088542, ""south"": -21.98384598904997, ""east"": -40.72111965820287, ""north"": -21.762256110960692}, ""mask_path"": ""/content/sismom_colab_work_v2/sources/api/copernicus_meta_1-main/copernicus-platform/frontend/public/shapes/ne_10m_land/ne_10m_land.shp"", ""land_buffer_degrees"": 0.0, ""valid_geolocation_points"": 16384, ""land_points"": 0, ""water_points"": 16384, ""land_fraction"": 0.0, ""water_fraction"": 1.0, ""valid_pixels_before_land_mask"": 597529, ""valid_pixels_after_land_mask"": 597529, ""pixels_masked_by_land"": 0, ""valid_water_fraction"": 1.0, ""land_skip_threshold"": 0.99, ""min_water_fraction"": 0.01, ""skip_land_tiles"": true, ""skipped"": false, ""reason"": ""water_candidate"", ""message"": ""CFAR restrito aos pixels de água.""}",natural_earth_land_point_mask,-21.81111273997853,-40.73821957511418,9.510000228881836,1.4500000476837158,-2.7799999713897705,68,P069,patch_0069_VV,,,"{""row"": 258, ""col"": 318, ""row_resampled"": 86, ""col_resampled"": 106}",VV,"{""x0"": 5840, ""y0"": 9840, ""x1"": 8160, ""y1"": 12160}","{""west"": -40.97395566927775, ""south"": -22.001575641857848, ""east"": -40.70240030525633, ""north"": -21.74451423735206}",EPSG:4326,"[0.00010924210395578077, 0.0, -42.07299428708576, 0.0, -0.0001224201828423, -21.687271619455004, 0.0, 0.0, 1.0]",,cfar,,S1C_IW_GRDH_1SDV_20260810T081306_20260810T081331_008930_011B7A_86B1,-3.34,,1.0,1.0,1.0,,,1.35,fallback
30,1.0,"{""row_min"": 300, ""row_max"": 324, ""col_min"": 1728, ""col_max"": 1752}","{""x0"": 6000, ""y0"": 10000, ""x1"": 8000, ""y1"": 12000}","{""west"": -40.9552016088542, ""south"": -21.98384598904997, ""east"": -40.72111965820287, ""north"": -21.762256110960692}",cfar,,,,,geolocation_grid,,"{""type"": ""Polygon"", ""coordinates"": [[[-40.8715229441859, -21.784137824777382], [-40.873775116056066, -21.783614494309266], [-40.874332351952766, -21.78575138047895], [-40.872080148059695, -21.786274720085288], [-40.8715229441859, -21.784137824777382]]]}",snap_geolocation_grid,patch_0069_VV_sigma0_preproc.tif,"{""row"": 10152, ""col"": 7580}",160,50,linear,0.0,"{""enabled"": true, ""applied"": true, ""status"": ""ok"", ""stage"": ""cfar_water_mask"", ""resampled_shape"": [773, 773], ""sample_shape"": [128, 128], ""sample_max_dim"": 128, ""available"": true, ""method"": ""natural_earth_land_point_mask"", ""bounds_lonlat"": {""west"": -40.9552016088542, ""south"": -21.98384598904997, ""east"": -40.72111965820287, ""north"": -21.762256110960692}, ""mask_path"": ""/content/sismom_colab_work_v2/sources/api/copernicus_meta_1-main/copernicus-platform/frontend/public/shapes/ne_10m_land/ne_10m_land.shp"", ""land_buffer_degrees"": 0.0, ""valid_geolocation_points"": 16384, ""land_points"": 0, ""water_points"": 16384, ""land_fraction"": 0.0, ""water_fraction"": 1.0, ""valid_pixels_before_land_mask"": 597529, ""valid_pixels_after_land_mask"": 597529, ""pixels_masked_by_land"": 0, ""valid_water_fraction"": 1.0, ""land_skip_threshold"": 0.99, ""min_water_fraction"": 0.01, ""skip_land_tiles"": true, ""skipped"": false, ""reason"": ""water_candidate"", ""message"": ""CFAR restrito aos pixels de água.""}",natural_earth_land_point_mask,-21.78494460491272,-40.872927640063395,7.179999828338623,-2.890000104904175,-9.619999885559082,68,P069,patch_0069_VV,,,"{""row"": 312, ""col"": 1740, ""row_resampled"": 104, ""col_resampled"": 580}",VV,"{""x0"": 5840, ""y0"": 9840, ""x1"": 8160, ""y1"": 12160}","{""west"": -40.97395566927775, ""south"": -22.001575641857848, ""east"": -40.70240030525633, ""north"": -21.74451423735206}",EPSG:4326,"[0.00010924210395578077, 0.0, -42.07299428708576, 0.0, -0.0001224201828423, -21.687271619455004, 0.0, 0.0, 1.0]",,cfar,,S1C_IW_GRDH_1SDV_20260810T081306_20260810T081331_008930_011B7A_86B1,-11.59,,1.0,1.0,1.0,,,1.35,fallback
25,1.375,"{""row_min"": 360, ""row_max"": 390, ""col_min"": 804, ""col_max"": 825}","{""x0"": 6000, ""y0"": 10000, ""x1"": 8000, ""y1"": 12000}","{""west"": -40.9552016088542, ""south"": -21.98384598904997, ""east"": -40.72111965820287, ""north"": -21.762256110960692}",cfar,,,,,geolocation_grid,,"{""type"": ""Polygon"", ""coordinates"": [[[-40.78619839253348, -21.809618366370785], [-40.78816924600774, -21.809160677658884], [-40.788864231153745, -21.811832230369347], [-40.7868933423383, -21.812289929164404], [-40.78619839253348, -21.809618366370785]]]}",snap_geolocation_grid,patch_0069_VV_sigma0_preproc.tif,"{""row"": 10215, ""col"": 6656}",160,51,linear,0.0,"{""enabled"": true, ""applied"": true, ""status"": ""ok"", ""stage"": ""cfar_water_mask"", ""resampled_shape"": [773, 773], ""sample_shape"": [128, 128], ""sample_max_dim"": 128, ""available"": true, ""method"": ""natural_earth_land_point_mask"", ""bounds_lonlat"": {""west"": -40.9552016088542, ""south"": -21.98384598904997, ""east"": -40.72111965820287, ""north"": -21.762256110960692}, ""mask_path"": ""/content/sismom_colab_work_v2/sources/api/copernicus_meta_1-main/copernicus-platform/frontend/public/shapes/ne_10m_land/ne_10m_land.shp"", ""land_buffer_degrees"": 0.0, ""valid_geolocation_points"": 16384, ""land_points"": 0, ""water_points"": 16384, ""land_fraction"": 0.0, ""water_fraction"": 1.0, ""valid_pixels_before_land_mask"": 597529, ""valid_pixels_after_land_mask"": 597529, ""pixels_masked_by_land"": 0, ""valid_water_fraction"": 1.0, ""land_skip_threshold"": 0.99, ""min_water_fraction"": 0.01, ""skip_land_tiles"": true, ""skipped"": false, ""reason"": ""water_candidate"", ""message"": ""CFAR restrito aos pixels de água.""}",natural_earth_land_point_mask,-21.81069260847989,-40.787672079518536,9.770000457763672,0.33000001311302185,-5.519999980926514,68,P069,patch_0069_VV,,,"{""row"": 375, ""col"": 816, ""row_resampled"": 125, ""col_resampled"": 272}",VV,"{""x0"": 5840, ""y0"": 9840, ""x1"": 8160, ""y1"": 12160}","{""west"": -40.97395566927775, ""south"": -22.001575641857848, ""east"": -40.70240030525633, ""north"": -21.74451423735206}",EPSG:4326,"[0.00010924210395578077, 0.0, -42.07299428708576, 0.0, -0.0001224201828423, -21.687271619455004, 0.0, 0.0, 1.0]",,cfar,,S1C_IW_GRDH_1SDV_20260810T081306_20260810T081331_008930_011B7A_86B1,-5.94,,1.0,1.0,1.0,,,1.35,fallback
20,1.5,"{""row_min"": 390, ""row_max"": 405, ""col_min"": 351, ""col_max"": 375}","{""x0"": 6000, ""y0"": 10000, ""x1"": 8000, ""y1"": 12000}","{""west"": -40.9552016088542, ""south"": -21.98384598904997, ""east"": -40.72111965820287, ""north"": -21.762256110960692}",cfar,,,,,geolocation_grid,,"{""type"": ""Polygon"", ""coordinates"": [[[-40.744372089883576, -21.822151580920153], [-40.74662542535172, -21.821630112668046], [-40.74697253911286, -21.822965993509953], [-40.74471918342392, -21.82348746694768], [-40.744372089883576, -21.822151580920153]]]}",snap_geolocation_grid,patch_0069_VV_sigma0_preproc.tif,"{""row"": 10236, ""col"": 6203}",160,52,linear,0.0,"{""enabled"": true, ""applied"": true, ""status"": ""ok"", ""stage"": ""cfar_water_mask"", ""resampled_shape"": [773, 773], ""sample_shape"": [128, 128], ""sample_max_dim"": 128, ""available"": true, ""method"": ""natural_earth_land_point_mask"", ""bounds_lonlat"": {""west"": -40.9552016088542, ""south"": -21.98384598904997, ""east"": -40.72111965820287, ""north"": -21.762256110960692}, ""mask_path"": ""/content/sismom_colab_work_v2/sources/api/copernicus_meta_1-main/copernicus-platform/frontend/public/shapes/ne_10m_land/ne_10m_land.shp"", ""land_buffer_degrees"": 0.0, ""valid_geolocation_points"": 16384, ""land_points"": 0, ""water_points"": 16384, ""land_fraction"": 0.0, ""water_fraction"": 1.0, ""valid_pixels_before_land_mask"": 597529, ""valid_pixels_after_land_mask"": 597529, ""pixels_masked_by_land"": 0, ""valid_water_fraction"": 1.0, ""land_skip_threshold"": 0.99, ""min_water_fraction"": 0.01, ""skip_land_tiles"": true, ""skipped"": false, ""reason"": ""water_candidate"", ""message"": ""CFAR restrito aos pixels de água.""}",natural_earth_land_point_mask,-21.822425200167988,-40.74563759907795,8.369999885559082,2.240000009536743,-3.1500000953674316,68,P069,patch_0069_VV,,,"{""row"": 396, ""col"": 363, ""row_resampled"": 132, ""col_resampled"": 121}",VV,"{""x0"": 5840, ""y0"": 9840, ""x1"": 8160, ""y1"": 12160}","{""west"": -40.97395566927775, ""south"": -22.001575641857848, ""east"": -40.70240030525633, ""north"": -21.74451423735206}",EPSG:4326,"[0.00010924210395578077, 0.0, -42.07299428708576, 0.0, -0.0001224201828423, -21.687271619455004, 0.0, 0.0, 1.0]",,cfar,,S1C_IW_GRDH_1SDV_20260810T081306_20260810T081331_008930_011B7A_86B1,-4.33,,1.0,1.0,1.0,,,1.35,fallback
7,1.0,"{""row_min"": 411, ""row_max"": 420, ""col_min"": 618, ""col_max"": 627}","{""x0"": 6000, ""y0"": 10000, ""x1"": 8000, ""y1"": 12000}","{""west"": -40.9552016088542, ""south"": -21.98384598904997, ""east"": -40.72111965820287, ""north"": -21.762256110960692}",cfar,,,,,geolocation_grid,,"{""type"": ""Polygon"", ""coordinates"": [[[-40.769923147726956, -21.81821398924882], [-40.770767824577504, -21.818017829597423], [-40.77097622015684, -21.818819323931482], [-40.77013153876246, -21.819015484879287], [-40.769923147726956, -21.81821398924882]]]}",snap_geolocation_grid,patch_0069_VV_sigma0_preproc.tif,"{""row"": 10254, ""col"": 6464}",160,53,linear,0.0,"{""enabled"": true, ""applied"": true, ""status"": ""ok"", ""stage"": ""cfar_water_mask"", ""resampled_shape"": [773, 773], ""sample_shape"": [128, 128], ""sample_max_dim"": 128, ""available"": true, ""method"": ""natural_earth_land_point_mask"", ""bounds_lonlat"": {""west"": -40.9552016088542, ""south"": -21.98384598904997, ""east"": -40.72111965820287, ""north"": -21.762256110960692}, ""mask_path"": ""/content/sismom_colab_work_v2/sources/api/copernicus_meta_1-main/copernicus-platform/frontend/public/shapes/ne_10m_land/ne_10m_land.shp"", ""land_buffer_degrees"": 0.0, ""valid_geolocation_points"": 16384, ""land_points"": 0, ""water_points"": 16384, ""land_fraction"": 0.0, ""water_fraction"": 1.0, ""valid_pixels_before_land_mask"": 597529, ""valid_pixels_after_land_mask"": 597529, ""pixels_masked_by_land"": 0, ""valid_water_fraction"": 1.0, ""land_skip_threshold"": 0.99, ""min_water_fraction"": 0.01, ""skip_land_tiles"": true, ""skipped"": false, ""reason"": ""water_candidate"", ""message"": ""CFAR restrito aos pixels de água.""}",natural_earth_land_point_mask,-21.818350381069955,-40.770555730315564,14.15999984741211,5.110000133514404,0.2800000011920929,68,P069,patch_0069_VV,,,"{""row"": 414, ""col"": 624, ""row_resampled"": 138, ""col_resampled"": 208}",VV,"{""x0"": 5840, ""y0"": 9840, ""x1"": 8160, ""y1"": 12160}","{""west"": -40.97395566927775, ""south"": -22.001575641857848, ""east"": -40.70240030525633, ""north"": -21.74451423735206}",EPSG:4326,"[0.00010924210395578077, 0.0, -42.07299428708576, 0.0, -0.0001224201828423, -21.687271619455004, 0.0, 0.0, 1.0]",,cfar,,S1C_IW_GRDH_1SDV_20260810T081306_20260810T081331_008930_011B7A_86B1,0.73,,1.0,1.0,1.0,,,1.35,fallback
3,1.0,"{""row_min"": 504, ""row_max"": 507, ""col_min"": 507, ""col_max"": 510}","{""x0"": 6000, ""y0"": 10000, ""x1"": 8000, ""y1"": 12000}","{""west"": -40.9552016088542, ""south"": -21.98384598904997, ""east"": -40.72111965820287, ""north"": -21.762256110960692}",cfar,,,,,geolocation_grid,,"{""type"": ""Polygon"", ""coordinates"": [[[-40.76165735832329, -21.828913935270105], [-40.761939028149555, -21.828848717338477], [-40.76200847364809, -21.82911588762972], [-40.76172680331641, -21.82918110569308], [-40.76165735832329, -21.828913935270105]]]}",snap_geolocation_grid,patch_0069_VV_sigma0_preproc.tif,"{""row"": 10344, ""col"": 6350}",160,54,linear,0.0,"{""enabled"": true, ""applied"": true, ""status"": ""ok"", ""stage"": ""cfar_water_mask"", ""resampled_shape"": [773, 773], ""sample_shape"": [128, 128], ""sample_max_dim"": 128, ""available"": true, ""method"": ""natural_earth_land_point_mask"", ""bounds_lonlat"": {""west"": -40.9552016088542, ""south"": -21.98384598904997, ""east"": -40.72111965820287, ""north"": -21.762256110960692}, ""mask_path"": ""/content/sismom_colab_work_v2/sources/api/copernicus_meta_1-main/copernicus-platform/frontend/public/shapes/ne_10m_land/ne_10m_land.shp"", ""land_buffer_degrees"": 0.0, ""valid_geolocation_points"": 16384, ""land_points"": 0, ""water_points"": 16384, ""land_fraction"": 0.0, ""water_fraction"": 1.0, ""valid_pixels_before_land_mask"": 597529, ""valid_pixels_after_land_mask"": 597529, ""pixels_masked_by_land"": 0, ""valid_water_fraction"": 1.0, ""land_skip_threshold"": 0.99, ""min_water_fraction"": 0.01, ""skip_land_tiles"": true, ""skipped"": false, ""reason"": ""water_candidate"", ""message"": ""CFAR restrito aos pixels de água.""}",natural_earth_land_point_mask,-21.828848717338477,-40.761939028149555,18.3700008392334,12.510000228881836,6.179999828338623,68,P069,patch_0069_VV,,,"{""row"": 504, ""col"": 510, ""row_resampled"": 168, ""col_resampled"": 170}",VV,"{""x0"": 5840, ""y0"": 9840, ""x1"": 8160, ""y1"": 12160}","{""west"": -40.97395566927775, ""south"": -22.001575641857848, ""east"": -40.70240030525633, ""north"": -21.74451423735206}",EPSG:4326,"[0.00010924210395578077, 0.0, -42.07299428708576, 0.0, -0.0001224201828423, -21.687271619455004, 0.0, 0.0, 1.0]",,cfar,,S1C_IW_GRDH_1SDV_20260810T081306_20260810T081331_008930_011B7A_86B1,5.31,,1.0,1.0,1.0,,,1.35,fallback
5,1.5,"{""row_min"": 519, ""row_max"": 525, ""col_min"": 489, ""col_max"": 492}","{""x0"": 6000, ""y0"": 10000, ""x1"": 8000, ""y1"": 12000}","{""west"": -40.9552016088542, ""south"": -21.98384598904997, ""east"": -40.72111965820287, ""north"": -21.762256110960692}",cfar,,,,,geolocation_grid,,"{""type"": ""Polygon"", ""coordinates"": [[[-40.76031454916849, -21.830641098926844], [-40.76059622152185, -21.830575880336532], [-40.76073510645371, -21.831110222499852], [-40.7604534330895, -21.831175441353633], [-40.76031454916849, -21.830641098926844]]]}",snap_geolocation_grid,patch_0069_VV_sigma0_preproc.tif,"{""row"": 10362, ""col"": 6332}",160,55,linear,0.0,"{""enabled"": true, ""applied"": true, ""status"": ""ok"", ""stage"": ""cfar_water_mask"", ""resampled_shape"": [773, 773], ""sample_shape"": [128, 128], ""sample_max_dim"": 128, ""available"": true, ""method"": ""natural_earth_land_point_mask"", ""bounds_lonlat"": {""west"": -40.9552016088542, ""south"": -21.98384598904997, ""east"": -40.72111965820287, ""north"": -21.762256110960692}, ""mask_path"": ""/content/sismom_colab_work_v2/sources/api/copernicus_meta_1-main/copernicus-platform/frontend/public/shapes/ne_10m_land/ne_10m_land.shp"", ""land_buffer_degrees"": 0.0, ""valid_geolocation_points"": 16384, ""land_points"": 0, ""water_points"": 16384, ""land_fraction"": 0.0, ""water_fraction"": 1.0, ""valid_pixels_before_land_mask"": 597529, ""valid_pixels_after_land_mask"": 597529, ""pixels_masked_by_land"": 0, ""valid_water_fraction"": 1.0, ""land_skip_threshold"": 0.99, ""min_water_fraction"": 0.01, ""skip_land_tiles"": true, ""skipped"": false, ""reason"": ""water_candidate"", ""message"": ""CFAR restrito aos pixels de água.""}",natural_earth_land_point_mask,-21.83084305141819,-40.76066566398778,8.039999961853027,4.039999961853027,1.7400000095367432,68,P069,patch_0069_VV,,,"{""row"": 522, ""col"": 492, ""row_resampled"": 174, ""col_resampled"": 164}",VV,"{""x0"": 5840, ""y0"": 9840, ""x1"": 8160, ""y1"": 12160}","{""west"": -40.97395566927775, ""south"": -22.001575641857848, ""east"": -40.70240030525633, ""north"": -21.74451423735206}",EPSG:4326,"[0.00010924210395578077, 0.0, -42.07299428708576, 0.0, -0.0001224201828423, -21.687271619455004, 0.0, 0.0, 1.0]",,cfar,,S1C_IW_GRDH_1SDV_20260810T081306_20260810T081331_008930_011B7A_86B1,-0.29,,1.0,1.0,1.0,,,1.35,fallback
15,1.6,"{""row_min"": 669, ""row_max"": 681, ""col_min"": 249, ""col_max"": 270}","{""x0"": 6000, ""y0"": 10000, ""x1"": 8000, ""y1"": 12000}","{""west"": -40.9552016088542, ""south"": -21.98384598904997, ""east"": -40.72111965820287, ""north"": -21.762256110960692}",cfar,,,,,geolocation_grid,,"{""type"": ""Polygon"", ""coordinates"": [[[-40.74124975446966, -21.849215711027007], [-40.74322175247056, -21.848759341910423], [-40.743499372705074, -21.84982806473362], [-40.741527360549604, -21.85028443748014], [-40.74124975446966, -21.849215711027007]]]}",snap_geolocation_grid,patch_0069_VV_sigma0_preproc.tif,"{""row"": 10515, ""col"": 6098}",160,56,linear,0.0,"{""enabled"": true, ""applied"": true, ""status"": ""ok"", ""stage"": ""cfar_water_mask"", ""resampled_shape"": [773, 773], ""sample_shape"": [128, 128], ""sample_max_dim"": 128, ""available"": true, ""method"": ""natural_earth_land_point_mask"", ""bounds_lonlat"": {""west"": -40.9552016088542, ""south"": -21.98384598904997, ""east"": -40.72111965820287, ""north"": -21.762256110960692}, ""mask_path"": ""/content/sismom_colab_work_v2/sources/api/copernicus_meta_1-main/copernicus-platform/frontend/public/shapes/ne_10m_land/ne_10m_land.shp"", ""land_buffer_degrees"": 0.0, ""valid_geolocation_points"": 16384, ""land_points"": 0, ""water_points"": 16384, ""land_fraction"": 0.0, ""water_fraction"": 1.0, ""valid_pixels_before_land_mask"": 597529, ""valid_pixels_after_land_mask"": 597529, ""pixels_masked_by_land"": 0, ""valid_water_fraction"": 1.0, ""land_skip_threshold"": 0.99, ""min_water_fraction"": 0.01, ""skip_land_tiles"": true, ""skipped"": false, ""reason"": ""water_candidate"", ""message"": ""CFAR restrito aos pixels de água.""}",natural_earth_land_point_mask,-21.849554486711483,-40.742233702590305,11.9399995803833,4.949999809265137,-0.6299999952316284,68,P069,patch_0069_VV,,,"{""row"": 675, ""col"": 258, ""row_resampled"": 225, ""col_resampled"": 86}",VV,"{""x0"": 5840, ""y0"": 9840, ""x1"": 8160, ""y1"": 12160}","{""west"": -40.97395566927775, ""south"": -22.001575641857848, ""east"": -40.70240030525633, ""north"": -21.74451423735206}",EPSG:4326,"[0.00010924210395578077, 0.0, -42.07299428708576, 0.0, -0.0001224201828423, -21.687271619455004, 0.0, 0.0, 1.0]",,cfar,,S1C_IW_GRDH_1SDV_20260810T081306_20260810T081331_008930_011B7A_86B1,-0.93,,1.0,1.0,1.0,,,1.35,fallback
6,2.0,"{""row_min"": 846, ""row_max"": 849, ""col_min"": 1476, ""col_max"": 1485}","{""x0"": 6000, ""y0"": 10000, ""x1"": 8000, ""y1"": 12000}","{""west"": -40.9552016088542, ""south"": -21.98384598904997, ""east"": -40.72111965820287, ""north"": -21.762256110960692}",cfar,,,,,geolocation_grid,,"{""type"": ""Polygon"", ""coordinates"": [[[-40.86054222577723, -21.838246417739988], [-40.86138712263082, -21.838050195429], [-40.86145673221823, -21.83831731901013], [-40.86061183384996, -21.83851354175326], [-40.86054222577723, -21.838246417739988]]]}",snap_geolocation_grid,patch_0069_VV_sigma0_preproc.tif,"{""row"": 10686, ""col"": 7322}",160,57,linear,0.0,"{""enabled"": true, ""applied"": true, ""status"": ""ok"", ""stage"": ""cfar_water_mask"", ""resampled_shape"": [773, 773], ""sample_shape"": [128, 128], ""sample_max_dim"": 128, ""available"": true, ""method"": ""natural_earth_land_point_mask"", ""bounds_lonlat"": {""west"": -40.9552016088542, ""south"": -21.98384598904997, ""east"": -40.72111965820287, ""north"": -21.762256110960692}, ""mask_path"": ""/content/sismom_colab_work_v2/sources/api/copernicus_meta_1-main/copernicus-platform/frontend/public/shapes/ne_10m_land/ne_10m_land.shp"", ""land_buffer_degrees"": 0.0, ""valid_geolocation_points"": 16384, ""land_points"": 0, ""water_points"": 16384, ""land_fraction"": 0.0, ""water_fraction"": 1.0, ""valid_pixels_before_land_mask"": 597529, ""valid_pixels_after_land_mask"": 597529, ""pixels_masked_by_land"": 0, ""valid_water_fraction"": 1.0, ""land_skip_threshold"": 0.99, ""min_water_fraction"": 0.01, ""skip_land_tiles"": true, ""skipped"": false, ""reason"": ""water_candidate"", ""message"": ""CFAR restrito aos pixels de água.""}",natural_earth_land_point_mask,-21.838115602865994,-40.8611054903463,9.109999656677246,0.5699999928474426,-9.9399995803833,68,P069,patch_0069_VV,,,"{""row"": 846, ""col"": 1482, ""row_resampled"": 282, ""col_resampled"": 494}",VV,"{""x0"": 5840, ""y0"": 9840, ""x1"": 8160, ""y1"": 12160}","{""west"": -40.97395566927775, ""south"": -22.001575641857848, ""east"": -40.70240030525633, ""north"": -21.74451423735206}",EPSG:4326,"[0.00010924210395578077, 0.0, -42.07299428708576, 0.0, -0.0001224201828423, -21.687271619455004, 0.0, 0.0, 1.0]",,cfar,,S1C_IW_GRDH_1SDV_20260810T081306_20260810T081331_008930_011B7A_86B1,-11.12,,1.0,1.0,1.0,,,1.35,fallback
10,1.3333,"{""row_min"": 855, ""row_max"": 864, ""col_min"": 1200, ""col_max"": 1206}","{""x0"": 6000, ""y0"": 10000, ""x1"": 8000, ""y1"": 12000}","{""west"": -40.9552016088542, ""south"": -21.98384598904997, ""east"": -40.72111965820287, ""north"": -21.762256110960692}",cfar,,,,,geolocation_grid,,"{""type"": ""Polygon"", ""coordinates"": [[[-40.834840734654186, -21.845065313739994], [-40.83540400243981, -21.844934498001727], [-40.835612690338465, -21.845735908933705], [-40.83504941952354, -21.84586672553624], [-40.834840734654186, -21.845065313739994]]]}",snap_geolocation_grid,patch_0069_VV_sigma0_preproc.tif,"{""row"": 10698, ""col"": 7043}",160,58,linear,0.0,"{""enabled"": true, ""applied"": true, ""status"": ""ok"", ""stage"": ""cfar_water_mask"", ""resampled_shape"": [773, 773], ""sample_shape"": [128, 128], ""sample_max_dim"": 128, ""available"": true, ""method"": ""natural_earth_land_point_mask"", ""bounds_lonlat"": {""west"": -40.9552016088542, ""south"": -21.98384598904997, ""east"": -40.72111965820287, ""north"": -21.762256110960692}, ""mask_path"": ""/content/sismom_colab_work_v2/sources/api/copernicus_meta_1-main/copernicus-platform/frontend/public/shapes/ne_10m_land/ne_10m_land.shp"", ""land_buffer_degrees"": 0.0, ""valid_geolocation_points"": 16384, ""land_points"": 0, ""water_points"": 16384, ""land_fraction"": 0.0, ""water_fraction"": 1.0, ""valid_pixels_before_land_mask"": 597529, ""valid_pixels_after_land_mask"": 597529, ""pixels_masked_by_land"": 0, ""valid_water_fraction"": 1.0, ""land_skip_threshold"": 0.99, ""min_water_fraction"": 0.01, ""skip_land_tiles"": true, ""skipped"": false, ""reason"": ""water_candidate"", ""message"": ""CFAR restrito aos pixels de água.""}",natural_earth_land_point_mask,-21.84526704299223,-40.835191930675,4.119999885559082,-2.119999885559082,-7.130000114440918,68,P069,patch_0069_VV,,,"{""row"": 858, ""col"": 1203, ""row_resampled"": 286, ""col_resampled"": 401}",VV,"{""x0"": 5840, ""y0"": 9840, ""x1"": 8160, ""y1"": 12160}","{""west"": -40.97395566927775, ""south"": -22.001575641857848, ""east"": -40.70240030525633, ""north"": -21.74451423735206}",EPSG:4326,"[0.00010924210395578077, 0.0, -42.07299428708576, 0.0, -0.0001224201828423, -21.687271619455004, 0.0, 0.0, 1.0]",,cfar,,S1C_IW_GRDH_1SDV_20260810T081306_20260810T081331_008930_011B7A_86B1,-10.42,,1.0,1.0,1.0,,,1.35,fallback
8,1.3333,"{""row_min"": 969, ""row_max"": 975, ""col_min"": 1857, ""col_max"": 1866}","{""x0"": 6000, ""y0"": 10000, ""x1"": 8000, ""y1"": 12000}","{""west"": -40.9552016088542, ""south"": -21.98384598904997, ""east"": -40.72111965820287, ""north"": -21.762256110960692}",cfar,,,,,geolocation_grid,,"{""type"": ""Polygon"", ""coordinates"": [[[-40.899163748680756, -21.840886910503258], [-40.90000836878126, -21.84069007378934], [-40.900147714973365, -21.84122428470412], [-40.89930309199897, -21.841421122239094], [-40.899163748680756, -21.840886910503258]]]}",snap_geolocation_grid,patch_0069_VV_sigma0_preproc.tif,"{""row"": 10812, ""col"": 7700}",160,59,linear,0.0,"{""enabled"": true, ""applied"": true, ""status"": ""ok"", ""stage"": ""cfar_water_mask"", ""resampled_shape"": [773, 773], ""sample_shape"": [128, 128], ""sample_max_dim"": 128, ""available"": true, ""method"": ""natural_earth_land_point_mask"", ""bounds_lonlat"": {""west"": -40.9552016088542, ""south"": -21.98384598904997, ""east"": -40.72111965820287, ""north"": -21.762256110960692}, ""mask_path"": ""/content/sismom_colab_work_v2/sources/api/copernicus_meta_1-main/copernicus-platform/frontend/public/shapes/ne_10m_land/ne_10m_land.shp"", ""land_buffer_degrees"": 0.0, ""valid_geolocation_points"": 16384, ""land_points"": 0, ""water_points"": 16384, ""land_fraction"": 0.0, ""water_fraction"": 1.0, ""valid_pixels_before_land_mask"": 597529, ""valid_pixels_after_land_mask"": 597529, ""pixels_masked_by_land"": 0, ""valid_water_fraction"": 1.0, ""land_skip_threshold"": 0.99, ""min_water_fraction"": 0.01, ""skip_land_tiles"": true, ""skipped"": false, ""reason"": ""water_candidate"", ""message"": ""CFAR restrito aos pixels de água.""}",natural_earth_land_point_mask,-21.841088403996363,-40.89951496085235,3.309999942779541,-3.9100000858306885,-9.34000015258789,68,P069,patch_0069_VV,,,"{""row"": 972, ""col"": 1860, ""row_resampled"": 324, ""col_resampled"": 620}",VV,"{""x0"": 5840, ""y0"": 9840, ""x1"": 8160, ""y1"": 12160}","{""west"": -40.97395566927775, ""south"": -22.001575641857848, ""east"": -40.70240030525633, ""north"": -21.74451423735206}",EPSG:4326,"[0.00010924210395578077, 0.0, -42.07299428708576, 0.0, -0.0001224201828423, -21.687271619455004, 0.0, 0.0, 1.0]",,cfar,,S1C_IW_GRDH_1SDV_20260810T081306_20260810T081331_008930_011B7A_86B1,-9.57,,1.0,1.0,1.0,,,1.35,fallback
14,1.0,"{""row_min"": 1059, ""row_max"": 1074, ""col_min"": 1842, ""col_max"": 1857}","{""x0"": 6000, ""y0"": 10000, ""x1"": 8000, ""y1"": 12000}","{""west"": -40.9552016088542, ""south"": -21.98384598904997, ""east"": -40.72111965820287, ""north"": -21.762256110960692}",cfar,,,,,geolocation_grid,,"{""type"": ""Polygon"", ""coordinates"": [[[-40.899846007400505, -21.84922795964406], [-40.90125389844559, -21.848900086540787], [-40.90160225673753, -21.850235615880372], [-40.90019435358187, -21.85056349244253], [-40.899846007400505, -21.84922795964406]]]}",snap_geolocation_grid,patch_0069_VV_sigma0_preproc.tif,"{""row"": 10908, ""col"": 7688}",160,60,linear,0.0,"{""enabled"": true, ""applied"": true, ""status"": ""ok"", ""stage"": ""cfar_water_mask"", ""resampled_shape"": [773, 773], ""sample_shape"": [128, 128], ""sample_max_dim"": 128, ""available"": true, ""method"": ""natural_earth_land_point_mask"", ""bounds_lonlat"": {""west"": -40.9552016088542, ""south"": -21.98384598904997, ""east"": -40.72111965820287, ""north"": -21.762256110960692}, ""mask_path"": ""/content/sismom_colab_work_v2/sources/api/copernicus_meta_1-main/copernicus-platform/frontend/public/shapes/ne_10m_land/ne_10m_land.shp"", ""land_buffer_degrees"": 0.0, ""valid_geolocation_points"": 16384, ""land_points"": 0, ""water_points"": 16384, ""land_fraction"": 0.0, ""water_fraction"": 1.0, ""valid_pixels_before_land_mask"": 597529, ""valid_pixels_after_land_mask"": 597529, ""pixels_masked_by_land"": 0, ""valid_water_fraction"": 1.0, ""land_skip_threshold"": 0.99, ""min_water_fraction"": 0.01, ""skip_land_tiles"": true, ""skipped"": false, ""reason"": ""water_candidate"", ""message"": ""CFAR restrito aos pixels de água.""}",natural_earth_land_point_mask,-21.849898135211426,-40.9006181778371,12.850000381469727,0.9599999785423279,-9.380000114440918,68,P069,patch_0069_VV,,,"{""row"": 1068, ""col"": 1848, ""row_resampled"": 356, ""col_resampled"": 616}",VV,"{""x0"": 5840, ""y0"": 9840, ""x1"": 8160, ""y1"": 12160}","{""west"": -40.97395566927775, ""south"": -22.001575641857848, ""east"": -40.70240030525633, ""north"": -21.74451423735206}",EPSG:4326,"[0.00010924210395578077, 0.0, -42.07299428708576, 0.0, -0.0001224201828423, -21.687271619455004, 0.0, 0.0, 1.0]",,cfar,,S1C_IW_GRDH_1SDV_20260810T081306_20260810T081331_008930_011B7A_86B1,-9.58,,1.0,1.0,1.0,,,1.35,fallback
10,2.0,"{""row_min"": 1083, ""row_max"": 1098, ""col_min"": 2109, ""col_max"": 2115}","{""x0"": 6000, ""y0"": 10000, ""x1"": 8000, ""y1"": 12000}","{""west"": -40.9552016088542, ""south"": -21.98384598904997, ""east"": -40.72111965820287, ""north"": -21.762256110960692}",cfar,,,,,geolocation_grid,,"{""type"": ""Polygon"", ""coordinates"": [[[-40.92546216914702, -21.845525068692133], [-40.92602528590937, -21.845393833816132], [-40.92637385015924, -21.84672930431332], [-40.92581072860713, -21.84686054055775], [-40.92546216914702, -21.845525068692133]]]}",snap_geolocation_grid,patch_0069_VV_sigma0_preproc.tif,"{""row"": 10932, ""col"": 7952}",160,61,linear,0.0,"{""enabled"": true, ""applied"": true, ""status"": ""ok"", ""stage"": ""cfar_water_mask"", ""resampled_shape"": [773, 773], ""sample_shape"": [128, 128], ""sample_max_dim"": 128, ""available"": true, ""method"": ""natural_earth_land_point_mask"", ""bounds_lonlat"": {""west"": -40.9552016088542, ""south"": -21.98384598904997, ""east"": -40.72111965820287, ""north"": -21.762256110960692}, ""mask_path"": ""/content/sismom_colab_work_v2/sources/api/copernicus_meta_1-main/copernicus-platform/frontend/public/shapes/ne_10m_land/ne_10m_land.shp"", ""land_buffer_degrees"": 0.0, ""valid_geolocation_points"": 16384, ""land_points"": 0, ""water_points"": 16384, ""land_fraction"": 0.0, ""water_fraction"": 1.0, ""valid_pixels_before_land_mask"": 597529, ""valid_pixels_after_land_mask"": 597529, ""pixels_masked_by_land"": 0, ""valid_water_fraction"": 1.0, ""land_skip_threshold"": 0.99, ""min_water_fraction"": 0.01, ""skip_land_tiles"": true, ""skipped"": false, ""reason"": ""water_candidate"", ""message"": ""CFAR restrito aos pixels de água.""}",natural_earth_land_point_mask,-21.84626073396297,-40.92595286462614,1.2300000190734863,-5.710000038146973,-9.1899995803833,68,P069,patch_0069_VV,,,"{""row"": 1092, ""col"": 2112, ""row_resampled"": 364, ""col_resampled"": 704}",VV,"{""x0"": 5840, ""y0"": 9840, ""x1"": 8160, ""y1"": 12160}","{""west"": -40.97395566927775, ""south"": -22.001575641857848, ""east"": -40.70240030525633, ""north"": -21.74451423735206}",EPSG:4326,"[0.00010924210395578077, 0.0, -42.07299428708576, 0.0, -0.0001224201828423, -21.687271619455004, 0.0, 0.0, 1.0]",,cfar,,S1C_IW_GRDH_1SDV_20260810T081306_20260810T081331_008930_011B7A_86B1,-12.95,,1.0,1.0,1.0,,,1.35,fallback
14,1.0,"{""row_min"": 1200, ""row_max"": 1212, ""col_min"": 1962, ""col_max"": 1974}","{""x0"": 6000, ""y0"": 10000, ""x1"": 8000, ""y1"": 12000}","{""west"": -40.9552016088542, ""south"": -21.98384598904997, ""east"": -40.72111965820287, ""north"": -21.762256110960692}",cfar,,,,,geolocation_grid,,"{""type"": ""Polygon"", ""coordinates"": [[[-40.91438365906571, -21.859157265212502], [-40.91550996692461, -21.85889477411303], [-40.91578872827202, -21.859963176237223], [-40.91466241274948, -21.860225669526184], [-40.91438365906571, -21.859157265212502]]]}",snap_geolocation_grid,patch_0069_VV_sigma0_preproc.tif,"{""row"": 11046, ""col"": 7808}",160,62,linear,0.0,"{""enabled"": true, ""applied"": true, ""status"": ""ok"", ""stage"": ""cfar_water_mask"", ""resampled_shape"": [773, 773], ""sample_shape"": [128, 128], ""sample_max_dim"": 128, ""available"": true, ""method"": ""natural_earth_land_point_mask"", ""bounds_lonlat"": {""west"": -40.9552016088542, ""south"": -21.98384598904997, ""east"": -40.72111965820287, ""north"": -21.762256110960692}, ""mask_path"": ""/content/sismom_colab_work_v2/sources/api/copernicus_meta_1-main/copernicus-platform/frontend/public/shapes/ne_10m_land/ne_10m_land.shp"", ""land_buffer_degrees"": 0.0, ""valid_geolocation_points"": 16384, ""land_points"": 0, ""water_points"": 16384, ""land_fraction"": 0.0, ""water_fraction"": 1.0, ""valid_pixels_before_land_mask"": 597529, ""valid_pixels_after_land_mask"": 597529, ""pixels_masked_by_land"": 0, ""valid_water_fraction"": 1.0, ""land_skip_threshold"": 0.99, ""min_water_fraction"": 0.01, ""skip_land_tiles"": true, ""skipped"": false, ""reason"": ""water_candidate"", ""message"": ""CFAR restrito aos pixels de água.""}",natural_earth_land_point_mask,-21.859560221272233,-40.915086191752955,10.619999885559082,4.619999885559082,-0.4300000071525574,68,P069,patch_0069_VV,,,"{""row"": 1206, ""col"": 1968, ""row_resampled"": 402, ""col_resampled"": 656}",VV,"{""x0"": 5840, ""y0"": 9840, ""x1"": 8160, ""y1"": 12160}","{""west"": -40.97395566927775, ""south"": -22.001575641857848, ""east"": -40.70240030525633, ""north"": -21.74451423735206}",EPSG:4326,"[0.00010924210395578077, 0.0, -42.07299428708576, 0.0, -0.0001224201828423, -21.687271619455004, 0.0, 0.0, 1.0]",,cfar,,S1C_IW_GRDH_1SDV_20260810T081306_20260810T081331_008930_011B7A_86B1,-2.72,,1.0,1.0,1.0,,,1.35,fallback
11,2.3333,"{""row_min"": 1281, ""row_max"": 1299, ""col_min"": 1866, ""col_max"": 1872}","{""x0"": 6000, ""y0"": 10000, ""x1"": 8000, ""y1"": 12000}","{""west"": -40.9552016088542, ""south"": -21.98384598904997, ""east"": -40.72111965820287, ""north"": -21.762256110960692}",cfar,,,,,geolocation_grid,,"{""type"": ""Polygon"", ""coordinates"": [[[-40.90725437059514, -21.868469041357812], [-40.907817550290005, -21.868337788418565], [-40.90823559458679, -21.869940419520788], [-40.907672409144176, -21.87007167410215], [-40.90725437059514, -21.868469041357812]]]}",snap_geolocation_grid,patch_0069_VV_sigma0_preproc.tif,"{""row"": 11130, ""col"": 7709}",160,63,linear,0.0,"{""enabled"": true, ""applied"": true, ""status"": ""ok"", ""stage"": ""cfar_water_mask"", ""resampled_shape"": [773, 773], ""sample_shape"": [128, 128], ""sample_max_dim"": 128, ""available"": true, ""method"": ""natural_earth_land_point_mask"", ""bounds_lonlat"": {""west"": -40.9552016088542, ""south"": -21.98384598904997, ""east"": -40.72111965820287, ""north"": -21.762256110960692}, ""mask_path"": ""/content/sismom_colab_work_v2/sources/api/copernicus_meta_1-main/copernicus-platform/frontend/public/shapes/ne_10m_land/ne_10m_land.shp"", ""land_buffer_degrees"": 0.0, ""valid_geolocation_points"": 16384, ""land_points"": 0, ""water_points"": 16384, ""land_fraction"": 0.0, ""water_fraction"": 1.0, ""valid_pixels_before_land_mask"": 597529, ""valid_pixels_after_land_mask"": 597529, ""pixels_masked_by_land"": 0, ""valid_water_fraction"": 1.0, ""land_skip_threshold"": 0.99, ""min_water_fraction"": 0.01, ""skip_land_tiles"": true, ""skipped"": false, ""reason"": ""water_candidate"", ""message"": ""CFAR restrito aos pixels de água.""}",natural_earth_land_point_mask,-21.86920473084983,-40.90774498115403,21.489999771118164,5.269999980926514,-5.25,68,P069,patch_0069_VV,,,"{""row"": 1290, ""col"": 1869, ""row_resampled"": 430, ""col_resampled"": 623}",VV,"{""x0"": 5840, ""y0"": 9840, ""x1"": 8160, ""y1"": 12160}","{""west"": -40.97395566927775, ""south"": -22.001575641857848, ""east"": -40.70240030525633, ""north"": -21.74451423735206}",EPSG:4326,"[0.00010924210395578077, 0.0, -42.07299428708576, 0.0, -0.0001224201828423, -21.687271619455004, 0.0, 0.0, 1.0]",,cfar,,S1C_IW_GRDH_1SDV_20260810T081306_20260810T081331_008930_011B7A_86B1,-5.26,,1.0,1.0,1.0,,,1.35,fallback
12,1.25,"{""row_min"": 1431, ""row_max"": 1440, ""col_min"": 1857, ""col_max"": 1869}","{""x0"": 6000, ""y0"": 10000, ""x1"": 8000, ""y1"": 12000}","{""west"": -40.9552016088542, ""south"": -21.98384598904997, ""east"": -40.72111965820287, ""north"": -21.762256110960692}",cfar,,,,,geolocation_grid,,"{""type"": ""Polygon"", ""coordinates"": [[[-40.9098952089885, -21.882020940659537], [-40.911021664615724, -21.881758407046547], [-40.9112310905573, -21.88255966822129], [-40.910104629093965, -21.882822203549598], [-40.9098952089885, -21.882020940659537]]]}",snap_geolocation_grid,patch_0069_VV_sigma0_preproc.tif,"{""row"": 11274, ""col"": 7703}",160,64,linear,0.0,"{""enabled"": true, ""applied"": true, ""status"": ""ok"", ""stage"": ""cfar_water_mask"", ""resampled_shape"": [773, 773], ""sample_shape"": [128, 128], ""sample_max_dim"": 128, ""available"": true, ""method"": ""natural_earth_land_point_mask"", ""bounds_lonlat"": {""west"": -40.9552016088542, ""south"": -21.98384598904997, ""east"": -40.72111965820287, ""north"": -21.762256110960692}, ""mask_path"": ""/content/sismom_colab_work_v2/sources/api/copernicus_meta_1-main/copernicus-platform/frontend/public/shapes/ne_10m_land/ne_10m_land.shp"", ""land_buffer_degrees"": 0.0, ""valid_geolocation_points"": 16384, ""land_points"": 0, ""water_points"": 16384, ""land_fraction"": 0.0, ""water_fraction"": 1.0, ""valid_pixels_before_land_mask"": 597529, ""valid_pixels_after_land_mask"": 597529, ""pixels_masked_by_land"": 0, ""valid_water_fraction"": 1.0, ""land_skip_threshold"": 0.99, ""min_water_fraction"": 0.01, ""skip_land_tiles"": true, ""skipped"": false, ""reason"": ""water_candidate"", ""message"": ""CFAR restrito aos pixels de água.""}",natural_earth_land_point_mask,-21.88215676119718,-40.910528244476616,8.390000343322754,0.6299999952316284,-9.779999732971191,68,P069,patch_0069_VV,,,"{""row"": 1434, ""col"": 1863, ""row_resampled"": 478, ""col_resampled"": 621}",VV,"{""x0"": 5840, ""y0"": 9840, ""x1"": 8160, ""y1"": 12160}","{""west"": -40.97395566927775, ""south"": -22.001575641857848, ""east"": -40.70240030525633, ""north"": -21.74451423735206}",EPSG:4326,"[0.00010924210395578077, 0.0, -42.07299428708576, 0.0, -0.0001224201828423, -21.687271619455004, 0.0, 0.0, 1.0]",,cfar,,S1C_IW_GRDH_1SDV_20260810T081306_20260810T081331_008930_011B7A_86B1,-11.72,,1.0,1.0,1.0,,,1.35,fallback
9,1.6667,"{""row_min"": 1497, ""row_max"": 1509, ""col_min"": 2043, ""col_max"": 2049}","{""x0"": 6000, ""y0"": 10000, ""x1"": 8000, ""y1"": 12000}","{""west"": -40.9552016088542, ""south"": -21.98384598904997, ""east"": -40.72111965820287, ""north"": -21.762256110960692}",cfar,,,,,geolocation_grid,,"{""type"": ""Polygon"", ""coordinates"": [[[-40.9288918888913, -21.883827374522276], [-40.92945513832488, -21.883696101407924], [-40.92973458755602, -21.884764401875206], [-40.92917133422105, -21.884895676141923], [-40.9288918888913, -21.883827374522276]]]}",snap_geolocation_grid,patch_0069_VV_sigma0_preproc.tif,"{""row"": 11343, ""col"": 7886}",160,65,linear,0.0,"{""enabled"": true, ""applied"": true, ""status"": ""ok"", ""stage"": ""cfar_water_mask"", ""resampled_shape"": [773, 773], ""sample_shape"": [128, 128], ""sample_max_dim"": 128, ""available"": true, ""method"": ""natural_earth_land_point_mask"", ""bounds_lonlat"": {""west"": -40.9552016088542, ""south"": -21.98384598904997, ""east"": -40.72111965820287, ""north"": -21.762256110960692}, ""mask_path"": ""/content/sismom_colab_work_v2/sources/api/copernicus_meta_1-main/copernicus-platform/frontend/public/shapes/ne_10m_land/ne_10m_land.shp"", ""land_buffer_degrees"": 0.0, ""valid_geolocation_points"": 16384, ""land_points"": 0, ""water_points"": 16384, ""land_fraction"": 0.0, ""water_fraction"": 1.0, ""valid_pixels_before_land_mask"": 597529, ""valid_pixels_after_land_mask"": 597529, ""pixels_masked_by_land"": 0, ""valid_water_fraction"": 1.0, ""land_skip_threshold"": 0.99, ""min_water_fraction"": 0.01, ""skip_land_tiles"": true, ""skipped"": false, ""reason"": ""water_candidate"", ""message"": ""CFAR restrito aos pixels de água.""}",natural_earth_land_point_mask,-21.88429588848683,-40.9293132372421,6.880000114440918,-5.730000019073486,-9.069999694824219,68,P069,patch_0069_VV,,,"{""row"": 1503, ""col"": 2046, ""row_resampled"": 501, ""col_resampled"": 682}",VV,"{""x0"": 5840, ""y0"": 9840, ""x1"": 8160, ""y1"": 12160}","{""west"": -40.97395566927775, ""south"": -22.001575641857848, ""east"": -40.70240030525633, ""north"": -21.74451423735206}",EPSG:4326,"[0.00010924210395578077, 0.0, -42.07299428708576, 0.0, -0.0001224201828423, -21.687271619455004, 0.0, 0.0, 1.0]",,cfar,,S1C_IW_GRDH_1SDV_20260810T081306_20260810T081331_008930_011B7A_86B1,-12.43,,1.0,1.0,1.0,,,1.35,fallback
9,1.6667,"{""row_min"": 1575, ""row_max"": 1587, ""col_min"": 2151, ""col_max"": 2157}","{""x0"": 6000, ""y0"": 10000, ""x1"": 8000, ""y1"": 12000}","{""west"": -40.9552016088542, ""south"": -21.98384598904997, ""east"": -40.72111965820287, ""north"": -21.762256110960692}",cfar,,,,,geolocation_grid,,"{""type"": ""Polygon"", ""coordinates"": [[[-40.94084723127821, -21.88840828416538], [-40.94141050619521, -21.88827700356068], [-40.94169002565613, -21.88934528328548], [-40.941126746837725, -21.889476565042543], [-40.94084723127821, -21.88840828416538]]]}",snap_geolocation_grid,patch_0069_VV_sigma0_preproc.tif,"{""row"": 11421, ""col"": 7994}",160,66,linear,0.0,"{""enabled"": true, ""applied"": true, ""status"": ""ok"", ""stage"": ""cfar_water_mask"", ""resampled_shape"": [773, 773], ""sample_shape"": [128, 128], ""sample_max_dim"": 128, ""available"": true, ""method"": ""natural_earth_land_point_mask"", ""bounds_lonlat"": {""west"": -40.9552016088542, ""south"": -21.98384598904997, ""east"": -40.72111965820287, ""north"": -21.762256110960692}, ""mask_path"": ""/content/sismom_colab_work_v2/sources/api/copernicus_meta_1-main/copernicus-platform/frontend/public/shapes/ne_10m_land/ne_10m_land.shp"", ""land_buffer_degrees"": 0.0, ""valid_geolocation_points"": 16384, ""land_points"": 0, ""water_points"": 16384, ""land_fraction"": 0.0, ""water_fraction"": 1.0, ""valid_pixels_before_land_mask"": 597529, ""valid_pixels_after_land_mask"": 597529, ""pixels_masked_by_land"": 0, ""valid_water_fraction"": 1.0, ""land_skip_threshold"": 0.99, ""min_water_fraction"": 0.01, ""skip_land_tiles"": true, ""skipped"": false, ""reason"": ""water_candidate"", ""message"": ""CFAR restrito aos pixels de água.""}",natural_earth_land_point_mask,-21.88887678401352,-40.94126862749182,4.199999809265137,-3.0999999046325684,-9.460000038146973,68,P069,patch_0069_VV,,,"{""row"": 1581, ""col"": 2154, ""row_resampled"": 527, ""col_resampled"": 718}",VV,"{""x0"": 5840, ""y0"": 9840, ""x1"": 8160, ""y1"": 12160}","{""west"": -40.97395566927775, ""south"": -22.001575641857848, ""east"": -40.70240030525633, ""north"": -21.74451423735206}",EPSG:4326,"[0.00010924210395578077, 0.0, -42.07299428708576, 0.0, -0.0001224201828423, -21.687271619455004, 0.0, 0.0, 1.0]",,cfar,,S1C_IW_GRDH_1SDV_20260810T081306_20260810T081331_008930_011B7A_86B1,-12.13,,1.0,1.0,1.0,,,1.35,fallback
28,1.125,"{""row_min"": 297, ""row_max"": 318, ""col_min"": 591, ""col_max"": 615}","{""x0"": 8000, ""y0"": 10000, ""x1"": 10000, ""y1"": 12000}","{""west"": -41.143228780939104, ""south"": -21.940200948491132, ""east"": -40.90879813017457, ""north"": -21.718439683781025}",cfar,,,,,geolocation_grid,,"{""type"": ""Polygon"", ""coordinates"": [[[-40.95241454658037, -21.765009568246946], [-40.954666010169475, -21.764484915565436], [-40.95515455894637, -21.76635441461157], [-40.952903068535, -21.76687907495628], [-40.95241454658037, -21.765009568246946]]]}",snap_geolocation_grid,patch_0070_VV_sigma0_preproc.tif,"{""row"": 10146, ""col"": 8443}",160,67,linear,0.6190185546875,"{""enabled"": true, ""applied"": true, ""status"": ""ok"", ""stage"": ""cfar_water_mask"", ""resampled_shape"": [773, 773], ""sample_shape"": [128, 128], ""sample_max_dim"": 128, ""available"": true, ""method"": ""natural_earth_land_point_mask"", ""bounds_lonlat"": {""west"": -41.143228780939104, ""south"": -21.940200948491132, ""east"": -40.90879813017457, ""north"": -21.718439683781025}, ""mask_path"": ""/content/sismom_colab_work_v2/sources/api/copernicus_meta_1-main/copernicus-platform/frontend/public/shapes/ne_10m_land/ne_10m_land.shp"", ""land_buffer_degrees"": 0.0, ""valid_geolocation_points"": 16384, ""land_points"": 10142, ""water_points"": 6242, ""land_fraction"": 0.6190185546875, ""water_fraction"": 0.3809814453125, ""valid_pixels_before_land_mask"": 597529, ""valid_pixels_after_land_mask"": 227249, ""pixels_masked_by_land"": 370280, ""valid_water_fraction"": 0.38031459560958547, ""land_skip_threshold"": 0.99, ""min_water_fraction"": 0.01, ""skip_land_tiles"": true, ""skipped"": false, ""reason"": ""water_candidate"", ""message"": ""CFAR restrito aos pixels de água.""}",natural_earth_land_point_mask,-21.76554845742522,-40.95374965067454,8.4399995803833,-1.3600000143051147,-9.350000381469727,69,P070,patch_0070_VV,,,"{""row"": 306, ""col"": 603, ""row_resampled"": 102, ""col_resampled"": 201}",VV,"{""x0"": 7840, ""y0"": 9840, ""x1"": 10160, ""y1"": 12160}","{""west"": -41.162026872535286, ""south"": -21.957947391833834, ""east"": -40.890072504055546, ""north"": -21.700693690708196}",EPSG:4326,"[0.00010924210395578077, 0.0, -41.8545100791742, 0.0, -0.0001224201828423, -21.687271619455004, 0.0, 0.0, 1.0]",,cfar,,S1C_IW_GRDH_1SDV_20260810T081306_20260810T081331_008930_011B7A_86B1,-12.0,,1.0,0.38031459560958547,0.3809814453125,,,1.35,fallback
3,1.0,"{""row_min"": 1107, ""row_max"": 1113, ""col_min"": 762, ""col_max"": 768}","{""x0"": 8000, ""y0"": 10000, ""x1"": 10000, ""y1"": 12000}","{""west"": -41.143228780939104, ""south"": -21.940200948491132, ""east"": -40.90879813017457, ""north"": -21.718439683781025}",cfar,,,,,geolocation_grid,,"{""type"": ""Polygon"", ""coordinates"": [[[-40.98730658408966, -21.83337885638354], [-40.98786970853704, -21.833247619318055], [-40.98800934274709, -21.833781747944702], [-40.987446216383866, -21.833912985557557], [-40.98730658408966, -21.83337885638354]]]}",snap_geolocation_grid,patch_0070_VV_sigma0_preproc.tif,"{""row"": 10950, ""col"": 8605}",160,68,linear,0.6190185546875,"{""enabled"": true, ""applied"": true, ""status"": ""ok"", ""stage"": ""cfar_water_mask"", ""resampled_shape"": [773, 773], ""sample_shape"": [128, 128], ""sample_max_dim"": 128, ""available"": true, ""method"": ""natural_earth_land_point_mask"", ""bounds_lonlat"": {""west"": -41.143228780939104, ""south"": -21.940200948491132, ""east"": -40.90879813017457, ""north"": -21.718439683781025}, ""mask_path"": ""/content/sismom_colab_work_v2/sources/api/copernicus_meta_1-main/copernicus-platform/frontend/public/shapes/ne_10m_land/ne_10m_land.shp"", ""land_buffer_degrees"": 0.0, ""valid_geolocation_points"": 16384, ""land_points"": 10142, ""water_points"": 6242, ""land_fraction"": 0.6190185546875, ""water_fraction"": 0.3809814453125, ""valid_pixels_before_land_mask"": 597529, ""valid_pixels_after_land_mask"": 227249, ""pixels_masked_by_land"": 370280, ""valid_water_fraction"": 0.38031459560958547, ""land_skip_threshold"": 0.99, ""min_water_fraction"": 0.01, ""skip_land_tiles"": true, ""skipped"": false, ""reason"": ""water_candidate"", ""message"": ""CFAR restrito aos pixels de água.""}",natural_earth_land_point_mask,-21.833580302300962,-40.98765796293941,6.75,1.75,-0.8399999737739563,69,P070,patch_0070_VV,,,"{""row"": 1110, ""col"": 765, ""row_resampled"": 370, ""col_resampled"": 255}",VV,"{""x0"": 7840, ""y0"": 9840, ""x1"": 10160, ""y1"": 12160}","{""west"": -41.162026872535286, ""south"": -21.957947391833834, ""east"": -40.890072504055546, ""north"": -21.700693690708196}",EPSG:4326,"[0.00010924210395578077, 0.0, -41.8545100791742, 0.0, -0.0001224201828423, -21.687271619455004, 0.0, 0.0, 1.0]",,cfar,,S1C_IW_GRDH_1SDV_20260810T081306_20260810T081331_008930_011B7A_86B1,-4.96,,1.0,0.38031459560958547,0.3809814453125,,,1.35,fallback
28,1.2857,"{""row_min"": 1122, ""row_max"": 1140, ""col_min"": 801, ""col_max"": 825}","{""x0"": 8000, ""y0"": 10000, ""x1"": 10000, ""y1"": 12000}","{""west"": -41.143228780939104, ""south"": -21.940200948491132, ""east"": -40.90879813017457, ""north"": -21.718439683781025}",cfar,,,,,geolocation_grid,,"{""type"": ""Polygon"", ""coordinates"": [[[-40.99131600451105, -21.833861129498153], [-40.99356852120114, -21.8333361757625], [-40.99398747843263, -21.834938546042363], [-40.9917349387525, -21.835463506346468], [-40.99131600451105, -21.833861129498153]]]}",snap_geolocation_grid,patch_0070_VV_sigma0_preproc.tif,"{""row"": 10971, ""col"": 8653}",160,69,linear,0.6190185546875,"{""enabled"": true, ""applied"": true, ""status"": ""ok"", ""stage"": ""cfar_water_mask"", ""resampled_shape"": [773, 773], ""sample_shape"": [128, 128], ""sample_max_dim"": 128, ""available"": true, ""method"": ""natural_earth_land_point_mask"", ""bounds_lonlat"": {""west"": -41.143228780939104, ""south"": -21.940200948491132, ""east"": -40.90879813017457, ""north"": -21.718439683781025}, ""mask_path"": ""/content/sismom_colab_work_v2/sources/api/copernicus_meta_1-main/copernicus-platform/frontend/public/shapes/ne_10m_land/ne_10m_land.shp"", ""land_buffer_degrees"": 0.0, ""valid_geolocation_points"": 16384, ""land_points"": 10142, ""water_points"": 6242, ""land_fraction"": 0.6190185546875, ""water_fraction"": 0.3809814453125, ""valid_pixels_before_land_mask"": 597529, ""valid_pixels_after_land_mask"": 227249, ""pixels_masked_by_land"": 370280, ""valid_water_fraction"": 0.38031459560958547, ""land_skip_threshold"": 0.99, ""min_water_fraction"": 0.01, ""skip_land_tiles"": true, ""skipped"": false, ""reason"": ""water_candidate"", ""message"": ""CFAR restrito aos pixels de água.""}",natural_earth_land_point_mask,-21.83439983941237,-40.99265173572433,16.469999313354492,3.9800000190734863,-1.4700000286102295,69,P070,patch_0070_VV,,,"{""row"": 1131, ""col"": 813, ""row_resampled"": 377, ""col_resampled"": 271}",VV,"{""x0"": 7840, ""y0"": 9840, ""x1"": 10160, ""y1"": 12160}","{""west"": -41.162026872535286, ""south"": -21.957947391833834, ""east"": -40.890072504055546, ""north"": -21.700693690708196}",EPSG:4326,"[0.00010924210395578077, 0.0, -41.8545100791742, 0.0, -0.0001224201828423, -21.687271619455004, 0.0, 0.0, 1.0]",,cfar,,S1C_IW_GRDH_1SDV_20260810T081306_20260810T081331_008930_011B7A_86B1,-0.75,,1.0,0.38031459560958547,0.3809814453125,,,1.35,fallback
5,2.5,"{""row_min"": 1131, ""row_max"": 1143, ""col_min"": 705, ""col_max"": 708}","{""x0"": 8000, ""y0"": 10000, ""x1"": 10000, ""y1"": 12000}","{""west"": -41.143228780939104, ""south"": -21.940200948491132, ""east"": -40.90879813017457, ""north"": -21.718439683781025}",cfar,,,,,geolocation_grid,,"{""type"": ""Polygon"", ""coordinates"": [[[-40.98251535821431, -21.83676214600182], [-40.98279692426969, -21.836696526374336], [-40.98307615437295, -21.837764794575047], [-40.98279458640173, -21.837830414749906], [-40.98251535821431, -21.83676214600182]]]}",snap_geolocation_grid,patch_0070_VV_sigma0_preproc.tif,"{""row"": 10977, ""col"": 8548}",160,70,linear,0.6190185546875,"{""enabled"": true, ""applied"": true, ""status"": ""ok"", ""stage"": ""cfar_water_mask"", ""resampled_shape"": [773, 773], ""sample_shape"": [128, 128], ""sample_max_dim"": 128, ""available"": true, ""method"": ""natural_earth_land_point_mask"", ""bounds_lonlat"": {""west"": -41.143228780939104, ""south"": -21.940200948491132, ""east"": -40.90879813017457, ""north"": -21.718439683781025}, ""mask_path"": ""/content/sismom_colab_work_v2/sources/api/copernicus_meta_1-main/copernicus-platform/frontend/public/shapes/ne_10m_land/ne_10m_land.shp"", ""land_buffer_degrees"": 0.0, ""valid_geolocation_points"": 16384, ""land_points"": 10142, ""water_points"": 6242, ""land_fraction"": 0.6190185546875, ""water_fraction"": 0.3809814453125, ""valid_pixels_before_land_mask"": 597529, ""valid_pixels_after_land_mask"": 227249, ""pixels_masked_by_land"": 370280, ""valid_water_fraction"": 0.38031459560958547, ""land_skip_threshold"": 0.99, ""min_water_fraction"": 0.01, ""skip_land_tiles"": true, ""skipped"": false, ""reason"": ""water_candidate"", ""message"": ""CFAR restrito aos pixels de água.""}",natural_earth_land_point_mask,-21.837230660474695,-40.982936539321315,3.4200000762939453,-1.7200000286102295,-4.349999904632568,69,P070,patch_0070_VV,,,"{""row"": 1137, ""col"": 708, ""row_resampled"": 379, ""col_resampled"": 236}",VV,"{""x0"": 7840, ""y0"": 9840, ""x1"": 10160, ""y1"": 12160}","{""west"": -41.162026872535286, ""south"": -21.957947391833834, ""east"": -40.890072504055546, ""north"": -21.700693690708196}",EPSG:4326,"[0.00010924210395578077, 0.0, -41.8545100791742, 0.0, -0.0001224201828423, -21.687271619455004, 0.0, 0.0, 1.0]",,cfar,,S1C_IW_GRDH_1SDV_20260810T081306_20260810T081331_008930_011B7A_86B1,-4.96,,1.0,0.38031459560958547,0.3809814453125,,,1.35,fallback
27,1.8333,"{""row_min"": 1140, ""row_max"": 1170, ""col_min"": 261, ""col_max"": 276}","{""x0"": 8000, ""y0"": 10000, ""x1"": 10000, ""y1"": 12000}","{""west"": -41.143228780939104, ""south"": -21.940200948491132, ""east"": -40.90879813017457, ""north"": -21.718439683781025}",cfar,,,,,geolocation_grid,,"{""type"": ""Polygon"", ""coordinates"": [[[-40.94105278241781, -21.847275113188807], [-40.94246062014119, -21.846947012998744], [-40.94315800568151, -21.849617880554156], [-40.94175014400957, -21.849945987586363], [-40.94105278241781, -21.847275113188807]]]}",snap_geolocation_grid,patch_0070_VV_sigma0_preproc.tif,"{""row"": 10995, ""col"": 8110}",160,71,linear,0.6190185546875,"{""enabled"": true, ""applied"": true, ""status"": ""ok"", ""stage"": ""cfar_water_mask"", ""resampled_shape"": [773, 773], ""sample_shape"": [128, 128], ""sample_max_dim"": 128, ""available"": true, ""method"": ""natural_earth_land_point_mask"", ""bounds_lonlat"": {""west"": -41.143228780939104, ""south"": -21.940200948491132, ""east"": -40.90879813017457, ""north"": -21.718439683781025}, ""mask_path"": ""/content/sismom_colab_work_v2/sources/api/copernicus_meta_1-main/copernicus-platform/frontend/public/shapes/ne_10m_land/ne_10m_land.shp"", ""land_buffer_degrees"": 0.0, ""valid_geolocation_points"": 16384, ""land_points"": 10142, ""water_points"": 6242, ""land_fraction"": 0.6190185546875, ""water_fraction"": 0.3809814453125, ""valid_pixels_before_land_mask"": 597529, ""valid_pixels_after_land_mask"": 227249, ""pixels_masked_by_land"": 370280, ""valid_water_fraction"": 0.38031459560958547, ""land_skip_threshold"": 0.99, ""min_water_fraction"": 0.01, ""skip_land_tiles"": true, ""skipped"": false, ""reason"": ""water_candidate"", ""message"": ""CFAR restrito aos pixels de água.""}",natural_earth_land_point_mask,-21.848413688220905,-40.942246173034206,10.819999694824219,0.5,-8.479999542236328,69,P070,patch_0070_VV,,,"{""row"": 1155, ""col"": 270, ""row_resampled"": 385, ""col_resampled"": 90}",VV,"{""x0"": 7840, ""y0"": 9840, ""x1"": 10160, ""y1"": 12160}","{""west"": -41.162026872535286, ""south"": -21.957947391833834, ""east"": -40.890072504055546, ""north"": -21.700693690708196}",EPSG:4326,"[0.00010924210395578077, 0.0, -41.8545100791742, 0.0, -0.0001224201828423, -21.687271619455004, 0.0, 0.0, 1.0]",,cfar,,S1C_IW_GRDH_1SDV_20260810T081306_20260810T081331_008930_011B7A_86B1,-8.85,,1.0,0.38031459560958547,0.3809814453125,,,1.35,fallback
3,3.0,"{""row_min"": 1170, ""row_max"": 1176, ""col_min"": 702, ""col_max"": 702}","{""x0"": 8000, ""y0"": 10000, ""x1"": 10000, ""y1"": 12000}","{""west"": -41.143228780939104, ""south"": -21.940200948491132, ""east"": -40.90879813017457, ""north"": -21.718439683781025}",cfar,,,,,geolocation_grid,,"{""type"": ""Polygon"", ""coordinates"": [[[-40.9831412775181, -21.840299640839543], [-40.9831412775181, -21.840299640839543], [-40.98328089065186, -21.840833775487273], [-40.98328089065186, -21.840833775487273], [-40.9831412775181, -21.840299640839543]]]}",snap_geolocation_grid,patch_0070_VV_sigma0_preproc.tif,"{""row"": 11013, ""col"": 8542}",160,72,linear,0.6190185546875,"{""enabled"": true, ""applied"": true, ""status"": ""ok"", ""stage"": ""cfar_water_mask"", ""resampled_shape"": [773, 773], ""sample_shape"": [128, 128], ""sample_max_dim"": 128, ""available"": true, ""method"": ""natural_earth_land_point_mask"", ""bounds_lonlat"": {""west"": -41.143228780939104, ""south"": -21.940200948491132, ""east"": -40.90879813017457, ""north"": -21.718439683781025}, ""mask_path"": ""/content/sismom_colab_work_v2/sources/api/copernicus_meta_1-main/copernicus-platform/frontend/public/shapes/ne_10m_land/ne_10m_land.shp"", ""land_buffer_degrees"": 0.0, ""valid_geolocation_points"": 16384, ""land_points"": 10142, ""water_points"": 6242, ""land_fraction"": 0.6190185546875, ""water_fraction"": 0.3809814453125, ""valid_pixels_before_land_mask"": 597529, ""valid_pixels_after_land_mask"": 227249, ""pixels_masked_by_land"": 370280, ""valid_water_fraction"": 0.38031459560958547, ""land_skip_threshold"": 0.99, ""min_water_fraction"": 0.01, ""skip_land_tiles"": true, ""skipped"": false, ""reason"": ""water_candidate"", ""message"": ""CFAR restrito aos pixels de água.""}",natural_earth_land_point_mask,-21.840566708163408,-40.983211084084985,1.7699999809265137,-0.9800000190734863,-3.619999885559082,69,P070,patch_0070_VV,,,"{""row"": 1173, ""col"": 702, ""row_resampled"": 391, ""col_resampled"": 234}",VV,"{""x0"": 7840, ""y0"": 9840, ""x1"": 10160, ""y1"": 12160}","{""west"": -41.162026872535286, ""south"": -21.957947391833834, ""east"": -40.890072504055546, ""north"": -21.700693690708196}",EPSG:4326,"[0.00010924210395578077, 0.0, -41.8545100791742, 0.0, -0.0001224201828423, -21.687271619455004, 0.0, 0.0, 1.0]",,cfar,,S1C_IW_GRDH_1SDV_20260810T081306_20260810T081331_008930_011B7A_86B1,-3.94,,1.0,0.38031459560958547,0.3809814453125,,,1.35,fallback
4,4.0,"{""row_min"": 1200, ""row_max"": 1209, ""col_min"": 696, ""col_max"": 696}","{""x0"": 8000, ""y0"": 10000, ""x1"": 10000, ""y1"": 12000}","{""west"": -41.143228780939104, ""south"": -21.940200948491132, ""east"": -40.90879813017457, ""north"": -21.718439683781025}",cfar,,,,,geolocation_grid,,"{""type"": ""Polygon"", ""coordinates"": [[[-40.983276188991795, -21.843101559627925], [-40.983276188991795, -21.843101559627925], [-40.98348560581867, -21.843902762420576], [-40.98348560581867, -21.843902762420576], [-40.983276188991795, -21.843101559627925]]]}",snap_geolocation_grid,patch_0070_VV_sigma0_preproc.tif,"{""row"": 11046, ""col"": 8536}",160,73,linear,0.6190185546875,"{""enabled"": true, ""applied"": true, ""status"": ""ok"", ""stage"": ""cfar_water_mask"", ""resampled_shape"": [773, 773], ""sample_shape"": [128, 128], ""sample_max_dim"": 128, ""available"": true, ""method"": ""natural_earth_land_point_mask"", ""bounds_lonlat"": {""west"": -41.143228780939104, ""south"": -21.940200948491132, ""east"": -40.90879813017457, ""north"": -21.718439683781025}, ""mask_path"": ""/content/sismom_colab_work_v2/sources/api/copernicus_meta_1-main/copernicus-platform/frontend/public/shapes/ne_10m_land/ne_10m_land.shp"", ""land_buffer_degrees"": 0.0, ""valid_geolocation_points"": 16384, ""land_points"": 10142, ""water_points"": 6242, ""land_fraction"": 0.6190185546875, ""water_fraction"": 0.3809814453125, ""valid_pixels_before_land_mask"": 597529, ""valid_pixels_after_land_mask"": 227249, ""pixels_masked_by_land"": 370280, ""valid_water_fraction"": 0.38031459560958547, ""land_skip_threshold"": 0.99, ""min_water_fraction"": 0.01, ""skip_land_tiles"": true, ""skipped"": false, ""reason"": ""water_candidate"", ""message"": ""CFAR restrito aos pixels de água.""}",natural_earth_land_point_mask,-21.843635694823025,-40.98341580020971,0.6000000238418579,-2.2899999618530273,-4.059999942779541,69,P070,patch_0070_VV,,,"{""row"": 1206, ""col"": 696, ""row_resampled"": 402, ""col_resampled"": 232}",VV,"{""x0"": 7840, ""y0"": 9840, ""x1"": 10160, ""y1"": 12160}","{""west"": -41.162026872535286, ""south"": -21.957947391833834, ""east"": -40.890072504055546, ""north"": -21.700693690708196}",EPSG:4326,"[0.00010924210395578077, 0.0, -41.8545100791742, 0.0, -0.0001224201828423, -21.687271619455004, 0.0, 0.0, 1.0]",,cfar,,S1C_IW_GRDH_1SDV_20260810T081306_20260810T081331_008930_011B7A_86B1,-5.58,,1.0,0.38031459560958547,0.3809814453125,,,1.35,fallback
13,1.25,"{""row_min"": 1227, ""row_max"": 1239, ""col_min"": 708, ""col_max"": 717}","{""x0"": 8000, ""y0"": 10000, ""x1"": 10000, ""y1"": 12000}","{""west"": -41.143228780939104, ""south"": -21.940200948491132, ""east"": -40.90879813017457, ""north"": -21.718439683781025}",cfar,,,,,geolocation_grid,,"{""type"": ""Polygon"", ""coordinates"": [[[-40.98503076506639, -21.84524267198006], [-40.985875509212704, -21.8450457999607], [-40.986154745054996, -21.846114066519302], [-40.98530999516117, -21.846310940180775], [-40.98503076506639, -21.84524267198006]]]}",snap_geolocation_grid,patch_0070_VV_sigma0_preproc.tif,"{""row"": 11073, ""col"": 8554}",160,74,linear,0.6190185546875,"{""enabled"": true, ""applied"": true, ""status"": ""ok"", ""stage"": ""cfar_water_mask"", ""resampled_shape"": [773, 773], ""sample_shape"": [128, 128], ""sample_max_dim"": 128, ""available"": true, ""method"": ""natural_earth_land_point_mask"", ""bounds_lonlat"": {""west"": -41.143228780939104, ""south"": -21.940200948491132, ""east"": -40.90879813017457, ""north"": -21.718439683781025}, ""mask_path"": ""/content/sismom_colab_work_v2/sources/api/copernicus_meta_1-main/copernicus-platform/frontend/public/shapes/ne_10m_land/ne_10m_land.shp"", ""land_buffer_degrees"": 0.0, ""valid_geolocation_points"": 16384, ""land_points"": 10142, ""water_points"": 6242, ""land_fraction"": 0.6190185546875, ""water_fraction"": 0.3809814453125, ""valid_pixels_before_land_mask"": 597529, ""valid_pixels_after_land_mask"": 227249, ""pixels_masked_by_land"": 370280, ""valid_water_fraction"": 0.38031459560958547, ""land_skip_threshold"": 0.99, ""min_water_fraction"": 0.01, ""skip_land_tiles"": true, ""skipped"": false, ""reason"": ""water_candidate"", ""message"": ""CFAR restrito aos pixels de água.""}",natural_earth_land_point_mask,-21.845645557520136,-40.985733544793824,9.25,3.259999990463257,0.46000000834465027,69,P070,patch_0070_VV,,,"{""row"": 1233, ""col"": 714, ""row_resampled"": 411, ""col_resampled"": 238}",VV,"{""x0"": 7840, ""y0"": 9840, ""x1"": 10160, ""y1"": 12160}","{""west"": -41.162026872535286, ""south"": -21.957947391833834, ""east"": -40.890072504055546, ""north"": -21.700693690708196}",EPSG:4326,"[0.00010924210395578077, 0.0, -41.8545100791742, 0.0, -0.0001224201828423, -21.687271619455004, 0.0, 0.0, 1.0]",,cfar,,S1C_IW_GRDH_1SDV_20260810T081306_20260810T081331_008930_011B7A_86B1,-2.25,,1.0,0.38031459560958547,0.3809814453125,,,1.35,fallback
8,1.6667,"{""row_min"": 1620, ""row_max"": 1632, ""col_min"": 339, ""col_max"": 345}","{""x0"": 8000, ""y0"": 10000, ""x1"": 10000, ""y1"": 12000}","{""west"": -41.143228780939104, ""south"": -21.940200948491132, ""east"": -40.90879813017457, ""north"": -21.718439683781025}",cfar,,,,,geolocation_grid,,"{""type"": ""Polygon"", ""coordinates"": [[[-40.959545155900706, -21.888300743105127], [-40.960108445564245, -21.888169458179078], [-40.960388087273486, -21.88923770179659], [-40.95982479370853, -21.889368987874995], [-40.959545155900706, -21.888300743105127]]]}",snap_geolocation_grid,patch_0070_VV_sigma0_preproc.tif,"{""row"": 11466, ""col"": 8182}",160,75,linear,0.6190185546875,"{""enabled"": true, ""applied"": true, ""status"": ""ok"", ""stage"": ""cfar_water_mask"", ""resampled_shape"": [773, 773], ""sample_shape"": [128, 128], ""sample_max_dim"": 128, ""available"": true, ""method"": ""natural_earth_land_point_mask"", ""bounds_lonlat"": {""west"": -41.143228780939104, ""south"": -21.940200948491132, ""east"": -40.90879813017457, ""north"": -21.718439683781025}, ""mask_path"": ""/content/sismom_colab_work_v2/sources/api/copernicus_meta_1-main/copernicus-platform/frontend/public/shapes/ne_10m_land/ne_10m_land.shp"", ""land_buffer_degrees"": 0.0, ""valid_geolocation_points"": 16384, ""land_points"": 10142, ""water_points"": 6242, ""land_fraction"": 0.6190185546875, ""water_fraction"": 0.3809814453125, ""valid_pixels_before_land_mask"": 597529, ""valid_pixels_after_land_mask"": 227249, ""pixels_masked_by_land"": 370280, ""valid_water_fraction"": 0.38031459560958547, ""land_skip_threshold"": 0.99, ""min_water_fraction"": 0.01, ""skip_land_tiles"": true, ""skipped"": false, ""reason"": ""water_candidate"", ""message"": ""CFAR restrito aos pixels de água.""}",natural_earth_land_point_mask,-21.88876922273895,-40.95996662061174,5.239999771118164,-2.9000000953674316,-8.680000305175781,69,P070,patch_0070_VV,,,"{""row"": 1626, ""col"": 342, ""row_resampled"": 542, ""col_resampled"": 114}",VV,"{""x0"": 7840, ""y0"": 9840, ""x1"": 10160, ""y1"": 12160}","{""west"": -41.162026872535286, ""south"": -21.957947391833834, ""east"": -40.890072504055546, ""north"": -21.700693690708196}",EPSG:4326,"[0.00010924210395578077, 0.0, -41.8545100791742, 0.0, -0.0001224201828423, -21.687271619455004, 0.0, 0.0, 1.0]",,cfar,,S1C_IW_GRDH_1SDV_20260810T081306_20260810T081331_008930_011B7A_86B1,-12.99,,1.0,0.38031459560958547,0.3809814453125,,,1.35,fallback
10,1.6667,"{""row_min"": 762, ""row_max"": 774, ""col_min"": 1455, ""col_max"": 1461}","{""x0"": 0, ""y0"": 12000, ""x1"": 2000, ""y1"": 14000}","{""west"": -40.43713653913159, ""south"": -22.291776440253717, ""east"": -40.203045722634315, ""north"": -22.070601183009416}",cfar,,,,,geolocation_grid,,"{""type"": ""Polygon"", ""coordinates"": [[[-40.353803778844444, -22.135975009394762], [-40.35436854253969, -22.135845658026156], [-40.35464373475231, -22.136915100718305], [-40.35407896710617, -22.13704445306642], [-40.353803778844444, -22.135975009394762]]]}",snap_geolocation_grid,patch_0079_VV_sigma0_preproc.tif,"{""row"": 12608, ""col"": 1458}",160,76,linear,0.0,"{""enabled"": true, ""applied"": true, ""status"": ""ok"", ""stage"": ""cfar_water_mask"", ""resampled_shape"": [773, 720], ""sample_shape"": [128, 119], ""sample_max_dim"": 128, ""available"": true, ""method"": ""natural_earth_land_point_mask"", ""bounds_lonlat"": {""west"": -40.43713653913159, ""south"": -22.291776440253717, ""east"": -40.203045722634315, ""north"": -22.070601183009416}, ""mask_path"": ""/content/sismom_colab_work_v2/sources/api/copernicus_meta_1-main/copernicus-platform/frontend/public/shapes/ne_10m_land/ne_10m_land.shp"", ""land_buffer_degrees"": 0.0, ""valid_geolocation_points"": 15232, ""land_points"": 0, ""water_points"": 15232, ""land_fraction"": 0.0, ""water_fraction"": 1.0, ""valid_pixels_before_land_mask"": 507884, ""valid_pixels_after_land_mask"": 507884, ""pixels_masked_by_land"": 0, ""valid_water_fraction"": 1.0, ""land_skip_threshold"": 0.99, ""min_water_fraction"": 0.01, ""skip_land_tiles"": true, ""skipped"": false, ""reason"": ""water_candidate"", ""message"": ""CFAR restrito aos pixels de água.""}",natural_earth_land_point_mask,-22.13644505530141,-40.35422375581134,12.5600004196167,5.5,-0.3499999940395355,78,P079,patch_0079_VV,,,"{""row"": 768, ""col"": 1458, ""row_resampled"": 256, ""col_resampled"": 486}",VV,"{""x0"": 0, ""y0"": 11840, ""x1"": 2160, ""y1"": 14160}","{""west"": -40.4558937735429, ""south"": -22.306037552883126, ""east"": -40.19938952688925, ""north"": -22.05289540696937}",EPSG:4326,"[0.00010924210395578077, 0.0, -42.71096817418752, 0.0, -0.0001224201828423, -21.932111985139606, 0.0, 0.0, 1.0]",,cfar,,S1C_IW_GRDH_1SDV_20260810T081306_20260810T081331_008930_011B7A_86B1,-0.93,,1.0,1.0,1.0,,,1.35,fallback
5,1.5,"{""row_min"": 840, ""row_max"": 843, ""col_min"": 630, ""col_max"": 636}","{""x0"": 0, ""y0"": 12000, ""x1"": 2000, ""y1"": 14000}","{""west"": -40.43713653913159, ""south"": -22.291776440253717, ""east"": -40.203045722634315, ""north"": -22.070601183009416}",cfar,,,,,geolocation_grid,,"{""type"": ""Polygon"", ""coordinates"": [[[-40.27791046614966, -22.160668749156955], [-40.278475475037325, -22.16053980513386], [-40.278544135340184, -22.160807199477425], [-40.277979125446535, -22.1609361437454], [-40.27791046614966, -22.160668749156955]]]}",snap_geolocation_grid,patch_0079_VV_sigma0_preproc.tif,"{""row"": 12680, ""col"": 633}",160,77,linear,0.0,"{""enabled"": true, ""applied"": true, ""status"": ""ok"", ""stage"": ""cfar_water_mask"", ""resampled_shape"": [773, 720], ""sample_shape"": [128, 119], ""sample_max_dim"": 128, ""available"": true, ""method"": ""natural_earth_land_point_mask"", ""bounds_lonlat"": {""west"": -40.43713653913159, ""south"": -22.291776440253717, ""east"": -40.203045722634315, ""north"": -22.070601183009416}, ""mask_path"": ""/content/sismom_colab_work_v2/sources/api/copernicus_meta_1-main/copernicus-platform/frontend/public/shapes/ne_10m_land/ne_10m_land.shp"", ""land_buffer_degrees"": 0.0, ""valid_geolocation_points"": 15232, ""land_points"": 0, ""water_points"": 15232, ""land_fraction"": 0.0, ""water_fraction"": 1.0, ""valid_pixels_before_land_mask"": 507884, ""valid_pixels_after_land_mask"": 507884, ""pixels_masked_by_land"": 0, ""valid_water_fraction"": 1.0, ""land_skip_threshold"": 0.99, ""min_water_fraction"": 0.01, ""skip_land_tiles"": true, ""skipped"": false, ""reason"": ""water_candidate"", ""message"": ""CFAR restrito aos pixels de água.""}",natural_earth_land_point_mask,-22.160604277145406,-40.278192970593494,7.590000152587891,-0.30000001192092896,-5.420000076293945,78,P079,patch_0079_VV,,,"{""row"": 840, ""col"": 633, ""row_resampled"": 280, ""col_resampled"": 211}",VV,"{""x0"": 0, ""y0"": 11840, ""x1"": 2160, ""y1"": 14160}","{""west"": -40.4558937735429, ""south"": -22.306037552883126, ""east"": -40.19938952688925, ""north"": -22.05289540696937}",EPSG:4326,"[0.00010924210395578077, 0.0, -42.71096817418752, 0.0, -0.0001224201828423, -21.932111985139606, 0.0, 0.0, 1.0]",,cfar,,S1C_IW_GRDH_1SDV_20260810T081306_20260810T081331_008930_011B7A_86B1,-6.18,,1.0,1.0,1.0,,,1.35,fallback
6,2.0,"{""row_min"": 1026, ""row_max"": 1029, ""col_min"": 720, ""col_max"": 729}","{""x0"": 0, ""y0"": 12000, ""x1"": 2000, ""y1"": 14000}","{""west"": -40.43713653913159, ""south"": -22.291776440253717, ""east"": -40.203045722634315, ""north"": -22.070601183009416}",cfar,,,,,geolocation_grid,,"{""type"": ""Polygon"", ""coordinates"": [[[-40.29064341133015, -22.175312825558795], [-40.291491018196474, -22.17511938675063], [-40.29155969408927, -22.175386777298613], [-40.29071208571399, -22.17558021647409], [-40.29064341133015, -22.175312825558795]]]}",snap_geolocation_grid,patch_0079_VV_sigma0_preproc.tif,"{""row"": 12866, ""col"": 726}",160,78,linear,0.0,"{""enabled"": true, ""applied"": true, ""status"": ""ok"", ""stage"": ""cfar_water_mask"", ""resampled_shape"": [773, 720], ""sample_shape"": [128, 119], ""sample_max_dim"": 128, ""available"": true, ""method"": ""natural_earth_land_point_mask"", ""bounds_lonlat"": {""west"": -40.43713653913159, ""south"": -22.291776440253717, ""east"": -40.203045722634315, ""north"": -22.070601183009416}, ""mask_path"": ""/content/sismom_colab_work_v2/sources/api/copernicus_meta_1-main/copernicus-platform/frontend/public/shapes/ne_10m_land/ne_10m_land.shp"", ""land_buffer_degrees"": 0.0, ""valid_geolocation_points"": 15232, ""land_points"": 0, ""water_points"": 15232, ""land_fraction"": 0.0, ""water_fraction"": 1.0, ""valid_pixels_before_land_mask"": 507884, ""valid_pixels_after_land_mask"": 507884, ""pixels_masked_by_land"": 0, ""valid_water_fraction"": 1.0, ""land_skip_threshold"": 0.99, ""min_water_fraction"": 0.01, ""skip_land_tiles"": true, ""skipped"": false, ""reason"": ""water_candidate"", ""message"": ""CFAR restrito aos pixels de água.""}",natural_earth_land_point_mask,-22.175183866353354,-40.29120848257436,-0.5699999928474426,-3.6700000762939453,-7.650000095367432,78,P079,patch_0079_VV,,,"{""row"": 1026, ""col"": 726, ""row_resampled"": 342, ""col_resampled"": 242}",VV,"{""x0"": 0, ""y0"": 11840, ""x1"": 2160, ""y1"": 14160}","{""west"": -40.4558937735429, ""south"": -22.306037552883126, ""east"": -40.19938952688925, ""north"": -22.05289540696937}",EPSG:4326,"[0.00010924210395578077, 0.0, -42.71096817418752, 0.0, -0.0001224201828423, -21.932111985139606, 0.0, 0.0, 1.0]",,cfar,,S1C_IW_GRDH_1SDV_20260810T081306_20260810T081331_008930_011B7A_86B1,-7.82,,1.0,1.0,1.0,,,1.35,fallback
5,1.5,"{""row_min"": 1206, ""row_max"": 1209, ""col_min"": 801, ""col_max"": 807}","{""x0"": 0, ""y0"": 12000, ""x1"": 2000, ""y1"": 14000}","{""west"": -40.43713653913159, ""south"": -22.291776440253717, ""east"": -40.203045722634315, ""north"": -22.070601183009416}",cfar,,,,,geolocation_grid,,"{""type"": ""Polygon"", ""coordinates"": [[[-40.30239315079119, -22.18961513285297], [-40.302958282367996, -22.189486158954935], [-40.3030269713362, -22.189753546319523], [-40.302461838753416, -22.189882520462437], [-40.30239315079119, -22.18961513285297]]]}",snap_geolocation_grid,patch_0079_VV_sigma0_preproc.tif,"{""row"": 13046, ""col"": 804}",160,79,linear,0.0,"{""enabled"": true, ""applied"": true, ""status"": ""ok"", ""stage"": ""cfar_water_mask"", ""resampled_shape"": [773, 720], ""sample_shape"": [128, 119], ""sample_max_dim"": 128, ""available"": true, ""method"": ""natural_earth_land_point_mask"", ""bounds_lonlat"": {""west"": -40.43713653913159, ""south"": -22.291776440253717, ""east"": -40.203045722634315, ""north"": -22.070601183009416}, ""mask_path"": ""/content/sismom_colab_work_v2/sources/api/copernicus_meta_1-main/copernicus-platform/frontend/public/shapes/ne_10m_land/ne_10m_land.shp"", ""land_buffer_degrees"": 0.0, ""valid_geolocation_points"": 15232, ""land_points"": 0, ""water_points"": 15232, ""land_fraction"": 0.0, ""water_fraction"": 1.0, ""valid_pixels_before_land_mask"": 507884, ""valid_pixels_after_land_mask"": 507884, ""pixels_masked_by_land"": 0, ""valid_water_fraction"": 1.0, ""land_skip_threshold"": 0.99, ""min_water_fraction"": 0.01, ""skip_land_tiles"": true, ""skipped"": false, ""reason"": ""water_candidate"", ""message"": ""CFAR restrito aos pixels de água.""}",natural_earth_land_point_mask,-22.189550645903957,-40.30267571657959,2.0999999046325684,-2.240000009536743,-4.699999809265137,78,P079,patch_0079_VV,,,"{""row"": 1206, ""col"": 804, ""row_resampled"": 402, ""col_resampled"": 268}",VV,"{""x0"": 0, ""y0"": 11840, ""x1"": 2160, ""y1"": 14160}","{""west"": -40.4558937735429, ""south"": -22.306037552883126, ""east"": -40.19938952688925, ""north"": -22.05289540696937}",EPSG:4326,"[0.00010924210395578077, 0.0, -42.71096817418752, 0.0, -0.0001224201828423, -21.932111985139606, 0.0, 0.0, 1.0]",,cfar,,S1C_IW_GRDH_1SDV_20260810T081306_20260810T081331_008930_011B7A_86B1,-6.13,,1.0,1.0,1.0,,,1.35,fallback
5,1.0,"{""row_min"": 1335, ""row_max"": 1341, ""col_min"": 801, ""col_max"": 807}","{""x0"": 0, ""y0"": 12000, ""x1"": 2000, ""y1"": 14000}","{""west"": -40.43713653913159, ""south"": -22.291776440253717, ""east"": -40.203045722634315, ""north"": -22.070601183009416}",cfar,,,,,geolocation_grid,,"{""type"": ""Polygon"", ""coordinates"": [[[-40.30535015805154, -22.2011122891103], [-40.30591533248531, -22.200983304682573], [-40.306053038009836, -22.201518030534373], [-40.30548786160237, -22.20164701545186], [-40.30535015805154, -22.2011122891103]]]}",snap_geolocation_grid,patch_0079_VV_sigma0_preproc.tif,"{""row"": 13178, ""col"": 804}",160,80,linear,0.0,"{""enabled"": true, ""applied"": true, ""status"": ""ok"", ""stage"": ""cfar_water_mask"", ""resampled_shape"": [773, 720], ""sample_shape"": [128, 119], ""sample_max_dim"": 128, ""available"": true, ""method"": ""natural_earth_land_point_mask"", ""bounds_lonlat"": {""west"": -40.43713653913159, ""south"": -22.291776440253717, ""east"": -40.203045722634315, ""north"": -22.070601183009416}, ""mask_path"": ""/content/sismom_colab_work_v2/sources/api/copernicus_meta_1-main/copernicus-platform/frontend/public/shapes/ne_10m_land/ne_10m_land.shp"", ""land_buffer_degrees"": 0.0, ""valid_geolocation_points"": 15232, ""land_points"": 0, ""water_points"": 15232, ""land_fraction"": 0.0, ""water_fraction"": 1.0, ""valid_pixels_before_land_mask"": 507884, ""valid_pixels_after_land_mask"": 507884, ""pixels_masked_by_land"": 0, ""valid_water_fraction"": 1.0, ""land_skip_threshold"": 0.99, ""min_water_fraction"": 0.01, ""skip_land_tiles"": true, ""skipped"": false, ""reason"": ""water_candidate"", ""message"": ""CFAR restrito aos pixels de água.""}",natural_earth_land_point_mask,-22.201315159944777,-40.305701597537265,0.3100000023841858,-3.680000066757202,-5.769999980926514,78,P079,patch_0079_VV,,,"{""row"": 1338, ""col"": 804, ""row_resampled"": 446, ""col_resampled"": 268}",VV,"{""x0"": 0, ""y0"": 11840, ""x1"": 2160, ""y1"": 14160}","{""west"": -40.4558937735429, ""south"": -22.306037552883126, ""east"": -40.19938952688925, ""north"": -22.05289540696937}",EPSG:4326,"[0.00010924210395578077, 0.0, -42.71096817418752, 0.0, -0.0001224201828423, -21.932111985139606, 0.0, 0.0, 1.0]",,cfar,,S1C_IW_GRDH_1SDV_20260810T081306_20260810T081331_008930_011B7A_86B1,-6.05,,1.0,1.0,1.0,,,1.35,fallback
12,2.3333,"{""row_min"": 1482, ""row_max"": 1500, ""col_min"": 363, ""col_max"": 369}","{""x0"": 0, ""y0"": 12000, ""x1"": 2000, ""y1"": 14000}","{""west"": -40.43713653913159, ""south"": -22.291776440253717, ""east"": -40.203045722634315, ""north"": -22.070601183009416}",cfar,,,,,geolocation_grid,,"{""type"": ""Polygon"", ""coordinates"": [[[-40.267462630656254, -22.22362982362625], [-40.268027853364806, -22.22350082719957], [-40.268440537724146, -22.225105112010922], [-40.26787530909458, -22.225234109906864], [-40.267462630656254, -22.22362982362625]]]}",snap_geolocation_grid,patch_0079_VV_sigma0_preproc.tif,"{""row"": 13331, ""col"": 366}",160,81,linear,0.0,"{""enabled"": true, ""applied"": true, ""status"": ""ok"", ""stage"": ""cfar_water_mask"", ""resampled_shape"": [773, 720], ""sample_shape"": [128, 119], ""sample_max_dim"": 128, ""available"": true, ""method"": ""natural_earth_land_point_mask"", ""bounds_lonlat"": {""west"": -40.43713653913159, ""south"": -22.291776440253717, ""east"": -40.203045722634315, ""north"": -22.070601183009416}, ""mask_path"": ""/content/sismom_colab_work_v2/sources/api/copernicus_meta_1-main/copernicus-platform/frontend/public/shapes/ne_10m_land/ne_10m_land.shp"", ""land_buffer_degrees"": 0.0, ""valid_geolocation_points"": 15232, ""land_points"": 0, ""water_points"": 15232, ""land_fraction"": 0.0, ""water_fraction"": 1.0, ""valid_pixels_before_land_mask"": 507884, ""valid_pixels_after_land_mask"": 507884, ""pixels_masked_by_land"": 0, ""valid_water_fraction"": 1.0, ""land_skip_threshold"": 0.99, ""min_water_fraction"": 0.01, ""skip_land_tiles"": true, ""skipped"": false, ""reason"": ""water_candidate"", ""message"": ""CFAR restrito aos pixels de água.""}",natural_earth_land_point_mask,-22.2243674681859,-40.26795158270995,18.020000457763672,8.979999542236328,1.190000057220459,78,P079,patch_0079_VV,,,"{""row"": 1491, ""col"": 366, ""row_resampled"": 497, ""col_resampled"": 122}",VV,"{""x0"": 0, ""y0"": 11840, ""x1"": 2160, ""y1"": 14160}","{""west"": -40.4558937735429, ""south"": -22.306037552883126, ""east"": -40.19938952688925, ""north"": -22.05289540696937}",EPSG:4326,"[0.00010924210395578077, 0.0, -42.71096817418752, 0.0, -0.0001224201828423, -21.932111985139606, 0.0, 0.0, 1.0]",,cfar,,S1C_IW_GRDH_1SDV_20260810T081306_20260810T081331_008930_011B7A_86B1,0.75,,1.0,1.0,1.0,,,1.35,fallback
19,3.0,"{""row_min"": 1635, ""row_max"": 1659, ""col_min"": 1218, ""col_max"": 1224}","{""x0"": 0, ""y0"": 12000, ""x1"": 2000, ""y1"": 14000}","{""west"": -40.43713653913159, ""south"": -22.291776440253717, ""east"": -40.203045722634315, ""north"": -22.070601183009416}",cfar,,,,,geolocation_grid,,"{""type"": ""Polygon"", ""coordinates"": [[[-40.35152179620224, -22.218882471377746], [-40.352087044860056, -22.218753416889363], [-40.35263841573716, -22.220892184145207], [-40.35207315915123, -22.221021240592602], [-40.35152179620224, -22.218882471377746]]]}",snap_geolocation_grid,patch_0079_VV_sigma0_preproc.tif,"{""row"": 13487, ""col"": 1221}",160,82,linear,0.0,"{""enabled"": true, ""applied"": true, ""status"": ""ok"", ""stage"": ""cfar_water_mask"", ""resampled_shape"": [773, 720], ""sample_shape"": [128, 119], ""sample_max_dim"": 128, ""available"": true, ""method"": ""natural_earth_land_point_mask"", ""bounds_lonlat"": {""west"": -40.43713653913159, ""south"": -22.291776440253717, ""east"": -40.203045722634315, ""north"": -22.070601183009416}, ""mask_path"": ""/content/sismom_colab_work_v2/sources/api/copernicus_meta_1-main/copernicus-platform/frontend/public/shapes/ne_10m_land/ne_10m_land.shp"", ""land_buffer_degrees"": 0.0, ""valid_geolocation_points"": 15232, ""land_points"": 0, ""water_points"": 15232, ""land_fraction"": 0.0, ""water_fraction"": 1.0, ""valid_pixels_before_land_mask"": 507884, ""valid_pixels_after_land_mask"": 507884, ""pixels_masked_by_land"": 0, ""valid_water_fraction"": 1.0, ""land_skip_threshold"": 0.99, ""min_water_fraction"": 0.01, ""skip_land_tiles"": true, ""skipped"": false, ""reason"": ""water_candidate"", ""message"": ""CFAR restrito aos pixels de água.""}",natural_earth_land_point_mask,-22.219887328251232,-40.352080103987674,18.239999771118164,3.809999942779541,-0.9200000166893005,78,P079,patch_0079_VV,,,"{""row"": 1647, ""col"": 1221, ""row_resampled"": 549, ""col_resampled"": 407}",VV,"{""x0"": 0, ""y0"": 11840, ""x1"": 2160, ""y1"": 14160}","{""west"": -40.4558937735429, ""south"": -22.306037552883126, ""east"": -40.19938952688925, ""north"": -22.05289540696937}",EPSG:4326,"[0.00010924210395578077, 0.0, -42.71096817418752, 0.0, -0.0001224201828423, -21.932111985139606, 0.0, 0.0, 1.0]",,cfar,,S1C_IW_GRDH_1SDV_20260810T081306_20260810T081331_008930_011B7A_86B1,-0.11,,1.0,1.0,1.0,,,1.35,fallback
5,1.0,"{""row_min"": 1668, ""row_max"": 1674, ""col_min"": 897, ""col_max"": 903}","{""x0"": 0, ""y0"": 12000, ""x1"": 2000, ""y1"": 14000}","{""west"": -40.43713653913159, ""south"": -22.291776440253717, ""east"": -40.203045722634315, ""north"": -22.070601183009416}",cfar,,,,,geolocation_grid,,"{""type"": ""Polygon"", ""coordinates"": [[[-40.322037248673915, -22.22872541532226], [-40.32260253255809, -22.228596403713233], [-40.322740269675066, -22.229131121728987], [-40.32217498381718, -22.229260133827765], [-40.322037248673915, -22.22872541532226]]]}",snap_geolocation_grid,patch_0079_VV_sigma0_preproc.tif,"{""row"": 13511, ""col"": 900}",160,83,linear,0.0,"{""enabled"": true, ""applied"": true, ""status"": ""ok"", ""stage"": ""cfar_water_mask"", ""resampled_shape"": [773, 720], ""sample_shape"": [128, 119], ""sample_max_dim"": 128, ""available"": true, ""method"": ""natural_earth_land_point_mask"", ""bounds_lonlat"": {""west"": -40.43713653913159, ""south"": -22.291776440253717, ""east"": -40.203045722634315, ""north"": -22.070601183009416}, ""mask_path"": ""/content/sismom_colab_work_v2/sources/api/copernicus_meta_1-main/copernicus-platform/frontend/public/shapes/ne_10m_land/ne_10m_land.shp"", ""land_buffer_degrees"": 0.0, ""valid_geolocation_points"": 15232, ""land_points"": 0, ""water_points"": 15232, ""land_fraction"": 0.0, ""water_fraction"": 1.0, ""valid_pixels_before_land_mask"": 507884, ""valid_pixels_after_land_mask"": 507884, ""pixels_masked_by_land"": 0, ""valid_water_fraction"": 1.0, ""land_skip_threshold"": 0.99, ""min_water_fraction"": 0.01, ""skip_land_tiles"": true, ""skipped"": false, ""reason"": ""water_candidate"", ""message"": ""CFAR restrito aos pixels de água.""}",natural_earth_land_point_mask,-22.228928268648062,-40.322388758681065,4.789999961853027,1.909999966621399,-0.10999999940395355,78,P079,patch_0079_VV,,,"{""row"": 1671, ""col"": 900, ""row_resampled"": 557, ""col_resampled"": 300}",VV,"{""x0"": 0, ""y0"": 11840, ""x1"": 2160, ""y1"": 14160}","{""west"": -40.4558937735429, ""south"": -22.306037552883126, ""east"": -40.19938952688925, ""north"": -22.05289540696937}",EPSG:4326,"[0.00010924210395578077, 0.0, -42.71096817418752, 0.0, -0.0001224201828423, -21.932111985139606, 0.0, 0.0, 1.0]",,cfar,,S1C_IW_GRDH_1SDV_20260810T081306_20260810T081331_008930_011B7A_86B1,-2.3,,1.0,1.0,1.0,,,1.35,fallback
9,1.25,"{""row_min"": 1683, ""row_max"": 1695, ""col_min"": 1008, ""col_max"": 1017}","{""x0"": 0, ""y0"": 12000, ""x1"": 2000, ""y1"": 14000}","{""west"": -40.43713653913159, ""south"": -22.291776440253717, ""east"": -40.203045722634315, ""north"": -22.070601183009416}",cfar,,,,,geolocation_grid,,"{""type"": ""Polygon"", ""coordinates"": [[[-40.33283942916492, -22.227675474167896], [-40.33368736229729, -22.227481954917778], [-40.333962911531756, -22.228551372338664], [-40.33311497247829, -22.228744893058042], [-40.33283942916492, -22.227675474167896]]]}",snap_geolocation_grid,patch_0079_VV_sigma0_preproc.tif,"{""row"": 13529, ""col"": 1014}",160,84,linear,0.0,"{""enabled"": true, ""applied"": true, ""status"": ""ok"", ""stage"": ""cfar_water_mask"", ""resampled_shape"": [773, 720], ""sample_shape"": [128, 119], ""sample_max_dim"": 128, ""available"": true, ""method"": ""natural_earth_land_point_mask"", ""bounds_lonlat"": {""west"": -40.43713653913159, ""south"": -22.291776440253717, ""east"": -40.203045722634315, ""north"": -22.070601183009416}, ""mask_path"": ""/content/sismom_colab_work_v2/sources/api/copernicus_meta_1-main/copernicus-platform/frontend/public/shapes/ne_10m_land/ne_10m_land.shp"", ""land_buffer_degrees"": 0.0, ""valid_geolocation_points"": 15232, ""land_points"": 0, ""water_points"": 15232, ""land_fraction"": 0.0, ""water_fraction"": 1.0, ""valid_pixels_before_land_mask"": 507884, ""valid_pixels_after_land_mask"": 507884, ""pixels_masked_by_land"": 0, ""valid_water_fraction"": 1.0, ""land_skip_threshold"": 0.99, ""min_water_fraction"": 0.01, ""skip_land_tiles"": true, ""skipped"": false, ""reason"": ""water_candidate"", ""message"": ""CFAR restrito aos pixels de água.""}",natural_earth_land_point_mask,-22.228081170289805,-40.33354249155022,9.729999542236328,2.319999933242798,-1.7200000286102295,78,P079,patch_0079_VV,,,"{""row"": 1689, ""col"": 1014, ""row_resampled"": 563, ""col_resampled"": 338}",VV,"{""x0"": 0, ""y0"": 11840, ""x1"": 2160, ""y1"": 14160}","{""west"": -40.4558937735429, ""south"": -22.306037552883126, ""east"": -40.19938952688925, ""north"": -22.05289540696937}",EPSG:4326,"[0.00010924210395578077, 0.0, -42.71096817418752, 0.0, -0.0001224201828423, -21.932111985139606, 0.0, 0.0, 1.0]",,cfar,,S1C_IW_GRDH_1SDV_20260810T081306_20260810T081331_008930_011B7A_86B1,-1.72,,1.0,1.0,1.0,,,1.35,fallback
5,1.5,"{""row_min"": 1941, ""row_max"": 1944, ""col_min"": 1809, ""col_max"": 1815}","{""x0"": 0, ""y0"": 12000, ""x1"": 2000, ""y1"": 14000}","{""west"": -40.43713653913159, ""south"": -22.291776440253717, ""east"": -40.203045722634315, ""north"": -22.070601183009416}",cfar,,,,,geolocation_grid,,"{""type"": ""Polygon"", ""coordinates"": [[[-40.41422191191187, -22.233404993870653], [-40.414787072333354, -22.233275546265553], [-40.41485609430956, -22.233542868052186], [-40.41429093286344, -22.23367231590217], [-40.41422191191187, -22.233404993870653]]]}",snap_geolocation_grid,patch_0079_VV_sigma0_preproc.tif,"{""row"": 13784, ""col"": 1812}",160,85,linear,0.0,"{""enabled"": true, ""applied"": true, ""status"": ""ok"", ""stage"": ""cfar_water_mask"", ""resampled_shape"": [773, 720], ""sample_shape"": [128, 119], ""sample_max_dim"": 128, ""available"": true, ""method"": ""natural_earth_land_point_mask"", ""bounds_lonlat"": {""west"": -40.43713653913159, ""south"": -22.291776440253717, ""east"": -40.203045722634315, ""north"": -22.070601183009416}, ""mask_path"": ""/content/sismom_colab_work_v2/sources/api/copernicus_meta_1-main/copernicus-platform/frontend/public/shapes/ne_10m_land/ne_10m_land.shp"", ""land_buffer_degrees"": 0.0, ""valid_geolocation_points"": 15232, ""land_points"": 0, ""water_points"": 15232, ""land_fraction"": 0.0, ""water_fraction"": 1.0, ""valid_pixels_before_land_mask"": 507884, ""valid_pixels_after_land_mask"": 507884, ""pixels_masked_by_land"": 0, ""valid_water_fraction"": 1.0, ""land_skip_threshold"": 0.99, ""min_water_fraction"": 0.01, ""skip_land_tiles"": true, ""skipped"": false, ""reason"": ""water_candidate"", ""message"": ""CFAR restrito aos pixels de água.""}",natural_earth_land_point_mask,-22.23360759197718,-40.414573513586504,3.5899999141693115,-0.38999998569488525,-3.140000104904175,78,P079,patch_0079_VV,,,"{""row"": 1944, ""col"": 1812, ""row_resampled"": 648, ""col_resampled"": 604}",VV,"{""x0"": 0, ""y0"": 11840, ""x1"": 2160, ""y1"": 14160}","{""west"": -40.4558937735429, ""south"": -22.306037552883126, ""east"": -40.19938952688925, ""north"": -22.05289540696937}",EPSG:4326,"[0.00010924210395578077, 0.0, -42.71096817418752, 0.0, -0.0001224201828423, -21.932111985139606, 0.0, 0.0, 1.0]",,cfar,,S1C_IW_GRDH_1SDV_20260810T081306_20260810T081331_008930_011B7A_86B1,-7.11,,1.0,1.0,1.0,,,1.35,fallback
13,1.2,"{""row_min"": 1962, ""row_max"": 1974, ""col_min"": 891, ""col_max"": 906}","{""x0"": 0, ""y0"": 12000, ""x1"": 2000, ""y1"": 14000}","{""west"": -40.43713653913159, ""south"": -22.291776440253717, ""east"": -40.203045722634315, ""north"": -22.070601183009416}",cfar,,,,,geolocation_grid,,"{""type"": ""Polygon"", ""coordinates"": [[[-40.328220890187424, -22.255055657699035], [-40.32963434171839, -22.254733068681702], [-40.3299098179366, -22.255802504223457], [-40.32849635653714, -22.256125095689555], [-40.328220890187424, -22.255055657699035]]]}",snap_geolocation_grid,patch_0079_VV_sigma0_preproc.tif,"{""row"": 13808, ""col"": 900}",160,86,linear,0.0,"{""enabled"": true, ""applied"": true, ""status"": ""ok"", ""stage"": ""cfar_water_mask"", ""resampled_shape"": [773, 720], ""sample_shape"": [128, 119], ""sample_max_dim"": 128, ""available"": true, ""method"": ""natural_earth_land_point_mask"", ""bounds_lonlat"": {""west"": -40.43713653913159, ""south"": -22.291776440253717, ""east"": -40.203045722634315, ""north"": -22.070601183009416}, ""mask_path"": ""/content/sismom_colab_work_v2/sources/api/copernicus_meta_1-main/copernicus-platform/frontend/public/shapes/ne_10m_land/ne_10m_land.shp"", ""land_buffer_degrees"": 0.0, ""valid_geolocation_points"": 15232, ""land_points"": 0, ""water_points"": 15232, ""land_fraction"": 0.0, ""water_fraction"": 1.0, ""valid_pixels_before_land_mask"": 507884, ""valid_pixels_after_land_mask"": 507884, ""pixels_masked_by_land"": 0, ""valid_water_fraction"": 1.0, ""land_skip_threshold"": 0.99, ""min_water_fraction"": 0.01, ""skip_land_tiles"": true, ""skipped"": false, ""reason"": ""water_candidate"", ""message"": ""CFAR restrito aos pixels de água.""}",natural_earth_land_point_mask,-22.255396822549265,-40.32920669725838,8.079999923706055,0.3400000035762787,-3.680000066757202,78,P079,patch_0079_VV,,,"{""row"": 1968, ""col"": 900, ""row_resampled"": 656, ""col_resampled"": 300}",VV,"{""x0"": 0, ""y0"": 11840, ""x1"": 2160, ""y1"": 14160}","{""west"": -40.4558937735429, ""south"": -22.306037552883126, ""east"": -40.19938952688925, ""north"": -22.05289540696937}",EPSG:4326,"[0.00010924210395578077, 0.0, -42.71096817418752, 0.0, -0.0001224201828423, -21.932111985139606, 0.0, 0.0, 1.0]",,cfar,,S1C_IW_GRDH_1SDV_20260810T081306_20260810T081331_008930_011B7A_86B1,-3.73,,1.0,1.0,1.0,,,1.35,fallback
14,1.5,"{""row_min"": 2124, ""row_max"": 2133, ""col_min"": 219, ""col_max"": 234}","{""x0"": 2000, ""y0"": 12000, ""x1"": 4000, ""y1"": 14000}","{""west"": -40.62548850784528, ""south"": -22.24870907961095, ""east"": -40.39127988831527, ""north"": -22.027390418291414}",cfar,,,,,geolocation_grid,,"{""type"": ""Polygon"", ""coordinates"": [[[-40.44198314520048, -22.244317365185744], [-40.44339620244359, -22.243993708829308], [-40.44360340106727, -22.244795642477705], [-40.442190336139305, -22.245119300670716], [-40.44198314520048, -22.244317365185744]]]}",snap_geolocation_grid,patch_0080_VV_sigma0_preproc.tif,"{""row"": 13970, ""col"": 2068}",160,87,linear,0.0,"{""enabled"": true, ""applied"": true, ""status"": ""ok"", ""stage"": ""cfar_water_mask"", ""resampled_shape"": [773, 773], ""sample_shape"": [128, 128], ""sample_max_dim"": 128, ""available"": true, ""method"": ""natural_earth_land_point_mask"", ""bounds_lonlat"": {""west"": -40.62548850784528, ""south"": -22.24870907961095, ""east"": -40.39127988831527, ""north"": -22.027390418291414}, ""mask_path"": ""/content/sismom_colab_work_v2/sources/api/copernicus_meta_1-main/copernicus-platform/frontend/public/shapes/ne_10m_land/ne_10m_land.shp"", ""land_buffer_degrees"": 0.0, ""valid_geolocation_points"": 16384, ""land_points"": 0, ""water_points"": 16384, ""land_fraction"": 0.0, ""water_fraction"": 1.0, ""valid_pixels_before_land_mask"": 597529, ""valid_pixels_after_land_mask"": 597529, ""pixels_masked_by_land"": 0, ""valid_water_fraction"": 1.0, ""land_skip_threshold"": 0.99, ""min_water_fraction"": 0.01, ""skip_land_tiles"": true, ""skipped"": false, ""reason"": ""water_candidate"", ""message"": ""CFAR restrito aos pixels de água.""}",natural_earth_land_point_mask,-22.2446577942939,-40.44296910991284,6.989999771118164,-2.0,-7.03000020980835,79,P080,patch_0080_VV,,,"{""row"": 2130, ""col"": 228, ""row_resampled"": 710, ""col_resampled"": 76}",VV,"{""x0"": 1840, ""y0"": 11840, ""x1"": 4160, ""y1"": 14160}","{""west"": -40.644251704460636, ""south"": -22.266418597800403, ""east"": -40.372552242672946, ""north"": -22.0096676827357}",EPSG:4326,"[0.00010924210395578077, 0.0, -42.50996270290889, 0.0, -0.0001224201828423, -21.932111985139606, 0.0, 0.0, 1.0]",,cfar,,S1C_IW_GRDH_1SDV_20260810T081306_20260810T081331_008930_011B7A_86B1,-7.16,,1.0,1.0,1.0,,,1.35,fallback
7,3.0,"{""row_min"": 1113, ""row_max"": 1128, ""col_min"": 1596, ""col_max"": 1599}","{""x0"": 4000, ""y0"": 12000, ""x1"": 6000, ""y1"": 14000}","{""west"": -40.813717461271786, ""south"": -22.205440200783674, ""east"": -40.57940934540949, ""north"": -21.983956796962467}",cfar,,,,,geolocation_grid,,"{""type"": ""Polygon"", ""coordinates"": [[[-40.736476987638774, -22.08108087002212], [-40.736759092084945, -22.081015564705723], [-40.73710640548395, -22.082351502111116], [-40.73682429869763, -22.082416808111727], [-40.736476987638774, -22.08108087002212]]]}",snap_geolocation_grid,patch_0081_VV_sigma0_preproc.tif,"{""row"": 12962, ""col"": 5436}",160,88,linear,0.0,"{""enabled"": true, ""applied"": true, ""status"": ""ok"", ""stage"": ""cfar_water_mask"", ""resampled_shape"": [773, 773], ""sample_shape"": [128, 128], ""sample_max_dim"": 128, ""available"": true, ""method"": ""natural_earth_land_point_mask"", ""bounds_lonlat"": {""west"": -40.813717461271786, ""south"": -22.205440200783674, ""east"": -40.57940934540949, ""north"": -21.983956796962467}, ""mask_path"": ""/content/sismom_colab_work_v2/sources/api/copernicus_meta_1-main/copernicus-platform/frontend/public/shapes/ne_10m_land/ne_10m_land.shp"", ""land_buffer_degrees"": 0.0, ""valid_geolocation_points"": 16384, ""land_points"": 0, ""water_points"": 16384, ""land_fraction"": 0.0, ""water_fraction"": 1.0, ""valid_pixels_before_land_mask"": 597529, ""valid_pixels_after_land_mask"": 597529, ""pixels_masked_by_land"": 0, ""valid_water_fraction"": 1.0, ""land_skip_threshold"": 0.99, ""min_water_fraction"": 0.01, ""skip_land_tiles"": true, ""skipped"": false, ""reason"": ""water_candidate"", ""message"": ""CFAR restrito aos pixels de água.""}",natural_earth_land_point_mask,-22.081882432875883,-40.73668537427409,9.600000381469727,-0.9800000190734863,-6.090000152587891,80,P081,patch_0081_VV,,,"{""row"": 1122, ""col"": 1596, ""row_resampled"": 374, ""col_resampled"": 532}",VV,"{""x0"": 3840, ""y0"": 11840, ""x1"": 6160, ""y1"": 14160}","{""west"": -40.832491939352295, ""south"": -22.223167248910016, ""east"": -40.5606756586548, ""north"": -21.96622791777251}",EPSG:4326,"[0.00010924210395578077, 0.0, -42.29147849499732, 0.0, -0.0001224201828423, -21.932111985139606, 0.0, 0.0, 1.0]",,cfar,,S1C_IW_GRDH_1SDV_20260810T081306_20260810T081331_008930_011B7A_86B1,-7.24,,1.0,1.0,1.0,,,1.35,fallback
7,1.0,"{""row_min"": 1323, ""row_max"": 1332, ""col_min"": 654, ""col_max"": 663}","{""x0"": 8000, ""y0"": 12000, ""x1"": 10000, ""y1"": 14000}","{""west"": -41.189953560898644, ""south"": -22.118241152750244, ""east"": -40.95531881310729, ""north"": -21.89639950610968}",cfar,,,,,geolocation_grid,,"{""type"": ""Polygon"", ""coordinates"": [[[-41.02883491061306, -22.03300107406103], [-41.029680676446674, -22.032803901363245], [-41.02989104432331, -22.03360497411851], [-41.02904527393446, -22.033802148112706], [-41.02883491061306, -22.03300107406103]]]}",snap_geolocation_grid,patch_0083_VV_sigma0_preproc.tif,"{""row"": 13166, ""col"": 8500}",160,89,linear,0.7020263671875,"{""enabled"": true, ""applied"": true, ""status"": ""ok"", ""stage"": ""cfar_water_mask"", ""resampled_shape"": [773, 773], ""sample_shape"": [128, 128], ""sample_max_dim"": 128, ""available"": true, ""method"": ""natural_earth_land_point_mask"", ""bounds_lonlat"": {""west"": -41.189953560898644, ""south"": -22.118241152750244, ""east"": -40.95531881310729, ""north"": -21.89639950610968}, ""mask_path"": ""/content/sismom_colab_work_v2/sources/api/copernicus_meta_1-main/copernicus-platform/frontend/public/shapes/ne_10m_land/ne_10m_land.shp"", ""land_buffer_degrees"": 0.0, ""valid_geolocation_points"": 16384, ""land_points"": 11502, ""water_points"": 4882, ""land_fraction"": 0.7020263671875, ""water_fraction"": 0.2979736328125, ""valid_pixels_before_land_mask"": 597529, ""valid_pixels_after_land_mask"": 176679, ""pixels_masked_by_land"": 420850, ""valid_water_fraction"": 0.2956827200018744, ""land_skip_threshold"": 0.99, ""min_water_fraction"": 0.01, ""skip_land_tiles"": true, ""skipped"": false, ""reason"": ""water_candidate"", ""message"": ""CFAR restrito aos pixels de água.""}",natural_earth_land_point_mask,-22.03313664999164,-41.02946887662154,-6.210000038146973,-7.130000114440918,-7.929999828338623,82,P083,patch_0083_VV,,,"{""row"": 1326, ""col"": 660, ""row_resampled"": 442, ""col_resampled"": 220}",VV,"{""x0"": 7840, ""y0"": 11840, ""x1"": 10160, ""y1"": 14160}","{""west"": -41.208740567831896, ""south"": -22.135991577222683, ""east"": -40.93656751323289, ""north"": -21.878638475878052}",EPSG:4326,"[0.00010924210395578077, 0.0, -41.8545100791742, 0.0, -0.0001224201828423, -21.932111985139606, 0.0, 0.0, 1.0]",,cfar,,S1C_IW_GRDH_1SDV_20260810T081306_20260810T081331_008930_011B7A_86B1,-8.88,,1.0,0.2956827200018744,0.2979736328125,,,1.35,fallback
4,1.0,"{""row_min"": 1341, ""row_max"": 1347, ""col_min"": 675, ""col_max"": 681}","{""x0"": 8000, ""y0"": 12000, ""x1"": 10000, ""y1"": 14000}","{""west"": -41.189953560898644, ""south"": -22.118241152750244, ""east"": -40.95531881310729, ""north"": -21.89639950610968}",cfar,,,,,geolocation_grid,,"{""type"": ""Polygon"", ""coordinates"": [[[-41.03122911212537, -22.034143146486315], [-41.031792962088076, -22.03401169629258], [-41.0319332134141, -22.03454574306755], [-41.03136936142684, -22.034677193837464], [-41.03122911212537, -22.034143146486315]]]}",snap_geolocation_grid,patch_0083_VV_sigma0_preproc.tif,"{""row"": 13184, ""col"": 8518}",160,90,linear,0.7020263671875,"{""enabled"": true, ""applied"": true, ""status"": ""ok"", ""stage"": ""cfar_water_mask"", ""resampled_shape"": [773, 773], ""sample_shape"": [128, 128], ""sample_max_dim"": 128, ""available"": true, ""method"": ""natural_earth_land_point_mask"", ""bounds_lonlat"": {""west"": -41.189953560898644, ""south"": -22.118241152750244, ""east"": -40.95531881310729, ""north"": -21.89639950610968}, ""mask_path"": ""/content/sismom_colab_work_v2/sources/api/copernicus_meta_1-main/copernicus-platform/frontend/public/shapes/ne_10m_land/ne_10m_land.shp"", ""land_buffer_degrees"": 0.0, ""valid_geolocation_points"": 16384, ""land_points"": 11502, ""water_points"": 4882, ""land_fraction"": 0.7020263671875, ""water_fraction"": 0.2979736328125, ""valid_pixels_before_land_mask"": 597529, ""valid_pixels_after_land_mask"": 176679, ""pixels_masked_by_land"": 420850, ""valid_water_fraction"": 0.2956827200018744, ""land_skip_threshold"": 0.99, ""min_water_fraction"": 0.01, ""skip_land_tiles"": true, ""skipped"": false, ""reason"": ""water_candidate"", ""message"": ""CFAR restrito aos pixels de água.""}",natural_earth_land_point_mask,-22.034344444920976,-41.031581162262945,-6.980000019073486,-7.590000152587891,-8.149999618530273,82,P083,patch_0083_VV,,,"{""row"": 1344, ""col"": 678, ""row_resampled"": 448, ""col_resampled"": 226}",VV,"{""x0"": 7840, ""y0"": 11840, ""x1"": 10160, ""y1"": 14160}","{""west"": -41.208740567831896, ""south"": -22.135991577222683, ""east"": -40.93656751323289, ""north"": -21.878638475878052}",EPSG:4326,"[0.00010924210395578077, 0.0, -41.8545100791742, 0.0, -0.0001224201828423, -21.932111985139606, 0.0, 0.0, 1.0]",,cfar,,S1C_IW_GRDH_1SDV_20260810T081306_20260810T081331_008930_011B7A_86B1,-9.39,,1.0,0.2956827200018744,0.2979736328125,,,1.35,fallback
5,1.0,"{""row_min"": 1359, ""row_max"": 1365, ""col_min"": 696, ""col_max"": 702}","{""x0"": 8000, ""y0"": 12000, ""x1"": 10000, ""y1"": 14000}","{""west"": -41.189953560898644, ""south"": -22.118241152750244, ""east"": -40.95531881310729, ""north"": -21.89639950610968}",cfar,,,,,geolocation_grid,,"{""type"": ""Polygon"", ""coordinates"": [[[-41.033623356159595, -22.03528520681181], [-41.03418721219595, -22.03515375488954], [-41.03432747060917, -22.03568779964788], [-41.03376361254827, -22.035819252146332], [-41.033623356159595, -22.03528520681181]]]}",snap_geolocation_grid,patch_0083_VV_sigma0_preproc.tif,"{""row"": 13202, ""col"": 8539}",160,91,linear,0.7020263671875,"{""enabled"": true, ""applied"": true, ""status"": ""ok"", ""stage"": ""cfar_water_mask"", ""resampled_shape"": [773, 773], ""sample_shape"": [128, 128], ""sample_max_dim"": 128, ""available"": true, ""method"": ""natural_earth_land_point_mask"", ""bounds_lonlat"": {""west"": -41.189953560898644, ""south"": -22.118241152750244, ""east"": -40.95531881310729, ""north"": -21.89639950610968}, ""mask_path"": ""/content/sismom_colab_work_v2/sources/api/copernicus_meta_1-main/copernicus-platform/frontend/public/shapes/ne_10m_land/ne_10m_land.shp"", ""land_buffer_degrees"": 0.0, ""valid_geolocation_points"": 16384, ""land_points"": 11502, ""water_points"": 4882, ""land_fraction"": 0.7020263671875, ""water_fraction"": 0.2979736328125, ""valid_pixels_before_land_mask"": 597529, ""valid_pixels_after_land_mask"": 176679, ""pixels_masked_by_land"": 420850, ""valid_water_fraction"": 0.2956827200018744, ""land_skip_threshold"": 0.99, ""min_water_fraction"": 0.01, ""skip_land_tiles"": true, ""skipped"": false, ""reason"": ""water_candidate"", ""message"": ""CFAR restrito aos pixels de água.""}",natural_earth_land_point_mask,-22.03548650337389,-41.03397541287825,-5.340000152587891,-8.430000305175781,-9.75,82,P083,patch_0083_VV,,,"{""row"": 1362, ""col"": 699, ""row_resampled"": 454, ""col_resampled"": 233}",VV,"{""x0"": 7840, ""y0"": 11840, ""x1"": 10160, ""y1"": 14160}","{""west"": -41.208740567831896, ""south"": -22.135991577222683, ""east"": -40.93656751323289, ""north"": -21.878638475878052}",EPSG:4326,"[0.00010924210395578077, 0.0, -41.8545100791742, 0.0, -0.0001224201828423, -21.932111985139606, 0.0, 0.0, 1.0]",,cfar,,S1C_IW_GRDH_1SDV_20260810T081306_20260810T081331_008930_011B7A_86B1,-10.25,,1.0,0.2956827200018744,0.2979736328125,,,1.35,fallback
8,1.0,"{""row_min"": 1440, ""row_max"": 1446, ""col_min"": 1467, ""col_max"": 1473}","{""x0"": 0, ""y0"": 14000, ""x1"": 2000, ""y1"": 16000}","{""west"": -40.4832072102904, ""south"": -22.469986677333967, ""east"": -40.24879739837911, ""north"": -22.248819761936556}",cfar,,,,,geolocation_grid,,"{""type"": ""Polygon"", ""coordinates"": [[[-40.41647688292467, -22.374346444559386], [-40.41704254792004, -22.37421687318304], [-40.41718069533577, -22.374751219899167], [-40.41661502843561, -22.37488079179407], [-40.41647688292467, -22.374346444559386]]]}",snap_geolocation_grid,patch_0092_VV_sigma0_preproc.tif,"{""row"": 15283, ""col"": 1470}",160,92,linear,0.0,"{""enabled"": true, ""applied"": true, ""status"": ""ok"", ""stage"": ""cfar_water_mask"", ""resampled_shape"": [773, 720], ""sample_shape"": [128, 119], ""sample_max_dim"": 128, ""available"": true, ""method"": ""natural_earth_land_point_mask"", ""bounds_lonlat"": {""west"": -40.4832072102904, ""south"": -22.469986677333967, ""east"": -40.24879739837911, ""north"": -22.248819761936556}, ""mask_path"": ""/content/sismom_colab_work_v2/sources/api/copernicus_meta_1-main/copernicus-platform/frontend/public/shapes/ne_10m_land/ne_10m_land.shp"", ""land_buffer_degrees"": 0.0, ""valid_geolocation_points"": 15232, ""land_points"": 0, ""water_points"": 15232, ""land_fraction"": 0.0, ""water_fraction"": 1.0, ""valid_pixels_before_land_mask"": 507861, ""valid_pixels_after_land_mask"": 507861, ""pixels_masked_by_land"": 0, ""valid_water_fraction"": 1.0, ""land_skip_threshold"": 0.99, ""min_water_fraction"": 0.01, ""skip_land_tiles"": true, ""skipped"": false, ""reason"": ""water_candidate"", ""message"": ""CFAR restrito aos pixels de água.""}",natural_earth_land_point_mask,-22.37454883235892,-40.41682878864688,8.510000228881836,5.170000076293945,2.130000114440918,91,P092,patch_0092_VV,,,"{""row"": 1443, ""col"": 1470, ""row_resampled"": 481, ""col_resampled"": 490}",VV,"{""x0"": 0, ""y0"": 13840, ""x1"": 2160, ""y1"": 16160}","{""west"": -40.50198744311488, ""south"": -22.4842393179509, ""east"": -40.245132329458386, ""north"": -22.231110935931557}",EPSG:4326,"[0.00010924210395578077, 0.0, -42.71096817418752, 0.0, -0.0001224201828423, -22.176952350824205, 0.0, 0.0, 1.0]",,cfar,,S1C_IW_GRDH_1SDV_20260810T081306_20260810T081331_008930_011B7A_86B1,1.68,,1.0,1.0,1.0,,,1.35,fallback
10,1.6667,"{""row_min"": 2121, ""row_max"": 2133, ""col_min"": 1383, ""col_max"": 1389}","{""x0"": 0, ""y0"": 14000, ""x1"": 2000, ""y1"": 16000}","{""west"": -40.4832072102904, ""south"": -22.469986677333967, ""east"": -40.24879739837911, ""north"": -22.248819761936556}",cfar,,,,,geolocation_grid,,"{""type"": ""Polygon"", ""coordinates"": [[[-40.424234062991516, -22.436809678960405], [-40.4247999440685, -22.43668004872726], [-40.42507618558052, -22.43774875667925], [-40.42451030069394, -22.43787838794952], [-40.424234062991516, -22.436809678960405]]]}",snap_geolocation_grid,patch_0092_VV_sigma0_preproc.tif,"{""row"": 15967, ""col"": 1386}",160,93,linear,0.0,"{""enabled"": true, ""applied"": true, ""status"": ""ok"", ""stage"": ""cfar_water_mask"", ""resampled_shape"": [773, 720], ""sample_shape"": [128, 119], ""sample_max_dim"": 128, ""available"": true, ""method"": ""natural_earth_land_point_mask"", ""bounds_lonlat"": {""west"": -40.4832072102904, ""south"": -22.469986677333967, ""east"": -40.24879739837911, ""north"": -22.248819761936556}, ""mask_path"": ""/content/sismom_colab_work_v2/sources/api/copernicus_meta_1-main/copernicus-platform/frontend/public/shapes/ne_10m_land/ne_10m_land.shp"", ""land_buffer_degrees"": 0.0, ""valid_geolocation_points"": 15232, ""land_points"": 0, ""water_points"": 15232, ""land_fraction"": 0.0, ""water_fraction"": 1.0, ""valid_pixels_before_land_mask"": 507861, ""valid_pixels_after_land_mask"": 507861, ""pixels_masked_by_land"": 0, ""valid_water_fraction"": 1.0, ""land_skip_threshold"": 0.99, ""min_water_fraction"": 0.01, ""skip_land_tiles"": true, ""skipped"": false, ""reason"": ""water_candidate"", ""message"": ""CFAR restrito aos pixels de água.""}",natural_earth_land_point_mask,-22.43727921807911,-40.42465512333362,14.8100004196167,9.449999809265137,6.039999961853027,91,P092,patch_0092_VV,,,"{""row"": 2127, ""col"": 1386, ""row_resampled"": 709, ""col_resampled"": 462}",VV,"{""x0"": 0, ""y0"": 13840, ""x1"": 2160, ""y1"": 16160}","{""west"": -40.50198744311488, ""south"": -22.4842393179509, ""east"": -40.245132329458386, ""north"": -22.231110935931557}",EPSG:4326,"[0.00010924210395578077, 0.0, -42.71096817418752, 0.0, -0.0001224201828423, -22.176952350824205, 0.0, 0.0, 1.0]",,cfar,,S1C_IW_GRDH_1SDV_20260810T081306_20260810T081331_008930_011B7A_86B1,5.67,,1.0,1.0,1.0,,,1.35,fallback
15,1.5,"{""row_min"": 1806, ""row_max"": 1821, ""col_min"": 1212, ""col_max"": 1221}","{""x0"": 4000, ""y0"": 14000, ""x1"": 6000, ""y1"": 16000}","{""west"": -40.86023055562227, ""south"": -22.383537951667407, ""east"": -40.6256057692268, ""north"": -22.162058168976433}",cfar,,,,,geolocation_grid,,"{""type"": ""Polygon"", ""coordinates"": [[[-40.76282062869632, -22.32924215879327], [-40.7636685402207, -22.32904633838264], [-40.76401687278716, -22.330381430274233], [-40.76316895382271, -22.330577252737502], [-40.76282062869632, -22.32924215879327]]]}",snap_geolocation_grid,patch_0094_VV_sigma0_preproc.tif,"{""row"": 15652, ""col"": 5058}",160,94,linear,0.0,"{""enabled"": true, ""applied"": true, ""status"": ""ok"", ""stage"": ""cfar_water_mask"", ""resampled_shape"": [773, 773], ""sample_shape"": [128, 128], ""sample_max_dim"": 128, ""available"": true, ""method"": ""natural_earth_land_point_mask"", ""bounds_lonlat"": {""west"": -40.86023055562227, ""south"": -22.383537951667407, ""east"": -40.6256057692268, ""north"": -22.162058168976433}, ""mask_path"": ""/content/sismom_colab_work_v2/sources/api/copernicus_meta_1-main/copernicus-platform/frontend/public/shapes/ne_10m_land/ne_10m_land.shp"", ""land_buffer_degrees"": 0.0, ""valid_geolocation_points"": 16384, ""land_points"": 0, ""water_points"": 16384, ""land_fraction"": 0.0, ""water_fraction"": 1.0, ""valid_pixels_before_land_mask"": 597529, ""valid_pixels_after_land_mask"": 597529, ""pixels_masked_by_land"": 0, ""valid_water_fraction"": 1.0, ""land_skip_threshold"": 0.99, ""min_water_fraction"": 0.01, ""skip_land_tiles"": true, ""skipped"": false, ""reason"": ""water_candidate"", ""message"": ""CFAR restrito aos pixels de água.""}",natural_earth_land_point_mask,-22.329645690619774,-40.763525258341915,15.1899995803833,1.3300000429153442,-2.740000009536743,93,P094,patch_0094_VV,,,"{""row"": 1812, ""col"": 1218, ""row_resampled"": 604, ""col_resampled"": 406}",VV,"{""x0"": 3840, ""y0"": 13840, ""x1"": 6160, ""y1"": 16160}","{""west"": -40.87902844312191, ""south"": -22.401261230314198, ""east"": -40.60684532444275, ""north"": -22.144325704488963}",EPSG:4326,"[0.00010924210395578077, 0.0, -42.29147849499732, 0.0, -0.0001224201828423, -22.176952350824205, 0.0, 0.0, 1.0]",,cfar,,S1C_IW_GRDH_1SDV_20260810T081306_20260810T081331_008930_011B7A_86B1,-3.44,,1.0,1.0,1.0,,,1.35,fallback
10,1.0,"{""row_min"": 1500, ""row_max"": 1509, ""col_min"": 903, ""col_max"": 912}","{""x0"": 6000, ""y0"": 14000, ""x1"": 8000, ""y1"": 16000}","{""west"": -41.048566547327084, ""south"": -22.339984988727043, ""east"": -40.81383479285655, ""north"": -22.1183520903584}",cfar,,,,,geolocation_grid,,"{""type"": ""Polygon"", ""coordinates"": [[[-40.914939888216814, -22.2651127687866], [-40.91578706855624, -22.264915905625212], [-40.91599691125762, -22.265716729359003], [-40.91514972636709, -22.265913593751982], [-40.914939888216814, -22.2651127687866]]]}",snap_geolocation_grid,patch_0095_VV_sigma0_preproc.tif,"{""row"": 15346, ""col"": 6746}",160,95,linear,0.0,"{""enabled"": true, ""applied"": true, ""status"": ""ok"", ""stage"": ""cfar_water_mask"", ""resampled_shape"": [773, 773], ""sample_shape"": [128, 128], ""sample_max_dim"": 128, ""available"": true, ""method"": ""natural_earth_land_point_mask"", ""bounds_lonlat"": {""west"": -41.048566547327084, ""south"": -22.339984988727043, ""east"": -40.81383479285655, ""north"": -22.1183520903584}, ""mask_path"": ""/content/sismom_colab_work_v2/sources/api/copernicus_meta_1-main/copernicus-platform/frontend/public/shapes/ne_10m_land/ne_10m_land.shp"", ""land_buffer_degrees"": 0.0, ""valid_geolocation_points"": 16384, ""land_points"": 0, ""water_points"": 16384, ""land_fraction"": 0.0, ""water_fraction"": 1.0, ""valid_pixels_before_land_mask"": 597529, ""valid_pixels_after_land_mask"": 597529, ""pixels_masked_by_land"": 0, ""valid_water_fraction"": 1.0, ""land_skip_threshold"": 0.99, ""min_water_fraction"": 0.01, ""skip_land_tiles"": true, ""skipped"": false, ""reason"": ""water_candidate"", ""message"": ""CFAR restrito aos pixels de água.""}",natural_earth_land_point_mask,-22.265581030769372,-40.915362174774835,11.079999923706055,-0.7300000190734863,-5.320000171661377,94,P095,patch_0095_VV,,,"{""row"": 1506, ""col"": 906, ""row_resampled"": 502, ""col_resampled"": 302}",VV,"{""x0"": 5840, ""y0"": 13840, ""x1"": 8160, ""y1"": 16160}","{""west"": -41.067370603554096, ""south"": -22.357714194347253, ""east"": -40.79506316450125, ""north"": -22.100602480220612}",EPSG:4326,"[0.00010924210395578077, 0.0, -42.07299428708576, 0.0, -0.0001224201828423, -22.176952350824205, 0.0, 0.0, 1.0]",,cfar,,S1C_IW_GRDH_1SDV_20260810T081306_20260810T081331_008930_011B7A_86B1,-7.59,,1.0,1.0,1.0,,,1.35,fallback
7,1.0,"{""row_min"": 1809, ""row_max"": 1818, ""col_min"": 1791, ""col_max"": 1800}","{""x0"": 6000, ""y0"": 14000, ""x1"": 8000, ""y1"": 16000}","{""west"": -41.048566547327084, ""south"": -22.339984988727043, ""east"": -40.81383479285655, ""north"": -22.1183520903584}",cfar,,,,,geolocation_grid,,"{""type"": ""Polygon"", ""coordinates"": [[[-41.00574780103168, -22.27317899508124], [-41.006594907134584, -22.272981650066097], [-41.00680519858645, -22.273782352283497], [-41.00595808804377, -22.27397969853022], [-41.00574780103168, -22.27317899508124]]]}",snap_geolocation_grid,patch_0095_VV_sigma0_preproc.tif,"{""row"": 15652, ""col"": 7634}",160,96,linear,0.0,"{""enabled"": true, ""applied"": true, ""status"": ""ok"", ""stage"": ""cfar_water_mask"", ""resampled_shape"": [773, 773], ""sample_shape"": [128, 128], ""sample_max_dim"": 128, ""available"": true, ""method"": ""natural_earth_land_point_mask"", ""bounds_lonlat"": {""west"": -41.048566547327084, ""south"": -22.339984988727043, ""east"": -40.81383479285655, ""north"": -22.1183520903584}, ""mask_path"": ""/content/sismom_colab_work_v2/sources/api/copernicus_meta_1-main/copernicus-platform/frontend/public/shapes/ne_10m_land/ne_10m_land.shp"", ""land_buffer_degrees"": 0.0, ""valid_geolocation_points"": 16384, ""land_points"": 0, ""water_points"": 16384, ""land_fraction"": 0.0, ""water_fraction"": 1.0, ""valid_pixels_before_land_mask"": 597529, ""valid_pixels_after_land_mask"": 597529, ""pixels_masked_by_land"": 0, ""valid_water_fraction"": 1.0, ""land_skip_threshold"": 0.99, ""min_water_fraction"": 0.01, ""skip_land_tiles"": true, ""skipped"": false, ""reason"": ""water_candidate"", ""message"": ""CFAR restrito aos pixels de água.""}",natural_earth_land_point_mask,-22.273380142003166,-41.00610028031911,5.840000152587891,-4.070000171661377,-9.520000457763672,94,P095,patch_0095_VV,,,"{""row"": 1812, ""col"": 1794, ""row_resampled"": 604, ""col_resampled"": 598}",VV,"{""x0"": 5840, ""y0"": 13840, ""x1"": 8160, ""y1"": 16160}","{""west"": -41.067370603554096, ""south"": -22.357714194347253, ""east"": -40.79506316450125, ""north"": -22.100602480220612}",EPSG:4326,"[0.00010924210395578077, 0.0, -42.07299428708576, 0.0, -0.0001224201828423, -22.176952350824205, 0.0, 0.0, 1.0]",,cfar,,S1C_IW_GRDH_1SDV_20260810T081306_20260810T081331_008930_011B7A_86B1,-12.78,,1.0,1.0,1.0,,,1.35,fallback
4,1.3333,"{""row_min"": 1842, ""row_max"": 1851, ""col_min"": 1623, ""col_max"": 1629}","{""x0"": 6000, ""y0"": 14000, ""x1"": 8000, ""y1"": 16000}","{""west"": -41.048566547327084, ""south"": -22.339984988727043, ""east"": -40.81383479285655, ""north"": -22.1183520903584}",cfar,,,,,geolocation_grid,,"{""type"": ""Polygon"", ""coordinates"": [[[-40.99070200057268, -22.2797913205409], [-40.99126690250232, -22.27966004723315], [-40.99147710778655, -22.280460772850667], [-40.99091220282283, -22.28059204697947], [-40.99070200057268, -22.2797913205409]]]}",snap_geolocation_grid,patch_0095_VV_sigma0_preproc.tif,"{""row"": 15688, ""col"": 7466}",160,97,linear,0.0,"{""enabled"": true, ""applied"": true, ""status"": ""ok"", ""stage"": ""cfar_water_mask"", ""resampled_shape"": [773, 773], ""sample_shape"": [128, 128], ""sample_max_dim"": 128, ""available"": true, ""method"": ""natural_earth_land_point_mask"", ""bounds_lonlat"": {""west"": -41.048566547327084, ""south"": -22.339984988727043, ""east"": -40.81383479285655, ""north"": -22.1183520903584}, ""mask_path"": ""/content/sismom_colab_work_v2/sources/api/copernicus_meta_1-main/copernicus-platform/frontend/public/shapes/ne_10m_land/ne_10m_land.shp"", ""land_buffer_degrees"": 0.0, ""valid_geolocation_points"": 16384, ""land_points"": 0, ""water_points"": 16384, ""land_fraction"": 0.0, ""water_fraction"": 1.0, ""valid_pixels_before_land_mask"": 597529, ""valid_pixels_after_land_mask"": 597529, ""pixels_masked_by_land"": 0, ""valid_water_fraction"": 1.0, ""land_skip_threshold"": 0.99, ""min_water_fraction"": 0.01, ""skip_land_tiles"": true, ""skipped"": false, ""reason"": ""water_candidate"", ""message"": ""CFAR restrito aos pixels de água.""}",natural_earth_land_point_mask,-22.28025950123905,-40.991124587382295,2.069999933242798,-3.0899999141693115,-9.100000381469727,94,P095,patch_0095_VV,,,"{""row"": 1848, ""col"": 1626, ""row_resampled"": 616, ""col_resampled"": 542}",VV,"{""x0"": 5840, ""y0"": 13840, ""x1"": 8160, ""y1"": 16160}","{""west"": -41.067370603554096, ""south"": -22.357714194347253, ""east"": -40.79506316450125, ""north"": -22.100602480220612}",EPSG:4326,"[0.00010924210395578077, 0.0, -42.07299428708576, 0.0, -0.0001224201828423, -22.176952350824205, 0.0, 0.0, 1.0]",,cfar,,S1C_IW_GRDH_1SDV_20260810T081306_20260810T081331_008930_011B7A_86B1,-10.43,,1.0,1.0,1.0,,,1.35,fallback
3,1.5,"{""row_min"": 1563, ""row_max"": 1566, ""col_min"": 1401, ""col_max"": 1407}","{""x0"": 10000, ""y0"": 14000, ""x1"": 12000, ""y1"": 16000}","{""west"": -41.425665971399404, ""south"": -22.252238100452818, ""east"": -41.190070988525086, ""north"": -22.029826578154342}",cfar,,,,,geolocation_grid,,"{""type"": ""Polygon"", ""coordinates"": [[[-41.340299363412655, -22.171673453811913], [-41.34086764442824, -22.171539993406633], [-41.340936811702356, -22.171807082589453], [-41.34036853824294, -22.171940541266192], [-41.340299363412655, -22.171673453811913]]]}",snap_geolocation_grid,patch_0097_VV_sigma0_preproc.tif,"{""row"": 15406, ""col"": 11244}",160,98,linear,0.600830078125,"{""enabled"": true, ""applied"": true, ""status"": ""ok"", ""stage"": ""cfar_water_mask"", ""resampled_shape"": [773, 773], ""sample_shape"": [128, 128], ""sample_max_dim"": 128, ""available"": true, ""method"": ""natural_earth_land_point_mask"", ""bounds_lonlat"": {""west"": -41.425665971399404, ""south"": -22.252238100452818, ""east"": -41.190070988525086, ""north"": -22.029826578154342}, ""mask_path"": ""/content/sismom_colab_work_v2/sources/api/copernicus_meta_1-main/copernicus-platform/frontend/public/shapes/ne_10m_land/ne_10m_land.shp"", ""land_buffer_degrees"": 0.0, ""valid_geolocation_points"": 16384, ""land_points"": 9844, ""water_points"": 6540, ""land_fraction"": 0.600830078125, ""water_fraction"": 0.399169921875, ""valid_pixels_before_land_mask"": 597529, ""valid_pixels_after_land_mask"": 238031, ""pixels_masked_by_land"": 359498, ""valid_water_fraction"": 0.398358908103205, ""land_skip_threshold"": 0.99, ""min_water_fraction"": 0.01, ""skip_land_tiles"": true, ""skipped"": false, ""reason"": ""water_candidate"", ""message"": ""CFAR restrito aos pixels de água.""}",natural_earth_land_point_mask,-22.171873811927824,-41.340652674972645,-7.690000057220459,-8.100000381469727,-8.5,96,P097,patch_0097_VV,,,"{""row"": 1566, ""col"": 1404, ""row_resampled"": 522, ""col_resampled"": 468}",VV,"{""x0"": 9840, ""y0"": 13840, ""x1"": 12160, ""y1"": 16160}","{""west"": -41.44440399721015, ""south"": -22.269990682419127, ""east"": -41.17128115568011, ""north"": -22.012003040574474}",EPSG:4326,"[0.00010924210395578077, 0.0, -41.63602587126264, 0.0, -0.0001224201828423, -22.176952350824205, 0.0, 0.0, 1.0]",,cfar,,S1C_IW_GRDH_1SDV_20260810T081306_20260810T081331_008930_011B7A_86B1,-8.67,,1.0,0.398358908103205,0.399169921875,,,1.35,fallback
4,1.5,"{""row_min"": 1689, ""row_max"": 1692, ""col_min"": 1647, ""col_max"": 1653}","{""x0"": 10000, ""y0"": 14000, ""x1"": 12000, ""y1"": 16000}","{""west"": -41.425665971399404, ""south"": -22.252238100452818, ""east"": -41.190070988525086, ""north"": -22.029826578154342}",cfar,,,,,geolocation_grid,,"{""type"": ""Polygon"", ""coordinates"": [[[-41.366494237743204, -22.177418428122206], [-41.36706256187591, -22.17728458799165], [-41.367131408111646, -22.17755175093862], [-41.366563092730786, -22.177685589032702], [-41.366494237743204, -22.177418428122206]]]}",snap_geolocation_grid,patch_0097_VV_sigma0_preproc.tif,"{""row"": 15532, ""col"": 11490}",160,99,linear,0.600830078125,"{""enabled"": true, ""applied"": true, ""status"": ""ok"", ""stage"": ""cfar_water_mask"", ""resampled_shape"": [773, 773], ""sample_shape"": [128, 128], ""sample_max_dim"": 128, ""available"": true, ""method"": ""natural_earth_land_point_mask"", ""bounds_lonlat"": {""west"": -41.425665971399404, ""south"": -22.252238100452818, ""east"": -41.190070988525086, ""north"": -22.029826578154342}, ""mask_path"": ""/content/sismom_colab_work_v2/sources/api/copernicus_meta_1-main/copernicus-platform/frontend/public/shapes/ne_10m_land/ne_10m_land.shp"", ""land_buffer_degrees"": 0.0, ""valid_geolocation_points"": 16384, ""land_points"": 9844, ""water_points"": 6540, ""land_fraction"": 0.600830078125, ""water_fraction"": 0.399169921875, ""valid_pixels_before_land_mask"": 597529, ""valid_pixels_after_land_mask"": 238031, ""pixels_masked_by_land"": 359498, ""valid_water_fraction"": 0.398358908103205, ""land_skip_threshold"": 0.99, ""min_water_fraction"": 0.01, ""skip_land_tiles"": true, ""skipped"": false, ""reason"": ""water_candidate"", ""message"": ""CFAR restrito aos pixels de água.""}",natural_earth_land_point_mask,-22.17761866998566,-41.366847250421216,-5.480000019073486,-6.570000171661377,-7.940000057220459,96,P097,patch_0097_VV,,,"{""row"": 1692, ""col"": 1650, ""row_resampled"": 564, ""col_resampled"": 550}",VV,"{""x0"": 9840, ""y0"": 13840, ""x1"": 12160, ""y1"": 16160}","{""west"": -41.44440399721015, ""south"": -22.269990682419127, ""east"": -41.17128115568011, ""north"": -22.012003040574474}",EPSG:4326,"[0.00010924210395578077, 0.0, -41.63602587126264, 0.0, -0.0001224201828423, -22.176952350824205, 0.0, 0.0, 1.0]",,cfar,,S1C_IW_GRDH_1SDV_20260810T081306_20260810T081331_008930_011B7A_86B1,-8.2,,1.0,0.398358908103205,0.399169921875,,,1.35,fallback
13,1.6,"{""row_min"": 1992, ""row_max"": 2013, ""col_min"": 183, ""col_max"": 195}","{""x0"": 12000, ""y0"": 14000, ""x1"": 14000, ""y1"": 16000}","{""west"": -41.61471839276924, ""south"": -22.20784723628019, ""east"": -41.3798070458214, ""north"": -21.984937808345382}",cfar,,,,,geolocation_grid,,"{""type"": ""Polygon"", ""coordinates"": [[[-41.424146378618396, -22.192452381748755], [-41.42528140880849, -22.19218485186667], [-41.42575756888398, -22.19405633932152], [-41.42462266640658, -22.19432383935747], [-41.424146378618396, -22.192452381748755]]]}",snap_geolocation_grid,patch_0098_VV_sigma0_preproc.tif,"{""row"": 15844, ""col"": 12029}",160,100,linear,0.96771240234375,"{""enabled"": true, ""applied"": true, ""status"": ""ok"", ""stage"": ""cfar_water_mask"", ""resampled_shape"": [773, 773], ""sample_shape"": [128, 128], ""sample_max_dim"": 128, ""available"": true, ""method"": ""natural_earth_land_point_mask"", ""bounds_lonlat"": {""west"": -41.61471839276924, ""south"": -22.20784723628019, ""east"": -41.3798070458214, ""north"": -21.984937808345382}, ""mask_path"": ""/content/sismom_colab_work_v2/sources/api/copernicus_meta_1-main/copernicus-platform/frontend/public/shapes/ne_10m_land/ne_10m_land.shp"", ""land_buffer_degrees"": 0.0, ""valid_geolocation_points"": 16384, ""land_points"": 15855, ""water_points"": 529, ""land_fraction"": 0.96771240234375, ""water_fraction"": 0.03228759765625, ""valid_pixels_before_land_mask"": 597529, ""valid_pixels_after_land_mask"": 18555, ""pixels_masked_by_land"": 578974, ""valid_water_fraction"": 0.031052886136070382, ""land_skip_threshold"": 0.99, ""min_water_fraction"": 0.01, ""skip_land_tiles"": true, ""skipped"": false, ""reason"": ""water_candidate"", ""message"": ""CFAR restrito aos pixels de água.""}",natural_earth_land_point_mask,-22.193388029683014,-41.42498602167205,-7.610000133514404,-8.6899995803833,-10.0,97,P098,patch_0098_VV,,,"{""row"": 2004, ""col"": 189, ""row_resampled"": 668, ""col_resampled"": 63}",VV,"{""x0"": 11840, ""y0"": 13840, ""x1"": 14160, ""y1"": 16160}","{""west"": -41.63371126026191, ""south"": -22.22566639353847, ""east"": -41.36088405200133, ""north"": -21.966967240925825}",EPSG:4326,"[0.00010924210395578077, 0.0, -41.417541663351074, 0.0, -0.0001224201828423, -22.176952350824205, 0.0, 0.0, 1.0]",,cfar,,S1C_IW_GRDH_1SDV_20260810T081306_20260810T081331_008930_011B7A_86B1,-10.05,,0.9,0.031052886136070382,0.03228759765625,,,1.35,fallback
9,1.0,"{""row_min"": 210, ""row_max"": 219, ""col_min"": 1944, ""col_max"": 1953}","{""x0"": 0, ""y0"": 16000, ""x1"": 2000, ""y1"": 16858}","{""west"": -40.50298616966881, ""south"": -22.546416462642267, ""east"": -40.29464617960719, ""north"": -22.42697393318488}",cfar,,,,,geolocation_grid,,"{""type"": ""Polygon"", ""coordinates"": [[[-40.47919537662387, -22.432614791294675], [-40.48004424126858, -22.43242033440695], [-40.48025169097698, -22.433221792253676], [-40.47940282204651, -22.433416250308166], [-40.47919537662387, -22.432614791294675]]]}",snap_geolocation_grid,patch_0105_VV_sigma0_preproc.tif,"{""row"": 16056, ""col"": 1950}",160,101,linear,0.0,"{""enabled"": true, ""applied"": true, ""status"": ""ok"", ""stage"": ""cfar_water_mask"", ""resampled_shape"": [339, 720], ""sample_shape"": [60, 128], ""sample_max_dim"": 128, ""available"": true, ""method"": ""natural_earth_land_point_mask"", ""bounds_lonlat"": {""west"": -40.50298616966881, ""south"": -22.546416462642267, ""east"": -40.29464617960719, ""north"": -22.42697393318488}, ""mask_path"": ""/content/sismom_colab_work_v2/sources/api/copernicus_meta_1-main/copernicus-platform/frontend/public/shapes/ne_10m_land/ne_10m_land.shp"", ""land_buffer_degrees"": 0.0, ""valid_geolocation_points"": 7680, ""land_points"": 0, ""water_points"": 7680, ""land_fraction"": 0.0, ""water_fraction"": 1.0, ""valid_pixels_before_land_mask"": 222723, ""valid_pixels_after_land_mask"": 222723, ""pixels_masked_by_land"": 0, ""valid_water_fraction"": 1.0, ""land_skip_threshold"": 0.99, ""min_water_fraction"": 0.01, ""skip_land_tiles"": true, ""skipped"": false, ""reason"": ""water_candidate"", ""message"": ""CFAR restrito aos pixels de água.""}",natural_earth_land_point_mask,-22.433019458859956,-40.479899585240226,11.850000381469727,2.0799999237060547,-3.6500000953674316,104,P105,patch_0105_VV,,,"{""row"": 216, ""col"": 1950, ""row_resampled"": 72, ""col_resampled"": 650}",VV,"{""x0"": 0, ""y0"": 15840, ""x1"": 2160, ""y1"": 16858}","{""west"": -40.518083927297425, ""south"": -22.546416462642267, ""east"": -40.29097552491892, ""north"": -22.40926937235862}",EPSG:4326,"[0.00010924210395578077, 0.0, -42.71096817418752, 0.0, -0.0001224201828423, -22.421792716508804, 0.0, 0.0, 1.0]",,cfar,,S1C_IW_GRDH_1SDV_20260810T081306_20260810T081331_008930_011B7A_86B1,-3.71,,1.0,1.0,1.0,,,1.35,fallback
7,1.3333,"{""row_min"": 234, ""row_max"": 240, ""col_min"": 1212, ""col_max"": 1221}","{""x0"": 0, ""y0"": 16000, ""x1"": 2000, ""y1"": 16858}","{""west"": -40.50298616966881, ""south"": -22.546416462642267, ""east"": -40.29464617960719, ""north"": -22.42697393318488}",cfar,,,,,geolocation_grid,,"{""type"": ""Polygon"", ""coordinates"": [[[-40.41070439459532, -22.45056389262997], [-40.411553585446335, -22.450370015221832], [-40.41169165161994, -22.450904383717564], [-40.410842457710956, -22.451098261903546], [-40.41070439459532, -22.45056389262997]]]}",snap_geolocation_grid,patch_0105_VV_sigma0_preproc.tif,"{""row"": 16077, ""col"": 1218}",160,102,linear,0.0,"{""enabled"": true, ""applied"": true, ""status"": ""ok"", ""stage"": ""cfar_water_mask"", ""resampled_shape"": [339, 720], ""sample_shape"": [60, 128], ""sample_max_dim"": 128, ""available"": true, ""method"": ""natural_earth_land_point_mask"", ""bounds_lonlat"": {""west"": -40.50298616966881, ""south"": -22.546416462642267, ""east"": -40.29464617960719, ""north"": -22.42697393318488}, ""mask_path"": ""/content/sismom_colab_work_v2/sources/api/copernicus_meta_1-main/copernicus-platform/frontend/public/shapes/ne_10m_land/ne_10m_land.shp"", ""land_buffer_degrees"": 0.0, ""valid_geolocation_points"": 7680, ""land_points"": 0, ""water_points"": 7680, ""land_fraction"": 0.0, ""water_fraction"": 1.0, ""valid_pixels_before_land_mask"": 222723, ""valid_pixels_after_land_mask"": 222723, ""pixels_masked_by_land"": 0, ""valid_water_fraction"": 1.0, ""land_skip_threshold"": 0.99, ""min_water_fraction"": 0.01, ""skip_land_tiles"": true, ""skipped"": false, ""reason"": ""water_candidate"", ""message"": ""CFAR restrito aos pixels de água.""}",natural_earth_land_point_mask,-22.450701835529383,-40.41133955991837,11.520000457763672,2.8499999046325684,-2.609999895095825,104,P105,patch_0105_VV,,,"{""row"": 237, ""col"": 1218, ""row_resampled"": 79, ""col_resampled"": 406}",VV,"{""x0"": 0, ""y0"": 15840, ""x1"": 2160, ""y1"": 16858}","{""west"": -40.518083927297425, ""south"": -22.546416462642267, ""east"": -40.29097552491892, ""north"": -22.40926937235862}",EPSG:4326,"[0.00010924210395578077, 0.0, -42.71096817418752, 0.0, -0.0001224201828423, -22.421792716508804, 0.0, 0.0, 1.0]",,cfar,,S1C_IW_GRDH_1SDV_20260810T081306_20260810T081331_008930_011B7A_86B1,-3.41,,1.0,1.0,1.0,,,1.35,fallback
15,1.2,"{""row_min"": 525, ""row_max"": 540, ""col_min"": 1740, ""col_max"": 1752}","{""x0"": 0, ""y0"": 16000, ""x1"": 2000, ""y1"": 16858}","{""west"": -40.50298616966881, ""south"": -22.546416462642267, ""east"": -40.29464617960719, ""north"": -22.42697393318488}",cfar,,,,,geolocation_grid,,"{""type"": ""Polygon"", ""coordinates"": [[[-40.46721163465332, -22.465074471855534], [-40.468343654120524, -22.464815141556205], [-40.468689244095806, -22.466150948063664], [-40.46755721510467, -22.46641028095581], [-40.46721163465332, -22.465074471855534]]]}",snap_geolocation_grid,patch_0105_VV_sigma0_preproc.tif,"{""row"": 16374, ""col"": 1746}",160,103,linear,0.0,"{""enabled"": true, ""applied"": true, ""status"": ""ok"", ""stage"": ""cfar_water_mask"", ""resampled_shape"": [339, 720], ""sample_shape"": [60, 128], ""sample_max_dim"": 128, ""available"": true, ""method"": ""natural_earth_land_point_mask"", ""bounds_lonlat"": {""west"": -40.50298616966881, ""south"": -22.546416462642267, ""east"": -40.29464617960719, ""north"": -22.42697393318488}, ""mask_path"": ""/content/sismom_colab_work_v2/sources/api/copernicus_meta_1-main/copernicus-platform/frontend/public/shapes/ne_10m_land/ne_10m_land.shp"", ""land_buffer_degrees"": 0.0, ""valid_geolocation_points"": 7680, ""land_points"": 0, ""water_points"": 7680, ""land_fraction"": 0.0, ""water_fraction"": 1.0, ""valid_pixels_before_land_mask"": 222723, ""valid_pixels_after_land_mask"": 222723, ""pixels_masked_by_land"": 0, ""valid_water_fraction"": 1.0, ""land_skip_threshold"": 0.99, ""min_water_fraction"": 0.01, ""skip_land_tiles"": true, ""skipped"": false, ""reason"": ""water_candidate"", ""message"": ""CFAR restrito aos pixels de água.""}",natural_earth_land_point_mask,-22.465746291388193,-40.46798499551491,7.380000114440918,-1.2799999713897705,-5.179999828338623,104,P105,patch_0105_VV,,,"{""row"": 534, ""col"": 1746, ""row_resampled"": 178, ""col_resampled"": 582}",VV,"{""x0"": 0, ""y0"": 15840, ""x1"": 2160, ""y1"": 16858}","{""west"": -40.518083927297425, ""south"": -22.546416462642267, ""east"": -40.29097552491892, ""north"": -22.40926937235862}",EPSG:4326,"[0.00010924210395578077, 0.0, -42.71096817418752, 0.0, -0.0001224201828423, -22.421792716508804, 0.0, 0.0, 1.0]",,cfar,,S1C_IW_GRDH_1SDV_20260810T081306_20260810T081331_008930_011B7A_86B1,-5.17,,1.0,1.0,1.0,,,1.35,fallback
