{
  "type": "FeatureCollection",
  "features": [
    {
      "type": "Feature",
      "geometry": {
        "type": "Polygon",
        "coordinates": [
          [
            [
              -42.90803806751645,
              -23.5889893130682
            ],
            [
              -42.909178617904416,
              -23.58872690015926
            ],
            [
              -42.90939032946659,
              -23.58952794148272
            ],
            [
              -42.90824977255186,
              -23.589790356033816
            ],
            [
              -42.90803806751645,
              -23.5889893130682
            ]
          ]
        ]
      },
      "properties": {
        "lat": -23.58939213471009,
        "lon": -42.90874948157601,
        "area_px": 9,
        "min_sigma0_dB": -0.5400000214576721,
        "mean_sigma0_dB": 3.0999999046325684,
        "max_sigma0_dB": 7.820000171661377,
        "threshold_cfar_dB": -4.82,
        "pixel_coords": {
          "row": 576,
          "col": 861,
          "row_resampled": 192,
          "col_resampled": 287
        },
        "bbox_pixel_coords": {
          "row_min": 570,
          "row_max": 579,
          "col_min": 855,
          "col_max": 867
        },
        "global_pixel_coords": {
          "row": 576,
          "col": 2701
        },
        "source_product": "S1C_IW_GRDH_1SDV_20260803T082202_20260803T082233_008828_01182E_7710",
        "source_arquivo_id": null,
        "patch_id": 1,
        "patch_name": "patch_0002_VV",
        "geotiff_name": "patch_0002_VV_sigma0_preproc.tif",
        "polarization": "VV",
        "input_scale": "linear",
        "georef_method": "snap_geolocation_grid",
        "geocoding_method": "geolocation_grid",
        "geolocation_grid_status": null,
        "snap_geolocation_grid_used": null,
        "raster_crs": "EPSG:4326",
        "raster_transform": [
          0.00011483276819298234,
          0.0,
          -45.37016881535025,
          0.0,
          -0.0001171554311711674,
          -23.02075170392449,
          0.0,
          0.0,
          1.0
        ],
        "core_bbox_pixels": {
          "x0": 2000,
          "y0": 0,
          "x1": 4000,
          "y1": 2000
        },
        "processing_bbox_pixels": {
          "x0": 1840,
          "y0": 0,
          "x1": 4160,
          "y1": 2160
        },
        "core_bounds_lonlat": {
          "west": -43.065706766920506,
          "south": -23.731348169225935,
          "east": -42.82857277815839,
          "north": -23.509740885406977
        },
        "processing_bounds_lonlat": {
          "west": -43.08470890357785,
          "south": -23.749080400179206,
          "east": -42.81336402390107,
          "north": -23.50623152588945
        },
        "halo_pixels": 160,
        "valid_bbox_fraction": 1.0,
        "artifact_aspect_ratio": 1.25,
        "land_mask_info": {
          "enabled": true,
          "applied": true,
          "status": "ok",
          "stage": "cfar_water_mask",
          "resampled_shape": [
            720,
            773
          ],
          "sample_shape": [
            119,
            128
          ],
          "sample_max_dim": 128,
          "available": true,
          "method": "natural_earth_land_point_mask",
          "bounds_lonlat": {
            "west": -43.065706766920506,
            "south": -23.731348169225935,
            "east": -42.82857277815839,
            "north": -23.509740885406977
          },
          "mask_path": "/content/sismom_colab_work_v2/sources/api/copernicus_meta_1-main/copernicus-platform/frontend/public/shapes/ne_10m_land/ne_10m_land.shp",
          "land_buffer_degrees": 0.0,
          "valid_geolocation_points": 15232,
          "land_points": 0,
          "water_points": 15232,
          "land_fraction": 0.0,
          "water_fraction": 1.0,
          "valid_pixels_before_land_mask": 556560,
          "valid_pixels_after_land_mask": 556560,
          "pixels_masked_by_land": 0,
          "valid_water_fraction": 1.0,
          "land_skip_threshold": 0.99,
          "min_water_fraction": 0.01,
          "skip_land_tiles": true,
          "skipped": false,
          "reason": "water_candidate",
          "message": "CFAR restrito aos pixels de água."
        },
        "land_fraction": 0.0,
        "water_fraction": 1.0,
        "valid_water_fraction": 1.0,
        "land_mask_method": "natural_earth_land_point_mask",
        "wave_age": null,
        "wave_age_class": null,
        "wave_age_factor": 1.35,
        "wave_age_status": "fallback",
        "era5_time": null,
        "era5_lon": null,
        "era5_lat": null,
        "u10": null,
        "peak_wave_period": null,
        "friction_velocity": null,
        "phase_speed": null,
        "patch_label": "P002",
        "id": 1,
        "source": "cfar",
        "detection_method": "cfar"
      }
    },
    {
      "type": "Feature",
      "geometry": {
        "type": "Polygon",
        "coordinates": [
          [
            [
              -42.966661835225814,
              -23.657360320132895
            ],
            [
              -42.967232425167325,
              -23.657229034581313
            ],
            [
              -42.96737370979372,
              -23.657763026002883
            ],
            [
              -42.96680311767656,
              -23.657894312101853
            ],
            [
              -42.966661835225814,
              -23.657360320132895
            ]
          ]
        ]
      },
      "properties": {
        "lat": -23.657561673204736,
        "lon": -42.96701777196586,
        "area_px": 9,
        "min_sigma0_dB": -7.010000228881836,
        "mean_sigma0_dB": -1.8700000047683716,
        "max_sigma0_dB": 7.960000038146973,
        "threshold_cfar_dB": -7.45,
        "pixel_coords": {
          "row": 1440,
          "col": 1260,
          "row_resampled": 480,
          "col_resampled": 420
        },
        "bbox_pixel_coords": {
          "row_min": 1437,
          "row_max": 1443,
          "col_min": 1257,
          "col_max": 1263
        },
        "global_pixel_coords": {
          "row": 1440,
          "col": 3100
        },
        "source_product": "S1C_IW_GRDH_1SDV_20260803T082202_20260803T082233_008828_01182E_7710",
        "source_arquivo_id": null,
        "patch_id": 1,
        "patch_name": "patch_0002_VV",
        "geotiff_name": "patch_0002_VV_sigma0_preproc.tif",
        "polarization": "VV",
        "input_scale": "linear",
        "georef_method": "snap_geolocation_grid",
        "geocoding_method": "geolocation_grid",
        "geolocation_grid_status": null,
        "snap_geolocation_grid_used": null,
        "raster_crs": "EPSG:4326",
        "raster_transform": [
          0.00011483276819298234,
          0.0,
          -45.37016881535025,
          0.0,
          -0.0001171554311711674,
          -23.02075170392449,
          0.0,
          0.0,
          1.0
        ],
        "core_bbox_pixels": {
          "x0": 2000,
          "y0": 0,
          "x1": 4000,
          "y1": 2000
        },
        "processing_bbox_pixels": {
          "x0": 1840,
          "y0": 0,
          "x1": 4160,
          "y1": 2160
        },
        "core_bounds_lonlat": {
          "west": -43.065706766920506,
          "south": -23.731348169225935,
          "east": -42.82857277815839,
          "north": -23.509740885406977
        },
        "processing_bounds_lonlat": {
          "west": -43.08470890357785,
          "south": -23.749080400179206,
          "east": -42.81336402390107,
          "north": -23.50623152588945
        },
        "halo_pixels": 160,
        "valid_bbox_fraction": 1.0,
        "artifact_aspect_ratio": 1.0,
        "land_mask_info": {
          "enabled": true,
          "applied": true,
          "status": "ok",
          "stage": "cfar_water_mask",
          "resampled_shape": [
            720,
            773
          ],
          "sample_shape": [
            119,
            128
          ],
          "sample_max_dim": 128,
          "available": true,
          "method": "natural_earth_land_point_mask",
          "bounds_lonlat": {
            "west": -43.065706766920506,
            "south": -23.731348169225935,
            "east": -42.82857277815839,
            "north": -23.509740885406977
          },
          "mask_path": "/content/sismom_colab_work_v2/sources/api/copernicus_meta_1-main/copernicus-platform/frontend/public/shapes/ne_10m_land/ne_10m_land.shp",
          "land_buffer_degrees": 0.0,
          "valid_geolocation_points": 15232,
          "land_points": 0,
          "water_points": 15232,
          "land_fraction": 0.0,
          "water_fraction": 1.0,
          "valid_pixels_before_land_mask": 556560,
          "valid_pixels_after_land_mask": 556560,
          "pixels_masked_by_land": 0,
          "valid_water_fraction": 1.0,
          "land_skip_threshold": 0.99,
          "min_water_fraction": 0.01,
          "skip_land_tiles": true,
          "skipped": false,
          "reason": "water_candidate",
          "message": "CFAR restrito aos pixels de água."
        },
        "land_fraction": 0.0,
        "water_fraction": 1.0,
        "valid_water_fraction": 1.0,
        "land_mask_method": "natural_earth_land_point_mask",
        "wave_age": null,
        "wave_age_class": null,
        "wave_age_factor": 1.35,
        "wave_age_status": "fallback",
        "era5_time": null,
        "era5_lon": null,
        "era5_lat": null,
        "u10": null,
        "peak_wave_period": null,
        "friction_velocity": null,
        "phase_speed": null,
        "patch_label": "P002",
        "id": 2,
        "source": "cfar",
        "detection_method": "cfar"
      }
    },
    {
      "type": "Feature",
      "geometry": {
        "type": "Polygon",
        "coordinates": [
          [
            [
              -43.536272525517816,
              -23.485203281894897
            ],
            [
              -43.53684175485279,
              -23.485069819347785
            ],
            [
              -43.53698521099279,
              -23.485603239522334
            ],
            [
              -43.53641597950451,
              -23.485736702674448
            ],
            [
              -43.536272525517816,
              -23.485203281894897
            ]
          ]
        ]
      },
      "properties": {
        "lat": -23.485403260859865,
        "lon": -43.53662886771698,
        "area_px": 6,
        "min_sigma0_dB": -8.829999923706055,
        "mean_sigma0_dB": -3.059999942779541,
        "max_sigma0_dB": 0.6499999761581421,
        "threshold_cfar_dB": -13.88,
        "pixel_coords": {
          "row": 1017,
          "col": 1362,
          "row_resampled": 339,
          "col_resampled": 454
        },
        "bbox_pixel_coords": {
          "row_min": 1014,
          "row_max": 1020,
          "col_min": 1359,
          "col_max": 1365
        },
        "global_pixel_coords": {
          "row": 1017,
          "col": 9202
        },
        "source_product": "S1C_IW_GRDH_1SDV_20260803T082202_20260803T082233_008828_01182E_7710",
        "source_arquivo_id": null,
        "patch_id": 4,
        "patch_name": "patch_0005_VV",
        "geotiff_name": "patch_0005_VV_sigma0_preproc.tif",
        "polarization": "VV",
        "input_scale": "linear",
        "georef_method": "snap_geolocation_grid",
        "geocoding_method": "geolocation_grid",
        "geolocation_grid_status": null,
        "snap_geolocation_grid_used": null,
        "raster_crs": "EPSG:4326",
        "raster_transform": [
          0.00011483276819298234,
          0.0,
          -44.68117220619236,
          0.0,
          -0.0001171554311711674,
          -23.02075170392449,
          0.0,
          0.0,
          1.0
        ],
        "core_bbox_pixels": {
          "x0": 8000,
          "y0": 0,
          "x1": 10000,
          "y1": 2000
        },
        "processing_bbox_pixels": {
          "x0": 7840,
          "y0": 0,
          "x1": 10160,
          "y1": 2160
        },
        "core_bounds_lonlat": {
          "west": -43.635776117386364,
          "south": -23.599389790261995,
          "east": -43.39831062440591,
          "north": -23.3772737966344
        },
        "processing_bounds_lonlat": {
          "west": -43.654809716238894,
          "south": -23.617166264271166,
          "east": -43.38313430386282,
          "north": -23.37371752193109
        },
        "halo_pixels": 160,
        "valid_bbox_fraction": 1.0,
        "artifact_aspect_ratio": 1.0,
        "land_mask_info": {
          "enabled": true,
          "applied": true,
          "status": "ok",
          "stage": "cfar_water_mask",
          "resampled_shape": [
            720,
            773
          ],
          "sample_shape": [
            119,
            128
          ],
          "sample_max_dim": 128,
          "available": true,
          "method": "natural_earth_land_point_mask",
          "bounds_lonlat": {
            "west": -43.635776117386364,
            "south": -23.599389790261995,
            "east": -43.39831062440591,
            "north": -23.3772737966344
          },
          "mask_path": "/content/sismom_colab_work_v2/sources/api/copernicus_meta_1-main/copernicus-platform/frontend/public/shapes/ne_10m_land/ne_10m_land.shp",
          "land_buffer_degrees": 0.0,
          "valid_geolocation_points": 15232,
          "land_points": 0,
          "water_points": 15232,
          "land_fraction": 0.0,
          "water_fraction": 1.0,
          "valid_pixels_before_land_mask": 556560,
          "valid_pixels_after_land_mask": 556560,
          "pixels_masked_by_land": 0,
          "valid_water_fraction": 1.0,
          "land_skip_threshold": 0.99,
          "min_water_fraction": 0.01,
          "skip_land_tiles": true,
          "skipped": false,
          "reason": "water_candidate",
          "message": "CFAR restrito aos pixels de água."
        },
        "land_fraction": 0.0,
        "water_fraction": 1.0,
        "valid_water_fraction": 1.0,
        "land_mask_method": "natural_earth_land_point_mask",
        "wave_age": null,
        "wave_age_class": null,
        "wave_age_factor": 1.35,
        "wave_age_status": "fallback",
        "era5_time": null,
        "era5_lon": null,
        "era5_lat": null,
        "u10": null,
        "peak_wave_period": null,
        "friction_velocity": null,
        "phase_speed": null,
        "patch_label": "P005",
        "id": 3,
        "source": "cfar",
        "detection_method": "cfar"
      }
    },
    {
      "type": "Feature",
      "geometry": {
        "type": "Polygon",
        "coordinates": [
          [
            [
              -43.53748271333441,
              -23.48520306658545
            ],
            [
              -43.53776732854023,
              -23.485136335160647
            ],
            [
              -43.5378390582252,
              -23.485403044794165
            ],
            [
              -43.53755444248107,
              -23.485469776370223
            ],
            [
              -43.53748271333441,
              -23.48520306658545
            ]
          ]
        ]
      },
      "properties": {
        "lat": -23.485403044794165,
        "lon": -43.5378390582252,
        "area_px": 4,
        "min_sigma0_dB": -9.390000343322754,
        "mean_sigma0_dB": -4.210000038146973,
        "max_sigma0_dB": 2.9000000953674316,
        "threshold_cfar_dB": -13.86,
        "pixel_coords": {
          "row": 1020,
          "col": 1374,
          "row_resampled": 340,
          "col_resampled": 458
        },
        "bbox_pixel_coords": {
          "row_min": 1017,
          "row_max": 1020,
          "col_min": 1371,
          "col_max": 1374
        },
        "global_pixel_coords": {
          "row": 1020,
          "col": 9214
        },
        "source_product": "S1C_IW_GRDH_1SDV_20260803T082202_20260803T082233_008828_01182E_7710",
        "source_arquivo_id": null,
        "patch_id": 4,
        "patch_name": "patch_0005_VV",
        "geotiff_name": "patch_0005_VV_sigma0_preproc.tif",
        "polarization": "VV",
        "input_scale": "linear",
        "georef_method": "snap_geolocation_grid",
        "geocoding_method": "geolocation_grid",
        "geolocation_grid_status": null,
        "snap_geolocation_grid_used": null,
        "raster_crs": "EPSG:4326",
        "raster_transform": [
          0.00011483276819298234,
          0.0,
          -44.68117220619236,
          0.0,
          -0.0001171554311711674,
          -23.02075170392449,
          0.0,
          0.0,
          1.0
        ],
        "core_bbox_pixels": {
          "x0": 8000,
          "y0": 0,
          "x1": 10000,
          "y1": 2000
        },
        "processing_bbox_pixels": {
          "x0": 7840,
          "y0": 0,
          "x1": 10160,
          "y1": 2160
        },
        "core_bounds_lonlat": {
          "west": -43.635776117386364,
          "south": -23.599389790261995,
          "east": -43.39831062440591,
          "north": -23.3772737966344
        },
        "processing_bounds_lonlat": {
          "west": -43.654809716238894,
          "south": -23.617166264271166,
          "east": -43.38313430386282,
          "north": -23.37371752193109
        },
        "halo_pixels": 160,
        "valid_bbox_fraction": 1.0,
        "artifact_aspect_ratio": 1.0,
        "land_mask_info": {
          "enabled": true,
          "applied": true,
          "status": "ok",
          "stage": "cfar_water_mask",
          "resampled_shape": [
            720,
            773
          ],
          "sample_shape": [
            119,
            128
          ],
          "sample_max_dim": 128,
          "available": true,
          "method": "natural_earth_land_point_mask",
          "bounds_lonlat": {
            "west": -43.635776117386364,
            "south": -23.599389790261995,
            "east": -43.39831062440591,
            "north": -23.3772737966344
          },
          "mask_path": "/content/sismom_colab_work_v2/sources/api/copernicus_meta_1-main/copernicus-platform/frontend/public/shapes/ne_10m_land/ne_10m_land.shp",
          "land_buffer_degrees": 0.0,
          "valid_geolocation_points": 15232,
          "land_points": 0,
          "water_points": 15232,
          "land_fraction": 0.0,
          "water_fraction": 1.0,
          "valid_pixels_before_land_mask": 556560,
          "valid_pixels_after_land_mask": 556560,
          "pixels_masked_by_land": 0,
          "valid_water_fraction": 1.0,
          "land_skip_threshold": 0.99,
          "min_water_fraction": 0.01,
          "skip_land_tiles": true,
          "skipped": false,
          "reason": "water_candidate",
          "message": "CFAR restrito aos pixels de água."
        },
        "land_fraction": 0.0,
        "water_fraction": 1.0,
        "valid_water_fraction": 1.0,
        "land_mask_method": "natural_earth_land_point_mask",
        "wave_age": null,
        "wave_age_class": null,
        "wave_age_factor": 1.35,
        "wave_age_status": "fallback",
        "era5_time": null,
        "era5_lon": null,
        "era5_lat": null,
        "u10": null,
        "peak_wave_period": null,
        "friction_velocity": null,
        "phase_speed": null,
        "patch_label": "P005",
        "id": 4,
        "source": "cfar",
        "detection_method": "cfar"
      }
    },
    {
      "type": "Feature",
      "geometry": {
        "type": "Polygon",
        "coordinates": [
          [
            [
              -44.539349967845524,
              -23.30232456254965
            ],
            [
              -44.54048486396859,
              -23.302050506883358
            ],
            [
              -44.54107328116158,
              -23.304179753651614
            ],
            [
              -44.53993836879086,
              -23.304453814849374
            ],
            [
              -44.539349967845524,
              -23.30232456254965
            ]
          ]
        ]
      },
      "properties": {
        "lat": -23.3032521594835,
        "lon": -44.54021162044164,
        "area_px": 18,
        "min_sigma0_dB": -7.289999961853027,
        "mean_sigma0_dB": -4.300000190734863,
        "max_sigma0_dB": -1.4199999570846558,
        "threshold_cfar_dB": -6.97,
        "pixel_coords": {
          "row": 1614,
          "col": 1803,
          "row_resampled": 538,
          "col_resampled": 601
        },
        "bbox_pixel_coords": {
          "row_min": 1602,
          "row_max": 1626,
          "col_min": 1797,
          "col_max": 1809
        },
        "global_pixel_coords": {
          "row": 1614,
          "col": 19643
        },
        "source_product": "S1C_IW_GRDH_1SDV_20260803T082202_20260803T082233_008828_01182E_7710",
        "source_arquivo_id": null,
        "patch_id": 9,
        "patch_name": "patch_0010_VV",
        "geotiff_name": "patch_0010_VV_sigma0_preproc.tif",
        "polarization": "VV",
        "input_scale": "linear",
        "georef_method": "snap_geolocation_grid",
        "geocoding_method": "geolocation_grid",
        "geolocation_grid_status": null,
        "snap_geolocation_grid_used": null,
        "raster_crs": "EPSG:4326",
        "raster_transform": [
          0.00011483276819298234,
          0.0,
          -43.53284452426253,
          0.0,
          -0.0001171554311711674,
          -23.02075170392449,
          0.0,
          0.0,
          1.0
        ],
        "core_bbox_pixels": {
          "x0": 18000,
          "y0": 0,
          "x1": 20000,
          "y1": 2000
        },
        "processing_bbox_pixels": {
          "x0": 17840,
          "y0": 0,
          "x1": 20160,
          "y1": 2160
        },
        "core_bounds_lonlat": {
          "west": -44.58333679958396,
          "south": -23.374853623197822,
          "east": -44.345373516801544,
          "north": -23.151940763913256
        },
        "processing_bounds_lonlat": {
          "west": -44.60241084690784,
          "south": -23.39268348069959,
          "east": -44.330569792255254,
          "north": -23.148291611369554
        },
        "halo_pixels": 160,
        "valid_bbox_fraction": 1.0,
        "artifact_aspect_ratio": 1.8,
        "land_mask_info": {
          "enabled": true,
          "applied": true,
          "status": "ok",
          "stage": "cfar_water_mask",
          "resampled_shape": [
            720,
            773
          ],
          "sample_shape": [
            119,
            128
          ],
          "sample_max_dim": 128,
          "available": true,
          "method": "natural_earth_land_point_mask",
          "bounds_lonlat": {
            "west": -44.58333679958396,
            "south": -23.374853623197822,
            "east": -44.345373516801544,
            "north": -23.151940763913256
          },
          "mask_path": "/content/sismom_colab_work_v2/sources/api/copernicus_meta_1-main/copernicus-platform/frontend/public/shapes/ne_10m_land/ne_10m_land.shp",
          "land_buffer_degrees": 0.0,
          "valid_geolocation_points": 15232,
          "land_points": 1665,
          "water_points": 13567,
          "land_fraction": 0.1093093487394958,
          "water_fraction": 0.8906906512605042,
          "valid_pixels_before_land_mask": 556560,
          "valid_pixels_after_land_mask": 496445,
          "pixels_masked_by_land": 60115,
          "valid_water_fraction": 0.8919882851803939,
          "land_skip_threshold": 0.99,
          "min_water_fraction": 0.01,
          "skip_land_tiles": true,
          "skipped": false,
          "reason": "water_candidate",
          "message": "CFAR restrito aos pixels de água."
        },
        "land_fraction": 0.1093093487394958,
        "water_fraction": 0.8906906512605042,
        "valid_water_fraction": 0.8919882851803939,
        "land_mask_method": "natural_earth_land_point_mask",
        "wave_age": null,
        "wave_age_class": null,
        "wave_age_factor": 1.35,
        "wave_age_status": "fallback",
        "era5_time": null,
        "era5_lon": null,
        "era5_lat": null,
        "u10": null,
        "peak_wave_period": null,
        "friction_velocity": null,
        "phase_speed": null,
        "patch_label": "P010",
        "id": 5,
        "source": "cfar",
        "detection_method": "cfar"
      }
    },
    {
      "type": "Feature",
      "geometry": {
        "type": "Polygon",
        "coordinates": [
          [
            [
              -44.68322775439088,
              -23.123828829657928
            ],
            [
              -44.68382939500784,
              -23.12368295606975
            ],
            [
              -44.68390327864266,
              -23.123949000540723
            ],
            [
              -44.6833016368994,
              -23.124094874503424
            ],
            [
              -44.68322775439088,
              -23.123828829657928
            ]
          ]
        ]
      },
      "properties": {
        "lat": -23.12375589286384,
        "lon": -44.68352857469936,
        "area_px": 4,
        "min_sigma0_dB": -8.430000305175781,
        "mean_sigma0_dB": -5.829999923706055,
        "max_sigma0_dB": -3.9600000381469727,
        "threshold_cfar_dB": -9.0,
        "pixel_coords": {
          "row": 84,
          "col": 1656,
          "row_resampled": 28,
          "col_resampled": 552
        },
        "bbox_pixel_coords": {
          "row_min": 84,
          "row_max": 87,
          "col_min": 1653,
          "col_max": 1659
        },
        "global_pixel_coords": {
          "row": 84,
          "col": 21496
        },
        "source_product": "S1C_IW_GRDH_1SDV_20260803T082202_20260803T082233_008828_01182E_7710",
        "source_arquivo_id": null,
        "patch_id": 10,
        "patch_name": "patch_0011_VV",
        "geotiff_name": "patch_0011_VV_sigma0_preproc.tif",
        "polarization": "VV",
        "input_scale": "linear",
        "georef_method": "snap_geolocation_grid",
        "geocoding_method": "geolocation_grid",
        "geolocation_grid_status": null,
        "snap_geolocation_grid_used": null,
        "raster_crs": "EPSG:4326",
        "raster_transform": [
          0.00011483276819298234,
          0.0,
          -43.30317898787657,
          0.0,
          -0.0001171554311711674,
          -23.02075170392449,
          0.0,
          0.0,
          1.0
        ],
        "core_bbox_pixels": {
          "x0": 20000,
          "y0": 0,
          "x1": 22000,
          "y1": 2000
        },
        "processing_bbox_pixels": {
          "x0": 19840,
          "y0": 0,
          "x1": 22160,
          "y1": 2160
        },
        "core_bounds_lonlat": {
          "west": -44.779689674044185,
          "south": -23.329251571310955,
          "east": -44.5343720064186,
          "north": -23.104278336491742
        },
        "processing_bounds_lonlat": {
          "west": -44.798362658987884,
          "south": -23.347099617552082,
          "east": -44.51925451705222,
          "north": -23.100538204639818
        },
        "halo_pixels": 160,
        "valid_bbox_fraction": 1.0,
        "artifact_aspect_ratio": 1.5,
        "land_mask_info": {
          "enabled": true,
          "applied": true,
          "status": "ok",
          "stage": "cfar_water_mask",
          "resampled_shape": [
            720,
            773
          ],
          "sample_shape": [
            119,
            128
          ],
          "sample_max_dim": 128,
          "available": true,
          "method": "natural_earth_land_point_mask",
          "bounds_lonlat": {
            "west": -44.779689674044185,
            "south": -23.329251571310955,
            "east": -44.5343720064186,
            "north": -23.104278336491742
          },
          "mask_path": "/content/sismom_colab_work_v2/sources/api/copernicus_meta_1-main/copernicus-platform/frontend/public/shapes/ne_10m_land/ne_10m_land.shp",
          "land_buffer_degrees": 0.0,
          "valid_geolocation_points": 15232,
          "land_points": 9509,
          "water_points": 5723,
          "land_fraction": 0.6242778361344538,
          "water_fraction": 0.37572216386554624,
          "valid_pixels_before_land_mask": 556560,
          "valid_pixels_after_land_mask": 209290,
          "pixels_masked_by_land": 347270,
          "valid_water_fraction": 0.376042115854535,
          "land_skip_threshold": 0.99,
          "min_water_fraction": 0.01,
          "skip_land_tiles": true,
          "skipped": false,
          "reason": "water_candidate",
          "message": "CFAR restrito aos pixels de água."
        },
        "land_fraction": 0.6242778361344538,
        "water_fraction": 0.37572216386554624,
        "valid_water_fraction": 0.376042115854535,
        "land_mask_method": "natural_earth_land_point_mask",
        "wave_age": null,
        "wave_age_class": null,
        "wave_age_factor": 1.35,
        "wave_age_status": "fallback",
        "era5_time": null,
        "era5_lon": null,
        "era5_lat": null,
        "u10": null,
        "peak_wave_period": null,
        "friction_velocity": null,
        "phase_speed": null,
        "patch_label": "P011",
        "id": 6,
        "source": "cfar",
        "detection_method": "cfar"
      }
    },
    {
      "type": "Feature",
      "geometry": {
        "type": "Polygon",
        "coordinates": [
          [
            [
              -44.68375022391437,
              -23.124554026838545
            ],
            [
              -44.68435186791022,
              -23.124408152126797
            ],
            [
              -44.68457352050413,
              -23.125206284977924
            ],
            [
              -44.683971873129394,
              -23.125352160813257
            ],
            [
              -44.68375022391437,
              -23.124554026838545
            ]
          ]
        ]
      },
      "properties": {
        "lat": -23.124747133953647,
        "lon": -44.684124929547124,
        "area_px": 7,
        "min_sigma0_dB": -9.40999984741211,
        "mean_sigma0_dB": -6.460000038146973,
        "max_sigma0_dB": -0.20999999344348907,
        "threshold_cfar_dB": -9.37,
        "pixel_coords": {
          "row": 96,
          "col": 1659,
          "row_resampled": 32,
          "col_resampled": 553
        },
        "bbox_pixel_coords": {
          "row_min": 93,
          "row_max": 102,
          "col_min": 1656,
          "col_max": 1662
        },
        "global_pixel_coords": {
          "row": 96,
          "col": 21499
        },
        "source_product": "S1C_IW_GRDH_1SDV_20260803T082202_20260803T082233_008828_01182E_7710",
        "source_arquivo_id": null,
        "patch_id": 10,
        "patch_name": "patch_0011_VV",
        "geotiff_name": "patch_0011_VV_sigma0_preproc.tif",
        "polarization": "VV",
        "input_scale": "linear",
        "georef_method": "snap_geolocation_grid",
        "geocoding_method": "geolocation_grid",
        "geolocation_grid_status": null,
        "snap_geolocation_grid_used": null,
        "raster_crs": "EPSG:4326",
        "raster_transform": [
          0.00011483276819298234,
          0.0,
          -43.30317898787657,
          0.0,
          -0.0001171554311711674,
          -23.02075170392449,
          0.0,
          0.0,
          1.0
        ],
        "core_bbox_pixels": {
          "x0": 20000,
          "y0": 0,
          "x1": 22000,
          "y1": 2000
        },
        "processing_bbox_pixels": {
          "x0": 19840,
          "y0": 0,
          "x1": 22160,
          "y1": 2160
        },
        "core_bounds_lonlat": {
          "west": -44.779689674044185,
          "south": -23.329251571310955,
          "east": -44.5343720064186,
          "north": -23.104278336491742
        },
        "processing_bounds_lonlat": {
          "west": -44.798362658987884,
          "south": -23.347099617552082,
          "east": -44.51925451705222,
          "north": -23.100538204639818
        },
        "halo_pixels": 160,
        "valid_bbox_fraction": 1.0,
        "artifact_aspect_ratio": 1.3333,
        "land_mask_info": {
          "enabled": true,
          "applied": true,
          "status": "ok",
          "stage": "cfar_water_mask",
          "resampled_shape": [
            720,
            773
          ],
          "sample_shape": [
            119,
            128
          ],
          "sample_max_dim": 128,
          "available": true,
          "method": "natural_earth_land_point_mask",
          "bounds_lonlat": {
            "west": -44.779689674044185,
            "south": -23.329251571310955,
            "east": -44.5343720064186,
            "north": -23.104278336491742
          },
          "mask_path": "/content/sismom_colab_work_v2/sources/api/copernicus_meta_1-main/copernicus-platform/frontend/public/shapes/ne_10m_land/ne_10m_land.shp",
          "land_buffer_degrees": 0.0,
          "valid_geolocation_points": 15232,
          "land_points": 9509,
          "water_points": 5723,
          "land_fraction": 0.6242778361344538,
          "water_fraction": 0.37572216386554624,
          "valid_pixels_before_land_mask": 556560,
          "valid_pixels_after_land_mask": 209290,
          "pixels_masked_by_land": 347270,
          "valid_water_fraction": 0.376042115854535,
          "land_skip_threshold": 0.99,
          "min_water_fraction": 0.01,
          "skip_land_tiles": true,
          "skipped": false,
          "reason": "water_candidate",
          "message": "CFAR restrito aos pixels de água."
        },
        "land_fraction": 0.6242778361344538,
        "water_fraction": 0.37572216386554624,
        "valid_water_fraction": 0.376042115854535,
        "land_mask_method": "natural_earth_land_point_mask",
        "wave_age": null,
        "wave_age_class": null,
        "wave_age_factor": 1.35,
        "wave_age_status": "fallback",
        "era5_time": null,
        "era5_lon": null,
        "era5_lat": null,
        "u10": null,
        "peak_wave_period": null,
        "friction_velocity": null,
        "phase_speed": null,
        "patch_label": "P011",
        "id": 7,
        "source": "cfar",
        "detection_method": "cfar"
      }
    },
    {
      "type": "Feature",
      "geometry": {
        "type": "Polygon",
        "coordinates": [
          [
            [
              -44.69034731055734,
              -23.12749781503274
            ],
            [
              -44.69124980345319,
              -23.127278993976475
            ],
            [
              -44.691693172848716,
              -23.128875238330725
            ],
            [
              -44.69079066981621,
              -23.12909406275773
            ],
            [
              -44.69034731055734,
              -23.12749781503274
            ]
          ]
        ]
      },
      "properties": {
        "lat": -23.12815005706748,
        "lon": -44.69117065549622,
        "area_px": 16,
        "min_sigma0_dB": -8.460000038146973,
        "mean_sigma0_dB": -6.230000019073486,
        "max_sigma0_dB": -1.6200000047683716,
        "threshold_cfar_dB": -8.85,
        "pixel_coords": {
          "row": 150,
          "col": 1716,
          "row_resampled": 50,
          "col_resampled": 572
        },
        "bbox_pixel_coords": {
          "row_min": 141,
          "row_max": 159,
          "col_min": 1710,
          "col_max": 1719
        },
        "global_pixel_coords": {
          "row": 150,
          "col": 21556
        },
        "source_product": "S1C_IW_GRDH_1SDV_20260803T082202_20260803T082233_008828_01182E_7710",
        "source_arquivo_id": null,
        "patch_id": 10,
        "patch_name": "patch_0011_VV",
        "geotiff_name": "patch_0011_VV_sigma0_preproc.tif",
        "polarization": "VV",
        "input_scale": "linear",
        "georef_method": "snap_geolocation_grid",
        "geocoding_method": "geolocation_grid",
        "geolocation_grid_status": null,
        "snap_geolocation_grid_used": null,
        "raster_crs": "EPSG:4326",
        "raster_transform": [
          0.00011483276819298234,
          0.0,
          -43.30317898787657,
          0.0,
          -0.0001171554311711674,
          -23.02075170392449,
          0.0,
          0.0,
          1.0
        ],
        "core_bbox_pixels": {
          "x0": 20000,
          "y0": 0,
          "x1": 22000,
          "y1": 2000
        },
        "processing_bbox_pixels": {
          "x0": 19840,
          "y0": 0,
          "x1": 22160,
          "y1": 2160
        },
        "core_bounds_lonlat": {
          "west": -44.779689674044185,
          "south": -23.329251571310955,
          "east": -44.5343720064186,
          "north": -23.104278336491742
        },
        "processing_bounds_lonlat": {
          "west": -44.798362658987884,
          "south": -23.347099617552082,
          "east": -44.51925451705222,
          "north": -23.100538204639818
        },
        "halo_pixels": 160,
        "valid_bbox_fraction": 1.0,
        "artifact_aspect_ratio": 1.75,
        "land_mask_info": {
          "enabled": true,
          "applied": true,
          "status": "ok",
          "stage": "cfar_water_mask",
          "resampled_shape": [
            720,
            773
          ],
          "sample_shape": [
            119,
            128
          ],
          "sample_max_dim": 128,
          "available": true,
          "method": "natural_earth_land_point_mask",
          "bounds_lonlat": {
            "west": -44.779689674044185,
            "south": -23.329251571310955,
            "east": -44.5343720064186,
            "north": -23.104278336491742
          },
          "mask_path": "/content/sismom_colab_work_v2/sources/api/copernicus_meta_1-main/copernicus-platform/frontend/public/shapes/ne_10m_land/ne_10m_land.shp",
          "land_buffer_degrees": 0.0,
          "valid_geolocation_points": 15232,
          "land_points": 9509,
          "water_points": 5723,
          "land_fraction": 0.6242778361344538,
          "water_fraction": 0.37572216386554624,
          "valid_pixels_before_land_mask": 556560,
          "valid_pixels_after_land_mask": 209290,
          "pixels_masked_by_land": 347270,
          "valid_water_fraction": 0.376042115854535,
          "land_skip_threshold": 0.99,
          "min_water_fraction": 0.01,
          "skip_land_tiles": true,
          "skipped": false,
          "reason": "water_candidate",
          "message": "CFAR restrito aos pixels de água."
        },
        "land_fraction": 0.6242778361344538,
        "water_fraction": 0.37572216386554624,
        "valid_water_fraction": 0.376042115854535,
        "land_mask_method": "natural_earth_land_point_mask",
        "wave_age": null,
        "wave_age_class": null,
        "wave_age_factor": 1.35,
        "wave_age_status": "fallback",
        "era5_time": null,
        "era5_lon": null,
        "era5_lat": null,
        "u10": null,
        "peak_wave_period": null,
        "friction_velocity": null,
        "phase_speed": null,
        "patch_label": "P011",
        "id": 8,
        "source": "cfar",
        "detection_method": "cfar"
      }
    },
    {
      "type": "Feature",
      "geometry": {
        "type": "Polygon",
        "coordinates": [
          [
            [
              -44.680113719925195,
              -23.13111491872268
            ],
            [
              -44.681016219707836,
              -23.130896095419256
            ],
            [
              -44.681237845275106,
              -23.131694237259023
            ],
            [
              -44.68033534042412,
              -23.13191306224782
            ],
            [
              -44.680113719925195,
              -23.13111491872268
            ]
          ]
        ]
      },
      "properties": {
        "lat": -23.131308025275988,
        "lon": -44.68048842724886,
        "area_px": 7,
        "min_sigma0_dB": -9.319999694824219,
        "mean_sigma0_dB": -7.900000095367432,
        "max_sigma0_dB": -6.070000171661377,
        "threshold_cfar_dB": -12.28,
        "pixel_coords": {
          "row": 156,
          "col": 1608,
          "row_resampled": 52,
          "col_resampled": 536
        },
        "bbox_pixel_coords": {
          "row_min": 153,
          "row_max": 162,
          "col_min": 1605,
          "col_max": 1614
        },
        "global_pixel_coords": {
          "row": 156,
          "col": 21448
        },
        "source_product": "S1C_IW_GRDH_1SDV_20260803T082202_20260803T082233_008828_01182E_7710",
        "source_arquivo_id": null,
        "patch_id": 10,
        "patch_name": "patch_0011_VV",
        "geotiff_name": "patch_0011_VV_sigma0_preproc.tif",
        "polarization": "VV",
        "input_scale": "linear",
        "georef_method": "snap_geolocation_grid",
        "geocoding_method": "geolocation_grid",
        "geolocation_grid_status": null,
        "snap_geolocation_grid_used": null,
        "raster_crs": "EPSG:4326",
        "raster_transform": [
          0.00011483276819298234,
          0.0,
          -43.30317898787657,
          0.0,
          -0.0001171554311711674,
          -23.02075170392449,
          0.0,
          0.0,
          1.0
        ],
        "core_bbox_pixels": {
          "x0": 20000,
          "y0": 0,
          "x1": 22000,
          "y1": 2000
        },
        "processing_bbox_pixels": {
          "x0": 19840,
          "y0": 0,
          "x1": 22160,
          "y1": 2160
        },
        "core_bounds_lonlat": {
          "west": -44.779689674044185,
          "south": -23.329251571310955,
          "east": -44.5343720064186,
          "north": -23.104278336491742
        },
        "processing_bounds_lonlat": {
          "west": -44.798362658987884,
          "south": -23.347099617552082,
          "east": -44.51925451705222,
          "north": -23.100538204639818
        },
        "halo_pixels": 160,
        "valid_bbox_fraction": 1.0,
        "artifact_aspect_ratio": 1.0,
        "land_mask_info": {
          "enabled": true,
          "applied": true,
          "status": "ok",
          "stage": "cfar_water_mask",
          "resampled_shape": [
            720,
            773
          ],
          "sample_shape": [
            119,
            128
          ],
          "sample_max_dim": 128,
          "available": true,
          "method": "natural_earth_land_point_mask",
          "bounds_lonlat": {
            "west": -44.779689674044185,
            "south": -23.329251571310955,
            "east": -44.5343720064186,
            "north": -23.104278336491742
          },
          "mask_path": "/content/sismom_colab_work_v2/sources/api/copernicus_meta_1-main/copernicus-platform/frontend/public/shapes/ne_10m_land/ne_10m_land.shp",
          "land_buffer_degrees": 0.0,
          "valid_geolocation_points": 15232,
          "land_points": 9509,
          "water_points": 5723,
          "land_fraction": 0.6242778361344538,
          "water_fraction": 0.37572216386554624,
          "valid_pixels_before_land_mask": 556560,
          "valid_pixels_after_land_mask": 209290,
          "pixels_masked_by_land": 347270,
          "valid_water_fraction": 0.376042115854535,
          "land_skip_threshold": 0.99,
          "min_water_fraction": 0.01,
          "skip_land_tiles": true,
          "skipped": false,
          "reason": "water_candidate",
          "message": "CFAR restrito aos pixels de água."
        },
        "land_fraction": 0.6242778361344538,
        "water_fraction": 0.37572216386554624,
        "valid_water_fraction": 0.376042115854535,
        "land_mask_method": "natural_earth_land_point_mask",
        "wave_age": null,
        "wave_age_class": null,
        "wave_age_factor": 1.35,
        "wave_age_status": "fallback",
        "era5_time": null,
        "era5_lon": null,
        "era5_lat": null,
        "u10": null,
        "peak_wave_period": null,
        "friction_velocity": null,
        "phase_speed": null,
        "patch_label": "P011",
        "id": 9,
        "source": "cfar",
        "detection_method": "cfar"
      }
    },
    {
      "type": "Feature",
      "geometry": {
        "type": "Polygon",
        "coordinates": [
          [
            [
              -44.69199400719288,
              -23.128802296855056
            ],
            [
              -44.69289651017482,
              -23.128583472428055
            ],
            [
              -44.693044304478505,
              -23.129115552381364
            ],
            [
              -44.69214179811769,
              -23.129334377931947
            ],
            [
              -44.69199400719288,
              -23.128802296855056
            ]
          ]
        ]
      },
      "properties": {
        "lat": -23.12892245406764,
        "lon": -44.69266957246991,
        "area_px": 6,
        "min_sigma0_dB": -8.420000076293945,
        "mean_sigma0_dB": -7.769999980926514,
        "max_sigma0_dB": -6.460000038146973,
        "threshold_cfar_dB": -8.34,
        "pixel_coords": {
          "row": 162,
          "col": 1728,
          "row_resampled": 54,
          "col_resampled": 576
        },
        "bbox_pixel_coords": {
          "row_min": 159,
          "row_max": 165,
          "col_min": 1722,
          "col_max": 1731
        },
        "global_pixel_coords": {
          "row": 162,
          "col": 21568
        },
        "source_product": "S1C_IW_GRDH_1SDV_20260803T082202_20260803T082233_008828_01182E_7710",
        "source_arquivo_id": null,
        "patch_id": 10,
        "patch_name": "patch_0011_VV",
        "geotiff_name": "patch_0011_VV_sigma0_preproc.tif",
        "polarization": "VV",
        "input_scale": "linear",
        "georef_method": "snap_geolocation_grid",
        "geocoding_method": "geolocation_grid",
        "geolocation_grid_status": null,
        "snap_geolocation_grid_used": null,
        "raster_crs": "EPSG:4326",
        "raster_transform": [
          0.00011483276819298234,
          0.0,
          -43.30317898787657,
          0.0,
          -0.0001171554311711674,
          -23.02075170392449,
          0.0,
          0.0,
          1.0
        ],
        "core_bbox_pixels": {
          "x0": 20000,
          "y0": 0,
          "x1": 22000,
          "y1": 2000
        },
        "processing_bbox_pixels": {
          "x0": 19840,
          "y0": 0,
          "x1": 22160,
          "y1": 2160
        },
        "core_bounds_lonlat": {
          "west": -44.779689674044185,
          "south": -23.329251571310955,
          "east": -44.5343720064186,
          "north": -23.104278336491742
        },
        "processing_bounds_lonlat": {
          "west": -44.798362658987884,
          "south": -23.347099617552082,
          "east": -44.51925451705222,
          "north": -23.100538204639818
        },
        "halo_pixels": 160,
        "valid_bbox_fraction": 1.0,
        "artifact_aspect_ratio": 1.3333,
        "land_mask_info": {
          "enabled": true,
          "applied": true,
          "status": "ok",
          "stage": "cfar_water_mask",
          "resampled_shape": [
            720,
            773
          ],
          "sample_shape": [
            119,
            128
          ],
          "sample_max_dim": 128,
          "available": true,
          "method": "natural_earth_land_point_mask",
          "bounds_lonlat": {
            "west": -44.779689674044185,
            "south": -23.329251571310955,
            "east": -44.5343720064186,
            "north": -23.104278336491742
          },
          "mask_path": "/content/sismom_colab_work_v2/sources/api/copernicus_meta_1-main/copernicus-platform/frontend/public/shapes/ne_10m_land/ne_10m_land.shp",
          "land_buffer_degrees": 0.0,
          "valid_geolocation_points": 15232,
          "land_points": 9509,
          "water_points": 5723,
          "land_fraction": 0.6242778361344538,
          "water_fraction": 0.37572216386554624,
          "valid_pixels_before_land_mask": 556560,
          "valid_pixels_after_land_mask": 209290,
          "pixels_masked_by_land": 347270,
          "valid_water_fraction": 0.376042115854535,
          "land_skip_threshold": 0.99,
          "min_water_fraction": 0.01,
          "skip_land_tiles": true,
          "skipped": false,
          "reason": "water_candidate",
          "message": "CFAR restrito aos pixels de água."
        },
        "land_fraction": 0.6242778361344538,
        "water_fraction": 0.37572216386554624,
        "valid_water_fraction": 0.376042115854535,
        "land_mask_method": "natural_earth_land_point_mask",
        "wave_age": null,
        "wave_age_class": null,
        "wave_age_factor": 1.35,
        "wave_age_status": "fallback",
        "era5_time": null,
        "era5_lon": null,
        "era5_lat": null,
        "u10": null,
        "peak_wave_period": null,
        "friction_velocity": null,
        "phase_speed": null,
        "patch_label": "P011",
        "id": 10,
        "source": "cfar",
        "detection_method": "cfar"
      }
    },
    {
      "type": "Feature",
      "geometry": {
        "type": "Polygon",
        "coordinates": [
          [
            [
              -44.66585921153076,
              -23.158424001951754
            ],
            [
              -44.66826625675381,
              -23.15784034730172
            ],
            [
              -44.669300012771885,
              -23.161565174386812
            ],
            [
              -44.66689290447615,
              -23.162148850010333
            ],
            [
              -44.66585921153076,
              -23.158424001951754
            ]
          ]
        ]
      },
      "properties": {
        "lat": -23.159994593412655,
        "lon": -44.667579596398134,
        "area_px": 48,
        "min_sigma0_dB": -9.960000038146973,
        "mean_sigma0_dB": -6.889999866485596,
        "max_sigma0_dB": -0.9100000262260437,
        "threshold_cfar_dB": -11.45,
        "pixel_coords": {
          "row": 426,
          "col": 1413,
          "row_resampled": 142,
          "col_resampled": 471
        },
        "bbox_pixel_coords": {
          "row_min": 405,
          "row_max": 447,
          "col_min": 1401,
          "col_max": 1425
        },
        "global_pixel_coords": {
          "row": 426,
          "col": 21253
        },
        "source_product": "S1C_IW_GRDH_1SDV_20260803T082202_20260803T082233_008828_01182E_7710",
        "source_arquivo_id": null,
        "patch_id": 10,
        "patch_name": "patch_0011_VV",
        "geotiff_name": "patch_0011_VV_sigma0_preproc.tif",
        "polarization": "VV",
        "input_scale": "linear",
        "georef_method": "snap_geolocation_grid",
        "geocoding_method": "geolocation_grid",
        "geolocation_grid_status": null,
        "snap_geolocation_grid_used": null,
        "raster_crs": "EPSG:4326",
        "raster_transform": [
          0.00011483276819298234,
          0.0,
          -43.30317898787657,
          0.0,
          -0.0001171554311711674,
          -23.02075170392449,
          0.0,
          0.0,
          1.0
        ],
        "core_bbox_pixels": {
          "x0": 20000,
          "y0": 0,
          "x1": 22000,
          "y1": 2000
        },
        "processing_bbox_pixels": {
          "x0": 19840,
          "y0": 0,
          "x1": 22160,
          "y1": 2160
        },
        "core_bounds_lonlat": {
          "west": -44.779689674044185,
          "south": -23.329251571310955,
          "east": -44.5343720064186,
          "north": -23.104278336491742
        },
        "processing_bounds_lonlat": {
          "west": -44.798362658987884,
          "south": -23.347099617552082,
          "east": -44.51925451705222,
          "north": -23.100538204639818
        },
        "halo_pixels": 160,
        "valid_bbox_fraction": 1.0,
        "artifact_aspect_ratio": 1.6667,
        "land_mask_info": {
          "enabled": true,
          "applied": true,
          "status": "ok",
          "stage": "cfar_water_mask",
          "resampled_shape": [
            720,
            773
          ],
          "sample_shape": [
            119,
            128
          ],
          "sample_max_dim": 128,
          "available": true,
          "method": "natural_earth_land_point_mask",
          "bounds_lonlat": {
            "west": -44.779689674044185,
            "south": -23.329251571310955,
            "east": -44.5343720064186,
            "north": -23.104278336491742
          },
          "mask_path": "/content/sismom_colab_work_v2/sources/api/copernicus_meta_1-main/copernicus-platform/frontend/public/shapes/ne_10m_land/ne_10m_land.shp",
          "land_buffer_degrees": 0.0,
          "valid_geolocation_points": 15232,
          "land_points": 9509,
          "water_points": 5723,
          "land_fraction": 0.6242778361344538,
          "water_fraction": 0.37572216386554624,
          "valid_pixels_before_land_mask": 556560,
          "valid_pixels_after_land_mask": 209290,
          "pixels_masked_by_land": 347270,
          "valid_water_fraction": 0.376042115854535,
          "land_skip_threshold": 0.99,
          "min_water_fraction": 0.01,
          "skip_land_tiles": true,
          "skipped": false,
          "reason": "water_candidate",
          "message": "CFAR restrito aos pixels de água."
        },
        "land_fraction": 0.6242778361344538,
        "water_fraction": 0.37572216386554624,
        "valid_water_fraction": 0.376042115854535,
        "land_mask_method": "natural_earth_land_point_mask",
        "wave_age": null,
        "wave_age_class": null,
        "wave_age_factor": 1.35,
        "wave_age_status": "fallback",
        "era5_time": null,
        "era5_lon": null,
        "era5_lat": null,
        "u10": null,
        "peak_wave_period": null,
        "friction_velocity": null,
        "phase_speed": null,
        "patch_label": "P011",
        "id": 11,
        "source": "cfar",
        "detection_method": "cfar"
      }
    },
    {
      "type": "Feature",
      "geometry": {
        "type": "Polygon",
        "coordinates": [
          [
            [
              -44.6673636148064,
              -23.158059217795483
            ],
            [
              -44.66766449545554,
              -23.15798626096423
            ],
            [
              -44.66788601122337,
              -23.158784439320325
            ],
            [
              -44.667585128884795,
              -23.158857396713373
            ],
            [
              -44.6673636148064,
              -23.158059217795483
            ]
          ]
        ]
      },
      "properties": {
        "lat": -23.15832527743478,
        "lon": -44.66743745283254,
        "area_px": 5,
        "min_sigma0_dB": -9.710000038146973,
        "mean_sigma0_dB": -8.720000267028809,
        "max_sigma0_dB": -7.699999809265137,
        "threshold_cfar_dB": -11.83,
        "pixel_coords": {
          "row": 408,
          "col": 1416,
          "row_resampled": 136,
          "col_resampled": 472
        },
        "bbox_pixel_coords": {
          "row_min": 405,
          "row_max": 414,
          "col_min": 1416,
          "col_max": 1419
        },
        "global_pixel_coords": {
          "row": 408,
          "col": 21256
        },
        "source_product": "S1C_IW_GRDH_1SDV_20260803T082202_20260803T082233_008828_01182E_7710",
        "source_arquivo_id": null,
        "patch_id": 10,
        "patch_name": "patch_0011_VV",
        "geotiff_name": "patch_0011_VV_sigma0_preproc.tif",
        "polarization": "VV",
        "input_scale": "linear",
        "georef_method": "snap_geolocation_grid",
        "geocoding_method": "geolocation_grid",
        "geolocation_grid_status": null,
        "snap_geolocation_grid_used": null,
        "raster_crs": "EPSG:4326",
        "raster_transform": [
          0.00011483276819298234,
          0.0,
          -43.30317898787657,
          0.0,
          -0.0001171554311711674,
          -23.02075170392449,
          0.0,
          0.0,
          1.0
        ],
        "core_bbox_pixels": {
          "x0": 20000,
          "y0": 0,
          "x1": 22000,
          "y1": 2000
        },
        "processing_bbox_pixels": {
          "x0": 19840,
          "y0": 0,
          "x1": 22160,
          "y1": 2160
        },
        "core_bounds_lonlat": {
          "west": -44.779689674044185,
          "south": -23.329251571310955,
          "east": -44.5343720064186,
          "north": -23.104278336491742
        },
        "processing_bounds_lonlat": {
          "west": -44.798362658987884,
          "south": -23.347099617552082,
          "east": -44.51925451705222,
          "north": -23.100538204639818
        },
        "halo_pixels": 160,
        "valid_bbox_fraction": 1.0,
        "artifact_aspect_ratio": 2.0,
        "land_mask_info": {
          "enabled": true,
          "applied": true,
          "status": "ok",
          "stage": "cfar_water_mask",
          "resampled_shape": [
            720,
            773
          ],
          "sample_shape": [
            119,
            128
          ],
          "sample_max_dim": 128,
          "available": true,
          "method": "natural_earth_land_point_mask",
          "bounds_lonlat": {
            "west": -44.779689674044185,
            "south": -23.329251571310955,
            "east": -44.5343720064186,
            "north": -23.104278336491742
          },
          "mask_path": "/content/sismom_colab_work_v2/sources/api/copernicus_meta_1-main/copernicus-platform/frontend/public/shapes/ne_10m_land/ne_10m_land.shp",
          "land_buffer_degrees": 0.0,
          "valid_geolocation_points": 15232,
          "land_points": 9509,
          "water_points": 5723,
          "land_fraction": 0.6242778361344538,
          "water_fraction": 0.37572216386554624,
          "valid_pixels_before_land_mask": 556560,
          "valid_pixels_after_land_mask": 209290,
          "pixels_masked_by_land": 347270,
          "valid_water_fraction": 0.376042115854535,
          "land_skip_threshold": 0.99,
          "min_water_fraction": 0.01,
          "skip_land_tiles": true,
          "skipped": false,
          "reason": "water_candidate",
          "message": "CFAR restrito aos pixels de água."
        },
        "land_fraction": 0.6242778361344538,
        "water_fraction": 0.37572216386554624,
        "valid_water_fraction": 0.376042115854535,
        "land_mask_method": "natural_earth_land_point_mask",
        "wave_age": null,
        "wave_age_class": null,
        "wave_age_factor": 1.35,
        "wave_age_status": "fallback",
        "era5_time": null,
        "era5_lon": null,
        "era5_lat": null,
        "u10": null,
        "peak_wave_period": null,
        "friction_velocity": null,
        "phase_speed": null,
        "patch_label": "P011",
        "id": 12,
        "source": "cfar",
        "detection_method": "cfar"
      }
    },
    {
      "type": "Feature",
      "geometry": {
        "type": "Polygon",
        "coordinates": [
          [
            [
              -44.5728952056051,
              -23.18548782342983
            ],
            [
              -44.5728952056051,
              -23.18548782342983
            ],
            [
              -44.573042526883874,
              -23.18602006125375
            ],
            [
              -44.573042526883874,
              -23.18602006125375
            ],
            [
              -44.5728952056051,
              -23.18548782342983
            ]
          ]
        ]
      },
      "properties": {
        "lat": -23.18575394234179,
        "lon": -44.57296886624449,
        "area_px": 3,
        "min_sigma0_dB": 0.15000000596046448,
        "mean_sigma0_dB": 2.359999895095825,
        "max_sigma0_dB": 6.050000190734863,
        "threshold_cfar_dB": 0.19,
        "pixel_coords": {
          "row": 456,
          "col": 450,
          "row_resampled": 152,
          "col_resampled": 150
        },
        "bbox_pixel_coords": {
          "row_min": 453,
          "row_max": 459,
          "col_min": 450,
          "col_max": 450
        },
        "global_pixel_coords": {
          "row": 456,
          "col": 20290
        },
        "source_product": "S1C_IW_GRDH_1SDV_20260803T082202_20260803T082233_008828_01182E_7710",
        "source_arquivo_id": null,
        "patch_id": 10,
        "patch_name": "patch_0011_VV",
        "geotiff_name": "patch_0011_VV_sigma0_preproc.tif",
        "polarization": "VV",
        "input_scale": "linear",
        "georef_method": "snap_geolocation_grid",
        "geocoding_method": "geolocation_grid",
        "geolocation_grid_status": null,
        "snap_geolocation_grid_used": null,
        "raster_crs": "EPSG:4326",
        "raster_transform": [
          0.00011483276819298234,
          0.0,
          -43.30317898787657,
          0.0,
          -0.0001171554311711674,
          -23.02075170392449,
          0.0,
          0.0,
          1.0
        ],
        "core_bbox_pixels": {
          "x0": 20000,
          "y0": 0,
          "x1": 22000,
          "y1": 2000
        },
        "processing_bbox_pixels": {
          "x0": 19840,
          "y0": 0,
          "x1": 22160,
          "y1": 2160
        },
        "core_bounds_lonlat": {
          "west": -44.779689674044185,
          "south": -23.329251571310955,
          "east": -44.5343720064186,
          "north": -23.104278336491742
        },
        "processing_bounds_lonlat": {
          "west": -44.798362658987884,
          "south": -23.347099617552082,
          "east": -44.51925451705222,
          "north": -23.100538204639818
        },
        "halo_pixels": 160,
        "valid_bbox_fraction": 1.0,
        "artifact_aspect_ratio": 3.0,
        "land_mask_info": {
          "enabled": true,
          "applied": true,
          "status": "ok",
          "stage": "cfar_water_mask",
          "resampled_shape": [
            720,
            773
          ],
          "sample_shape": [
            119,
            128
          ],
          "sample_max_dim": 128,
          "available": true,
          "method": "natural_earth_land_point_mask",
          "bounds_lonlat": {
            "west": -44.779689674044185,
            "south": -23.329251571310955,
            "east": -44.5343720064186,
            "north": -23.104278336491742
          },
          "mask_path": "/content/sismom_colab_work_v2/sources/api/copernicus_meta_1-main/copernicus-platform/frontend/public/shapes/ne_10m_land/ne_10m_land.shp",
          "land_buffer_degrees": 0.0,
          "valid_geolocation_points": 15232,
          "land_points": 9509,
          "water_points": 5723,
          "land_fraction": 0.6242778361344538,
          "water_fraction": 0.37572216386554624,
          "valid_pixels_before_land_mask": 556560,
          "valid_pixels_after_land_mask": 209290,
          "pixels_masked_by_land": 347270,
          "valid_water_fraction": 0.376042115854535,
          "land_skip_threshold": 0.99,
          "min_water_fraction": 0.01,
          "skip_land_tiles": true,
          "skipped": false,
          "reason": "water_candidate",
          "message": "CFAR restrito aos pixels de água."
        },
        "land_fraction": 0.6242778361344538,
        "water_fraction": 0.37572216386554624,
        "valid_water_fraction": 0.376042115854535,
        "land_mask_method": "natural_earth_land_point_mask",
        "wave_age": null,
        "wave_age_class": null,
        "wave_age_factor": 1.35,
        "wave_age_status": "fallback",
        "era5_time": null,
        "era5_lon": null,
        "era5_lat": null,
        "u10": null,
        "peak_wave_period": null,
        "friction_velocity": null,
        "phase_speed": null,
        "patch_label": "P011",
        "id": 13,
        "source": "cfar",
        "detection_method": "cfar"
      }
    },
    {
      "type": "Feature",
      "geometry": {
        "type": "Polygon",
        "coordinates": [
          [
            [
              -44.573200957208066,
              -23.187685223820164
            ],
            [
              -44.57348449072022,
              -23.18761677472549
            ],
            [
              -44.573631811999,
              -23.188149012549403
            ],
            [
              -44.573348277471354,
              -23.188217461989794
            ],
            [
              -44.573200957208066,
              -23.187685223820164
            ]
          ]
        ]
      },
      "properties": {
        "lat": -23.187882893637443,
        "lon": -44.573558151359606,
        "area_px": 4,
        "min_sigma0_dB": -1.5,
        "mean_sigma0_dB": -0.5699999928474426,
        "max_sigma0_dB": 0.5299999713897705,
        "threshold_cfar_dB": -1.41,
        "pixel_coords": {
          "row": 480,
          "col": 450,
          "row_resampled": 160,
          "col_resampled": 150
        },
        "bbox_pixel_coords": {
          "row_min": 477,
          "row_max": 483,
          "col_min": 447,
          "col_max": 450
        },
        "global_pixel_coords": {
          "row": 480,
          "col": 20290
        },
        "source_product": "S1C_IW_GRDH_1SDV_20260803T082202_20260803T082233_008828_01182E_7710",
        "source_arquivo_id": null,
        "patch_id": 10,
        "patch_name": "patch_0011_VV",
        "geotiff_name": "patch_0011_VV_sigma0_preproc.tif",
        "polarization": "VV",
        "input_scale": "linear",
        "georef_method": "snap_geolocation_grid",
        "geocoding_method": "geolocation_grid",
        "geolocation_grid_status": null,
        "snap_geolocation_grid_used": null,
        "raster_crs": "EPSG:4326",
        "raster_transform": [
          0.00011483276819298234,
          0.0,
          -43.30317898787657,
          0.0,
          -0.0001171554311711674,
          -23.02075170392449,
          0.0,
          0.0,
          1.0
        ],
        "core_bbox_pixels": {
          "x0": 20000,
          "y0": 0,
          "x1": 22000,
          "y1": 2000
        },
        "processing_bbox_pixels": {
          "x0": 19840,
          "y0": 0,
          "x1": 22160,
          "y1": 2160
        },
        "core_bounds_lonlat": {
          "west": -44.779689674044185,
          "south": -23.329251571310955,
          "east": -44.5343720064186,
          "north": -23.104278336491742
        },
        "processing_bounds_lonlat": {
          "west": -44.798362658987884,
          "south": -23.347099617552082,
          "east": -44.51925451705222,
          "north": -23.100538204639818
        },
        "halo_pixels": 160,
        "valid_bbox_fraction": 1.0,
        "artifact_aspect_ratio": 1.5,
        "land_mask_info": {
          "enabled": true,
          "applied": true,
          "status": "ok",
          "stage": "cfar_water_mask",
          "resampled_shape": [
            720,
            773
          ],
          "sample_shape": [
            119,
            128
          ],
          "sample_max_dim": 128,
          "available": true,
          "method": "natural_earth_land_point_mask",
          "bounds_lonlat": {
            "west": -44.779689674044185,
            "south": -23.329251571310955,
            "east": -44.5343720064186,
            "north": -23.104278336491742
          },
          "mask_path": "/content/sismom_colab_work_v2/sources/api/copernicus_meta_1-main/copernicus-platform/frontend/public/shapes/ne_10m_land/ne_10m_land.shp",
          "land_buffer_degrees": 0.0,
          "valid_geolocation_points": 15232,
          "land_points": 9509,
          "water_points": 5723,
          "land_fraction": 0.6242778361344538,
          "water_fraction": 0.37572216386554624,
          "valid_pixels_before_land_mask": 556560,
          "valid_pixels_after_land_mask": 209290,
          "pixels_masked_by_land": 347270,
          "valid_water_fraction": 0.376042115854535,
          "land_skip_threshold": 0.99,
          "min_water_fraction": 0.01,
          "skip_land_tiles": true,
          "skipped": false,
          "reason": "water_candidate",
          "message": "CFAR restrito aos pixels de água."
        },
        "land_fraction": 0.6242778361344538,
        "water_fraction": 0.37572216386554624,
        "valid_water_fraction": 0.376042115854535,
        "land_mask_method": "natural_earth_land_point_mask",
        "wave_age": null,
        "wave_age_class": null,
        "wave_age_factor": 1.35,
        "wave_age_status": "fallback",
        "era5_time": null,
        "era5_lon": null,
        "era5_lat": null,
        "u10": null,
        "peak_wave_period": null,
        "friction_velocity": null,
        "phase_speed": null,
        "patch_label": "P011",
        "id": 14,
        "source": "cfar",
        "detection_method": "cfar"
      }
    },
    {
      "type": "Feature",
      "geometry": {
        "type": "Polygon",
        "coordinates": [
          [
            [
              -44.636406248861974,
              -23.173800796142825
            ],
            [
              -44.63700804278374,
              -23.17365487161905
            ],
            [
              -44.63722937440445,
              -23.17445311121023
            ],
            [
              -44.636627577103795,
              -23.174599036857586
            ],
            [
              -44.636406248861974,
              -23.173800796142825
            ]
          ]
        ]
      },
      "properties": {
        "lat": -23.17425999398292,
        "lon": -44.63685469910207,
        "area_px": 6,
        "min_sigma0_dB": -9.25,
        "mean_sigma0_dB": -7.099999904632568,
        "max_sigma0_dB": -4.610000133514404,
        "threshold_cfar_dB": -16.92,
        "pixel_coords": {
          "row": 498,
          "col": 1089,
          "row_resampled": 166,
          "col_resampled": 363
        },
        "bbox_pixel_coords": {
          "row_min": 492,
          "row_max": 501,
          "col_min": 1086,
          "col_max": 1092
        },
        "global_pixel_coords": {
          "row": 498,
          "col": 20929
        },
        "source_product": "S1C_IW_GRDH_1SDV_20260803T082202_20260803T082233_008828_01182E_7710",
        "source_arquivo_id": null,
        "patch_id": 10,
        "patch_name": "patch_0011_VV",
        "geotiff_name": "patch_0011_VV_sigma0_preproc.tif",
        "polarization": "VV",
        "input_scale": "linear",
        "georef_method": "snap_geolocation_grid",
        "geocoding_method": "geolocation_grid",
        "geolocation_grid_status": null,
        "snap_geolocation_grid_used": null,
        "raster_crs": "EPSG:4326",
        "raster_transform": [
          0.00011483276819298234,
          0.0,
          -43.30317898787657,
          0.0,
          -0.0001171554311711674,
          -23.02075170392449,
          0.0,
          0.0,
          1.0
        ],
        "core_bbox_pixels": {
          "x0": 20000,
          "y0": 0,
          "x1": 22000,
          "y1": 2000
        },
        "processing_bbox_pixels": {
          "x0": 19840,
          "y0": 0,
          "x1": 22160,
          "y1": 2160
        },
        "core_bounds_lonlat": {
          "west": -44.779689674044185,
          "south": -23.329251571310955,
          "east": -44.5343720064186,
          "north": -23.104278336491742
        },
        "processing_bounds_lonlat": {
          "west": -44.798362658987884,
          "south": -23.347099617552082,
          "east": -44.51925451705222,
          "north": -23.100538204639818
        },
        "halo_pixels": 160,
        "valid_bbox_fraction": 1.0,
        "artifact_aspect_ratio": 1.3333,
        "land_mask_info": {
          "enabled": true,
          "applied": true,
          "status": "ok",
          "stage": "cfar_water_mask",
          "resampled_shape": [
            720,
            773
          ],
          "sample_shape": [
            119,
            128
          ],
          "sample_max_dim": 128,
          "available": true,
          "method": "natural_earth_land_point_mask",
          "bounds_lonlat": {
            "west": -44.779689674044185,
            "south": -23.329251571310955,
            "east": -44.5343720064186,
            "north": -23.104278336491742
          },
          "mask_path": "/content/sismom_colab_work_v2/sources/api/copernicus_meta_1-main/copernicus-platform/frontend/public/shapes/ne_10m_land/ne_10m_land.shp",
          "land_buffer_degrees": 0.0,
          "valid_geolocation_points": 15232,
          "land_points": 9509,
          "water_points": 5723,
          "land_fraction": 0.6242778361344538,
          "water_fraction": 0.37572216386554624,
          "valid_pixels_before_land_mask": 556560,
          "valid_pixels_after_land_mask": 209290,
          "pixels_masked_by_land": 347270,
          "valid_water_fraction": 0.376042115854535,
          "land_skip_threshold": 0.99,
          "min_water_fraction": 0.01,
          "skip_land_tiles": true,
          "skipped": false,
          "reason": "water_candidate",
          "message": "CFAR restrito aos pixels de água."
        },
        "land_fraction": 0.6242778361344538,
        "water_fraction": 0.37572216386554624,
        "valid_water_fraction": 0.376042115854535,
        "land_mask_method": "natural_earth_land_point_mask",
        "wave_age": null,
        "wave_age_class": null,
        "wave_age_factor": 1.35,
        "wave_age_status": "fallback",
        "era5_time": null,
        "era5_lon": null,
        "era5_lat": null,
        "u10": null,
        "peak_wave_period": null,
        "friction_velocity": null,
        "phase_speed": null,
        "patch_label": "P011",
        "id": 15,
        "source": "cfar",
        "detection_method": "cfar"
      }
    },
    {
      "type": "Feature",
      "geometry": {
        "type": "Polygon",
        "coordinates": [
          [
            [
              -44.6233288793057,
              -23.189182643355
            ],
            [
              -44.62362980039296,
              -23.189109673040793
            ],
            [
              -44.62377729286333,
              -23.189641853367206
            ],
            [
              -44.62347637064978,
              -23.18971482405594
            ],
            [
              -44.6233288793057,
              -23.189182643355
            ]
          ]
        ]
      },
      "properties": {
        "lat": -23.18944873370547,
        "lon": -44.62340262497774,
        "area_px": 3,
        "min_sigma0_dB": -8.369999885559082,
        "mean_sigma0_dB": -6.639999866485596,
        "max_sigma0_dB": -5.53000020980835,
        "threshold_cfar_dB": -10.29,
        "pixel_coords": {
          "row": 624,
          "col": 924,
          "row_resampled": 208,
          "col_resampled": 308
        },
        "bbox_pixel_coords": {
          "row_min": 621,
          "row_max": 627,
          "col_min": 924,
          "col_max": 927
        },
        "global_pixel_coords": {
          "row": 624,
          "col": 20764
        },
        "source_product": "S1C_IW_GRDH_1SDV_20260803T082202_20260803T082233_008828_01182E_7710",
        "source_arquivo_id": null,
        "patch_id": 10,
        "patch_name": "patch_0011_VV",
        "geotiff_name": "patch_0011_VV_sigma0_preproc.tif",
        "polarization": "VV",
        "input_scale": "linear",
        "georef_method": "snap_geolocation_grid",
        "geocoding_method": "geolocation_grid",
        "geolocation_grid_status": null,
        "snap_geolocation_grid_used": null,
        "raster_crs": "EPSG:4326",
        "raster_transform": [
          0.00011483276819298234,
          0.0,
          -43.30317898787657,
          0.0,
          -0.0001171554311711674,
          -23.02075170392449,
          0.0,
          0.0,
          1.0
        ],
        "core_bbox_pixels": {
          "x0": 20000,
          "y0": 0,
          "x1": 22000,
          "y1": 2000
        },
        "processing_bbox_pixels": {
          "x0": 19840,
          "y0": 0,
          "x1": 22160,
          "y1": 2160
        },
        "core_bounds_lonlat": {
          "west": -44.779689674044185,
          "south": -23.329251571310955,
          "east": -44.5343720064186,
          "north": -23.104278336491742
        },
        "processing_bounds_lonlat": {
          "west": -44.798362658987884,
          "south": -23.347099617552082,
          "east": -44.51925451705222,
          "north": -23.100538204639818
        },
        "halo_pixels": 160,
        "valid_bbox_fraction": 1.0,
        "artifact_aspect_ratio": 1.5,
        "land_mask_info": {
          "enabled": true,
          "applied": true,
          "status": "ok",
          "stage": "cfar_water_mask",
          "resampled_shape": [
            720,
            773
          ],
          "sample_shape": [
            119,
            128
          ],
          "sample_max_dim": 128,
          "available": true,
          "method": "natural_earth_land_point_mask",
          "bounds_lonlat": {
            "west": -44.779689674044185,
            "south": -23.329251571310955,
            "east": -44.5343720064186,
            "north": -23.104278336491742
          },
          "mask_path": "/content/sismom_colab_work_v2/sources/api/copernicus_meta_1-main/copernicus-platform/frontend/public/shapes/ne_10m_land/ne_10m_land.shp",
          "land_buffer_degrees": 0.0,
          "valid_geolocation_points": 15232,
          "land_points": 9509,
          "water_points": 5723,
          "land_fraction": 0.6242778361344538,
          "water_fraction": 0.37572216386554624,
          "valid_pixels_before_land_mask": 556560,
          "valid_pixels_after_land_mask": 209290,
          "pixels_masked_by_land": 347270,
          "valid_water_fraction": 0.376042115854535,
          "land_skip_threshold": 0.99,
          "min_water_fraction": 0.01,
          "skip_land_tiles": true,
          "skipped": false,
          "reason": "water_candidate",
          "message": "CFAR restrito aos pixels de água."
        },
        "land_fraction": 0.6242778361344538,
        "water_fraction": 0.37572216386554624,
        "valid_water_fraction": 0.376042115854535,
        "land_mask_method": "natural_earth_land_point_mask",
        "wave_age": null,
        "wave_age_class": null,
        "wave_age_factor": 1.35,
        "wave_age_status": "fallback",
        "era5_time": null,
        "era5_lon": null,
        "era5_lat": null,
        "u10": null,
        "peak_wave_period": null,
        "friction_velocity": null,
        "phase_speed": null,
        "patch_label": "P011",
        "id": 16,
        "source": "cfar",
        "detection_method": "cfar"
      }
    },
    {
      "type": "Feature",
      "geometry": {
        "type": "Polygon",
        "coordinates": [
          [
            [
              -44.62249986002654,
              -23.189667645209887
            ],
            [
              -44.62280078167694,
              -23.189594674708413
            ],
            [
              -44.622874526222674,
              -23.18986076543341
            ],
            [
              -44.622573604009126,
              -23.189933736122143
            ],
            [
              -44.62249986002654,
              -23.189667645209887
            ]
          ]
        ]
      },
      "properties": {
        "lat": -23.189594674708413,
        "lon": -44.62280078167694,
        "area_px": 3,
        "min_sigma0_dB": -8.119999885559082,
        "mean_sigma0_dB": -7.130000114440918,
        "max_sigma0_dB": -5.420000076293945,
        "threshold_cfar_dB": -10.36,
        "pixel_coords": {
          "row": 624,
          "col": 918,
          "row_resampled": 208,
          "col_resampled": 306
        },
        "bbox_pixel_coords": {
          "row_min": 624,
          "row_max": 627,
          "col_min": 915,
          "col_max": 918
        },
        "global_pixel_coords": {
          "row": 624,
          "col": 20758
        },
        "source_product": "S1C_IW_GRDH_1SDV_20260803T082202_20260803T082233_008828_01182E_7710",
        "source_arquivo_id": null,
        "patch_id": 10,
        "patch_name": "patch_0011_VV",
        "geotiff_name": "patch_0011_VV_sigma0_preproc.tif",
        "polarization": "VV",
        "input_scale": "linear",
        "georef_method": "snap_geolocation_grid",
        "geocoding_method": "geolocation_grid",
        "geolocation_grid_status": null,
        "snap_geolocation_grid_used": null,
        "raster_crs": "EPSG:4326",
        "raster_transform": [
          0.00011483276819298234,
          0.0,
          -43.30317898787657,
          0.0,
          -0.0001171554311711674,
          -23.02075170392449,
          0.0,
          0.0,
          1.0
        ],
        "core_bbox_pixels": {
          "x0": 20000,
          "y0": 0,
          "x1": 22000,
          "y1": 2000
        },
        "processing_bbox_pixels": {
          "x0": 19840,
          "y0": 0,
          "x1": 22160,
          "y1": 2160
        },
        "core_bounds_lonlat": {
          "west": -44.779689674044185,
          "south": -23.329251571310955,
          "east": -44.5343720064186,
          "north": -23.104278336491742
        },
        "processing_bounds_lonlat": {
          "west": -44.798362658987884,
          "south": -23.347099617552082,
          "east": -44.51925451705222,
          "north": -23.100538204639818
        },
        "halo_pixels": 160,
        "valid_bbox_fraction": 1.0,
        "artifact_aspect_ratio": 1.0,
        "land_mask_info": {
          "enabled": true,
          "applied": true,
          "status": "ok",
          "stage": "cfar_water_mask",
          "resampled_shape": [
            720,
            773
          ],
          "sample_shape": [
            119,
            128
          ],
          "sample_max_dim": 128,
          "available": true,
          "method": "natural_earth_land_point_mask",
          "bounds_lonlat": {
            "west": -44.779689674044185,
            "south": -23.329251571310955,
            "east": -44.5343720064186,
            "north": -23.104278336491742
          },
          "mask_path": "/content/sismom_colab_work_v2/sources/api/copernicus_meta_1-main/copernicus-platform/frontend/public/shapes/ne_10m_land/ne_10m_land.shp",
          "land_buffer_degrees": 0.0,
          "valid_geolocation_points": 15232,
          "land_points": 9509,
          "water_points": 5723,
          "land_fraction": 0.6242778361344538,
          "water_fraction": 0.37572216386554624,
          "valid_pixels_before_land_mask": 556560,
          "valid_pixels_after_land_mask": 209290,
          "pixels_masked_by_land": 347270,
          "valid_water_fraction": 0.376042115854535,
          "land_skip_threshold": 0.99,
          "min_water_fraction": 0.01,
          "skip_land_tiles": true,
          "skipped": false,
          "reason": "water_candidate",
          "message": "CFAR restrito aos pixels de água."
        },
        "land_fraction": 0.6242778361344538,
        "water_fraction": 0.37572216386554624,
        "valid_water_fraction": 0.376042115854535,
        "land_mask_method": "natural_earth_land_point_mask",
        "wave_age": null,
        "wave_age_class": null,
        "wave_age_factor": 1.35,
        "wave_age_status": "fallback",
        "era5_time": null,
        "era5_lon": null,
        "era5_lat": null,
        "u10": null,
        "peak_wave_period": null,
        "friction_velocity": null,
        "phase_speed": null,
        "patch_label": "P011",
        "id": 17,
        "source": "cfar",
        "detection_method": "cfar"
      }
    },
    {
      "type": "Feature",
      "geometry": {
        "type": "Polygon",
        "coordinates": [
          [
            [
              -44.60722051140152,
              -23.194792614536148
            ],
            [
              -44.607822360003055,
              -23.194646671660575
            ],
            [
              -44.60819093913123,
              -23.195977173037686
            ],
            [
              -44.60758908489819,
              -23.196123117785895
            ],
            [
              -44.60722051140152,
              -23.194792614536148
            ]
          ]
        ]
      },
      "properties": {
        "lat": -23.195517944486415,
        "lon": -44.60774258148965,
        "area_px": 12,
        "min_sigma0_dB": -9.739999771118164,
        "mean_sigma0_dB": -7.710000038146973,
        "max_sigma0_dB": -3.5,
        "threshold_cfar_dB": -12.5,
        "pixel_coords": {
          "row": 648,
          "col": 762,
          "row_resampled": 216,
          "col_resampled": 254
        },
        "bbox_pixel_coords": {
          "row_min": 639,
          "row_max": 654,
          "col_min": 759,
          "col_max": 765
        },
        "global_pixel_coords": {
          "row": 648,
          "col": 20602
        },
        "source_product": "S1C_IW_GRDH_1SDV_20260803T082202_20260803T082233_008828_01182E_7710",
        "source_arquivo_id": null,
        "patch_id": 10,
        "patch_name": "patch_0011_VV",
        "geotiff_name": "patch_0011_VV_sigma0_preproc.tif",
        "polarization": "VV",
        "input_scale": "linear",
        "georef_method": "snap_geolocation_grid",
        "geocoding_method": "geolocation_grid",
        "geolocation_grid_status": null,
        "snap_geolocation_grid_used": null,
        "raster_crs": "EPSG:4326",
        "raster_transform": [
          0.00011483276819298234,
          0.0,
          -43.30317898787657,
          0.0,
          -0.0001171554311711674,
          -23.02075170392449,
          0.0,
          0.0,
          1.0
        ],
        "core_bbox_pixels": {
          "x0": 20000,
          "y0": 0,
          "x1": 22000,
          "y1": 2000
        },
        "processing_bbox_pixels": {
          "x0": 19840,
          "y0": 0,
          "x1": 22160,
          "y1": 2160
        },
        "core_bounds_lonlat": {
          "west": -44.779689674044185,
          "south": -23.329251571310955,
          "east": -44.5343720064186,
          "north": -23.104278336491742
        },
        "processing_bounds_lonlat": {
          "west": -44.798362658987884,
          "south": -23.347099617552082,
          "east": -44.51925451705222,
          "north": -23.100538204639818
        },
        "halo_pixels": 160,
        "valid_bbox_fraction": 1.0,
        "artifact_aspect_ratio": 2.0,
        "land_mask_info": {
          "enabled": true,
          "applied": true,
          "status": "ok",
          "stage": "cfar_water_mask",
          "resampled_shape": [
            720,
            773
          ],
          "sample_shape": [
            119,
            128
          ],
          "sample_max_dim": 128,
          "available": true,
          "method": "natural_earth_land_point_mask",
          "bounds_lonlat": {
            "west": -44.779689674044185,
            "south": -23.329251571310955,
            "east": -44.5343720064186,
            "north": -23.104278336491742
          },
          "mask_path": "/content/sismom_colab_work_v2/sources/api/copernicus_meta_1-main/copernicus-platform/frontend/public/shapes/ne_10m_land/ne_10m_land.shp",
          "land_buffer_degrees": 0.0,
          "valid_geolocation_points": 15232,
          "land_points": 9509,
          "water_points": 5723,
          "land_fraction": 0.6242778361344538,
          "water_fraction": 0.37572216386554624,
          "valid_pixels_before_land_mask": 556560,
          "valid_pixels_after_land_mask": 209290,
          "pixels_masked_by_land": 347270,
          "valid_water_fraction": 0.376042115854535,
          "land_skip_threshold": 0.99,
          "min_water_fraction": 0.01,
          "skip_land_tiles": true,
          "skipped": false,
          "reason": "water_candidate",
          "message": "CFAR restrito aos pixels de água."
        },
        "land_fraction": 0.6242778361344538,
        "water_fraction": 0.37572216386554624,
        "valid_water_fraction": 0.376042115854535,
        "land_mask_method": "natural_earth_land_point_mask",
        "wave_age": null,
        "wave_age_class": null,
        "wave_age_factor": 1.35,
        "wave_age_status": "fallback",
        "era5_time": null,
        "era5_lon": null,
        "era5_lat": null,
        "u10": null,
        "peak_wave_period": null,
        "friction_velocity": null,
        "phase_speed": null,
        "patch_label": "P011",
        "id": 18,
        "source": "cfar",
        "detection_method": "cfar"
      }
    },
    {
      "type": "Feature",
      "geometry": {
        "type": "Polygon",
        "coordinates": [
          [
            [
              -44.64693677113108,
              -23.18629766065979
            ],
            [
              -44.64723769796457,
              -23.18622468847295
            ],
            [
              -44.647459065070194,
              -23.187022916266546
            ],
            [
              -44.647158136547255,
              -23.187095889015175
            ],
            [
              -44.64693677113108,
              -23.18629766065979
            ]
          ]
        ]
      },
      "properties": {
        "lat": -23.18656373677825,
        "lon": -44.647010559603146,
        "area_px": 4,
        "min_sigma0_dB": -3.509999990463257,
        "mean_sigma0_dB": -2.1600000858306885,
        "max_sigma0_dB": -0.07000000029802322,
        "threshold_cfar_dB": -3.26,
        "pixel_coords": {
          "row": 654,
          "col": 1152,
          "row_resampled": 218,
          "col_resampled": 384
        },
        "bbox_pixel_coords": {
          "row_min": 651,
          "row_max": 660,
          "col_min": 1152,
          "col_max": 1155
        },
        "global_pixel_coords": {
          "row": 654,
          "col": 20992
        },
        "source_product": "S1C_IW_GRDH_1SDV_20260803T082202_20260803T082233_008828_01182E_7710",
        "source_arquivo_id": null,
        "patch_id": 10,
        "patch_name": "patch_0011_VV",
        "geotiff_name": "patch_0011_VV_sigma0_preproc.tif",
        "polarization": "VV",
        "input_scale": "linear",
        "georef_method": "snap_geolocation_grid",
        "geocoding_method": "geolocation_grid",
        "geolocation_grid_status": null,
        "snap_geolocation_grid_used": null,
        "raster_crs": "EPSG:4326",
        "raster_transform": [
          0.00011483276819298234,
          0.0,
          -43.30317898787657,
          0.0,
          -0.0001171554311711674,
          -23.02075170392449,
          0.0,
          0.0,
          1.0
        ],
        "core_bbox_pixels": {
          "x0": 20000,
          "y0": 0,
          "x1": 22000,
          "y1": 2000
        },
        "processing_bbox_pixels": {
          "x0": 19840,
          "y0": 0,
          "x1": 22160,
          "y1": 2160
        },
        "core_bounds_lonlat": {
          "west": -44.779689674044185,
          "south": -23.329251571310955,
          "east": -44.5343720064186,
          "north": -23.104278336491742
        },
        "processing_bounds_lonlat": {
          "west": -44.798362658987884,
          "south": -23.347099617552082,
          "east": -44.51925451705222,
          "north": -23.100538204639818
        },
        "halo_pixels": 160,
        "valid_bbox_fraction": 1.0,
        "artifact_aspect_ratio": 2.0,
        "land_mask_info": {
          "enabled": true,
          "applied": true,
          "status": "ok",
          "stage": "cfar_water_mask",
          "resampled_shape": [
            720,
            773
          ],
          "sample_shape": [
            119,
            128
          ],
          "sample_max_dim": 128,
          "available": true,
          "method": "natural_earth_land_point_mask",
          "bounds_lonlat": {
            "west": -44.779689674044185,
            "south": -23.329251571310955,
            "east": -44.5343720064186,
            "north": -23.104278336491742
          },
          "mask_path": "/content/sismom_colab_work_v2/sources/api/copernicus_meta_1-main/copernicus-platform/frontend/public/shapes/ne_10m_land/ne_10m_land.shp",
          "land_buffer_degrees": 0.0,
          "valid_geolocation_points": 15232,
          "land_points": 9509,
          "water_points": 5723,
          "land_fraction": 0.6242778361344538,
          "water_fraction": 0.37572216386554624,
          "valid_pixels_before_land_mask": 556560,
          "valid_pixels_after_land_mask": 209290,
          "pixels_masked_by_land": 347270,
          "valid_water_fraction": 0.376042115854535,
          "land_skip_threshold": 0.99,
          "min_water_fraction": 0.01,
          "skip_land_tiles": true,
          "skipped": false,
          "reason": "water_candidate",
          "message": "CFAR restrito aos pixels de água."
        },
        "land_fraction": 0.6242778361344538,
        "water_fraction": 0.37572216386554624,
        "valid_water_fraction": 0.376042115854535,
        "land_mask_method": "natural_earth_land_point_mask",
        "wave_age": null,
        "wave_age_class": null,
        "wave_age_factor": 1.35,
        "wave_age_status": "fallback",
        "era5_time": null,
        "era5_lon": null,
        "era5_lat": null,
        "u10": null,
        "peak_wave_period": null,
        "friction_velocity": null,
        "phase_speed": null,
        "patch_label": "P011",
        "id": 19,
        "source": "cfar",
        "detection_method": "cfar"
      }
    },
    {
      "type": "Feature",
      "geometry": {
        "type": "Polygon",
        "coordinates": [
          [
            [
              -44.554256368557446,
              -23.219797634345767
            ],
            [
              -44.55595786593454,
              -23.21938683917412
            ],
            [
              -44.55706211296422,
              -23.22337884843366
            ],
            [
              -44.555360569890375,
              -23.22378965916256
            ],
            [
              -44.554256368557446,
              -23.219797634345767
            ]
          ]
        ]
      },
      "properties": {
        "lat": -23.221721312513637,
        "lon": -44.55569603680936,
        "area_px": 36,
        "min_sigma0_dB": -9.819999694824219,
        "mean_sigma0_dB": -5.849999904632568,
        "max_sigma0_dB": 1.1699999570846558,
        "threshold_cfar_dB": -10.27,
        "pixel_coords": {
          "row": 792,
          "col": 180,
          "row_resampled": 264,
          "col_resampled": 60
        },
        "bbox_pixel_coords": {
          "row_min": 768,
          "row_max": 813,
          "col_min": 171,
          "col_max": 189
        },
        "global_pixel_coords": {
          "row": 792,
          "col": 20020
        },
        "source_product": "S1C_IW_GRDH_1SDV_20260803T082202_20260803T082233_008828_01182E_7710",
        "source_arquivo_id": null,
        "patch_id": 10,
        "patch_name": "patch_0011_VV",
        "geotiff_name": "patch_0011_VV_sigma0_preproc.tif",
        "polarization": "VV",
        "input_scale": "linear",
        "georef_method": "snap_geolocation_grid",
        "geocoding_method": "geolocation_grid",
        "geolocation_grid_status": null,
        "snap_geolocation_grid_used": null,
        "raster_crs": "EPSG:4326",
        "raster_transform": [
          0.00011483276819298234,
          0.0,
          -43.30317898787657,
          0.0,
          -0.0001171554311711674,
          -23.02075170392449,
          0.0,
          0.0,
          1.0
        ],
        "core_bbox_pixels": {
          "x0": 20000,
          "y0": 0,
          "x1": 22000,
          "y1": 2000
        },
        "processing_bbox_pixels": {
          "x0": 19840,
          "y0": 0,
          "x1": 22160,
          "y1": 2160
        },
        "core_bounds_lonlat": {
          "west": -44.779689674044185,
          "south": -23.329251571310955,
          "east": -44.5343720064186,
          "north": -23.104278336491742
        },
        "processing_bounds_lonlat": {
          "west": -44.798362658987884,
          "south": -23.347099617552082,
          "east": -44.51925451705222,
          "north": -23.100538204639818
        },
        "halo_pixels": 160,
        "valid_bbox_fraction": 1.0,
        "artifact_aspect_ratio": 2.2857,
        "land_mask_info": {
          "enabled": true,
          "applied": true,
          "status": "ok",
          "stage": "cfar_water_mask",
          "resampled_shape": [
            720,
            773
          ],
          "sample_shape": [
            119,
            128
          ],
          "sample_max_dim": 128,
          "available": true,
          "method": "natural_earth_land_point_mask",
          "bounds_lonlat": {
            "west": -44.779689674044185,
            "south": -23.329251571310955,
            "east": -44.5343720064186,
            "north": -23.104278336491742
          },
          "mask_path": "/content/sismom_colab_work_v2/sources/api/copernicus_meta_1-main/copernicus-platform/frontend/public/shapes/ne_10m_land/ne_10m_land.shp",
          "land_buffer_degrees": 0.0,
          "valid_geolocation_points": 15232,
          "land_points": 9509,
          "water_points": 5723,
          "land_fraction": 0.6242778361344538,
          "water_fraction": 0.37572216386554624,
          "valid_pixels_before_land_mask": 556560,
          "valid_pixels_after_land_mask": 209290,
          "pixels_masked_by_land": 347270,
          "valid_water_fraction": 0.376042115854535,
          "land_skip_threshold": 0.99,
          "min_water_fraction": 0.01,
          "skip_land_tiles": true,
          "skipped": false,
          "reason": "water_candidate",
          "message": "CFAR restrito aos pixels de água."
        },
        "land_fraction": 0.6242778361344538,
        "water_fraction": 0.37572216386554624,
        "valid_water_fraction": 0.376042115854535,
        "land_mask_method": "natural_earth_land_point_mask",
        "wave_age": null,
        "wave_age_class": null,
        "wave_age_factor": 1.35,
        "wave_age_status": "fallback",
        "era5_time": null,
        "era5_lon": null,
        "era5_lat": null,
        "u10": null,
        "peak_wave_period": null,
        "friction_velocity": null,
        "phase_speed": null,
        "patch_label": "P011",
        "id": 20,
        "source": "cfar",
        "detection_method": "cfar"
      }
    },
    {
      "type": "Feature",
      "geometry": {
        "type": "Polygon",
        "coordinates": [
          [
            [
              -44.55886991836373,
              -23.226633177686
            ],
            [
              -44.56028790384509,
              -23.226290824176125
            ],
            [
              -44.56065600649925,
              -23.227621487014968
            ],
            [
              -44.559238008324314,
              -23.227963844846307
            ],
            [
              -44.55886991836373,
              -23.226633177686
            ]
          ]
        ]
      },
      "properties": {
        "lat": -23.22702850245474,
        "lon": -44.55958435057148,
        "area_px": 13,
        "min_sigma0_dB": -7.840000152587891,
        "mean_sigma0_dB": -5.090000152587891,
        "max_sigma0_dB": -1.340000033378601,
        "threshold_cfar_dB": -8.39,
        "pixel_coords": {
          "row": 858,
          "col": 204,
          "row_resampled": 286,
          "col_resampled": 68
        },
        "bbox_pixel_coords": {
          "row_min": 852,
          "row_max": 867,
          "col_min": 198,
          "col_max": 213
        },
        "global_pixel_coords": {
          "row": 858,
          "col": 20044
        },
        "source_product": "S1C_IW_GRDH_1SDV_20260803T082202_20260803T082233_008828_01182E_7710",
        "source_arquivo_id": null,
        "patch_id": 10,
        "patch_name": "patch_0011_VV",
        "geotiff_name": "patch_0011_VV_sigma0_preproc.tif",
        "polarization": "VV",
        "input_scale": "linear",
        "georef_method": "snap_geolocation_grid",
        "geocoding_method": "geolocation_grid",
        "geolocation_grid_status": null,
        "snap_geolocation_grid_used": null,
        "raster_crs": "EPSG:4326",
        "raster_transform": [
          0.00011483276819298234,
          0.0,
          -43.30317898787657,
          0.0,
          -0.0001171554311711674,
          -23.02075170392449,
          0.0,
          0.0,
          1.0
        ],
        "core_bbox_pixels": {
          "x0": 20000,
          "y0": 0,
          "x1": 22000,
          "y1": 2000
        },
        "processing_bbox_pixels": {
          "x0": 19840,
          "y0": 0,
          "x1": 22160,
          "y1": 2160
        },
        "core_bounds_lonlat": {
          "west": -44.779689674044185,
          "south": -23.329251571310955,
          "east": -44.5343720064186,
          "north": -23.104278336491742
        },
        "processing_bounds_lonlat": {
          "west": -44.798362658987884,
          "south": -23.347099617552082,
          "east": -44.51925451705222,
          "north": -23.100538204639818
        },
        "halo_pixels": 160,
        "valid_bbox_fraction": 1.0,
        "artifact_aspect_ratio": 1.0,
        "land_mask_info": {
          "enabled": true,
          "applied": true,
          "status": "ok",
          "stage": "cfar_water_mask",
          "resampled_shape": [
            720,
            773
          ],
          "sample_shape": [
            119,
            128
          ],
          "sample_max_dim": 128,
          "available": true,
          "method": "natural_earth_land_point_mask",
          "bounds_lonlat": {
            "west": -44.779689674044185,
            "south": -23.329251571310955,
            "east": -44.5343720064186,
            "north": -23.104278336491742
          },
          "mask_path": "/content/sismom_colab_work_v2/sources/api/copernicus_meta_1-main/copernicus-platform/frontend/public/shapes/ne_10m_land/ne_10m_land.shp",
          "land_buffer_degrees": 0.0,
          "valid_geolocation_points": 15232,
          "land_points": 9509,
          "water_points": 5723,
          "land_fraction": 0.6242778361344538,
          "water_fraction": 0.37572216386554624,
          "valid_pixels_before_land_mask": 556560,
          "valid_pixels_after_land_mask": 209290,
          "pixels_masked_by_land": 347270,
          "valid_water_fraction": 0.376042115854535,
          "land_skip_threshold": 0.99,
          "min_water_fraction": 0.01,
          "skip_land_tiles": true,
          "skipped": false,
          "reason": "water_candidate",
          "message": "CFAR restrito aos pixels de água."
        },
        "land_fraction": 0.6242778361344538,
        "water_fraction": 0.37572216386554624,
        "valid_water_fraction": 0.376042115854535,
        "land_mask_method": "natural_earth_land_point_mask",
        "wave_age": null,
        "wave_age_class": null,
        "wave_age_factor": 1.35,
        "wave_age_status": "fallback",
        "era5_time": null,
        "era5_lon": null,
        "era5_lat": null,
        "u10": null,
        "peak_wave_period": null,
        "friction_velocity": null,
        "phase_speed": null,
        "patch_label": "P011",
        "id": 21,
        "source": "cfar",
        "detection_method": "cfar"
      }
    },
    {
      "type": "Feature",
      "geometry": {
        "type": "Polygon",
        "coordinates": [
          [
            [
              -44.67610543157823,
              -23.198818104193293
            ],
            [
              -44.676406397275684,
              -23.198745119085288
            ],
            [
              -44.67670173362883,
              -23.199809362885844
            ],
            [
              -44.67640076567878,
              -23.199882348742896
            ],
            [
              -44.67610543157823,
              -23.198818104193293
            ]
          ]
        ]
      },
      "properties": {
        "lat": -23.199350226468095,
        "lon": -44.67625309862849,
        "area_px": 7,
        "min_sigma0_dB": -8.180000305175781,
        "mean_sigma0_dB": -6.139999866485596,
        "max_sigma0_dB": -2.5899999141693115,
        "threshold_cfar_dB": -18.04,
        "pixel_coords": {
          "row": 864,
          "col": 1392,
          "row_resampled": 288,
          "col_resampled": 464
        },
        "bbox_pixel_coords": {
          "row_min": 858,
          "row_max": 870,
          "col_min": 1392,
          "col_max": 1395
        },
        "global_pixel_coords": {
          "row": 864,
          "col": 21232
        },
        "source_product": "S1C_IW_GRDH_1SDV_20260803T082202_20260803T082233_008828_01182E_7710",
        "source_arquivo_id": null,
        "patch_id": 10,
        "patch_name": "patch_0011_VV",
        "geotiff_name": "patch_0011_VV_sigma0_preproc.tif",
        "polarization": "VV",
        "input_scale": "linear",
        "georef_method": "snap_geolocation_grid",
        "geocoding_method": "geolocation_grid",
        "geolocation_grid_status": null,
        "snap_geolocation_grid_used": null,
        "raster_crs": "EPSG:4326",
        "raster_transform": [
          0.00011483276819298234,
          0.0,
          -43.30317898787657,
          0.0,
          -0.0001171554311711674,
          -23.02075170392449,
          0.0,
          0.0,
          1.0
        ],
        "core_bbox_pixels": {
          "x0": 20000,
          "y0": 0,
          "x1": 22000,
          "y1": 2000
        },
        "processing_bbox_pixels": {
          "x0": 19840,
          "y0": 0,
          "x1": 22160,
          "y1": 2160
        },
        "core_bounds_lonlat": {
          "west": -44.779689674044185,
          "south": -23.329251571310955,
          "east": -44.5343720064186,
          "north": -23.104278336491742
        },
        "processing_bounds_lonlat": {
          "west": -44.798362658987884,
          "south": -23.347099617552082,
          "east": -44.51925451705222,
          "north": -23.100538204639818
        },
        "halo_pixels": 160,
        "valid_bbox_fraction": 1.0,
        "artifact_aspect_ratio": 2.5,
        "land_mask_info": {
          "enabled": true,
          "applied": true,
          "status": "ok",
          "stage": "cfar_water_mask",
          "resampled_shape": [
            720,
            773
          ],
          "sample_shape": [
            119,
            128
          ],
          "sample_max_dim": 128,
          "available": true,
          "method": "natural_earth_land_point_mask",
          "bounds_lonlat": {
            "west": -44.779689674044185,
            "south": -23.329251571310955,
            "east": -44.5343720064186,
            "north": -23.104278336491742
          },
          "mask_path": "/content/sismom_colab_work_v2/sources/api/copernicus_meta_1-main/copernicus-platform/frontend/public/shapes/ne_10m_land/ne_10m_land.shp",
          "land_buffer_degrees": 0.0,
          "valid_geolocation_points": 15232,
          "land_points": 9509,
          "water_points": 5723,
          "land_fraction": 0.6242778361344538,
          "water_fraction": 0.37572216386554624,
          "valid_pixels_before_land_mask": 556560,
          "valid_pixels_after_land_mask": 209290,
          "pixels_masked_by_land": 347270,
          "valid_water_fraction": 0.376042115854535,
          "land_skip_threshold": 0.99,
          "min_water_fraction": 0.01,
          "skip_land_tiles": true,
          "skipped": false,
          "reason": "water_candidate",
          "message": "CFAR restrito aos pixels de água."
        },
        "land_fraction": 0.6242778361344538,
        "water_fraction": 0.37572216386554624,
        "valid_water_fraction": 0.376042115854535,
        "land_mask_method": "natural_earth_land_point_mask",
        "wave_age": null,
        "wave_age_class": null,
        "wave_age_factor": 1.35,
        "wave_age_status": "fallback",
        "era5_time": null,
        "era5_lon": null,
        "era5_lat": null,
        "u10": null,
        "peak_wave_period": null,
        "friction_velocity": null,
        "phase_speed": null,
        "patch_label": "P011",
        "id": 22,
        "source": "cfar",
        "detection_method": "cfar"
      }
    },
    {
      "type": "Feature",
      "geometry": {
        "type": "Polygon",
        "coordinates": [
          [
            [
              -44.57485574952153,
              -23.24832514001688
            ],
            [
              -44.575139392291774,
              -23.24825665375765
            ],
            [
              -44.575433933312915,
              -23.24932116397715
            ],
            [
              -44.57515028851169,
              -23.249389650927814
            ],
            [
              -44.57485574952153,
              -23.24832514001688
            ]
          ]
        ]
      },
      "properties": {
        "lat": -23.248788908867397,
        "lon": -44.57528666280235,
        "area_px": 6,
        "min_sigma0_dB": -7.710000038146973,
        "mean_sigma0_dB": -6.039999961853027,
        "max_sigma0_dB": -3.549999952316284,
        "threshold_cfar_dB": -15.59,
        "pixel_coords": {
          "row": 1128,
          "col": 300,
          "row_resampled": 376,
          "col_resampled": 100
        },
        "bbox_pixel_coords": {
          "row_min": 1122,
          "row_max": 1134,
          "col_min": 297,
          "col_max": 300
        },
        "global_pixel_coords": {
          "row": 1128,
          "col": 20140
        },
        "source_product": "S1C_IW_GRDH_1SDV_20260803T082202_20260803T082233_008828_01182E_7710",
        "source_arquivo_id": null,
        "patch_id": 10,
        "patch_name": "patch_0011_VV",
        "geotiff_name": "patch_0011_VV_sigma0_preproc.tif",
        "polarization": "VV",
        "input_scale": "linear",
        "georef_method": "snap_geolocation_grid",
        "geocoding_method": "geolocation_grid",
        "geolocation_grid_status": null,
        "snap_geolocation_grid_used": null,
        "raster_crs": "EPSG:4326",
        "raster_transform": [
          0.00011483276819298234,
          0.0,
          -43.30317898787657,
          0.0,
          -0.0001171554311711674,
          -23.02075170392449,
          0.0,
          0.0,
          1.0
        ],
        "core_bbox_pixels": {
          "x0": 20000,
          "y0": 0,
          "x1": 22000,
          "y1": 2000
        },
        "processing_bbox_pixels": {
          "x0": 19840,
          "y0": 0,
          "x1": 22160,
          "y1": 2160
        },
        "core_bounds_lonlat": {
          "west": -44.779689674044185,
          "south": -23.329251571310955,
          "east": -44.5343720064186,
          "north": -23.104278336491742
        },
        "processing_bounds_lonlat": {
          "west": -44.798362658987884,
          "south": -23.347099617552082,
          "east": -44.51925451705222,
          "north": -23.100538204639818
        },
        "halo_pixels": 160,
        "valid_bbox_fraction": 1.0,
        "artifact_aspect_ratio": 2.5,
        "land_mask_info": {
          "enabled": true,
          "applied": true,
          "status": "ok",
          "stage": "cfar_water_mask",
          "resampled_shape": [
            720,
            773
          ],
          "sample_shape": [
            119,
            128
          ],
          "sample_max_dim": 128,
          "available": true,
          "method": "natural_earth_land_point_mask",
          "bounds_lonlat": {
            "west": -44.779689674044185,
            "south": -23.329251571310955,
            "east": -44.5343720064186,
            "north": -23.104278336491742
          },
          "mask_path": "/content/sismom_colab_work_v2/sources/api/copernicus_meta_1-main/copernicus-platform/frontend/public/shapes/ne_10m_land/ne_10m_land.shp",
          "land_buffer_degrees": 0.0,
          "valid_geolocation_points": 15232,
          "land_points": 9509,
          "water_points": 5723,
          "land_fraction": 0.6242778361344538,
          "water_fraction": 0.37572216386554624,
          "valid_pixels_before_land_mask": 556560,
          "valid_pixels_after_land_mask": 209290,
          "pixels_masked_by_land": 347270,
          "valid_water_fraction": 0.376042115854535,
          "land_skip_threshold": 0.99,
          "min_water_fraction": 0.01,
          "skip_land_tiles": true,
          "skipped": false,
          "reason": "water_candidate",
          "message": "CFAR restrito aos pixels de água."
        },
        "land_fraction": 0.6242778361344538,
        "water_fraction": 0.37572216386554624,
        "valid_water_fraction": 0.376042115854535,
        "land_mask_method": "natural_earth_land_point_mask",
        "wave_age": null,
        "wave_age_class": null,
        "wave_age_factor": 1.35,
        "wave_age_status": "fallback",
        "era5_time": null,
        "era5_lon": null,
        "era5_lat": null,
        "u10": null,
        "peak_wave_period": null,
        "friction_velocity": null,
        "phase_speed": null,
        "patch_label": "P011",
        "id": 23,
        "source": "cfar",
        "detection_method": "cfar"
      }
    },
    {
      "type": "Feature",
      "geometry": {
        "type": "Polygon",
        "coordinates": [
          [
            [
              -42.867593059278875,
              -23.76856670306445
            ],
            [
              -42.86902100207554,
              -23.768239375638537
            ],
            [
              -42.869091592418386,
              -23.768506405732417
            ],
            [
              -42.8676636469045,
              -23.76883373380655
            ],
            [
              -42.867593059278875,
              -23.76856670306445
            ]
          ]
        ]
      },
      "properties": {
        "lat": -23.768435772094087,
        "lon": -42.86816423639755,
        "area_px": 8,
        "min_sigma0_dB": 7.170000076293945,
        "mean_sigma0_dB": 11.859999656677246,
        "max_sigma0_dB": 18.350000381469727,
        "threshold_cfar_dB": 5.71,
        "pixel_coords": {
          "row": 534,
          "col": 1830,
          "row_resampled": 178,
          "col_resampled": 610
        },
        "bbox_pixel_coords": {
          "row_min": 534,
          "row_max": 537,
          "col_min": 1824,
          "col_max": 1839
        },
        "global_pixel_coords": {
          "row": 2374,
          "col": 1830
        },
        "source_product": "S1C_IW_GRDH_1SDV_20260803T082202_20260803T082233_008828_01182E_7710",
        "source_arquivo_id": null,
        "patch_id": 13,
        "patch_name": "patch_0014_VV",
        "geotiff_name": "patch_0014_VV_sigma0_preproc.tif",
        "polarization": "VV",
        "input_scale": "linear",
        "georef_method": "snap_geolocation_grid",
        "geocoding_method": "geolocation_grid",
        "geolocation_grid_status": null,
        "snap_geolocation_grid_used": null,
        "raster_crs": "EPSG:4326",
        "raster_transform": [
          0.00011483276819298234,
          0.0,
          -45.58146110882534,
          0.0,
          -0.0001171554311711674,
          -23.236317697279436,
          0.0,
          0.0,
          1.0
        ],
        "core_bbox_pixels": {
          "x0": 0,
          "y0": 2000,
          "x1": 2000,
          "y1": 4000
        },
        "processing_bbox_pixels": {
          "x0": 0,
          "y0": 1840,
          "x1": 2160,
          "y1": 4160
        },
        "core_bounds_lonlat": {
          "west": -42.92252069954241,
          "south": -23.95295446699148,
          "east": -42.68514524671914,
          "north": -23.731458993379018
        },
        "processing_bounds_lonlat": {
          "west": -42.94154513233742,
          "south": -23.967198997837784,
          "east": -42.68139951855875,
          "north": -23.713727342232747
        },
        "halo_pixels": 160,
        "valid_bbox_fraction": 1.0,
        "artifact_aspect_ratio": 3.0,
        "land_mask_info": {
          "enabled": true,
          "applied": true,
          "status": "ok",
          "stage": "cfar_water_mask",
          "resampled_shape": [
            773,
            720
          ],
          "sample_shape": [
            128,
            119
          ],
          "sample_max_dim": 128,
          "available": true,
          "method": "natural_earth_land_point_mask",
          "bounds_lonlat": {
            "west": -42.92252069954241,
            "south": -23.95295446699148,
            "east": -42.68514524671914,
            "north": -23.731458993379018
          },
          "mask_path": "/content/sismom_colab_work_v2/sources/api/copernicus_meta_1-main/copernicus-platform/frontend/public/shapes/ne_10m_land/ne_10m_land.shp",
          "land_buffer_degrees": 0.0,
          "valid_geolocation_points": 15232,
          "land_points": 0,
          "water_points": 15232,
          "land_fraction": 0.0,
          "water_fraction": 1.0,
          "valid_pixels_before_land_mask": 473076,
          "valid_pixels_after_land_mask": 473076,
          "pixels_masked_by_land": 0,
          "valid_water_fraction": 1.0,
          "land_skip_threshold": 0.99,
          "min_water_fraction": 0.01,
          "skip_land_tiles": true,
          "skipped": false,
          "reason": "water_candidate",
          "message": "CFAR restrito aos pixels de água."
        },
        "land_fraction": 0.0,
        "water_fraction": 1.0,
        "valid_water_fraction": 1.0,
        "land_mask_method": "natural_earth_land_point_mask",
        "wave_age": null,
        "wave_age_class": null,
        "wave_age_factor": 1.35,
        "wave_age_status": "fallback",
        "era5_time": null,
        "era5_lon": null,
        "era5_lat": null,
        "u10": null,
        "peak_wave_period": null,
        "friction_velocity": null,
        "phase_speed": null,
        "patch_label": "P014",
        "id": 24,
        "source": "cfar",
        "detection_method": "cfar"
      }
    },
    {
      "type": "Feature",
      "geometry": {
        "type": "Polygon",
        "coordinates": [
          [
            [
              -43.00770348874626,
              -23.71627642593514
            ],
            [
              -43.008274341391605,
              -23.716145074332445
            ],
            [
              -43.00869953338028,
              -23.717746850412862
            ],
            [
              -43.008128674197025,
              -23.717878203657712
            ],
            [
              -43.00770348874626,
              -23.71627642593514
            ]
          ]
        ]
      },
      "properties": {
        "lat": -23.717011638584538,
        "lon": -43.008201509428794,
        "area_px": 9,
        "min_sigma0_dB": -5.079999923706055,
        "mean_sigma0_dB": -1.0499999523162842,
        "max_sigma0_dB": 5.360000133514404,
        "threshold_cfar_dB": -8.92,
        "pixel_coords": {
          "row": 330,
          "col": 1512,
          "row_resampled": 110,
          "col_resampled": 504
        },
        "bbox_pixel_coords": {
          "row_min": 321,
          "row_max": 339,
          "col_min": 1509,
          "col_max": 1515
        },
        "global_pixel_coords": {
          "row": 2170,
          "col": 3352
        },
        "source_product": "S1C_IW_GRDH_1SDV_20260803T082202_20260803T082233_008828_01182E_7710",
        "source_arquivo_id": null,
        "patch_id": 14,
        "patch_name": "patch_0015_VV",
        "geotiff_name": "patch_0015_VV_sigma0_preproc.tif",
        "polarization": "VV",
        "input_scale": "linear",
        "georef_method": "snap_geolocation_grid",
        "geocoding_method": "geolocation_grid",
        "geolocation_grid_status": null,
        "snap_geolocation_grid_used": null,
        "raster_crs": "EPSG:4326",
        "raster_transform": [
          0.00011483276819298234,
          0.0,
          -45.37016881535025,
          0.0,
          -0.0001171554311711674,
          -23.236317697279436,
          0.0,
          0.0,
          1.0
        ],
        "core_bbox_pixels": {
          "x0": 2000,
          "y0": 2000,
          "x1": 4000,
          "y1": 4000
        },
        "processing_bbox_pixels": {
          "x0": 1840,
          "y0": 1840,
          "x1": 4160,
          "y1": 4160
        },
        "core_bounds_lonlat": {
          "west": -43.113044857455826,
          "south": -23.90936130712527,
          "east": -42.875543690201006,
          "north": -23.68770977626787
        },
        "processing_bounds_lonlat": {
          "west": -43.13207580551765,
          "south": -23.927096834987314,
          "east": -42.85655227560384,
          "north": -23.669959350984325
        },
        "halo_pixels": 160,
        "valid_bbox_fraction": 1.0,
        "artifact_aspect_ratio": 2.3333,
        "land_mask_info": {
          "enabled": true,
          "applied": true,
          "status": "ok",
          "stage": "cfar_water_mask",
          "resampled_shape": [
            773,
            773
          ],
          "sample_shape": [
            128,
            128
          ],
          "sample_max_dim": 128,
          "available": true,
          "method": "natural_earth_land_point_mask",
          "bounds_lonlat": {
            "west": -43.113044857455826,
            "south": -23.90936130712527,
            "east": -42.875543690201006,
            "north": -23.68770977626787
          },
          "mask_path": "/content/sismom_colab_work_v2/sources/api/copernicus_meta_1-main/copernicus-platform/frontend/public/shapes/ne_10m_land/ne_10m_land.shp",
          "land_buffer_degrees": 0.0,
          "valid_geolocation_points": 16384,
          "land_points": 0,
          "water_points": 16384,
          "land_fraction": 0.0,
          "water_fraction": 1.0,
          "valid_pixels_before_land_mask": 597529,
          "valid_pixels_after_land_mask": 597529,
          "pixels_masked_by_land": 0,
          "valid_water_fraction": 1.0,
          "land_skip_threshold": 0.99,
          "min_water_fraction": 0.01,
          "skip_land_tiles": true,
          "skipped": false,
          "reason": "water_candidate",
          "message": "CFAR restrito aos pixels de água."
        },
        "land_fraction": 0.0,
        "water_fraction": 1.0,
        "valid_water_fraction": 1.0,
        "land_mask_method": "natural_earth_land_point_mask",
        "wave_age": null,
        "wave_age_class": null,
        "wave_age_factor": 1.35,
        "wave_age_status": "fallback",
        "era5_time": null,
        "era5_lon": null,
        "era5_lat": null,
        "u10": null,
        "peak_wave_period": null,
        "friction_velocity": null,
        "phase_speed": null,
        "patch_label": "P015",
        "id": 25,
        "source": "cfar",
        "detection_method": "cfar"
      }
    },
    {
      "type": "Feature",
      "geometry": {
        "type": "Polygon",
        "coordinates": [
          [
            [
              -43.11904134585082,
              -23.690034940459654
            ],
            [
              -43.120753191870364,
              -23.68963954770672
            ],
            [
              -43.1209664264701,
              -23.690440273721
            ],
            [
              -43.119254570811,
              -23.690835668937165
            ],
            [
              -43.11904134585082,
              -23.690034940459654
            ]
          ]
        ]
      },
      "properties": {
        "lat": -23.69010415316515,
        "lon": -43.11996834545346,
        "area_px": 16,
        "min_sigma0_dB": -6.25,
        "mean_sigma0_dB": 1.8200000524520874,
        "max_sigma0_dB": 12.359999656677246,
        "threshold_cfar_dB": -6.38,
        "pixel_coords": {
          "row": 318,
          "col": 690,
          "row_resampled": 106,
          "col_resampled": 230
        },
        "bbox_pixel_coords": {
          "row_min": 315,
          "row_max": 324,
          "col_min": 681,
          "col_max": 699
        },
        "global_pixel_coords": {
          "row": 2158,
          "col": 4530
        },
        "source_product": "S1C_IW_GRDH_1SDV_20260803T082202_20260803T082233_008828_01182E_7710",
        "source_arquivo_id": null,
        "patch_id": 15,
        "patch_name": "patch_0016_VV",
        "geotiff_name": "patch_0016_VV_sigma0_preproc.tif",
        "polarization": "VV",
        "input_scale": "linear",
        "georef_method": "snap_geolocation_grid",
        "geocoding_method": "geolocation_grid",
        "geolocation_grid_status": null,
        "snap_geolocation_grid_used": null,
        "raster_crs": "EPSG:4326",
        "raster_transform": [
          0.00011483276819298234,
          0.0,
          -45.14050327896428,
          0.0,
          -0.0001171554311711674,
          -23.236317697279436,
          0.0,
          0.0,
          1.0
        ],
        "core_bbox_pixels": {
          "x0": 4000,
          "y0": 2000,
          "x1": 6000,
          "y1": 4000
        },
        "processing_bbox_pixels": {
          "x0": 3840,
          "y0": 1840,
          "x1": 6160,
          "y1": 4160
        },
        "core_bounds_lonlat": {
          "west": -43.30343486325153,
          "south": -23.865552019107295,
          "east": -43.0658255207957,
          "north": -23.643718118086046
        },
        "processing_bounds_lonlat": {
          "west": -43.32247877839244,
          "south": -23.88330629817324,
          "east": -43.046827436958516,
          "north": -23.62596108413411
        },
        "halo_pixels": 160,
        "valid_bbox_fraction": 1.0,
        "artifact_aspect_ratio": 1.75,
        "land_mask_info": {
          "enabled": true,
          "applied": true,
          "status": "ok",
          "stage": "cfar_water_mask",
          "resampled_shape": [
            773,
            773
          ],
          "sample_shape": [
            128,
            128
          ],
          "sample_max_dim": 128,
          "available": true,
          "method": "natural_earth_land_point_mask",
          "bounds_lonlat": {
            "west": -43.30343486325153,
            "south": -23.865552019107295,
            "east": -43.0658255207957,
            "north": -23.643718118086046
          },
          "mask_path": "/content/sismom_colab_work_v2/sources/api/copernicus_meta_1-main/copernicus-platform/frontend/public/shapes/ne_10m_land/ne_10m_land.shp",
          "land_buffer_degrees": 0.0,
          "valid_geolocation_points": 16384,
          "land_points": 0,
          "water_points": 16384,
          "land_fraction": 0.0,
          "water_fraction": 1.0,
          "valid_pixels_before_land_mask": 597529,
          "valid_pixels_after_land_mask": 597529,
          "pixels_masked_by_land": 0,
          "valid_water_fraction": 1.0,
          "land_skip_threshold": 0.99,
          "min_water_fraction": 0.01,
          "skip_land_tiles": true,
          "skipped": false,
          "reason": "water_candidate",
          "message": "CFAR restrito aos pixels de água."
        },
        "land_fraction": 0.0,
        "water_fraction": 1.0,
        "valid_water_fraction": 1.0,
        "land_mask_method": "natural_earth_land_point_mask",
        "wave_age": null,
        "wave_age_class": null,
        "wave_age_factor": 1.35,
        "wave_age_status": "fallback",
        "era5_time": null,
        "era5_lon": null,
        "era5_lat": null,
        "u10": null,
        "peak_wave_period": null,
        "friction_velocity": null,
        "phase_speed": null,
        "patch_label": "P016",
        "id": 26,
        "source": "cfar",
        "detection_method": "cfar"
      }
    },
    {
      "type": "Feature",
      "geometry": {
        "type": "Polygon",
        "coordinates": [
          [
            [
              -43.15655376041124,
              -23.777417834816422
            ],
            [
              -43.15798120637111,
              -23.777088108901296
            ],
            [
              -43.15833672056466,
              -23.778422620783797
            ],
            [
              -43.1569092612162,
              -23.778752350120083
            ],
            [
              -43.15655376041124,
              -23.777417834816422
            ]
          ]
        ]
      },
      "properties": {
        "lat": -23.777819750024452,
        "lon": -43.15726694127203,
        "area_px": 16,
        "min_sigma0_dB": -6.630000114440918,
        "mean_sigma0_dB": 1.25,
        "max_sigma0_dB": 12.630000114440918,
        "threshold_cfar_dB": -6.92,
        "pixel_coords": {
          "row": 1338,
          "col": 828,
          "row_resampled": 446,
          "col_resampled": 276
        },
        "bbox_pixel_coords": {
          "row_min": 1332,
          "row_max": 1347,
          "col_min": 822,
          "col_max": 837
        },
        "global_pixel_coords": {
          "row": 3178,
          "col": 4668
        },
        "source_product": "S1C_IW_GRDH_1SDV_20260803T082202_20260803T082233_008828_01182E_7710",
        "source_arquivo_id": null,
        "patch_id": 15,
        "patch_name": "patch_0016_VV",
        "geotiff_name": "patch_0016_VV_sigma0_preproc.tif",
        "polarization": "VV",
        "input_scale": "linear",
        "georef_method": "snap_geolocation_grid",
        "geocoding_method": "geolocation_grid",
        "geolocation_grid_status": null,
        "snap_geolocation_grid_used": null,
        "raster_crs": "EPSG:4326",
        "raster_transform": [
          0.00011483276819298234,
          0.0,
          -45.14050327896428,
          0.0,
          -0.0001171554311711674,
          -23.236317697279436,
          0.0,
          0.0,
          1.0
        ],
        "core_bbox_pixels": {
          "x0": 4000,
          "y0": 2000,
          "x1": 6000,
          "y1": 4000
        },
        "processing_bbox_pixels": {
          "x0": 3840,
          "y0": 1840,
          "x1": 6160,
          "y1": 4160
        },
        "core_bounds_lonlat": {
          "west": -43.30343486325153,
          "south": -23.865552019107295,
          "east": -43.0658255207957,
          "north": -23.643718118086046
        },
        "processing_bounds_lonlat": {
          "west": -43.32247877839244,
          "south": -23.88330629817324,
          "east": -43.046827436958516,
          "north": -23.62596108413411
        },
        "halo_pixels": 160,
        "valid_bbox_fraction": 1.0,
        "artifact_aspect_ratio": 1.0,
        "land_mask_info": {
          "enabled": true,
          "applied": true,
          "status": "ok",
          "stage": "cfar_water_mask",
          "resampled_shape": [
            773,
            773
          ],
          "sample_shape": [
            128,
            128
          ],
          "sample_max_dim": 128,
          "available": true,
          "method": "natural_earth_land_point_mask",
          "bounds_lonlat": {
            "west": -43.30343486325153,
            "south": -23.865552019107295,
            "east": -43.0658255207957,
            "north": -23.643718118086046
          },
          "mask_path": "/content/sismom_colab_work_v2/sources/api/copernicus_meta_1-main/copernicus-platform/frontend/public/shapes/ne_10m_land/ne_10m_land.shp",
          "land_buffer_degrees": 0.0,
          "valid_geolocation_points": 16384,
          "land_points": 0,
          "water_points": 16384,
          "land_fraction": 0.0,
          "water_fraction": 1.0,
          "valid_pixels_before_land_mask": 597529,
          "valid_pixels_after_land_mask": 597529,
          "pixels_masked_by_land": 0,
          "valid_water_fraction": 1.0,
          "land_skip_threshold": 0.99,
          "min_water_fraction": 0.01,
          "skip_land_tiles": true,
          "skipped": false,
          "reason": "water_candidate",
          "message": "CFAR restrito aos pixels de água."
        },
        "land_fraction": 0.0,
        "water_fraction": 1.0,
        "valid_water_fraction": 1.0,
        "land_mask_method": "natural_earth_land_point_mask",
        "wave_age": null,
        "wave_age_class": null,
        "wave_age_factor": 1.35,
        "wave_age_status": "fallback",
        "era5_time": null,
        "era5_lon": null,
        "era5_lat": null,
        "u10": null,
        "peak_wave_period": null,
        "friction_velocity": null,
        "phase_speed": null,
        "patch_label": "P016",
        "id": 27,
        "source": "cfar",
        "detection_method": "cfar"
      }
    },
    {
      "type": "Feature",
      "geometry": {
        "type": "Polygon",
        "coordinates": [
          [
            [
              -43.55439362993039,
              -23.722326113793915
            ],
            [
              -43.55439362993039,
              -23.722326113793915
            ],
            [
              -43.55453731597331,
              -23.72285952487395
            ],
            [
              -43.55453731597331,
              -23.72285952487395
            ],
            [
              -43.55439362993039,
              -23.722326113793915
            ]
          ]
        ]
      },
      "properties": {
        "lat": -23.722592819333936,
        "lon": -43.55446547295184,
        "area_px": 3,
        "min_sigma0_dB": -8.029999732971191,
        "mean_sigma0_dB": -6.329999923706055,
        "max_sigma0_dB": -5.010000228881836,
        "threshold_cfar_dB": -11.74,
        "pixel_coords": {
          "row": 1731,
          "col": 906,
          "row_resampled": 577,
          "col_resampled": 302
        },
        "bbox_pixel_coords": {
          "row_min": 1728,
          "row_max": 1734,
          "col_min": 906,
          "col_max": 906
        },
        "global_pixel_coords": {
          "row": 3571,
          "col": 8746
        },
        "source_product": "S1C_IW_GRDH_1SDV_20260803T082202_20260803T082233_008828_01182E_7710",
        "source_arquivo_id": null,
        "patch_id": 17,
        "patch_name": "patch_0018_VV",
        "geotiff_name": "patch_0018_VV_sigma0_preproc.tif",
        "polarization": "VV",
        "input_scale": "linear",
        "georef_method": "snap_geolocation_grid",
        "geocoding_method": "geolocation_grid",
        "geolocation_grid_status": null,
        "snap_geolocation_grid_used": null,
        "raster_crs": "EPSG:4326",
        "raster_transform": [
          0.00011483276819298234,
          0.0,
          -44.68117220619236,
          0.0,
          -0.0001171554311711674,
          -23.236317697279436,
          0.0,
          0.0,
          1.0
        ],
        "core_bbox_pixels": {
          "x0": 8000,
          "y0": 2000,
          "x1": 10000,
          "y1": 4000
        },
        "processing_bbox_pixels": {
          "x0": 7840,
          "y0": 1840,
          "x1": 10160,
          "y1": 4160
        },
        "core_bounds_lonlat": {
          "west": -43.683834993714925,
          "south": -23.7772160548807,
          "east": -43.44599630326182,
          "north": -23.55505254570666
        },
        "processing_bounds_lonlat": {
          "west": -43.70289750384954,
          "south": -23.794996413602707,
          "east": -43.426979515386215,
          "north": -23.537270208779788
        },
        "halo_pixels": 160,
        "valid_bbox_fraction": 1.0,
        "artifact_aspect_ratio": 3.0,
        "land_mask_info": {
          "enabled": true,
          "applied": true,
          "status": "ok",
          "stage": "cfar_water_mask",
          "resampled_shape": [
            773,
            773
          ],
          "sample_shape": [
            128,
            128
          ],
          "sample_max_dim": 128,
          "available": true,
          "method": "natural_earth_land_point_mask",
          "bounds_lonlat": {
            "west": -43.683834993714925,
            "south": -23.7772160548807,
            "east": -43.44599630326182,
            "north": -23.55505254570666
          },
          "mask_path": "/content/sismom_colab_work_v2/sources/api/copernicus_meta_1-main/copernicus-platform/frontend/public/shapes/ne_10m_land/ne_10m_land.shp",
          "land_buffer_degrees": 0.0,
          "valid_geolocation_points": 16384,
          "land_points": 0,
          "water_points": 16384,
          "land_fraction": 0.0,
          "water_fraction": 1.0,
          "valid_pixels_before_land_mask": 597529,
          "valid_pixels_after_land_mask": 597529,
          "pixels_masked_by_land": 0,
          "valid_water_fraction": 1.0,
          "land_skip_threshold": 0.99,
          "min_water_fraction": 0.01,
          "skip_land_tiles": true,
          "skipped": false,
          "reason": "water_candidate",
          "message": "CFAR restrito aos pixels de água."
        },
        "land_fraction": 0.0,
        "water_fraction": 1.0,
        "valid_water_fraction": 1.0,
        "land_mask_method": "natural_earth_land_point_mask",
        "wave_age": null,
        "wave_age_class": null,
        "wave_age_factor": 1.35,
        "wave_age_status": "fallback",
        "era5_time": null,
        "era5_lon": null,
        "era5_lat": null,
        "u10": null,
        "peak_wave_period": null,
        "friction_velocity": null,
        "phase_speed": null,
        "patch_label": "P018",
        "id": 28,
        "source": "cfar",
        "detection_method": "cfar"
      }
    },
    {
      "type": "Feature",
      "geometry": {
        "type": "Polygon",
        "coordinates": [
          [
            [
              -44.12622442196721,
              -23.59558970060339
            ],
            [
              -44.12764734259718,
              -23.595250937083343
            ],
            [
              -44.12793896557749,
              -23.596316521139947
            ],
            [
              -44.126516034479195,
              -23.596655287973114
            ],
            [
              -44.12622442196721,
              -23.59558970060339
            ]
          ]
        ]
      },
      "properties": {
        "lat": -23.59598698821761,
        "lon": -44.12693939856886,
        "area_px": 16,
        "min_sigma0_dB": -9.609999656677246,
        "mean_sigma0_dB": -0.9100000262260437,
        "max_sigma0_dB": 10.449999809265137,
        "threshold_cfar_dB": -12.09,
        "pixel_coords": {
          "row": 1821,
          "col": 912,
          "row_resampled": 607,
          "col_resampled": 304
        },
        "bbox_pixel_coords": {
          "row_min": 1815,
          "row_max": 1827,
          "col_min": 906,
          "col_max": 921
        },
        "global_pixel_coords": {
          "row": 3661,
          "col": 14752
        },
        "source_product": "S1C_IW_GRDH_1SDV_20260803T082202_20260803T082233_008828_01182E_7710",
        "source_arquivo_id": null,
        "patch_id": 20,
        "patch_name": "patch_0021_VV",
        "geotiff_name": "patch_0021_VV_sigma0_preproc.tif",
        "polarization": "VV",
        "input_scale": "linear",
        "georef_method": "snap_geolocation_grid",
        "geocoding_method": "geolocation_grid",
        "geolocation_grid_status": null,
        "snap_geolocation_grid_used": null,
        "raster_crs": "EPSG:4326",
        "raster_transform": [
          0.00011483276819298234,
          0.0,
          -43.99217559703446,
          0.0,
          -0.0001171554311711674,
          -23.236317697279436,
          0.0,
          0.0,
          1.0
        ],
        "core_bbox_pixels": {
          "x0": 14000,
          "y0": 2000,
          "x1": 16000,
          "y1": 4000
        },
        "processing_bbox_pixels": {
          "x0": 13840,
          "y0": 1840,
          "x1": 16160,
          "y1": 4160
        },
        "core_bounds_lonlat": {
          "west": -44.253462538205326,
          "south": -23.642979043712135,
          "east": -44.015307461155786,
          "north": -23.42028549854414
        },
        "processing_bounds_lonlat": {
          "west": -44.27254869118968,
          "south": -23.66079041732869,
          "east": -43.99626009041169,
          "north": -23.40244197303836
        },
        "halo_pixels": 160,
        "valid_bbox_fraction": 1.0,
        "artifact_aspect_ratio": 1.2,
        "land_mask_info": {
          "enabled": true,
          "applied": true,
          "status": "ok",
          "stage": "cfar_water_mask",
          "resampled_shape": [
            773,
            773
          ],
          "sample_shape": [
            128,
            128
          ],
          "sample_max_dim": 128,
          "available": true,
          "method": "natural_earth_land_point_mask",
          "bounds_lonlat": {
            "west": -44.253462538205326,
            "south": -23.642979043712135,
            "east": -44.015307461155786,
            "north": -23.42028549854414
          },
          "mask_path": "/content/sismom_colab_work_v2/sources/api/copernicus_meta_1-main/copernicus-platform/frontend/public/shapes/ne_10m_land/ne_10m_land.shp",
          "land_buffer_degrees": 0.0,
          "valid_geolocation_points": 16384,
          "land_points": 0,
          "water_points": 16384,
          "land_fraction": 0.0,
          "water_fraction": 1.0,
          "valid_pixels_before_land_mask": 597529,
          "valid_pixels_after_land_mask": 597529,
          "pixels_masked_by_land": 0,
          "valid_water_fraction": 1.0,
          "land_skip_threshold": 0.99,
          "min_water_fraction": 0.01,
          "skip_land_tiles": true,
          "skipped": false,
          "reason": "water_candidate",
          "message": "CFAR restrito aos pixels de água."
        },
        "land_fraction": 0.0,
        "water_fraction": 1.0,
        "valid_water_fraction": 1.0,
        "land_mask_method": "natural_earth_land_point_mask",
        "wave_age": null,
        "wave_age_class": null,
        "wave_age_factor": 1.35,
        "wave_age_status": "fallback",
        "era5_time": null,
        "era5_lon": null,
        "era5_lat": null,
        "u10": null,
        "peak_wave_period": null,
        "friction_velocity": null,
        "phase_speed": null,
        "patch_label": "P021",
        "id": 29,
        "source": "cfar",
        "detection_method": "cfar"
      }
    },
    {
      "type": "Feature",
      "geometry": {
        "type": "Polygon",
        "coordinates": [
          [
            [
              -44.67201534410337,
              -23.354959903334493
            ],
            [
              -44.67290408273052,
              -23.35474434576858
            ],
            [
              -44.673190480539,
              -23.355810896766663
            ],
            [
              -44.67230201943993,
              -23.356026386744944
            ],
            [
              -44.67201534410337,
              -23.354959903334493
            ]
          ]
        ]
      },
      "properties": {
        "lat": -23.355349462524988,
        "lon": -44.67275108165528,
        "area_px": 8,
        "min_sigma0_dB": -8.449999809265137,
        "mean_sigma0_dB": -4.090000152587891,
        "max_sigma0_dB": 4.920000076293945,
        "threshold_cfar_dB": -8.54,
        "pixel_coords": {
          "row": 663,
          "col": 960,
          "row_resampled": 221,
          "col_resampled": 320
        },
        "bbox_pixel_coords": {
          "row_min": 657,
          "row_max": 669,
          "col_min": 954,
          "col_max": 963
        },
        "global_pixel_coords": {
          "row": 2503,
          "col": 20800
        },
        "source_product": "S1C_IW_GRDH_1SDV_20260803T082202_20260803T082233_008828_01182E_7710",
        "source_arquivo_id": null,
        "patch_id": 23,
        "patch_name": "patch_0024_VV",
        "geotiff_name": "patch_0024_VV_sigma0_preproc.tif",
        "polarization": "VV",
        "input_scale": "linear",
        "georef_method": "snap_geolocation_grid",
        "geocoding_method": "geolocation_grid",
        "geolocation_grid_status": null,
        "snap_geolocation_grid_used": null,
        "raster_crs": "EPSG:4326",
        "raster_transform": [
          0.00011483276819298234,
          0.0,
          -43.30317898787657,
          0.0,
          -0.0001171554311711674,
          -23.236317697279436,
          0.0,
          0.0,
          1.0
        ],
        "core_bbox_pixels": {
          "x0": 20000,
          "y0": 2000,
          "x1": 22000,
          "y1": 4000
        },
        "processing_bbox_pixels": {
          "x0": 19840,
          "y0": 1840,
          "x1": 22160,
          "y1": 4160
        },
        "core_bounds_lonlat": {
          "west": -44.82298881830918,
          "south": -23.506651951017187,
          "east": -44.58345600308959,
          "north": -23.28177128931269
        },
        "processing_bounds_lonlat": {
          "west": -44.84201017730915,
          "south": -23.524504502524017,
          "east": -44.5643863299239,
          "north": -23.263743579575078
        },
        "halo_pixels": 160,
        "valid_bbox_fraction": 1.0,
        "artifact_aspect_ratio": 1.25,
        "land_mask_info": {
          "enabled": true,
          "applied": true,
          "status": "ok",
          "stage": "cfar_water_mask",
          "resampled_shape": [
            773,
            773
          ],
          "sample_shape": [
            128,
            128
          ],
          "sample_max_dim": 128,
          "available": true,
          "method": "natural_earth_land_point_mask",
          "bounds_lonlat": {
            "west": -44.82298881830918,
            "south": -23.506651951017187,
            "east": -44.58345600308959,
            "north": -23.28177128931269
          },
          "mask_path": "/content/sismom_colab_work_v2/sources/api/copernicus_meta_1-main/copernicus-platform/frontend/public/shapes/ne_10m_land/ne_10m_land.shp",
          "land_buffer_degrees": 0.0,
          "valid_geolocation_points": 16384,
          "land_points": 5018,
          "water_points": 11366,
          "land_fraction": 0.3062744140625,
          "water_fraction": 0.6937255859375,
          "valid_pixels_before_land_mask": 597529,
          "valid_pixels_after_land_mask": 415471,
          "pixels_masked_by_land": 182058,
          "valid_water_fraction": 0.6953152064585987,
          "land_skip_threshold": 0.99,
          "min_water_fraction": 0.01,
          "skip_land_tiles": true,
          "skipped": false,
          "reason": "water_candidate",
          "message": "CFAR restrito aos pixels de água."
        },
        "land_fraction": 0.3062744140625,
        "water_fraction": 0.6937255859375,
        "valid_water_fraction": 0.6953152064585987,
        "land_mask_method": "natural_earth_land_point_mask",
        "wave_age": null,
        "wave_age_class": null,
        "wave_age_factor": 1.35,
        "wave_age_status": "fallback",
        "era5_time": null,
        "era5_lon": null,
        "era5_lat": null,
        "u10": null,
        "peak_wave_period": null,
        "friction_velocity": null,
        "phase_speed": null,
        "patch_label": "P024",
        "id": 30,
        "source": "cfar",
        "detection_method": "cfar"
      }
    },
    {
      "type": "Feature",
      "geometry": {
        "type": "Polygon",
        "coordinates": [
          [
            [
              -44.786911915375825,
              -23.376505646593934
            ],
            [
              -44.787767664061235,
              -23.37629738908872
            ],
            [
              -44.78789553556505,
              -23.376834396997147
            ],
            [
              -44.78703981030212,
              -23.377042648841247
            ],
            [
              -44.786911915375825,
              -23.376505646593934
            ]
          ]
        ]
      },
      "properties": {
        "lat": -23.376704729492705,
        "lon": -44.78726110849703,
        "area_px": 7,
        "min_sigma0_dB": -9.979999542236328,
        "mean_sigma0_dB": -8.5,
        "max_sigma0_dB": -5.610000133514404,
        "threshold_cfar_dB": -16.26,
        "pixel_coords": {
          "row": 1182,
          "col": 2010,
          "row_resampled": 394,
          "col_resampled": 670
        },
        "bbox_pixel_coords": {
          "row_min": 1179,
          "row_max": 1185,
          "col_min": 2007,
          "col_max": 2016
        },
        "global_pixel_coords": {
          "row": 3022,
          "col": 21850
        },
        "source_product": "S1C_IW_GRDH_1SDV_20260803T082202_20260803T082233_008828_01182E_7710",
        "source_arquivo_id": null,
        "patch_id": 23,
        "patch_name": "patch_0024_VV",
        "geotiff_name": "patch_0024_VV_sigma0_preproc.tif",
        "polarization": "VV",
        "input_scale": "linear",
        "georef_method": "snap_geolocation_grid",
        "geocoding_method": "geolocation_grid",
        "geolocation_grid_status": null,
        "snap_geolocation_grid_used": null,
        "raster_crs": "EPSG:4326",
        "raster_transform": [
          0.00011483276819298234,
          0.0,
          -43.30317898787657,
          0.0,
          -0.0001171554311711674,
          -23.236317697279436,
          0.0,
          0.0,
          1.0
        ],
        "core_bbox_pixels": {
          "x0": 20000,
          "y0": 2000,
          "x1": 22000,
          "y1": 4000
        },
        "processing_bbox_pixels": {
          "x0": 19840,
          "y0": 1840,
          "x1": 22160,
          "y1": 4160
        },
        "core_bounds_lonlat": {
          "west": -44.82298881830918,
          "south": -23.506651951017187,
          "east": -44.58345600308959,
          "north": -23.28177128931269
        },
        "processing_bounds_lonlat": {
          "west": -44.84201017730915,
          "south": -23.524504502524017,
          "east": -44.5643863299239,
          "north": -23.263743579575078
        },
        "halo_pixels": 160,
        "valid_bbox_fraction": 1.0,
        "artifact_aspect_ratio": 1.3333,
        "land_mask_info": {
          "enabled": true,
          "applied": true,
          "status": "ok",
          "stage": "cfar_water_mask",
          "resampled_shape": [
            773,
            773
          ],
          "sample_shape": [
            128,
            128
          ],
          "sample_max_dim": 128,
          "available": true,
          "method": "natural_earth_land_point_mask",
          "bounds_lonlat": {
            "west": -44.82298881830918,
            "south": -23.506651951017187,
            "east": -44.58345600308959,
            "north": -23.28177128931269
          },
          "mask_path": "/content/sismom_colab_work_v2/sources/api/copernicus_meta_1-main/copernicus-platform/frontend/public/shapes/ne_10m_land/ne_10m_land.shp",
          "land_buffer_degrees": 0.0,
          "valid_geolocation_points": 16384,
          "land_points": 5018,
          "water_points": 11366,
          "land_fraction": 0.3062744140625,
          "water_fraction": 0.6937255859375,
          "valid_pixels_before_land_mask": 597529,
          "valid_pixels_after_land_mask": 415471,
          "pixels_masked_by_land": 182058,
          "valid_water_fraction": 0.6953152064585987,
          "land_skip_threshold": 0.99,
          "min_water_fraction": 0.01,
          "skip_land_tiles": true,
          "skipped": false,
          "reason": "water_candidate",
          "message": "CFAR restrito aos pixels de água."
        },
        "land_fraction": 0.3062744140625,
        "water_fraction": 0.6937255859375,
        "valid_water_fraction": 0.6953152064585987,
        "land_mask_method": "natural_earth_land_point_mask",
        "wave_age": null,
        "wave_age_class": null,
        "wave_age_factor": 1.35,
        "wave_age_status": "fallback",
        "era5_time": null,
        "era5_lon": null,
        "era5_lat": null,
        "u10": null,
        "peak_wave_period": null,
        "friction_velocity": null,
        "phase_speed": null,
        "patch_label": "P024",
        "id": 31,
        "source": "cfar",
        "detection_method": "cfar"
      }
    },
    {
      "type": "Feature",
      "geometry": {
        "type": "Polygon",
        "coordinates": [
          [
            [
              -44.90643718870154,
              -23.349970563891198
            ],
            [
              -44.90731102410055,
              -23.349757306674995
            ],
            [
              -44.90781270413419,
              -23.35190768820698
            ],
            [
              -44.906938508562945,
              -23.35212103532926
            ],
            [
              -44.90643718870154,
              -23.349970563891198
            ]
          ]
        ]
      },
      "properties": {
        "lat": -23.35097469888715,
        "lon": -44.906979187127575,
        "area_px": 18,
        "min_sigma0_dB": -9.84000015258789,
        "mean_sigma0_dB": -5.400000095367432,
        "max_sigma0_dB": -0.9900000095367432,
        "threshold_cfar_dB": -16.07,
        "pixel_coords": {
          "row": 1218,
          "col": 1260,
          "row_resampled": 406,
          "col_resampled": 420
        },
        "bbox_pixel_coords": {
          "row_min": 1206,
          "row_max": 1230,
          "col_min": 1257,
          "col_max": 1266
        },
        "global_pixel_coords": {
          "row": 3058,
          "col": 23100
        },
        "source_product": "S1C_IW_GRDH_1SDV_20260803T082202_20260803T082233_008828_01182E_7710",
        "source_arquivo_id": null,
        "patch_id": 24,
        "patch_name": "patch_0025_VV",
        "geotiff_name": "patch_0025_VV_sigma0_preproc.tif",
        "polarization": "VV",
        "input_scale": "linear",
        "georef_method": "snap_geolocation_grid",
        "geocoding_method": "geolocation_grid",
        "geolocation_grid_status": null,
        "snap_geolocation_grid_used": null,
        "raster_crs": "EPSG:4326",
        "raster_transform": [
          0.00011483276819298234,
          0.0,
          -43.073513451490605,
          0.0,
          -0.0001171554311711674,
          -23.236317697279436,
          0.0,
          0.0,
          1.0
        ],
        "core_bbox_pixels": {
          "x0": 22000,
          "y0": 2000,
          "x1": 24000,
          "y1": 4000
        },
        "processing_bbox_pixels": {
          "x0": 21840,
          "y0": 1840,
          "x1": 24160,
          "y1": 4160
        },
        "core_bounds_lonlat": {
          "west": -45.016691632216286,
          "south": -23.46049688623982,
          "east": -44.77980644914995,
          "north": -23.235260147994946
        },
        "processing_bounds_lonlat": {
          "west": -45.03608388721964,
          "south": -23.478398285315738,
          "east": -44.76104381007504,
          "north": -23.2173173908699
        },
        "halo_pixels": 160,
        "valid_bbox_fraction": 1.0,
        "artifact_aspect_ratio": 2.25,
        "land_mask_info": {
          "enabled": true,
          "applied": true,
          "status": "ok",
          "stage": "cfar_water_mask",
          "resampled_shape": [
            773,
            773
          ],
          "sample_shape": [
            128,
            128
          ],
          "sample_max_dim": 128,
          "available": true,
          "method": "natural_earth_land_point_mask",
          "bounds_lonlat": {
            "west": -45.016691632216286,
            "south": -23.46049688623982,
            "east": -44.77980644914995,
            "north": -23.235260147994946
          },
          "mask_path": "/content/sismom_colab_work_v2/sources/api/copernicus_meta_1-main/copernicus-platform/frontend/public/shapes/ne_10m_land/ne_10m_land.shp",
          "land_buffer_degrees": 0.0,
          "valid_geolocation_points": 16384,
          "land_points": 10367,
          "water_points": 6017,
          "land_fraction": 0.63275146484375,
          "water_fraction": 0.36724853515625,
          "valid_pixels_before_land_mask": 597529,
          "valid_pixels_after_land_mask": 219311,
          "pixels_masked_by_land": 378218,
          "valid_water_fraction": 0.36702988474199577,
          "land_skip_threshold": 0.99,
          "min_water_fraction": 0.01,
          "skip_land_tiles": true,
          "skipped": false,
          "reason": "water_candidate",
          "message": "CFAR restrito aos pixels de água."
        },
        "land_fraction": 0.63275146484375,
        "water_fraction": 0.36724853515625,
        "valid_water_fraction": 0.36702988474199577,
        "land_mask_method": "natural_earth_land_point_mask",
        "wave_age": null,
        "wave_age_class": null,
        "wave_age_factor": 1.35,
        "wave_age_status": "fallback",
        "era5_time": null,
        "era5_lon": null,
        "era5_lat": null,
        "u10": null,
        "peak_wave_period": null,
        "friction_velocity": null,
        "phase_speed": null,
        "patch_label": "P025",
        "id": 32,
        "source": "cfar",
        "detection_method": "cfar"
      }
    },
    {
      "type": "Feature",
      "geometry": {
        "type": "Polygon",
        "coordinates": [
          [
            [
              -44.82884670114459,
              -23.385900605486935
            ],
            [
              -44.82941666202308,
              -23.385761897355707
            ],
            [
              -44.82941666202308,
              -23.385761897355707
            ],
            [
              -44.82884670114459,
              -23.385900605486935
            ],
            [
              -44.82884670114459,
              -23.385900605486935
            ]
          ]
        ]
      },
      "properties": {
        "lat": -23.385831251421322,
        "lon": -44.82913168158383,
        "area_px": 3,
        "min_sigma0_dB": -2.680000066757202,
        "mean_sigma0_dB": -1.9500000476837158,
        "max_sigma0_dB": -1.3200000524520874,
        "threshold_cfar_dB": -3.2,
        "pixel_coords": {
          "row": 1386,
          "col": 405,
          "row_resampled": 462,
          "col_resampled": 135
        },
        "bbox_pixel_coords": {
          "row_min": 1386,
          "row_max": 1386,
          "col_min": 402,
          "col_max": 408
        },
        "global_pixel_coords": {
          "row": 3226,
          "col": 22245
        },
        "source_product": "S1C_IW_GRDH_1SDV_20260803T082202_20260803T082233_008828_01182E_7710",
        "source_arquivo_id": null,
        "patch_id": 24,
        "patch_name": "patch_0025_VV",
        "geotiff_name": "patch_0025_VV_sigma0_preproc.tif",
        "polarization": "VV",
        "input_scale": "linear",
        "georef_method": "snap_geolocation_grid",
        "geocoding_method": "geolocation_grid",
        "geolocation_grid_status": null,
        "snap_geolocation_grid_used": null,
        "raster_crs": "EPSG:4326",
        "raster_transform": [
          0.00011483276819298234,
          0.0,
          -43.073513451490605,
          0.0,
          -0.0001171554311711674,
          -23.236317697279436,
          0.0,
          0.0,
          1.0
        ],
        "core_bbox_pixels": {
          "x0": 22000,
          "y0": 2000,
          "x1": 24000,
          "y1": 4000
        },
        "processing_bbox_pixels": {
          "x0": 21840,
          "y0": 1840,
          "x1": 24160,
          "y1": 4160
        },
        "core_bounds_lonlat": {
          "west": -45.016691632216286,
          "south": -23.46049688623982,
          "east": -44.77980644914995,
          "north": -23.235260147994946
        },
        "processing_bounds_lonlat": {
          "west": -45.03608388721964,
          "south": -23.478398285315738,
          "east": -44.76104381007504,
          "north": -23.2173173908699
        },
        "halo_pixels": 160,
        "valid_bbox_fraction": 1.0,
        "artifact_aspect_ratio": 3.0,
        "land_mask_info": {
          "enabled": true,
          "applied": true,
          "status": "ok",
          "stage": "cfar_water_mask",
          "resampled_shape": [
            773,
            773
          ],
          "sample_shape": [
            128,
            128
          ],
          "sample_max_dim": 128,
          "available": true,
          "method": "natural_earth_land_point_mask",
          "bounds_lonlat": {
            "west": -45.016691632216286,
            "south": -23.46049688623982,
            "east": -44.77980644914995,
            "north": -23.235260147994946
          },
          "mask_path": "/content/sismom_colab_work_v2/sources/api/copernicus_meta_1-main/copernicus-platform/frontend/public/shapes/ne_10m_land/ne_10m_land.shp",
          "land_buffer_degrees": 0.0,
          "valid_geolocation_points": 16384,
          "land_points": 10367,
          "water_points": 6017,
          "land_fraction": 0.63275146484375,
          "water_fraction": 0.36724853515625,
          "valid_pixels_before_land_mask": 597529,
          "valid_pixels_after_land_mask": 219311,
          "pixels_masked_by_land": 378218,
          "valid_water_fraction": 0.36702988474199577,
          "land_skip_threshold": 0.99,
          "min_water_fraction": 0.01,
          "skip_land_tiles": true,
          "skipped": false,
          "reason": "water_candidate",
          "message": "CFAR restrito aos pixels de água."
        },
        "land_fraction": 0.63275146484375,
        "water_fraction": 0.36724853515625,
        "valid_water_fraction": 0.36702988474199577,
        "land_mask_method": "natural_earth_land_point_mask",
        "wave_age": null,
        "wave_age_class": null,
        "wave_age_factor": 1.35,
        "wave_age_status": "fallback",
        "era5_time": null,
        "era5_lon": null,
        "era5_lat": null,
        "u10": null,
        "peak_wave_period": null,
        "friction_velocity": null,
        "phase_speed": null,
        "patch_label": "P025",
        "id": 33,
        "source": "cfar",
        "detection_method": "cfar"
      }
    },
    {
      "type": "Feature",
      "geometry": {
        "type": "Polygon",
        "coordinates": [
          [
            [
              -44.905142935446776,
              -23.377274520717798
            ],
            [
              -44.90657549568061,
              -23.376925664952545
            ],
            [
              -44.90695025078864,
              -23.378538827682053
            ],
            [
              -44.905517687246586,
              -23.37888768500405
            ],
            [
              -44.905142935446776,
              -23.377274520717798
            ]
          ]
        ]
      },
      "properties": {
        "lat": -23.377941560243475,
        "lon": -44.90590333610186,
        "area_px": 12,
        "min_sigma0_dB": -4.070000171661377,
        "mean_sigma0_dB": -0.6700000166893005,
        "max_sigma0_dB": 5.300000190734863,
        "threshold_cfar_dB": -3.21,
        "pixel_coords": {
          "row": 1500,
          "col": 1188,
          "row_resampled": 500,
          "col_resampled": 396
        },
        "bbox_pixel_coords": {
          "row_min": 1491,
          "row_max": 1509,
          "col_min": 1182,
          "col_max": 1197
        },
        "global_pixel_coords": {
          "row": 3340,
          "col": 23028
        },
        "source_product": "S1C_IW_GRDH_1SDV_20260803T082202_20260803T082233_008828_01182E_7710",
        "source_arquivo_id": null,
        "patch_id": 24,
        "patch_name": "patch_0025_VV",
        "geotiff_name": "patch_0025_VV_sigma0_preproc.tif",
        "polarization": "VV",
        "input_scale": "linear",
        "georef_method": "snap_geolocation_grid",
        "geocoding_method": "geolocation_grid",
        "geolocation_grid_status": null,
        "snap_geolocation_grid_used": null,
        "raster_crs": "EPSG:4326",
        "raster_transform": [
          0.00011483276819298234,
          0.0,
          -43.073513451490605,
          0.0,
          -0.0001171554311711674,
          -23.236317697279436,
          0.0,
          0.0,
          1.0
        ],
        "core_bbox_pixels": {
          "x0": 22000,
          "y0": 2000,
          "x1": 24000,
          "y1": 4000
        },
        "processing_bbox_pixels": {
          "x0": 21840,
          "y0": 1840,
          "x1": 24160,
          "y1": 4160
        },
        "core_bounds_lonlat": {
          "west": -45.016691632216286,
          "south": -23.46049688623982,
          "east": -44.77980644914995,
          "north": -23.235260147994946
        },
        "processing_bounds_lonlat": {
          "west": -45.03608388721964,
          "south": -23.478398285315738,
          "east": -44.76104381007504,
          "north": -23.2173173908699
        },
        "halo_pixels": 160,
        "valid_bbox_fraction": 1.0,
        "artifact_aspect_ratio": 1.1667,
        "land_mask_info": {
          "enabled": true,
          "applied": true,
          "status": "ok",
          "stage": "cfar_water_mask",
          "resampled_shape": [
            773,
            773
          ],
          "sample_shape": [
            128,
            128
          ],
          "sample_max_dim": 128,
          "available": true,
          "method": "natural_earth_land_point_mask",
          "bounds_lonlat": {
            "west": -45.016691632216286,
            "south": -23.46049688623982,
            "east": -44.77980644914995,
            "north": -23.235260147994946
          },
          "mask_path": "/content/sismom_colab_work_v2/sources/api/copernicus_meta_1-main/copernicus-platform/frontend/public/shapes/ne_10m_land/ne_10m_land.shp",
          "land_buffer_degrees": 0.0,
          "valid_geolocation_points": 16384,
          "land_points": 10367,
          "water_points": 6017,
          "land_fraction": 0.63275146484375,
          "water_fraction": 0.36724853515625,
          "valid_pixels_before_land_mask": 597529,
          "valid_pixels_after_land_mask": 219311,
          "pixels_masked_by_land": 378218,
          "valid_water_fraction": 0.36702988474199577,
          "land_skip_threshold": 0.99,
          "min_water_fraction": 0.01,
          "skip_land_tiles": true,
          "skipped": false,
          "reason": "water_candidate",
          "message": "CFAR restrito aos pixels de água."
        },
        "land_fraction": 0.63275146484375,
        "water_fraction": 0.36724853515625,
        "valid_water_fraction": 0.36702988474199577,
        "land_mask_method": "natural_earth_land_point_mask",
        "wave_age": null,
        "wave_age_class": null,
        "wave_age_factor": 1.35,
        "wave_age_status": "fallback",
        "era5_time": null,
        "era5_lon": null,
        "era5_lat": null,
        "u10": null,
        "peak_wave_period": null,
        "friction_velocity": null,
        "phase_speed": null,
        "patch_label": "P025",
        "id": 34,
        "source": "cfar",
        "detection_method": "cfar"
      }
    },
    {
      "type": "Feature",
      "geometry": {
        "type": "Polygon",
        "coordinates": [
          [
            [
              -44.8898982833736,
              -23.382973410583674
            ],
            [
              -44.89075273249231,
              -23.38276546727019
            ],
            [
              -44.891128461417416,
              -23.3843783969032
            ],
            [
              -44.89027408256603,
              -23.384586323233357
            ],
            [
              -44.8898982833736,
              -23.382973410583674
            ]
          ]
        ]
      },
      "properties": {
        "lat": -23.38371055530124,
        "lon": -44.89037098764106,
        "area_px": 13,
        "min_sigma0_dB": -9.220000267028809,
        "mean_sigma0_dB": -6.239999771118164,
        "max_sigma0_dB": -3.130000114440918,
        "threshold_cfar_dB": -15.05,
        "pixel_coords": {
          "row": 1521,
          "col": 1020,
          "row_resampled": 507,
          "col_resampled": 340
        },
        "bbox_pixel_coords": {
          "row_min": 1512,
          "row_max": 1530,
          "col_min": 1017,
          "col_max": 1026
        },
        "global_pixel_coords": {
          "row": 3361,
          "col": 22860
        },
        "source_product": "S1C_IW_GRDH_1SDV_20260803T082202_20260803T082233_008828_01182E_7710",
        "source_arquivo_id": null,
        "patch_id": 24,
        "patch_name": "patch_0025_VV",
        "geotiff_name": "patch_0025_VV_sigma0_preproc.tif",
        "polarization": "VV",
        "input_scale": "linear",
        "georef_method": "snap_geolocation_grid",
        "geocoding_method": "geolocation_grid",
        "geolocation_grid_status": null,
        "snap_geolocation_grid_used": null,
        "raster_crs": "EPSG:4326",
        "raster_transform": [
          0.00011483276819298234,
          0.0,
          -43.073513451490605,
          0.0,
          -0.0001171554311711674,
          -23.236317697279436,
          0.0,
          0.0,
          1.0
        ],
        "core_bbox_pixels": {
          "x0": 22000,
          "y0": 2000,
          "x1": 24000,
          "y1": 4000
        },
        "processing_bbox_pixels": {
          "x0": 21840,
          "y0": 1840,
          "x1": 24160,
          "y1": 4160
        },
        "core_bounds_lonlat": {
          "west": -45.016691632216286,
          "south": -23.46049688623982,
          "east": -44.77980644914995,
          "north": -23.235260147994946
        },
        "processing_bounds_lonlat": {
          "west": -45.03608388721964,
          "south": -23.478398285315738,
          "east": -44.76104381007504,
          "north": -23.2173173908699
        },
        "halo_pixels": 160,
        "valid_bbox_fraction": 1.0,
        "artifact_aspect_ratio": 1.75,
        "land_mask_info": {
          "enabled": true,
          "applied": true,
          "status": "ok",
          "stage": "cfar_water_mask",
          "resampled_shape": [
            773,
            773
          ],
          "sample_shape": [
            128,
            128
          ],
          "sample_max_dim": 128,
          "available": true,
          "method": "natural_earth_land_point_mask",
          "bounds_lonlat": {
            "west": -45.016691632216286,
            "south": -23.46049688623982,
            "east": -44.77980644914995,
            "north": -23.235260147994946
          },
          "mask_path": "/content/sismom_colab_work_v2/sources/api/copernicus_meta_1-main/copernicus-platform/frontend/public/shapes/ne_10m_land/ne_10m_land.shp",
          "land_buffer_degrees": 0.0,
          "valid_geolocation_points": 16384,
          "land_points": 10367,
          "water_points": 6017,
          "land_fraction": 0.63275146484375,
          "water_fraction": 0.36724853515625,
          "valid_pixels_before_land_mask": 597529,
          "valid_pixels_after_land_mask": 219311,
          "pixels_masked_by_land": 378218,
          "valid_water_fraction": 0.36702988474199577,
          "land_skip_threshold": 0.99,
          "min_water_fraction": 0.01,
          "skip_land_tiles": true,
          "skipped": false,
          "reason": "water_candidate",
          "message": "CFAR restrito aos pixels de água."
        },
        "land_fraction": 0.63275146484375,
        "water_fraction": 0.36724853515625,
        "valid_water_fraction": 0.36702988474199577,
        "land_mask_method": "natural_earth_land_point_mask",
        "wave_age": null,
        "wave_age_class": null,
        "wave_age_factor": 1.35,
        "wave_age_status": "fallback",
        "era5_time": null,
        "era5_lon": null,
        "era5_lat": null,
        "u10": null,
        "peak_wave_period": null,
        "friction_velocity": null,
        "phase_speed": null,
        "patch_label": "P025",
        "id": 35,
        "source": "cfar",
        "detection_method": "cfar"
      }
    },
    {
      "type": "Feature",
      "geometry": {
        "type": "Polygon",
        "coordinates": [
          [
            [
              -44.88976139885841,
              -23.387551708348948
            ],
            [
              -44.890330906703646,
              -23.387413109665886
            ],
            [
              -44.8905188297206,
              -23.38821956032961
            ],
            [
              -44.889949345297815,
              -23.38835815335156
            ],
            [
              -44.88976139885841,
              -23.387551708348948
            ]
          ]
        ]
      },
      "properties": {
        "lat": -23.388020040896194,
        "lon": -44.890171442599815,
        "area_px": 5,
        "min_sigma0_dB": -9.850000381469727,
        "mean_sigma0_dB": -5.400000095367432,
        "max_sigma0_dB": -0.6000000238418579,
        "threshold_cfar_dB": -15.62,
        "pixel_coords": {
          "row": 1566,
          "col": 1008,
          "row_resampled": 522,
          "col_resampled": 336
        },
        "bbox_pixel_coords": {
          "row_min": 1560,
          "row_max": 1569,
          "col_min": 1005,
          "col_max": 1011
        },
        "global_pixel_coords": {
          "row": 3406,
          "col": 22848
        },
        "source_product": "S1C_IW_GRDH_1SDV_20260803T082202_20260803T082233_008828_01182E_7710",
        "source_arquivo_id": null,
        "patch_id": 24,
        "patch_name": "patch_0025_VV",
        "geotiff_name": "patch_0025_VV_sigma0_preproc.tif",
        "polarization": "VV",
        "input_scale": "linear",
        "georef_method": "snap_geolocation_grid",
        "geocoding_method": "geolocation_grid",
        "geolocation_grid_status": null,
        "snap_geolocation_grid_used": null,
        "raster_crs": "EPSG:4326",
        "raster_transform": [
          0.00011483276819298234,
          0.0,
          -43.073513451490605,
          0.0,
          -0.0001171554311711674,
          -23.236317697279436,
          0.0,
          0.0,
          1.0
        ],
        "core_bbox_pixels": {
          "x0": 22000,
          "y0": 2000,
          "x1": 24000,
          "y1": 4000
        },
        "processing_bbox_pixels": {
          "x0": 21840,
          "y0": 1840,
          "x1": 24160,
          "y1": 4160
        },
        "core_bounds_lonlat": {
          "west": -45.016691632216286,
          "south": -23.46049688623982,
          "east": -44.77980644914995,
          "north": -23.235260147994946
        },
        "processing_bounds_lonlat": {
          "west": -45.03608388721964,
          "south": -23.478398285315738,
          "east": -44.76104381007504,
          "north": -23.2173173908699
        },
        "halo_pixels": 160,
        "valid_bbox_fraction": 1.0,
        "artifact_aspect_ratio": 1.3333,
        "land_mask_info": {
          "enabled": true,
          "applied": true,
          "status": "ok",
          "stage": "cfar_water_mask",
          "resampled_shape": [
            773,
            773
          ],
          "sample_shape": [
            128,
            128
          ],
          "sample_max_dim": 128,
          "available": true,
          "method": "natural_earth_land_point_mask",
          "bounds_lonlat": {
            "west": -45.016691632216286,
            "south": -23.46049688623982,
            "east": -44.77980644914995,
            "north": -23.235260147994946
          },
          "mask_path": "/content/sismom_colab_work_v2/sources/api/copernicus_meta_1-main/copernicus-platform/frontend/public/shapes/ne_10m_land/ne_10m_land.shp",
          "land_buffer_degrees": 0.0,
          "valid_geolocation_points": 16384,
          "land_points": 10367,
          "water_points": 6017,
          "land_fraction": 0.63275146484375,
          "water_fraction": 0.36724853515625,
          "valid_pixels_before_land_mask": 597529,
          "valid_pixels_after_land_mask": 219311,
          "pixels_masked_by_land": 378218,
          "valid_water_fraction": 0.36702988474199577,
          "land_skip_threshold": 0.99,
          "min_water_fraction": 0.01,
          "skip_land_tiles": true,
          "skipped": false,
          "reason": "water_candidate",
          "message": "CFAR restrito aos pixels de água."
        },
        "land_fraction": 0.63275146484375,
        "water_fraction": 0.36724853515625,
        "valid_water_fraction": 0.36702988474199577,
        "land_mask_method": "natural_earth_land_point_mask",
        "wave_age": null,
        "wave_age_class": null,
        "wave_age_factor": 1.35,
        "wave_age_status": "fallback",
        "era5_time": null,
        "era5_lon": null,
        "era5_lat": null,
        "u10": null,
        "peak_wave_period": null,
        "friction_velocity": null,
        "phase_speed": null,
        "patch_label": "P025",
        "id": 36,
        "source": "cfar",
        "detection_method": "cfar"
      }
    },
    {
      "type": "Feature",
      "geometry": {
        "type": "Polygon",
        "coordinates": [
          [
            [
              -44.93933795759904,
              -23.385969459474804
            ],
            [
              -44.93933795759904,
              -23.385969459474804
            ],
            [
              -44.93959570928429,
              -23.38704292889206
            ],
            [
              -44.93959570928429,
              -23.38704292889206
            ],
            [
              -44.93933795759904,
              -23.385969459474804
            ]
          ]
        ]
      },
      "properties": {
        "lat": -23.386506194183433,
        "lon": -44.939466833441664,
        "area_px": 5,
        "min_sigma0_dB": -2.9000000953674316,
        "mean_sigma0_dB": -1.4700000286102295,
        "max_sigma0_dB": -0.3100000023841858,
        "threshold_cfar_dB": -3.53,
        "pixel_coords": {
          "row": 1677,
          "col": 1491,
          "row_resampled": 559,
          "col_resampled": 497
        },
        "bbox_pixel_coords": {
          "row_min": 1671,
          "row_max": 1683,
          "col_min": 1491,
          "col_max": 1491
        },
        "global_pixel_coords": {
          "row": 3517,
          "col": 23331
        },
        "source_product": "S1C_IW_GRDH_1SDV_20260803T082202_20260803T082233_008828_01182E_7710",
        "source_arquivo_id": null,
        "patch_id": 24,
        "patch_name": "patch_0025_VV",
        "geotiff_name": "patch_0025_VV_sigma0_preproc.tif",
        "polarization": "VV",
        "input_scale": "linear",
        "georef_method": "snap_geolocation_grid",
        "geocoding_method": "geolocation_grid",
        "geolocation_grid_status": null,
        "snap_geolocation_grid_used": null,
        "raster_crs": "EPSG:4326",
        "raster_transform": [
          0.00011483276819298234,
          0.0,
          -43.073513451490605,
          0.0,
          -0.0001171554311711674,
          -23.236317697279436,
          0.0,
          0.0,
          1.0
        ],
        "core_bbox_pixels": {
          "x0": 22000,
          "y0": 2000,
          "x1": 24000,
          "y1": 4000
        },
        "processing_bbox_pixels": {
          "x0": 21840,
          "y0": 1840,
          "x1": 24160,
          "y1": 4160
        },
        "core_bounds_lonlat": {
          "west": -45.016691632216286,
          "south": -23.46049688623982,
          "east": -44.77980644914995,
          "north": -23.235260147994946
        },
        "processing_bounds_lonlat": {
          "west": -45.03608388721964,
          "south": -23.478398285315738,
          "east": -44.76104381007504,
          "north": -23.2173173908699
        },
        "halo_pixels": 160,
        "valid_bbox_fraction": 1.0,
        "artifact_aspect_ratio": 5.0,
        "land_mask_info": {
          "enabled": true,
          "applied": true,
          "status": "ok",
          "stage": "cfar_water_mask",
          "resampled_shape": [
            773,
            773
          ],
          "sample_shape": [
            128,
            128
          ],
          "sample_max_dim": 128,
          "available": true,
          "method": "natural_earth_land_point_mask",
          "bounds_lonlat": {
            "west": -45.016691632216286,
            "south": -23.46049688623982,
            "east": -44.77980644914995,
            "north": -23.235260147994946
          },
          "mask_path": "/content/sismom_colab_work_v2/sources/api/copernicus_meta_1-main/copernicus-platform/frontend/public/shapes/ne_10m_land/ne_10m_land.shp",
          "land_buffer_degrees": 0.0,
          "valid_geolocation_points": 16384,
          "land_points": 10367,
          "water_points": 6017,
          "land_fraction": 0.63275146484375,
          "water_fraction": 0.36724853515625,
          "valid_pixels_before_land_mask": 597529,
          "valid_pixels_after_land_mask": 219311,
          "pixels_masked_by_land": 378218,
          "valid_water_fraction": 0.36702988474199577,
          "land_skip_threshold": 0.99,
          "min_water_fraction": 0.01,
          "skip_land_tiles": true,
          "skipped": false,
          "reason": "water_candidate",
          "message": "CFAR restrito aos pixels de água."
        },
        "land_fraction": 0.63275146484375,
        "water_fraction": 0.36724853515625,
        "valid_water_fraction": 0.36702988474199577,
        "land_mask_method": "natural_earth_land_point_mask",
        "wave_age": null,
        "wave_age_class": null,
        "wave_age_factor": 1.35,
        "wave_age_status": "fallback",
        "era5_time": null,
        "era5_lon": null,
        "era5_lat": null,
        "u10": null,
        "peak_wave_period": null,
        "friction_velocity": null,
        "phase_speed": null,
        "patch_label": "P025",
        "id": 37,
        "source": "cfar",
        "detection_method": "cfar"
      }
    },
    {
      "type": "Feature",
      "geometry": {
        "type": "Polygon",
        "coordinates": [
          [
            [
              -44.90219247351993,
              -23.424010604682245
            ],
            [
              -44.90418277096927,
              -23.423526218871103
            ],
            [
              -44.905049269652885,
              -23.42672394607774
            ],
            [
              -44.90305899793364,
              -23.427208329584595
            ],
            [
              -44.90219247351993,
              -23.424010604682245
            ]
          ]
        ]
      },
      "properties": {
        "lat": -23.4254019634354,
        "lon": -44.90347834786634,
        "area_px": 44,
        "min_sigma0_dB": -10.0,
        "mean_sigma0_dB": -5.75,
        "max_sigma0_dB": 0.07000000029802322,
        "threshold_cfar_dB": -12.68,
        "pixel_coords": {
          "row": 1995,
          "col": 1050,
          "row_resampled": 665,
          "col_resampled": 350
        },
        "bbox_pixel_coords": {
          "row_min": 1977,
          "row_max": 2013,
          "col_min": 1041,
          "col_max": 1062
        },
        "global_pixel_coords": {
          "row": 3835,
          "col": 22890
        },
        "source_product": "S1C_IW_GRDH_1SDV_20260803T082202_20260803T082233_008828_01182E_7710",
        "source_arquivo_id": null,
        "patch_id": 24,
        "patch_name": "patch_0025_VV",
        "geotiff_name": "patch_0025_VV_sigma0_preproc.tif",
        "polarization": "VV",
        "input_scale": "linear",
        "georef_method": "snap_geolocation_grid",
        "geocoding_method": "geolocation_grid",
        "geolocation_grid_status": null,
        "snap_geolocation_grid_used": null,
        "raster_crs": "EPSG:4326",
        "raster_transform": [
          0.00011483276819298234,
          0.0,
          -43.073513451490605,
          0.0,
          -0.0001171554311711674,
          -23.236317697279436,
          0.0,
          0.0,
          1.0
        ],
        "core_bbox_pixels": {
          "x0": 22000,
          "y0": 2000,
          "x1": 24000,
          "y1": 4000
        },
        "processing_bbox_pixels": {
          "x0": 21840,
          "y0": 1840,
          "x1": 24160,
          "y1": 4160
        },
        "core_bounds_lonlat": {
          "west": -45.016691632216286,
          "south": -23.46049688623982,
          "east": -44.77980644914995,
          "north": -23.235260147994946
        },
        "processing_bounds_lonlat": {
          "west": -45.03608388721964,
          "south": -23.478398285315738,
          "east": -44.76104381007504,
          "north": -23.2173173908699
        },
        "halo_pixels": 160,
        "valid_bbox_fraction": 1.0,
        "artifact_aspect_ratio": 1.625,
        "land_mask_info": {
          "enabled": true,
          "applied": true,
          "status": "ok",
          "stage": "cfar_water_mask",
          "resampled_shape": [
            773,
            773
          ],
          "sample_shape": [
            128,
            128
          ],
          "sample_max_dim": 128,
          "available": true,
          "method": "natural_earth_land_point_mask",
          "bounds_lonlat": {
            "west": -45.016691632216286,
            "south": -23.46049688623982,
            "east": -44.77980644914995,
            "north": -23.235260147994946
          },
          "mask_path": "/content/sismom_colab_work_v2/sources/api/copernicus_meta_1-main/copernicus-platform/frontend/public/shapes/ne_10m_land/ne_10m_land.shp",
          "land_buffer_degrees": 0.0,
          "valid_geolocation_points": 16384,
          "land_points": 10367,
          "water_points": 6017,
          "land_fraction": 0.63275146484375,
          "water_fraction": 0.36724853515625,
          "valid_pixels_before_land_mask": 597529,
          "valid_pixels_after_land_mask": 219311,
          "pixels_masked_by_land": 378218,
          "valid_water_fraction": 0.36702988474199577,
          "land_skip_threshold": 0.99,
          "min_water_fraction": 0.01,
          "skip_land_tiles": true,
          "skipped": false,
          "reason": "water_candidate",
          "message": "CFAR restrito aos pixels de água."
        },
        "land_fraction": 0.63275146484375,
        "water_fraction": 0.36724853515625,
        "valid_water_fraction": 0.36702988474199577,
        "land_mask_method": "natural_earth_land_point_mask",
        "wave_age": null,
        "wave_age_class": null,
        "wave_age_factor": 1.35,
        "wave_age_status": "fallback",
        "era5_time": null,
        "era5_lon": null,
        "era5_lat": null,
        "u10": null,
        "peak_wave_period": null,
        "friction_velocity": null,
        "phase_speed": null,
        "patch_label": "P025",
        "id": 38,
        "source": "cfar",
        "detection_method": "cfar"
      }
    },
    {
      "type": "Feature",
      "geometry": {
        "type": "Polygon",
        "coordinates": [
          [
            [
              -44.90504451741211,
              -23.42558889918997
            ],
            [
              -44.90532884307718,
              -23.425519701459706
            ],
            [
              -44.905473380896346,
              -23.426052626124886
            ],
            [
              -44.905189055798154,
              -23.426121823811933
            ],
            [
              -44.90504451741211,
              -23.42558889918997
            ]
          ]
        ]
      },
      "properties": {
        "lat": -23.425786163792296,
        "lon": -44.90540111198676,
        "area_px": 3,
        "min_sigma0_dB": -9.40999984741211,
        "mean_sigma0_dB": -8.609999656677246,
        "max_sigma0_dB": -7.449999809265137,
        "threshold_cfar_dB": -12.84,
        "pixel_coords": {
          "row": 2004,
          "col": 1068,
          "row_resampled": 668,
          "col_resampled": 356
        },
        "bbox_pixel_coords": {
          "row_min": 2001,
          "row_max": 2007,
          "col_min": 1065,
          "col_max": 1068
        },
        "global_pixel_coords": {
          "row": 3844,
          "col": 22908
        },
        "source_product": "S1C_IW_GRDH_1SDV_20260803T082202_20260803T082233_008828_01182E_7710",
        "source_arquivo_id": null,
        "patch_id": 24,
        "patch_name": "patch_0025_VV",
        "geotiff_name": "patch_0025_VV_sigma0_preproc.tif",
        "polarization": "VV",
        "input_scale": "linear",
        "georef_method": "snap_geolocation_grid",
        "geocoding_method": "geolocation_grid",
        "geolocation_grid_status": null,
        "snap_geolocation_grid_used": null,
        "raster_crs": "EPSG:4326",
        "raster_transform": [
          0.00011483276819298234,
          0.0,
          -43.073513451490605,
          0.0,
          -0.0001171554311711674,
          -23.236317697279436,
          0.0,
          0.0,
          1.0
        ],
        "core_bbox_pixels": {
          "x0": 22000,
          "y0": 2000,
          "x1": 24000,
          "y1": 4000
        },
        "processing_bbox_pixels": {
          "x0": 21840,
          "y0": 1840,
          "x1": 24160,
          "y1": 4160
        },
        "core_bounds_lonlat": {
          "west": -45.016691632216286,
          "south": -23.46049688623982,
          "east": -44.77980644914995,
          "north": -23.235260147994946
        },
        "processing_bounds_lonlat": {
          "west": -45.03608388721964,
          "south": -23.478398285315738,
          "east": -44.76104381007504,
          "north": -23.2173173908699
        },
        "halo_pixels": 160,
        "valid_bbox_fraction": 1.0,
        "artifact_aspect_ratio": 1.5,
        "land_mask_info": {
          "enabled": true,
          "applied": true,
          "status": "ok",
          "stage": "cfar_water_mask",
          "resampled_shape": [
            773,
            773
          ],
          "sample_shape": [
            128,
            128
          ],
          "sample_max_dim": 128,
          "available": true,
          "method": "natural_earth_land_point_mask",
          "bounds_lonlat": {
            "west": -45.016691632216286,
            "south": -23.46049688623982,
            "east": -44.77980644914995,
            "north": -23.235260147994946
          },
          "mask_path": "/content/sismom_colab_work_v2/sources/api/copernicus_meta_1-main/copernicus-platform/frontend/public/shapes/ne_10m_land/ne_10m_land.shp",
          "land_buffer_degrees": 0.0,
          "valid_geolocation_points": 16384,
          "land_points": 10367,
          "water_points": 6017,
          "land_fraction": 0.63275146484375,
          "water_fraction": 0.36724853515625,
          "valid_pixels_before_land_mask": 597529,
          "valid_pixels_after_land_mask": 219311,
          "pixels_masked_by_land": 378218,
          "valid_water_fraction": 0.36702988474199577,
          "land_skip_threshold": 0.99,
          "min_water_fraction": 0.01,
          "skip_land_tiles": true,
          "skipped": false,
          "reason": "water_candidate",
          "message": "CFAR restrito aos pixels de água."
        },
        "land_fraction": 0.63275146484375,
        "water_fraction": 0.36724853515625,
        "valid_water_fraction": 0.36702988474199577,
        "land_mask_method": "natural_earth_land_point_mask",
        "wave_age": null,
        "wave_age_class": null,
        "wave_age_factor": 1.35,
        "wave_age_status": "fallback",
        "era5_time": null,
        "era5_lon": null,
        "era5_lat": null,
        "u10": null,
        "peak_wave_period": null,
        "friction_velocity": null,
        "phase_speed": null,
        "patch_label": "P025",
        "id": 39,
        "source": "cfar",
        "detection_method": "cfar"
      }
    },
    {
      "type": "Feature",
      "geometry": {
        "type": "Polygon",
        "coordinates": [
          [
            [
              -43.13009956400742,
              -23.87721836237519
            ],
            [
              -43.130670899268814,
              -23.87708637937778
            ],
            [
              -43.13088446854175,
              -23.8778870835993
            ],
            [
              -43.13031313000903,
              -23.878019067461004
            ],
            [
              -43.13009956400742,
              -23.87721836237519
            ]
          ]
        ]
      },
      "properties": {
        "lat": -23.877686173978926,
        "lon": -43.13052761006296,
        "area_px": 8,
        "min_sigma0_dB": -6.199999809265137,
        "mean_sigma0_dB": -1.7699999809265137,
        "max_sigma0_dB": 3.4800000190734863,
        "threshold_cfar_dB": -7.48,
        "pixel_coords": {
          "row": 330,
          "col": 300,
          "row_resampled": 110,
          "col_resampled": 100
        },
        "bbox_pixel_coords": {
          "row_min": 324,
          "row_max": 333,
          "col_min": 297,
          "col_max": 303
        },
        "global_pixel_coords": {
          "row": 4170,
          "col": 4140
        },
        "source_product": "S1C_IW_GRDH_1SDV_20260803T082202_20260803T082233_008828_01182E_7710",
        "source_arquivo_id": null,
        "patch_id": 28,
        "patch_name": "patch_0029_VV",
        "geotiff_name": "patch_0029_VV_sigma0_preproc.tif",
        "polarization": "VV",
        "input_scale": "linear",
        "georef_method": "snap_geolocation_grid",
        "geocoding_method": "geolocation_grid",
        "geolocation_grid_status": null,
        "snap_geolocation_grid_used": null,
        "raster_crs": "EPSG:4326",
        "raster_transform": [
          0.00011483276819298234,
          0.0,
          -45.14050327896428,
          0.0,
          -0.0001171554311711674,
          -23.470628559621773,
          0.0,
          0.0,
          1.0
        ],
        "core_bbox_pixels": {
          "x0": 4000,
          "y0": 4000,
          "x1": 6000,
          "y1": 6000
        },
        "processing_bbox_pixels": {
          "x0": 3840,
          "y0": 3840,
          "x1": 6160,
          "y1": 6160
        },
        "core_bounds_lonlat": {
          "west": -43.35114614719307,
          "south": -24.043487055011028,
          "east": -43.11316379123028,
          "north": -23.821607849108698
        },
        "processing_bounds_lonlat": {
          "west": -43.370219574206814,
          "south": -24.061244919319453,
          "east": -43.094135733767025,
          "north": -23.80384690147305
        },
        "halo_pixels": 160,
        "valid_bbox_fraction": 1.0,
        "artifact_aspect_ratio": 1.3333,
        "land_mask_info": {
          "enabled": true,
          "applied": true,
          "status": "ok",
          "stage": "cfar_water_mask",
          "resampled_shape": [
            773,
            773
          ],
          "sample_shape": [
            128,
            128
          ],
          "sample_max_dim": 128,
          "available": true,
          "method": "natural_earth_land_point_mask",
          "bounds_lonlat": {
            "west": -43.35114614719307,
            "south": -24.043487055011028,
            "east": -43.11316379123028,
            "north": -23.821607849108698
          },
          "mask_path": "/content/sismom_colab_work_v2/sources/api/copernicus_meta_1-main/copernicus-platform/frontend/public/shapes/ne_10m_land/ne_10m_land.shp",
          "land_buffer_degrees": 0.0,
          "valid_geolocation_points": 16384,
          "land_points": 0,
          "water_points": 16384,
          "land_fraction": 0.0,
          "water_fraction": 1.0,
          "valid_pixels_before_land_mask": 597529,
          "valid_pixels_after_land_mask": 597529,
          "pixels_masked_by_land": 0,
          "valid_water_fraction": 1.0,
          "land_skip_threshold": 0.99,
          "min_water_fraction": 0.01,
          "skip_land_tiles": true,
          "skipped": false,
          "reason": "water_candidate",
          "message": "CFAR restrito aos pixels de água."
        },
        "land_fraction": 0.0,
        "water_fraction": 1.0,
        "valid_water_fraction": 1.0,
        "land_mask_method": "natural_earth_land_point_mask",
        "wave_age": null,
        "wave_age_class": null,
        "wave_age_factor": 1.35,
        "wave_age_status": "fallback",
        "era5_time": null,
        "era5_lon": null,
        "era5_lat": null,
        "u10": null,
        "peak_wave_period": null,
        "friction_velocity": null,
        "phase_speed": null,
        "patch_label": "P029",
        "id": 40,
        "source": "cfar",
        "detection_method": "cfar"
      }
    },
    {
      "type": "Feature",
      "geometry": {
        "type": "Polygon",
        "coordinates": [
          [
            [
              -43.204900417713475,
              -23.955142229954728
            ],
            [
              -43.20718722486224,
              -23.954613910762305
            ],
            [
              -43.20747238517619,
              -23.95568141037119
            ],
            [
              -43.205185560580325,
              -23.95620973417317
            ],
            [
              -43.204900417713475,
              -23.955142229954728
            ]
          ]
        ]
      },
      "properties": {
        "lat": -23.95541182131535,
        "lon": -43.20618639708613,
        "area_px": 15,
        "min_sigma0_dB": -2.2200000286102295,
        "mean_sigma0_dB": 3.7300000190734863,
        "max_sigma0_dB": 12.010000228881836,
        "threshold_cfar_dB": -2.28,
        "pixel_coords": {
          "row": 1338,
          "col": 843,
          "row_resampled": 446,
          "col_resampled": 281
        },
        "bbox_pixel_coords": {
          "row_min": 1332,
          "row_max": 1344,
          "col_min": 831,
          "col_max": 855
        },
        "global_pixel_coords": {
          "row": 5178,
          "col": 4683
        },
        "source_product": "S1C_IW_GRDH_1SDV_20260803T082202_20260803T082233_008828_01182E_7710",
        "source_arquivo_id": null,
        "patch_id": 28,
        "patch_name": "patch_0029_VV",
        "geotiff_name": "patch_0029_VV_sigma0_preproc.tif",
        "polarization": "VV",
        "input_scale": "linear",
        "georef_method": "snap_geolocation_grid",
        "geocoding_method": "geolocation_grid",
        "geolocation_grid_status": null,
        "snap_geolocation_grid_used": null,
        "raster_crs": "EPSG:4326",
        "raster_transform": [
          0.00011483276819298234,
          0.0,
          -45.14050327896428,
          0.0,
          -0.0001171554311711674,
          -23.470628559621773,
          0.0,
          0.0,
          1.0
        ],
        "core_bbox_pixels": {
          "x0": 4000,
          "y0": 4000,
          "x1": 6000,
          "y1": 6000
        },
        "processing_bbox_pixels": {
          "x0": 3840,
          "y0": 3840,
          "x1": 6160,
          "y1": 6160
        },
        "core_bounds_lonlat": {
          "west": -43.35114614719307,
          "south": -24.043487055011028,
          "east": -43.11316379123028,
          "north": -23.821607849108698
        },
        "processing_bounds_lonlat": {
          "west": -43.370219574206814,
          "south": -24.061244919319453,
          "east": -43.094135733767025,
          "north": -23.80384690147305
        },
        "halo_pixels": 160,
        "valid_bbox_fraction": 1.0,
        "artifact_aspect_ratio": 1.8,
        "land_mask_info": {
          "enabled": true,
          "applied": true,
          "status": "ok",
          "stage": "cfar_water_mask",
          "resampled_shape": [
            773,
            773
          ],
          "sample_shape": [
            128,
            128
          ],
          "sample_max_dim": 128,
          "available": true,
          "method": "natural_earth_land_point_mask",
          "bounds_lonlat": {
            "west": -43.35114614719307,
            "south": -24.043487055011028,
            "east": -43.11316379123028,
            "north": -23.821607849108698
          },
          "mask_path": "/content/sismom_colab_work_v2/sources/api/copernicus_meta_1-main/copernicus-platform/frontend/public/shapes/ne_10m_land/ne_10m_land.shp",
          "land_buffer_degrees": 0.0,
          "valid_geolocation_points": 16384,
          "land_points": 0,
          "water_points": 16384,
          "land_fraction": 0.0,
          "water_fraction": 1.0,
          "valid_pixels_before_land_mask": 597529,
          "valid_pixels_after_land_mask": 597529,
          "pixels_masked_by_land": 0,
          "valid_water_fraction": 1.0,
          "land_skip_threshold": 0.99,
          "min_water_fraction": 0.01,
          "skip_land_tiles": true,
          "skipped": false,
          "reason": "water_candidate",
          "message": "CFAR restrito aos pixels de água."
        },
        "land_fraction": 0.0,
        "water_fraction": 1.0,
        "valid_water_fraction": 1.0,
        "land_mask_method": "natural_earth_land_point_mask",
        "wave_age": null,
        "wave_age_class": null,
        "wave_age_factor": 1.35,
        "wave_age_status": "fallback",
        "era5_time": null,
        "era5_lon": null,
        "era5_lat": null,
        "u10": null,
        "peak_wave_period": null,
        "friction_velocity": null,
        "phase_speed": null,
        "patch_label": "P029",
        "id": 41,
        "source": "cfar",
        "detection_method": "cfar"
      }
    },
    {
      "type": "Feature",
      "geometry": {
        "type": "Polygon",
        "coordinates": [
          [
            [
              -44.28448719374556,
              -23.61903438436574
            ],
            [
              -44.286763738454546,
              -23.618490326528246
            ],
            [
              -44.286983844504604,
              -23.61928918119854
            ],
            [
              -44.28470728743076,
              -23.619833243011776
            ],
            [
              -44.28448719374556,
              -23.61903438436574
            ]
          ]
        ]
      },
      "properties": {
        "lat": -23.619294926552435,
        "lon": -44.285772199345146,
        "area_px": 19,
        "min_sigma0_dB": -9.6899995803833,
        "mean_sigma0_dB": -0.7200000286102295,
        "max_sigma0_dB": 10.25,
        "threshold_cfar_dB": -11.54,
        "pixel_coords": {
          "row": 468,
          "col": 420,
          "row_resampled": 156,
          "col_resampled": 140
        },
        "bbox_pixel_coords": {
          "row_min": 462,
          "row_max": 471,
          "col_min": 408,
          "col_max": 432
        },
        "global_pixel_coords": {
          "row": 4308,
          "col": 16260
        },
        "source_product": "S1C_IW_GRDH_1SDV_20260803T082202_20260803T082233_008828_01182E_7710",
        "source_arquivo_id": null,
        "patch_id": 34,
        "patch_name": "patch_0035_VV",
        "geotiff_name": "patch_0035_VV_sigma0_preproc.tif",
        "polarization": "VV",
        "input_scale": "linear",
        "georef_method": "snap_geolocation_grid",
        "geocoding_method": "geolocation_grid",
        "geolocation_grid_status": null,
        "snap_geolocation_grid_used": null,
        "raster_crs": "EPSG:4326",
        "raster_transform": [
          0.00011483276819298234,
          0.0,
          -43.762510060648495,
          0.0,
          -0.0001171554311711674,
          -23.470628559621773,
          0.0,
          0.0,
          1.0
        ],
        "core_bbox_pixels": {
          "x0": 16000,
          "y0": 4000,
          "x1": 18000,
          "y1": 6000
        },
        "processing_bbox_pixels": {
          "x0": 15840,
          "y0": 3840,
          "x1": 18160,
          "y1": 6160
        },
        "core_bounds_lonlat": {
          "west": -44.492230719725086,
          "south": -23.775289640931913,
          "east": -44.25358181756057,
          "north": -23.552442369725895
        },
        "processing_bounds_lonlat": {
          "west": -44.51135190788287,
          "south": -23.7931233526994,
          "east": -44.23449857758471,
          "north": -23.534596318660483
        },
        "halo_pixels": 160,
        "valid_bbox_fraction": 1.0,
        "artifact_aspect_ratio": 2.25,
        "land_mask_info": {
          "enabled": true,
          "applied": true,
          "status": "ok",
          "stage": "cfar_water_mask",
          "resampled_shape": [
            773,
            773
          ],
          "sample_shape": [
            128,
            128
          ],
          "sample_max_dim": 128,
          "available": true,
          "method": "natural_earth_land_point_mask",
          "bounds_lonlat": {
            "west": -44.492230719725086,
            "south": -23.775289640931913,
            "east": -44.25358181756057,
            "north": -23.552442369725895
          },
          "mask_path": "/content/sismom_colab_work_v2/sources/api/copernicus_meta_1-main/copernicus-platform/frontend/public/shapes/ne_10m_land/ne_10m_land.shp",
          "land_buffer_degrees": 0.0,
          "valid_geolocation_points": 16384,
          "land_points": 0,
          "water_points": 16384,
          "land_fraction": 0.0,
          "water_fraction": 1.0,
          "valid_pixels_before_land_mask": 597529,
          "valid_pixels_after_land_mask": 597529,
          "pixels_masked_by_land": 0,
          "valid_water_fraction": 1.0,
          "land_skip_threshold": 0.99,
          "min_water_fraction": 0.01,
          "skip_land_tiles": true,
          "skipped": false,
          "reason": "water_candidate",
          "message": "CFAR restrito aos pixels de água."
        },
        "land_fraction": 0.0,
        "water_fraction": 1.0,
        "valid_water_fraction": 1.0,
        "land_mask_method": "natural_earth_land_point_mask",
        "wave_age": null,
        "wave_age_class": null,
        "wave_age_factor": 1.35,
        "wave_age_status": "fallback",
        "era5_time": null,
        "era5_lon": null,
        "era5_lat": null,
        "u10": null,
        "peak_wave_period": null,
        "friction_velocity": null,
        "phase_speed": null,
        "patch_label": "P035",
        "id": 42,
        "source": "cfar",
        "detection_method": "cfar"
      }
    },
    {
      "type": "Feature",
      "geometry": {
        "type": "Polygon",
        "coordinates": [
          [
            [
              -45.025839303259716,
              -23.544299319658883
            ],
            [
              -45.030761171309784,
              -23.543096402088942
            ],
            [
              -45.031915013855475,
              -23.54764454613107
            ],
            [
              -45.026998187191985,
              -23.548846227288198
            ],
            [
              -45.025839303259716,
              -23.544299319658883
            ]
          ]
        ]
      },
      "properties": {
        "lat": -23.54580251021635,
        "lon": -45.028989099272295,
        "area_px": 66,
        "min_sigma0_dB": -8.6899995803833,
        "mean_sigma0_dB": -4.949999809265137,
        "max_sigma0_dB": 5.25,
        "threshold_cfar_dB": -8.64,
        "pixel_coords": {
          "row": 1590,
          "col": 1956,
          "row_resampled": 530,
          "col_resampled": 652
        },
        "bbox_pixel_coords": {
          "row_min": 1566,
          "row_max": 1617,
          "col_min": 1929,
          "col_max": 1980
        },
        "global_pixel_coords": {
          "row": 5430,
          "col": 23796
        },
        "source_product": "S1C_IW_GRDH_1SDV_20260803T082202_20260803T082233_008828_01182E_7710",
        "source_arquivo_id": null,
        "patch_id": 37,
        "patch_name": "patch_0038_VV",
        "geotiff_name": "patch_0038_VV_sigma0_preproc.tif",
        "polarization": "VV",
        "input_scale": "linear",
        "georef_method": "snap_geolocation_grid",
        "geocoding_method": "geolocation_grid",
        "geolocation_grid_status": null,
        "snap_geolocation_grid_used": null,
        "raster_crs": "EPSG:4326",
        "raster_transform": [
          0.00011483276819298234,
          0.0,
          -43.073513451490605,
          0.0,
          -0.0001171554311711674,
          -23.470628559621773,
          0.0,
          0.0,
          1.0
        ],
        "core_bbox_pixels": {
          "x0": 22000,
          "y0": 4000,
          "x1": 24000,
          "y1": 6000
        },
        "processing_bbox_pixels": {
          "x0": 21840,
          "y0": 3840,
          "x1": 24160,
          "y1": 6160
        },
        "core_bounds_lonlat": {
          "west": -45.0620646962704,
          "south": -23.638060775963453,
          "east": -44.82310770679403,
          "north": -23.413368672700596
        },
        "processing_bounds_lonlat": {
          "west": -45.08125995452156,
          "south": -23.65593547407027,
          "east": -44.80408475136196,
          "north": -23.395193405798707
        },
        "halo_pixels": 160,
        "valid_bbox_fraction": 1.0,
        "artifact_aspect_ratio": 1.0,
        "land_mask_info": {
          "enabled": true,
          "applied": true,
          "status": "ok",
          "stage": "cfar_water_mask",
          "resampled_shape": [
            773,
            773
          ],
          "sample_shape": [
            128,
            128
          ],
          "sample_max_dim": 128,
          "available": true,
          "method": "natural_earth_land_point_mask",
          "bounds_lonlat": {
            "west": -45.0620646962704,
            "south": -23.638060775963453,
            "east": -44.82310770679403,
            "north": -23.413368672700596
          },
          "mask_path": "/content/sismom_colab_work_v2/sources/api/copernicus_meta_1-main/copernicus-platform/frontend/public/shapes/ne_10m_land/ne_10m_land.shp",
          "land_buffer_degrees": 0.0,
          "valid_geolocation_points": 16384,
          "land_points": 317,
          "water_points": 16067,
          "land_fraction": 0.01934814453125,
          "water_fraction": 0.98065185546875,
          "valid_pixels_before_land_mask": 597529,
          "valid_pixels_after_land_mask": 586603,
          "pixels_masked_by_land": 10926,
          "valid_water_fraction": 0.9817146950189866,
          "land_skip_threshold": 0.99,
          "min_water_fraction": 0.01,
          "skip_land_tiles": true,
          "skipped": false,
          "reason": "water_candidate",
          "message": "CFAR restrito aos pixels de água."
        },
        "land_fraction": 0.01934814453125,
        "water_fraction": 0.98065185546875,
        "valid_water_fraction": 0.9817146950189866,
        "land_mask_method": "natural_earth_land_point_mask",
        "wave_age": null,
        "wave_age_class": null,
        "wave_age_factor": 1.35,
        "wave_age_status": "fallback",
        "era5_time": null,
        "era5_lon": null,
        "era5_lat": null,
        "u10": null,
        "peak_wave_period": null,
        "friction_velocity": null,
        "phase_speed": null,
        "patch_label": "P038",
        "id": 43,
        "source": "cfar",
        "detection_method": "cfar"
      }
    },
    {
      "type": "Feature",
      "geometry": {
        "type": "Polygon",
        "coordinates": [
          [
            [
              -45.03003321558594,
              -23.461729811390686
            ],
            [
              -45.03062227174299,
              -23.461585835963927
            ],
            [
              -45.030688999337855,
              -23.461853654786854
            ],
            [
              -45.03009997806929,
              -23.461997621657115
            ],
            [
              -45.03003321558594,
              -23.461729811390686
            ]
          ]
        ]
      },
      "properties": {
        "lat": -23.46192563822198,
        "lon": -45.030394488703564,
        "area_px": 4,
        "min_sigma0_dB": -8.420000076293945,
        "mean_sigma0_dB": -6.519999980926514,
        "max_sigma0_dB": -2.0999999046325684,
        "threshold_cfar_dB": -11.3,
        "pixel_coords": {
          "row": 708,
          "col": 174,
          "row_resampled": 236,
          "col_resampled": 58
        },
        "bbox_pixel_coords": {
          "row_min": 705,
          "row_max": 708,
          "col_min": 171,
          "col_max": 177
        },
        "global_pixel_coords": {
          "row": 4548,
          "col": 24014
        },
        "source_product": "S1C_IW_GRDH_1SDV_20260803T082202_20260803T082233_008828_01182E_7710",
        "source_arquivo_id": null,
        "patch_id": 38,
        "patch_name": "patch_0039_VV",
        "geotiff_name": "patch_0039_VV_sigma0_preproc.tif",
        "polarization": "VV",
        "input_scale": "linear",
        "georef_method": "snap_geolocation_grid",
        "geocoding_method": "geolocation_grid",
        "geolocation_grid_status": null,
        "snap_geolocation_grid_used": null,
        "raster_crs": "EPSG:4326",
        "raster_transform": [
          0.00011483276819298234,
          0.0,
          -42.84384791510464,
          0.0,
          -0.0001171554311711674,
          -23.470628559621773,
          0.0,
          0.0,
          1.0
        ],
        "core_bbox_pixels": {
          "x0": 24000,
          "y0": 4000,
          "x1": 25629,
          "y1": 6000
        },
        "processing_bbox_pixels": {
          "x0": 23840,
          "y0": 3840,
          "x1": 25629,
          "y1": 6160
        },
        "core_bounds_lonlat": {
          "west": -45.22025852332785,
          "south": -23.591585192532303,
          "east": -45.01681314200822,
          "north": -23.37547015328036
        },
        "processing_bounds_lonlat": {
          "west": -45.22392698621662,
          "south": -23.609535434354736,
          "east": -44.99732226437269,
          "north": -23.36129110387918
        },
        "halo_pixels": 160,
        "valid_bbox_fraction": 1.0,
        "artifact_aspect_ratio": 1.5,
        "land_mask_info": {
          "enabled": true,
          "applied": true,
          "status": "ok",
          "stage": "cfar_water_mask",
          "resampled_shape": [
            773,
            596
          ],
          "sample_shape": [
            128,
            99
          ],
          "sample_max_dim": 128,
          "available": true,
          "method": "natural_earth_land_point_mask",
          "bounds_lonlat": {
            "west": -45.22025852332785,
            "south": -23.591585192532303,
            "east": -45.01681314200822,
            "north": -23.37547015328036
          },
          "mask_path": "/content/sismom_colab_work_v2/sources/api/copernicus_meta_1-main/copernicus-platform/frontend/public/shapes/ne_10m_land/ne_10m_land.shp",
          "land_buffer_degrees": 0.0,
          "valid_geolocation_points": 12672,
          "land_points": 7066,
          "water_points": 5606,
          "land_fraction": 0.5576073232323232,
          "water_fraction": 0.44239267676767674,
          "valid_pixels_before_land_mask": 414218,
          "valid_pixels_after_land_mask": 199669,
          "pixels_masked_by_land": 214549,
          "valid_water_fraction": 0.48203844352490716,
          "land_skip_threshold": 0.99,
          "min_water_fraction": 0.01,
          "skip_land_tiles": true,
          "skipped": false,
          "reason": "water_candidate",
          "message": "CFAR restrito aos pixels de água."
        },
        "land_fraction": 0.5576073232323232,
        "water_fraction": 0.44239267676767674,
        "valid_water_fraction": 0.48203844352490716,
        "land_mask_method": "natural_earth_land_point_mask",
        "wave_age": null,
        "wave_age_class": null,
        "wave_age_factor": 1.35,
        "wave_age_status": "fallback",
        "era5_time": null,
        "era5_lon": null,
        "era5_lat": null,
        "u10": null,
        "peak_wave_period": null,
        "friction_velocity": null,
        "phase_speed": null,
        "patch_label": "P039",
        "id": 44,
        "source": "cfar",
        "detection_method": "cfar"
      }
    },
    {
      "type": "Feature",
      "geometry": {
        "type": "Polygon",
        "coordinates": [
          [
            [
              -45.031211327900046,
              -23.46144186053717
            ],
            [
              -45.0318003840571,
              -23.46129788511042
            ],
            [
              -45.031867041874996,
              -23.461565721046316
            ],
            [
              -45.03127802060642,
              -23.461709687916585
            ],
            [
              -45.031211327900046,
              -23.46144186053717
            ]
          ]
        ]
      },
      "properties": {
        "lat": -23.461637704481454,
        "lon": -45.03157253124071,
        "area_px": 5,
        "min_sigma0_dB": -8.460000038146973,
        "mean_sigma0_dB": -7.010000228881836,
        "max_sigma0_dB": -5.050000190734863,
        "threshold_cfar_dB": -11.34,
        "pixel_coords": {
          "row": 708,
          "col": 186,
          "row_resampled": 236,
          "col_resampled": 62
        },
        "bbox_pixel_coords": {
          "row_min": 705,
          "row_max": 708,
          "col_min": 183,
          "col_max": 189
        },
        "global_pixel_coords": {
          "row": 4548,
          "col": 24026
        },
        "source_product": "S1C_IW_GRDH_1SDV_20260803T082202_20260803T082233_008828_01182E_7710",
        "source_arquivo_id": null,
        "patch_id": 38,
        "patch_name": "patch_0039_VV",
        "geotiff_name": "patch_0039_VV_sigma0_preproc.tif",
        "polarization": "VV",
        "input_scale": "linear",
        "georef_method": "snap_geolocation_grid",
        "geocoding_method": "geolocation_grid",
        "geolocation_grid_status": null,
        "snap_geolocation_grid_used": null,
        "raster_crs": "EPSG:4326",
        "raster_transform": [
          0.00011483276819298234,
          0.0,
          -42.84384791510464,
          0.0,
          -0.0001171554311711674,
          -23.470628559621773,
          0.0,
          0.0,
          1.0
        ],
        "core_bbox_pixels": {
          "x0": 24000,
          "y0": 4000,
          "x1": 25629,
          "y1": 6000
        },
        "processing_bbox_pixels": {
          "x0": 23840,
          "y0": 3840,
          "x1": 25629,
          "y1": 6160
        },
        "core_bounds_lonlat": {
          "west": -45.22025852332785,
          "south": -23.591585192532303,
          "east": -45.01681314200822,
          "north": -23.37547015328036
        },
        "processing_bounds_lonlat": {
          "west": -45.22392698621662,
          "south": -23.609535434354736,
          "east": -44.99732226437269,
          "north": -23.36129110387918
        },
        "halo_pixels": 160,
        "valid_bbox_fraction": 1.0,
        "artifact_aspect_ratio": 1.5,
        "land_mask_info": {
          "enabled": true,
          "applied": true,
          "status": "ok",
          "stage": "cfar_water_mask",
          "resampled_shape": [
            773,
            596
          ],
          "sample_shape": [
            128,
            99
          ],
          "sample_max_dim": 128,
          "available": true,
          "method": "natural_earth_land_point_mask",
          "bounds_lonlat": {
            "west": -45.22025852332785,
            "south": -23.591585192532303,
            "east": -45.01681314200822,
            "north": -23.37547015328036
          },
          "mask_path": "/content/sismom_colab_work_v2/sources/api/copernicus_meta_1-main/copernicus-platform/frontend/public/shapes/ne_10m_land/ne_10m_land.shp",
          "land_buffer_degrees": 0.0,
          "valid_geolocation_points": 12672,
          "land_points": 7066,
          "water_points": 5606,
          "land_fraction": 0.5576073232323232,
          "water_fraction": 0.44239267676767674,
          "valid_pixels_before_land_mask": 414218,
          "valid_pixels_after_land_mask": 199669,
          "pixels_masked_by_land": 214549,
          "valid_water_fraction": 0.48203844352490716,
          "land_skip_threshold": 0.99,
          "min_water_fraction": 0.01,
          "skip_land_tiles": true,
          "skipped": false,
          "reason": "water_candidate",
          "message": "CFAR restrito aos pixels de água."
        },
        "land_fraction": 0.5576073232323232,
        "water_fraction": 0.44239267676767674,
        "valid_water_fraction": 0.48203844352490716,
        "land_mask_method": "natural_earth_land_point_mask",
        "wave_age": null,
        "wave_age_class": null,
        "wave_age_factor": 1.35,
        "wave_age_status": "fallback",
        "era5_time": null,
        "era5_lon": null,
        "era5_lat": null,
        "u10": null,
        "peak_wave_period": null,
        "friction_velocity": null,
        "phase_speed": null,
        "patch_label": "P039",
        "id": 45,
        "source": "cfar",
        "detection_method": "cfar"
      }
    },
    {
      "type": "Feature",
      "geometry": {
        "type": "Polygon",
        "coordinates": [
          [
            [
              -45.03573341151419,
              -23.462041356198927
            ],
            [
              -45.03573341151419,
              -23.462041356198927
            ],
            [
              -45.03599920546248,
              -23.463112905298296
            ],
            [
              -45.03599920546248,
              -23.463112905298296
            ],
            [
              -45.03573341151419,
              -23.462041356198927
            ]
          ]
        ]
      },
      "properties": {
        "lat": -23.462577130748613,
        "lon": -45.03586630848834,
        "area_px": 5,
        "min_sigma0_dB": -9.760000228881836,
        "mean_sigma0_dB": -5.849999904632568,
        "max_sigma0_dB": 5.349999904632568,
        "threshold_cfar_dB": -12.63,
        "pixel_coords": {
          "row": 729,
          "col": 225,
          "row_resampled": 243,
          "col_resampled": 75
        },
        "bbox_pixel_coords": {
          "row_min": 723,
          "row_max": 735,
          "col_min": 225,
          "col_max": 225
        },
        "global_pixel_coords": {
          "row": 4569,
          "col": 24065
        },
        "source_product": "S1C_IW_GRDH_1SDV_20260803T082202_20260803T082233_008828_01182E_7710",
        "source_arquivo_id": null,
        "patch_id": 38,
        "patch_name": "patch_0039_VV",
        "geotiff_name": "patch_0039_VV_sigma0_preproc.tif",
        "polarization": "VV",
        "input_scale": "linear",
        "georef_method": "snap_geolocation_grid",
        "geocoding_method": "geolocation_grid",
        "geolocation_grid_status": null,
        "snap_geolocation_grid_used": null,
        "raster_crs": "EPSG:4326",
        "raster_transform": [
          0.00011483276819298234,
          0.0,
          -42.84384791510464,
          0.0,
          -0.0001171554311711674,
          -23.470628559621773,
          0.0,
          0.0,
          1.0
        ],
        "core_bbox_pixels": {
          "x0": 24000,
          "y0": 4000,
          "x1": 25629,
          "y1": 6000
        },
        "processing_bbox_pixels": {
          "x0": 23840,
          "y0": 3840,
          "x1": 25629,
          "y1": 6160
        },
        "core_bounds_lonlat": {
          "west": -45.22025852332785,
          "south": -23.591585192532303,
          "east": -45.01681314200822,
          "north": -23.37547015328036
        },
        "processing_bounds_lonlat": {
          "west": -45.22392698621662,
          "south": -23.609535434354736,
          "east": -44.99732226437269,
          "north": -23.36129110387918
        },
        "halo_pixels": 160,
        "valid_bbox_fraction": 1.0,
        "artifact_aspect_ratio": 5.0,
        "land_mask_info": {
          "enabled": true,
          "applied": true,
          "status": "ok",
          "stage": "cfar_water_mask",
          "resampled_shape": [
            773,
            596
          ],
          "sample_shape": [
            128,
            99
          ],
          "sample_max_dim": 128,
          "available": true,
          "method": "natural_earth_land_point_mask",
          "bounds_lonlat": {
            "west": -45.22025852332785,
            "south": -23.591585192532303,
            "east": -45.01681314200822,
            "north": -23.37547015328036
          },
          "mask_path": "/content/sismom_colab_work_v2/sources/api/copernicus_meta_1-main/copernicus-platform/frontend/public/shapes/ne_10m_land/ne_10m_land.shp",
          "land_buffer_degrees": 0.0,
          "valid_geolocation_points": 12672,
          "land_points": 7066,
          "water_points": 5606,
          "land_fraction": 0.5576073232323232,
          "water_fraction": 0.44239267676767674,
          "valid_pixels_before_land_mask": 414218,
          "valid_pixels_after_land_mask": 199669,
          "pixels_masked_by_land": 214549,
          "valid_water_fraction": 0.48203844352490716,
          "land_skip_threshold": 0.99,
          "min_water_fraction": 0.01,
          "skip_land_tiles": true,
          "skipped": false,
          "reason": "water_candidate",
          "message": "CFAR restrito aos pixels de água."
        },
        "land_fraction": 0.5576073232323232,
        "water_fraction": 0.44239267676767674,
        "valid_water_fraction": 0.48203844352490716,
        "land_mask_method": "natural_earth_land_point_mask",
        "wave_age": null,
        "wave_age_class": null,
        "wave_age_factor": 1.35,
        "wave_age_status": "fallback",
        "era5_time": null,
        "era5_lon": null,
        "era5_lat": null,
        "u10": null,
        "peak_wave_period": null,
        "friction_velocity": null,
        "phase_speed": null,
        "patch_label": "P039",
        "id": 46,
        "source": "cfar",
        "detection_method": "cfar"
      }
    },
    {
      "type": "Feature",
      "geometry": {
        "type": "Polygon",
        "coordinates": [
          [
            [
              -45.03583778372598,
              -23.463720616222417
            ],
            [
              -45.03613210243663,
              -23.463648679847978
            ],
            [
              -45.03626499941078,
              -23.464184454397664
            ],
            [
              -45.0359707155886,
              -23.46425638221561
            ],
            [
              -45.03583778372598,
              -23.463720616222417
            ]
          ]
        ]
      },
      "properties": {
        "lat": -23.463988499219013,
        "lon": -45.035904249657285,
        "area_px": 4,
        "min_sigma0_dB": -8.899999618530273,
        "mean_sigma0_dB": -7.28000020980835,
        "max_sigma0_dB": -5.869999885559082,
        "threshold_cfar_dB": -12.98,
        "pixel_coords": {
          "row": 744,
          "col": 222,
          "row_resampled": 248,
          "col_resampled": 74
        },
        "bbox_pixel_coords": {
          "row_min": 741,
          "row_max": 747,
          "col_min": 222,
          "col_max": 225
        },
        "global_pixel_coords": {
          "row": 4584,
          "col": 24062
        },
        "source_product": "S1C_IW_GRDH_1SDV_20260803T082202_20260803T082233_008828_01182E_7710",
        "source_arquivo_id": null,
        "patch_id": 38,
        "patch_name": "patch_0039_VV",
        "geotiff_name": "patch_0039_VV_sigma0_preproc.tif",
        "polarization": "VV",
        "input_scale": "linear",
        "georef_method": "snap_geolocation_grid",
        "geocoding_method": "geolocation_grid",
        "geolocation_grid_status": null,
        "snap_geolocation_grid_used": null,
        "raster_crs": "EPSG:4326",
        "raster_transform": [
          0.00011483276819298234,
          0.0,
          -42.84384791510464,
          0.0,
          -0.0001171554311711674,
          -23.470628559621773,
          0.0,
          0.0,
          1.0
        ],
        "core_bbox_pixels": {
          "x0": 24000,
          "y0": 4000,
          "x1": 25629,
          "y1": 6000
        },
        "processing_bbox_pixels": {
          "x0": 23840,
          "y0": 3840,
          "x1": 25629,
          "y1": 6160
        },
        "core_bounds_lonlat": {
          "west": -45.22025852332785,
          "south": -23.591585192532303,
          "east": -45.01681314200822,
          "north": -23.37547015328036
        },
        "processing_bounds_lonlat": {
          "west": -45.22392698621662,
          "south": -23.609535434354736,
          "east": -44.99732226437269,
          "north": -23.36129110387918
        },
        "halo_pixels": 160,
        "valid_bbox_fraction": 1.0,
        "artifact_aspect_ratio": 1.5,
        "land_mask_info": {
          "enabled": true,
          "applied": true,
          "status": "ok",
          "stage": "cfar_water_mask",
          "resampled_shape": [
            773,
            596
          ],
          "sample_shape": [
            128,
            99
          ],
          "sample_max_dim": 128,
          "available": true,
          "method": "natural_earth_land_point_mask",
          "bounds_lonlat": {
            "west": -45.22025852332785,
            "south": -23.591585192532303,
            "east": -45.01681314200822,
            "north": -23.37547015328036
          },
          "mask_path": "/content/sismom_colab_work_v2/sources/api/copernicus_meta_1-main/copernicus-platform/frontend/public/shapes/ne_10m_land/ne_10m_land.shp",
          "land_buffer_degrees": 0.0,
          "valid_geolocation_points": 12672,
          "land_points": 7066,
          "water_points": 5606,
          "land_fraction": 0.5576073232323232,
          "water_fraction": 0.44239267676767674,
          "valid_pixels_before_land_mask": 414218,
          "valid_pixels_after_land_mask": 199669,
          "pixels_masked_by_land": 214549,
          "valid_water_fraction": 0.48203844352490716,
          "land_skip_threshold": 0.99,
          "min_water_fraction": 0.01,
          "skip_land_tiles": true,
          "skipped": false,
          "reason": "water_candidate",
          "message": "CFAR restrito aos pixels de água."
        },
        "land_fraction": 0.5576073232323232,
        "water_fraction": 0.44239267676767674,
        "valid_water_fraction": 0.48203844352490716,
        "land_mask_method": "natural_earth_land_point_mask",
        "wave_age": null,
        "wave_age_class": null,
        "wave_age_factor": 1.35,
        "wave_age_status": "fallback",
        "era5_time": null,
        "era5_lon": null,
        "era5_lat": null,
        "u10": null,
        "peak_wave_period": null,
        "friction_velocity": null,
        "phase_speed": null,
        "patch_label": "P039",
        "id": 47,
        "source": "cfar",
        "detection_method": "cfar"
      }
    },
    {
      "type": "Feature",
      "geometry": {
        "type": "Polygon",
        "coordinates": [
          [
            [
              -45.04257940909274,
              -23.515773058301725
            ],
            [
              -45.04345247445387,
              -23.515559674943344
            ],
            [
              -45.04391981180846,
              -23.51743434680836
            ],
            [
              -45.04304711277614,
              -23.517647640323595
            ],
            [
              -45.04257940909274,
              -23.515773058301725
            ]
          ]
        ]
      },
      "properties": {
        "lat": -23.516702026682218,
        "lon": -45.043428572360654,
        "area_px": 14,
        "min_sigma0_dB": -9.279999732971191,
        "mean_sigma0_dB": -6.820000171661377,
        "max_sigma0_dB": -3.940000057220459,
        "threshold_cfar_dB": -15.3,
        "pixel_coords": {
          "row": 1320,
          "col": 168,
          "row_resampled": 440,
          "col_resampled": 56
        },
        "bbox_pixel_coords": {
          "row_min": 1308,
          "row_max": 1329,
          "col_min": 162,
          "col_max": 171
        },
        "global_pixel_coords": {
          "row": 5160,
          "col": 24008
        },
        "source_product": "S1C_IW_GRDH_1SDV_20260803T082202_20260803T082233_008828_01182E_7710",
        "source_arquivo_id": null,
        "patch_id": 38,
        "patch_name": "patch_0039_VV",
        "geotiff_name": "patch_0039_VV_sigma0_preproc.tif",
        "polarization": "VV",
        "input_scale": "linear",
        "georef_method": "snap_geolocation_grid",
        "geocoding_method": "geolocation_grid",
        "geolocation_grid_status": null,
        "snap_geolocation_grid_used": null,
        "raster_crs": "EPSG:4326",
        "raster_transform": [
          0.00011483276819298234,
          0.0,
          -42.84384791510464,
          0.0,
          -0.0001171554311711674,
          -23.470628559621773,
          0.0,
          0.0,
          1.0
        ],
        "core_bbox_pixels": {
          "x0": 24000,
          "y0": 4000,
          "x1": 25629,
          "y1": 6000
        },
        "processing_bbox_pixels": {
          "x0": 23840,
          "y0": 3840,
          "x1": 25629,
          "y1": 6160
        },
        "core_bounds_lonlat": {
          "west": -45.22025852332785,
          "south": -23.591585192532303,
          "east": -45.01681314200822,
          "north": -23.37547015328036
        },
        "processing_bounds_lonlat": {
          "west": -45.22392698621662,
          "south": -23.609535434354736,
          "east": -44.99732226437269,
          "north": -23.36129110387918
        },
        "halo_pixels": 160,
        "valid_bbox_fraction": 1.0,
        "artifact_aspect_ratio": 2.0,
        "land_mask_info": {
          "enabled": true,
          "applied": true,
          "status": "ok",
          "stage": "cfar_water_mask",
          "resampled_shape": [
            773,
            596
          ],
          "sample_shape": [
            128,
            99
          ],
          "sample_max_dim": 128,
          "available": true,
          "method": "natural_earth_land_point_mask",
          "bounds_lonlat": {
            "west": -45.22025852332785,
            "south": -23.591585192532303,
            "east": -45.01681314200822,
            "north": -23.37547015328036
          },
          "mask_path": "/content/sismom_colab_work_v2/sources/api/copernicus_meta_1-main/copernicus-platform/frontend/public/shapes/ne_10m_land/ne_10m_land.shp",
          "land_buffer_degrees": 0.0,
          "valid_geolocation_points": 12672,
          "land_points": 7066,
          "water_points": 5606,
          "land_fraction": 0.5576073232323232,
          "water_fraction": 0.44239267676767674,
          "valid_pixels_before_land_mask": 414218,
          "valid_pixels_after_land_mask": 199669,
          "pixels_masked_by_land": 214549,
          "valid_water_fraction": 0.48203844352490716,
          "land_skip_threshold": 0.99,
          "min_water_fraction": 0.01,
          "skip_land_tiles": true,
          "skipped": false,
          "reason": "water_candidate",
          "message": "CFAR restrito aos pixels de água."
        },
        "land_fraction": 0.5576073232323232,
        "water_fraction": 0.44239267676767674,
        "valid_water_fraction": 0.48203844352490716,
        "land_mask_method": "natural_earth_land_point_mask",
        "wave_age": null,
        "wave_age_class": null,
        "wave_age_factor": 1.35,
        "wave_age_status": "fallback",
        "era5_time": null,
        "era5_lon": null,
        "era5_lat": null,
        "u10": null,
        "peak_wave_period": null,
        "friction_velocity": null,
        "phase_speed": null,
        "patch_label": "P039",
        "id": 48,
        "source": "cfar",
        "detection_method": "cfar"
      }
    },
    {
      "type": "Feature",
      "geometry": {
        "type": "Polygon",
        "coordinates": [
          [
            [
              -43.00657436653844,
              -24.164191289657307
            ],
            [
              -43.006860791260934,
              -24.16412562532311
            ],
            [
              -43.00693180187986,
              -24.1643925900303
            ],
            [
              -43.00664537660458,
              -24.16445825450135
            ],
            [
              -43.00657436653844,
              -24.164191289657307
            ]
          ]
        ]
      },
      "properties": {
        "lat": -24.16412562532311,
        "lon": -43.006860791260934,
        "area_px": 3,
        "min_sigma0_dB": -5.46999979019165,
        "mean_sigma0_dB": -0.3499999940395355,
        "max_sigma0_dB": 4.980000019073486,
        "threshold_cfar_dB": -5.7,
        "pixel_coords": {
          "row": 1062,
          "col": 324,
          "row_resampled": 354,
          "col_resampled": 108
        },
        "bbox_pixel_coords": {
          "row_min": 1062,
          "row_max": 1065,
          "col_min": 321,
          "col_max": 324
        },
        "global_pixel_coords": {
          "row": 6902,
          "col": 2164
        },
        "source_product": "S1C_IW_GRDH_1SDV_20260803T082202_20260803T082233_008828_01182E_7710",
        "source_arquivo_id": null,
        "patch_id": 40,
        "patch_name": "patch_0041_VV",
        "geotiff_name": "patch_0041_VV_sigma0_preproc.tif",
        "polarization": "VV",
        "input_scale": "linear",
        "georef_method": "snap_geolocation_grid",
        "geocoding_method": "geolocation_grid",
        "geolocation_grid_status": null,
        "snap_geolocation_grid_used": null,
        "raster_crs": "EPSG:4326",
        "raster_transform": [
          0.00011483276819298234,
          0.0,
          -45.37016881535025,
          0.0,
          -0.0001171554311711674,
          -23.704939421964106,
          0.0,
          0.0,
          1.0
        ],
        "core_bbox_pixels": {
          "x0": 2000,
          "y0": 6000,
          "x1": 4000,
          "y1": 8000
        },
        "processing_bbox_pixels": {
          "x0": 1840,
          "y0": 5840,
          "x1": 4160,
          "y1": 8160
        },
        "core_bounds_lonlat": {
          "west": -43.20811096569176,
          "south": -24.26533352076971,
          "east": -42.96986146382372,
          "north": -24.043598041546357
        },
        "processing_bounds_lonlat": {
          "west": -43.22720086388438,
          "south": -24.283075880702274,
          "east": -42.95081029065716,
          "north": -24.02584058271207
        },
        "halo_pixels": 160,
        "valid_bbox_fraction": 1.0,
        "artifact_aspect_ratio": 1.0,
        "land_mask_info": {
          "enabled": true,
          "applied": true,
          "status": "ok",
          "stage": "cfar_water_mask",
          "resampled_shape": [
            773,
            773
          ],
          "sample_shape": [
            128,
            128
          ],
          "sample_max_dim": 128,
          "available": true,
          "method": "natural_earth_land_point_mask",
          "bounds_lonlat": {
            "west": -43.20811096569176,
            "south": -24.26533352076971,
            "east": -42.96986146382372,
            "north": -24.043598041546357
          },
          "mask_path": "/content/sismom_colab_work_v2/sources/api/copernicus_meta_1-main/copernicus-platform/frontend/public/shapes/ne_10m_land/ne_10m_land.shp",
          "land_buffer_degrees": 0.0,
          "valid_geolocation_points": 16384,
          "land_points": 0,
          "water_points": 16384,
          "land_fraction": 0.0,
          "water_fraction": 1.0,
          "valid_pixels_before_land_mask": 597529,
          "valid_pixels_after_land_mask": 597529,
          "pixels_masked_by_land": 0,
          "valid_water_fraction": 1.0,
          "land_skip_threshold": 0.99,
          "min_water_fraction": 0.01,
          "skip_land_tiles": true,
          "skipped": false,
          "reason": "water_candidate",
          "message": "CFAR restrito aos pixels de água."
        },
        "land_fraction": 0.0,
        "water_fraction": 1.0,
        "valid_water_fraction": 1.0,
        "land_mask_method": "natural_earth_land_point_mask",
        "wave_age": null,
        "wave_age_class": null,
        "wave_age_factor": 1.35,
        "wave_age_status": "fallback",
        "era5_time": null,
        "era5_lon": null,
        "era5_lat": null,
        "u10": null,
        "peak_wave_period": null,
        "friction_velocity": null,
        "phase_speed": null,
        "patch_label": "P041",
        "id": 49,
        "source": "cfar",
        "detection_method": "cfar"
      }
    },
    {
      "type": "Feature",
      "geometry": {
        "type": "Polygon",
        "coordinates": [
          [
            [
              -44.819577485862695,
              -23.702685699765066
            ],
            [
              -44.81986195222448,
              -23.702616679739982
            ],
            [
              -44.82023424922471,
              -23.703946540048964
            ],
            [
              -44.819949780179044,
              -23.704015560974344
            ],
            [
              -44.819577485862695,
              -23.702685699765066
            ]
          ]
        ]
      },
      "properties": {
        "lat": -23.703148623863576,
        "lon": -44.82001087102457,
        "area_px": 8,
        "min_sigma0_dB": -9.65999984741211,
        "mean_sigma0_dB": -6.460000038146973,
        "max_sigma0_dB": -2.8299999237060547,
        "threshold_cfar_dB": -15.76,
        "pixel_coords": {
          "row": 714,
          "col": 1470,
          "row_resampled": 238,
          "col_resampled": 490
        },
        "bbox_pixel_coords": {
          "row_min": 708,
          "row_max": 723,
          "col_min": 1467,
          "col_max": 1470
        },
        "global_pixel_coords": {
          "row": 6554,
          "col": 21310
        },
        "source_product": "S1C_IW_GRDH_1SDV_20260803T082202_20260803T082233_008828_01182E_7710",
        "source_arquivo_id": null,
        "patch_id": 49,
        "patch_name": "patch_0050_VV",
        "geotiff_name": "patch_0050_VV_sigma0_preproc.tif",
        "polarization": "VV",
        "input_scale": "linear",
        "georef_method": "snap_geolocation_grid",
        "geocoding_method": "geolocation_grid",
        "geolocation_grid_status": null,
        "snap_geolocation_grid_used": null,
        "raster_crs": "EPSG:4326",
        "raster_transform": [
          0.00011483276819298234,
          0.0,
          -43.30317898787657,
          0.0,
          -0.0001171554311711674,
          -23.704939421964106,
          0.0,
          0.0,
          1.0
        ],
        "core_bbox_pixels": {
          "x0": 20000,
          "y0": 6000,
          "x1": 22000,
          "y1": 8000
        },
        "processing_bbox_pixels": {
          "x0": 19840,
          "y0": 5840,
          "x1": 22160,
          "y1": 8160
        },
        "core_bounds_lonlat": {
          "west": -44.921296964232766,
          "south": -23.861391257938912,
          "east": -44.68206469779313,
          "north": -23.638172489645548
        },
        "processing_bounds_lonlat": {
          "west": -44.94046539023056,
          "south": -23.879252984058173,
          "east": -44.66293407209175,
          "north": -23.62029880948256
        },
        "halo_pixels": 160,
        "valid_bbox_fraction": 1.0,
        "artifact_aspect_ratio": 3.0,
        "land_mask_info": {
          "enabled": true,
          "applied": true,
          "status": "ok",
          "stage": "cfar_water_mask",
          "resampled_shape": [
            773,
            773
          ],
          "sample_shape": [
            128,
            128
          ],
          "sample_max_dim": 128,
          "available": true,
          "method": "natural_earth_land_point_mask",
          "bounds_lonlat": {
            "west": -44.921296964232766,
            "south": -23.861391257938912,
            "east": -44.68206469779313,
            "north": -23.638172489645548
          },
          "mask_path": "/content/sismom_colab_work_v2/sources/api/copernicus_meta_1-main/copernicus-platform/frontend/public/shapes/ne_10m_land/ne_10m_land.shp",
          "land_buffer_degrees": 0.0,
          "valid_geolocation_points": 16384,
          "land_points": 0,
          "water_points": 16384,
          "land_fraction": 0.0,
          "water_fraction": 1.0,
          "valid_pixels_before_land_mask": 597529,
          "valid_pixels_after_land_mask": 597529,
          "pixels_masked_by_land": 0,
          "valid_water_fraction": 1.0,
          "land_skip_threshold": 0.99,
          "min_water_fraction": 0.01,
          "skip_land_tiles": true,
          "skipped": false,
          "reason": "water_candidate",
          "message": "CFAR restrito aos pixels de água."
        },
        "land_fraction": 0.0,
        "water_fraction": 1.0,
        "valid_water_fraction": 1.0,
        "land_mask_method": "natural_earth_land_point_mask",
        "wave_age": null,
        "wave_age_class": null,
        "wave_age_factor": 1.35,
        "wave_age_status": "fallback",
        "era5_time": null,
        "era5_lon": null,
        "era5_lat": null,
        "u10": null,
        "peak_wave_period": null,
        "friction_velocity": null,
        "phase_speed": null,
        "patch_label": "P050",
        "id": 50,
        "source": "cfar",
        "detection_method": "cfar"
      }
    },
    {
      "type": "Feature",
      "geometry": {
        "type": "Polygon",
        "coordinates": [
          [
            [
              -45.02975154033962,
              -23.737314562572294
            ],
            [
              -45.030320309103914,
              -23.737175509493877
            ],
            [
              -45.03039518247916,
              -23.737441362923214
            ],
            [
              -45.02982641535779,
              -23.73758041568893
            ],
            [
              -45.02975154033962,
              -23.737314562572294
            ]
          ]
        ]
      },
      "properties": {
        "lat": -23.737245036033087,
        "lon": -45.030035924721766,
        "area_px": 3,
        "min_sigma0_dB": -4.21999979019165,
        "mean_sigma0_dB": -3.569999933242798,
        "max_sigma0_dB": -2.619999885559082,
        "threshold_cfar_dB": -4.46,
        "pixel_coords": {
          "row": 1614,
          "col": 1449,
          "row_resampled": 538,
          "col_resampled": 483
        },
        "bbox_pixel_coords": {
          "row_min": 1614,
          "row_max": 1617,
          "col_min": 1446,
          "col_max": 1452
        },
        "global_pixel_coords": {
          "row": 7454,
          "col": 23289
        },
        "source_product": "S1C_IW_GRDH_1SDV_20260803T082202_20260803T082233_008828_01182E_7710",
        "source_arquivo_id": null,
        "patch_id": 50,
        "patch_name": "patch_0051_VV",
        "geotiff_name": "patch_0051_VV_sigma0_preproc.tif",
        "polarization": "VV",
        "input_scale": "linear",
        "georef_method": "snap_geolocation_grid",
        "geocoding_method": "geolocation_grid",
        "geolocation_grid_status": null,
        "snap_geolocation_grid_used": null,
        "raster_crs": "EPSG:4326",
        "raster_transform": [
          0.00011483276819298234,
          0.0,
          -43.073513451490605,
          0.0,
          -0.0001171554311711674,
          -23.704939421964106,
          0.0,
          0.0,
          1.0
        ],
        "core_bbox_pixels": {
          "x0": 22000,
          "y0": 6000,
          "x1": 24000,
          "y1": 8000
        },
        "processing_bbox_pixels": {
          "x0": 21840,
          "y0": 5840,
          "x1": 24160,
          "y1": 8160
        },
        "core_bounds_lonlat": {
          "west": -45.11098349582696,
          "south": -23.81534214331995,
          "east": -44.871655952855846,
          "north": -23.591697409791635
        },
        "processing_bounds_lonlat": {
          "west": -45.1301639345942,
          "south": -23.833221602778963,
          "east": -44.85252044584241,
          "north": -23.573738128628055
        },
        "halo_pixels": 160,
        "valid_bbox_fraction": 1.0,
        "artifact_aspect_ratio": 1.5,
        "land_mask_info": {
          "enabled": true,
          "applied": true,
          "status": "ok",
          "stage": "cfar_water_mask",
          "resampled_shape": [
            773,
            773
          ],
          "sample_shape": [
            128,
            128
          ],
          "sample_max_dim": 128,
          "available": true,
          "method": "natural_earth_land_point_mask",
          "bounds_lonlat": {
            "west": -45.11098349582696,
            "south": -23.81534214331995,
            "east": -44.871655952855846,
            "north": -23.591697409791635
          },
          "mask_path": "/content/sismom_colab_work_v2/sources/api/copernicus_meta_1-main/copernicus-platform/frontend/public/shapes/ne_10m_land/ne_10m_land.shp",
          "land_buffer_degrees": 0.0,
          "valid_geolocation_points": 16384,
          "land_points": 0,
          "water_points": 16384,
          "land_fraction": 0.0,
          "water_fraction": 1.0,
          "valid_pixels_before_land_mask": 597529,
          "valid_pixels_after_land_mask": 597529,
          "pixels_masked_by_land": 0,
          "valid_water_fraction": 1.0,
          "land_skip_threshold": 0.99,
          "min_water_fraction": 0.01,
          "skip_land_tiles": true,
          "skipped": false,
          "reason": "water_candidate",
          "message": "CFAR restrito aos pixels de água."
        },
        "land_fraction": 0.0,
        "water_fraction": 1.0,
        "valid_water_fraction": 1.0,
        "land_mask_method": "natural_earth_land_point_mask",
        "wave_age": null,
        "wave_age_class": null,
        "wave_age_factor": 1.35,
        "wave_age_status": "fallback",
        "era5_time": null,
        "era5_lon": null,
        "era5_lat": null,
        "u10": null,
        "peak_wave_period": null,
        "friction_velocity": null,
        "phase_speed": null,
        "patch_label": "P051",
        "id": 51,
        "source": "cfar",
        "detection_method": "cfar"
      }
    },
    {
      "type": "Feature",
      "geometry": {
        "type": "Polygon",
        "coordinates": [
          [
            [
              -45.03103882133288,
              -23.737568163899503
            ],
            [
              -45.031607586811326,
              -23.737429111446467
            ],
            [
              -45.031757326990146,
              -23.737960819555884
            ],
            [
              -45.03118856479754,
              -23.73809987138354
            ],
            [
              -45.03103882133288,
              -23.737568163899503
            ]
          ]
        ]
      },
      "properties": {
        "lat": -23.73776449157135,
        "lon": -45.031398074982974,
        "area_px": 4,
        "min_sigma0_dB": -5.769999980926514,
        "mean_sigma0_dB": -4.599999904632568,
        "max_sigma0_dB": -3.509999990463257,
        "threshold_cfar_dB": -5.49,
        "pixel_coords": {
          "row": 1623,
          "col": 1461,
          "row_resampled": 541,
          "col_resampled": 487
        },
        "bbox_pixel_coords": {
          "row_min": 1620,
          "row_max": 1626,
          "col_min": 1458,
          "col_max": 1464
        },
        "global_pixel_coords": {
          "row": 7463,
          "col": 23301
        },
        "source_product": "S1C_IW_GRDH_1SDV_20260803T082202_20260803T082233_008828_01182E_7710",
        "source_arquivo_id": null,
        "patch_id": 50,
        "patch_name": "patch_0051_VV",
        "geotiff_name": "patch_0051_VV_sigma0_preproc.tif",
        "polarization": "VV",
        "input_scale": "linear",
        "georef_method": "snap_geolocation_grid",
        "geocoding_method": "geolocation_grid",
        "geolocation_grid_status": null,
        "snap_geolocation_grid_used": null,
        "raster_crs": "EPSG:4326",
        "raster_transform": [
          0.00011483276819298234,
          0.0,
          -43.073513451490605,
          0.0,
          -0.0001171554311711674,
          -23.704939421964106,
          0.0,
          0.0,
          1.0
        ],
        "core_bbox_pixels": {
          "x0": 22000,
          "y0": 6000,
          "x1": 24000,
          "y1": 8000
        },
        "processing_bbox_pixels": {
          "x0": 21840,
          "y0": 5840,
          "x1": 24160,
          "y1": 8160
        },
        "core_bounds_lonlat": {
          "west": -45.11098349582696,
          "south": -23.81534214331995,
          "east": -44.871655952855846,
          "north": -23.591697409791635
        },
        "processing_bounds_lonlat": {
          "west": -45.1301639345942,
          "south": -23.833221602778963,
          "east": -44.85252044584241,
          "north": -23.573738128628055
        },
        "halo_pixels": 160,
        "valid_bbox_fraction": 1.0,
        "artifact_aspect_ratio": 1.0,
        "land_mask_info": {
          "enabled": true,
          "applied": true,
          "status": "ok",
          "stage": "cfar_water_mask",
          "resampled_shape": [
            773,
            773
          ],
          "sample_shape": [
            128,
            128
          ],
          "sample_max_dim": 128,
          "available": true,
          "method": "natural_earth_land_point_mask",
          "bounds_lonlat": {
            "west": -45.11098349582696,
            "south": -23.81534214331995,
            "east": -44.871655952855846,
            "north": -23.591697409791635
          },
          "mask_path": "/content/sismom_colab_work_v2/sources/api/copernicus_meta_1-main/copernicus-platform/frontend/public/shapes/ne_10m_land/ne_10m_land.shp",
          "land_buffer_degrees": 0.0,
          "valid_geolocation_points": 16384,
          "land_points": 0,
          "water_points": 16384,
          "land_fraction": 0.0,
          "water_fraction": 1.0,
          "valid_pixels_before_land_mask": 597529,
          "valid_pixels_after_land_mask": 597529,
          "pixels_masked_by_land": 0,
          "valid_water_fraction": 1.0,
          "land_skip_threshold": 0.99,
          "min_water_fraction": 0.01,
          "skip_land_tiles": true,
          "skipped": false,
          "reason": "water_candidate",
          "message": "CFAR restrito aos pixels de água."
        },
        "land_fraction": 0.0,
        "water_fraction": 1.0,
        "valid_water_fraction": 1.0,
        "land_mask_method": "natural_earth_land_point_mask",
        "wave_age": null,
        "wave_age_class": null,
        "wave_age_factor": 1.35,
        "wave_age_status": "fallback",
        "era5_time": null,
        "era5_lon": null,
        "era5_lat": null,
        "u10": null,
        "peak_wave_period": null,
        "friction_velocity": null,
        "phase_speed": null,
        "patch_label": "P051",
        "id": 52,
        "source": "cfar",
        "detection_method": "cfar"
      }
    },
    {
      "type": "Feature",
      "geometry": {
        "type": "Polygon",
        "coordinates": [
          [
            [
              -44.11174796888665,
              -24.127691585894958
            ],
            [
              -44.11403364592734,
              -24.12714898753311
            ],
            [
              -44.114839674572465,
              -24.130079268890874
            ],
            [
              -44.1125539499442,
              -24.130621881387903
            ],
            [
              -44.11174796888665,
              -24.127691585894958
            ]
          ]
        ]
      },
      "properties": {
        "lat": -24.12901863179603,
        "lon": -44.11333040377083,
        "area_px": 36,
        "min_sigma0_dB": -9.75,
        "mean_sigma0_dB": -0.36000001430511475,
        "max_sigma0_dB": 17.3799991607666,
        "threshold_cfar_dB": -11.32,
        "pixel_coords": {
          "row": 1422,
          "col": 1332,
          "row_resampled": 474,
          "col_resampled": 444
        },
        "bbox_pixel_coords": {
          "row_min": 1404,
          "row_max": 1437,
          "col_min": 1320,
          "col_max": 1344
        },
        "global_pixel_coords": {
          "row": 9262,
          "col": 13172
        },
        "source_product": "S1C_IW_GRDH_1SDV_20260803T082202_20260803T082233_008828_01182E_7710",
        "source_arquivo_id": null,
        "patch_id": 58,
        "patch_name": "patch_0059_VV",
        "geotiff_name": "patch_0059_VV_sigma0_preproc.tif",
        "polarization": "VV",
        "input_scale": "linear",
        "georef_method": "snap_geolocation_grid",
        "geocoding_method": "geolocation_grid",
        "geolocation_grid_status": null,
        "snap_geolocation_grid_used": null,
        "raster_crs": "EPSG:4326",
        "raster_transform": [
          0.00011483276819298234,
          0.0,
          -44.221841133420426,
          0.0,
          -0.0001171554311711674,
          -23.939250284306443,
          0.0,
          0.0,
          1.0
        ],
        "core_bbox_pixels": {
          "x0": 12000,
          "y0": 8000,
          "x1": 14000,
          "y1": 10000
        },
        "processing_bbox_pixels": {
          "x0": 11840,
          "y0": 7840,
          "x1": 14160,
          "y1": 10160
        },
        "core_bounds_lonlat": {
          "west": -44.21016273446872,
          "south": -24.22090880698321,
          "east": -43.97096872041218,
          "north": -23.998274798248794
        },
        "processing_bounds_lonlat": {
          "west": -44.22933066157648,
          "south": -24.23872632832627,
          "east": -43.95184451006668,
          "north": -23.980451073812233
        },
        "halo_pixels": 160,
        "valid_bbox_fraction": 1.0,
        "artifact_aspect_ratio": 1.3333,
        "land_mask_info": {
          "enabled": true,
          "applied": true,
          "status": "ok",
          "stage": "cfar_water_mask",
          "resampled_shape": [
            773,
            773
          ],
          "sample_shape": [
            128,
            128
          ],
          "sample_max_dim": 128,
          "available": true,
          "method": "natural_earth_land_point_mask",
          "bounds_lonlat": {
            "west": -44.21016273446872,
            "south": -24.22090880698321,
            "east": -43.97096872041218,
            "north": -23.998274798248794
          },
          "mask_path": "/content/sismom_colab_work_v2/sources/api/copernicus_meta_1-main/copernicus-platform/frontend/public/shapes/ne_10m_land/ne_10m_land.shp",
          "land_buffer_degrees": 0.0,
          "valid_geolocation_points": 16384,
          "land_points": 0,
          "water_points": 16384,
          "land_fraction": 0.0,
          "water_fraction": 1.0,
          "valid_pixels_before_land_mask": 597529,
          "valid_pixels_after_land_mask": 597529,
          "pixels_masked_by_land": 0,
          "valid_water_fraction": 1.0,
          "land_skip_threshold": 0.99,
          "min_water_fraction": 0.01,
          "skip_land_tiles": true,
          "skipped": false,
          "reason": "water_candidate",
          "message": "CFAR restrito aos pixels de água."
        },
        "land_fraction": 0.0,
        "water_fraction": 1.0,
        "valid_water_fraction": 1.0,
        "land_mask_method": "natural_earth_land_point_mask",
        "wave_age": null,
        "wave_age_class": null,
        "wave_age_factor": 1.35,
        "wave_age_status": "fallback",
        "era5_time": null,
        "era5_lon": null,
        "era5_lat": null,
        "u10": null,
        "peak_wave_period": null,
        "friction_velocity": null,
        "phase_speed": null,
        "patch_label": "P059",
        "id": 53,
        "source": "cfar",
        "detection_method": "cfar"
      }
    },
    {
      "type": "Feature",
      "geometry": {
        "type": "Polygon",
        "coordinates": [
          [
            [
              -44.12114315068237,
              -24.18278828176048
            ],
            [
              -44.12314390610966,
              -24.182313274898224
            ],
            [
              -44.12351094258709,
              -24.183645137777596
            ],
            [
              -44.121510167560686,
              -24.18412015043781
            ],
            [
              -44.12114315068237,
              -24.18278828176048
            ]
          ]
        ]
      },
      "properties": {
        "lat": -24.183117453867936,
        "lon": -44.122147427386075,
        "area_px": 24,
        "min_sigma0_dB": -9.65999984741211,
        "mean_sigma0_dB": -1.2899999618530273,
        "max_sigma0_dB": 11.109999656677246,
        "threshold_cfar_dB": -12.88,
        "pixel_coords": {
          "row": 2016,
          "col": 1272,
          "row_resampled": 672,
          "col_resampled": 424
        },
        "bbox_pixel_coords": {
          "row_min": 2010,
          "row_max": 2025,
          "col_min": 1263,
          "col_max": 1284
        },
        "global_pixel_coords": {
          "row": 9856,
          "col": 13112
        },
        "source_product": "S1C_IW_GRDH_1SDV_20260803T082202_20260803T082233_008828_01182E_7710",
        "source_arquivo_id": null,
        "patch_id": 58,
        "patch_name": "patch_0059_VV",
        "geotiff_name": "patch_0059_VV_sigma0_preproc.tif",
        "polarization": "VV",
        "input_scale": "linear",
        "georef_method": "snap_geolocation_grid",
        "geocoding_method": "geolocation_grid",
        "geolocation_grid_status": null,
        "snap_geolocation_grid_used": null,
        "raster_crs": "EPSG:4326",
        "raster_transform": [
          0.00011483276819298234,
          0.0,
          -44.221841133420426,
          0.0,
          -0.0001171554311711674,
          -23.939250284306443,
          0.0,
          0.0,
          1.0
        ],
        "core_bbox_pixels": {
          "x0": 12000,
          "y0": 8000,
          "x1": 14000,
          "y1": 10000
        },
        "processing_bbox_pixels": {
          "x0": 11840,
          "y0": 7840,
          "x1": 14160,
          "y1": 10160
        },
        "core_bounds_lonlat": {
          "west": -44.21016273446872,
          "south": -24.22090880698321,
          "east": -43.97096872041218,
          "north": -23.998274798248794
        },
        "processing_bounds_lonlat": {
          "west": -44.22933066157648,
          "south": -24.23872632832627,
          "east": -43.95184451006668,
          "north": -23.980451073812233
        },
        "halo_pixels": 160,
        "valid_bbox_fraction": 1.0,
        "artifact_aspect_ratio": 1.3333,
        "land_mask_info": {
          "enabled": true,
          "applied": true,
          "status": "ok",
          "stage": "cfar_water_mask",
          "resampled_shape": [
            773,
            773
          ],
          "sample_shape": [
            128,
            128
          ],
          "sample_max_dim": 128,
          "available": true,
          "method": "natural_earth_land_point_mask",
          "bounds_lonlat": {
            "west": -44.21016273446872,
            "south": -24.22090880698321,
            "east": -43.97096872041218,
            "north": -23.998274798248794
          },
          "mask_path": "/content/sismom_colab_work_v2/sources/api/copernicus_meta_1-main/copernicus-platform/frontend/public/shapes/ne_10m_land/ne_10m_land.shp",
          "land_buffer_degrees": 0.0,
          "valid_geolocation_points": 16384,
          "land_points": 0,
          "water_points": 16384,
          "land_fraction": 0.0,
          "water_fraction": 1.0,
          "valid_pixels_before_land_mask": 597529,
          "valid_pixels_after_land_mask": 597529,
          "pixels_masked_by_land": 0,
          "valid_water_fraction": 1.0,
          "land_skip_threshold": 0.99,
          "min_water_fraction": 0.01,
          "skip_land_tiles": true,
          "skipped": false,
          "reason": "water_candidate",
          "message": "CFAR restrito aos pixels de água."
        },
        "land_fraction": 0.0,
        "water_fraction": 1.0,
        "valid_water_fraction": 1.0,
        "land_mask_method": "natural_earth_land_point_mask",
        "wave_age": null,
        "wave_age_class": null,
        "wave_age_factor": 1.35,
        "wave_age_status": "fallback",
        "era5_time": null,
        "era5_lon": null,
        "era5_lat": null,
        "u10": null,
        "peak_wave_period": null,
        "friction_velocity": null,
        "phase_speed": null,
        "patch_label": "P059",
        "id": 54,
        "source": "cfar",
        "detection_method": "cfar"
      }
    },
    {
      "type": "Feature",
      "geometry": {
        "type": "Polygon",
        "coordinates": [
          [
            [
              -44.37303575009245,
              -24.120539160724995
            ],
            [
              -44.37303575009245,
              -24.120539160724995
            ],
            [
              -44.37318352763175,
              -24.12107161977379
            ],
            [
              -44.37318352763175,
              -24.12107161977379
            ],
            [
              -44.37303575009245,
              -24.120539160724995
            ]
          ]
        ]
      },
      "properties": {
        "lat": -24.12080539024939,
        "lon": -44.373109638862104,
        "area_px": 3,
        "min_sigma0_dB": -8.550000190734863,
        "mean_sigma0_dB": -5.199999809265137,
        "max_sigma0_dB": -1.590000033378601,
        "threshold_cfar_dB": -11.71,
        "pixel_coords": {
          "row": 1989,
          "col": 1914,
          "row_resampled": 663,
          "col_resampled": 638
        },
        "bbox_pixel_coords": {
          "row_min": 1986,
          "row_max": 1992,
          "col_min": 1914,
          "col_max": 1914
        },
        "global_pixel_coords": {
          "row": 9829,
          "col": 15754
        },
        "source_product": "S1C_IW_GRDH_1SDV_20260803T082202_20260803T082233_008828_01182E_7710",
        "source_arquivo_id": null,
        "patch_id": 59,
        "patch_name": "patch_0060_VV",
        "geotiff_name": "patch_0060_VV_sigma0_preproc.tif",
        "polarization": "VV",
        "input_scale": "linear",
        "georef_method": "snap_geolocation_grid",
        "geocoding_method": "geolocation_grid",
        "geolocation_grid_status": null,
        "snap_geolocation_grid_used": null,
        "raster_crs": "EPSG:4326",
        "raster_transform": [
          0.00011483276819298234,
          0.0,
          -43.99217559703446,
          0.0,
          -0.0001171554311711674,
          -23.939250284306443,
          0.0,
          0.0,
          1.0
        ],
        "core_bbox_pixels": {
          "x0": 14000,
          "y0": 8000,
          "x1": 16000,
          "y1": 10000
        },
        "processing_bbox_pixels": {
          "x0": 13840,
          "y0": 7840,
          "x1": 16160,
          "y1": 10160
        },
        "core_bounds_lonlat": {
          "west": -44.400620103846315,
          "south": -24.175726138411957,
          "east": -44.16132742649518,
          "north": -23.952911498098963
        },
        "processing_bounds_lonlat": {
          "west": -44.41979638176171,
          "south": -24.193550105882817,
          "east": -44.142190432897905,
          "north": -23.935074553276127
        },
        "halo_pixels": 160,
        "valid_bbox_fraction": 1.0,
        "artifact_aspect_ratio": 3.0,
        "land_mask_info": {
          "enabled": true,
          "applied": true,
          "status": "ok",
          "stage": "cfar_water_mask",
          "resampled_shape": [
            773,
            773
          ],
          "sample_shape": [
            128,
            128
          ],
          "sample_max_dim": 128,
          "available": true,
          "method": "natural_earth_land_point_mask",
          "bounds_lonlat": {
            "west": -44.400620103846315,
            "south": -24.175726138411957,
            "east": -44.16132742649518,
            "north": -23.952911498098963
          },
          "mask_path": "/content/sismom_colab_work_v2/sources/api/copernicus_meta_1-main/copernicus-platform/frontend/public/shapes/ne_10m_land/ne_10m_land.shp",
          "land_buffer_degrees": 0.0,
          "valid_geolocation_points": 16384,
          "land_points": 0,
          "water_points": 16384,
          "land_fraction": 0.0,
          "water_fraction": 1.0,
          "valid_pixels_before_land_mask": 597529,
          "valid_pixels_after_land_mask": 597529,
          "pixels_masked_by_land": 0,
          "valid_water_fraction": 1.0,
          "land_skip_threshold": 0.99,
          "min_water_fraction": 0.01,
          "skip_land_tiles": true,
          "skipped": false,
          "reason": "water_candidate",
          "message": "CFAR restrito aos pixels de água."
        },
        "land_fraction": 0.0,
        "water_fraction": 1.0,
        "valid_water_fraction": 1.0,
        "land_mask_method": "natural_earth_land_point_mask",
        "wave_age": null,
        "wave_age_class": null,
        "wave_age_factor": 1.35,
        "wave_age_status": "fallback",
        "era5_time": null,
        "era5_lon": null,
        "era5_lat": null,
        "u10": null,
        "peak_wave_period": null,
        "friction_velocity": null,
        "phase_speed": null,
        "patch_label": "P060",
        "id": 55,
        "source": "cfar",
        "detection_method": "cfar"
      }
    },
    {
      "type": "Feature",
      "geometry": {
        "type": "Polygon",
        "coordinates": [
          [
            [
              -45.15262281084082,
              -23.825953591489565
            ],
            [
              -45.154614942617556,
              -23.825466418524613
            ],
            [
              -45.155517255647915,
              -23.8286555807233
            ],
            [
              -45.153525077858895,
              -23.829142768813362
            ],
            [
              -45.15262281084082,
              -23.825953591489565
            ]
          ]
        ]
      },
      "properties": {
        "lat": -23.827339388496817,
        "lon": -45.15392772497181,
        "area_px": 26,
        "min_sigma0_dB": -9.760000228881836,
        "mean_sigma0_dB": -4.840000152587891,
        "max_sigma0_dB": 0.4399999976158142,
        "threshold_cfar_dB": -9.68,
        "pixel_coords": {
          "row": 885,
          "col": 420,
          "row_resampled": 295,
          "col_resampled": 140
        },
        "bbox_pixel_coords": {
          "row_min": 867,
          "row_max": 903,
          "col_min": 411,
          "col_max": 432
        },
        "global_pixel_coords": {
          "row": 8725,
          "col": 24260
        },
        "source_product": "S1C_IW_GRDH_1SDV_20260803T082202_20260803T082233_008828_01182E_7710",
        "source_arquivo_id": null,
        "patch_id": 64,
        "patch_name": "patch_0065_VV",
        "geotiff_name": "patch_0065_VV_sigma0_preproc.tif",
        "polarization": "VV",
        "input_scale": "linear",
        "georef_method": "snap_geolocation_grid",
        "geocoding_method": "geolocation_grid",
        "geolocation_grid_status": null,
        "snap_geolocation_grid_used": null,
        "raster_crs": "EPSG:4326",
        "raster_transform": [
          0.00011483276819298234,
          0.0,
          -42.84384791510464,
          0.0,
          -0.0001171554311711674,
          -23.939250284306443,
          0.0,
          0.0,
          1.0
        ],
        "core_bbox_pixels": {
          "x0": 24000,
          "y0": 8000,
          "x1": 25629,
          "y1": 10000
        },
        "processing_bbox_pixels": {
          "x0": 23840,
          "y0": 7840,
          "x1": 25629,
          "y1": 10160
        },
        "core_bounds_lonlat": {
          "west": -45.31563258150675,
          "south": -23.946231819185137,
          "east": -45.11110336390603,
          "north": -23.730969172496142
        },
        "processing_bounds_lonlat": {
          "west": -45.31966731775204,
          "south": -23.964121545274004,
          "east": -45.09192601807065,
          "north": -23.716755536705804
        },
        "halo_pixels": 160,
        "valid_bbox_fraction": 1.0,
        "artifact_aspect_ratio": 1.625,
        "land_mask_info": {
          "enabled": true,
          "applied": true,
          "status": "ok",
          "stage": "cfar_water_mask",
          "resampled_shape": [
            773,
            596
          ],
          "sample_shape": [
            128,
            99
          ],
          "sample_max_dim": 128,
          "available": true,
          "method": "natural_earth_land_point_mask",
          "bounds_lonlat": {
            "west": -45.31563258150675,
            "south": -23.946231819185137,
            "east": -45.11110336390603,
            "north": -23.730969172496142
          },
          "mask_path": "/content/sismom_colab_work_v2/sources/api/copernicus_meta_1-main/copernicus-platform/frontend/public/shapes/ne_10m_land/ne_10m_land.shp",
          "land_buffer_degrees": 0.0,
          "valid_geolocation_points": 12672,
          "land_points": 3652,
          "water_points": 9020,
          "land_fraction": 0.2881944444444444,
          "water_fraction": 0.7118055555555556,
          "valid_pixels_before_land_mask": 416577,
          "valid_pixels_after_land_mask": 320653,
          "pixels_masked_by_land": 95924,
          "valid_water_fraction": 0.7697328465085687,
          "land_skip_threshold": 0.99,
          "min_water_fraction": 0.01,
          "skip_land_tiles": true,
          "skipped": false,
          "reason": "water_candidate",
          "message": "CFAR restrito aos pixels de água."
        },
        "land_fraction": 0.2881944444444444,
        "water_fraction": 0.7118055555555556,
        "valid_water_fraction": 0.7697328465085687,
        "land_mask_method": "natural_earth_land_point_mask",
        "wave_age": null,
        "wave_age_class": null,
        "wave_age_factor": 1.35,
        "wave_age_status": "fallback",
        "era5_time": null,
        "era5_lon": null,
        "era5_lat": null,
        "u10": null,
        "peak_wave_period": null,
        "friction_velocity": null,
        "phase_speed": null,
        "patch_label": "P065",
        "id": 56,
        "source": "cfar",
        "detection_method": "cfar"
      }
    },
    {
      "type": "Feature",
      "geometry": {
        "type": "Polygon",
        "coordinates": [
          [
            [
              -45.1539115540748,
              -23.82620673505164
            ],
            [
              -45.15419614542415,
              -23.826137138553673
            ],
            [
              -45.154271337081276,
              -23.826402902430353
            ],
            [
              -45.153986745184156,
              -23.826472499108384
            ],
            [
              -45.1539115540748,
              -23.82620673505164
            ]
          ]
        ]
      },
      "properties": {
        "lat": -23.826402902430353,
        "lon": -45.154271337081276,
        "area_px": 3,
        "min_sigma0_dB": -8.899999618530273,
        "mean_sigma0_dB": -8.420000076293945,
        "max_sigma0_dB": -7.829999923706055,
        "threshold_cfar_dB": -9.23,
        "pixel_coords": {
          "row": 876,
          "col": 426,
          "row_resampled": 292,
          "col_resampled": 142
        },
        "bbox_pixel_coords": {
          "row_min": 873,
          "row_max": 876,
          "col_min": 423,
          "col_max": 426
        },
        "global_pixel_coords": {
          "row": 8716,
          "col": 24266
        },
        "source_product": "S1C_IW_GRDH_1SDV_20260803T082202_20260803T082233_008828_01182E_7710",
        "source_arquivo_id": null,
        "patch_id": 64,
        "patch_name": "patch_0065_VV",
        "geotiff_name": "patch_0065_VV_sigma0_preproc.tif",
        "polarization": "VV",
        "input_scale": "linear",
        "georef_method": "snap_geolocation_grid",
        "geocoding_method": "geolocation_grid",
        "geolocation_grid_status": null,
        "snap_geolocation_grid_used": null,
        "raster_crs": "EPSG:4326",
        "raster_transform": [
          0.00011483276819298234,
          0.0,
          -42.84384791510464,
          0.0,
          -0.0001171554311711674,
          -23.939250284306443,
          0.0,
          0.0,
          1.0
        ],
        "core_bbox_pixels": {
          "x0": 24000,
          "y0": 8000,
          "x1": 25629,
          "y1": 10000
        },
        "processing_bbox_pixels": {
          "x0": 23840,
          "y0": 7840,
          "x1": 25629,
          "y1": 10160
        },
        "core_bounds_lonlat": {
          "west": -45.31563258150675,
          "south": -23.946231819185137,
          "east": -45.11110336390603,
          "north": -23.730969172496142
        },
        "processing_bounds_lonlat": {
          "west": -45.31966731775204,
          "south": -23.964121545274004,
          "east": -45.09192601807065,
          "north": -23.716755536705804
        },
        "halo_pixels": 160,
        "valid_bbox_fraction": 1.0,
        "artifact_aspect_ratio": 1.0,
        "land_mask_info": {
          "enabled": true,
          "applied": true,
          "status": "ok",
          "stage": "cfar_water_mask",
          "resampled_shape": [
            773,
            596
          ],
          "sample_shape": [
            128,
            99
          ],
          "sample_max_dim": 128,
          "available": true,
          "method": "natural_earth_land_point_mask",
          "bounds_lonlat": {
            "west": -45.31563258150675,
            "south": -23.946231819185137,
            "east": -45.11110336390603,
            "north": -23.730969172496142
          },
          "mask_path": "/content/sismom_colab_work_v2/sources/api/copernicus_meta_1-main/copernicus-platform/frontend/public/shapes/ne_10m_land/ne_10m_land.shp",
          "land_buffer_degrees": 0.0,
          "valid_geolocation_points": 12672,
          "land_points": 3652,
          "water_points": 9020,
          "land_fraction": 0.2881944444444444,
          "water_fraction": 0.7118055555555556,
          "valid_pixels_before_land_mask": 416577,
          "valid_pixels_after_land_mask": 320653,
          "pixels_masked_by_land": 95924,
          "valid_water_fraction": 0.7697328465085687,
          "land_skip_threshold": 0.99,
          "min_water_fraction": 0.01,
          "skip_land_tiles": true,
          "skipped": false,
          "reason": "water_candidate",
          "message": "CFAR restrito aos pixels de água."
        },
        "land_fraction": 0.2881944444444444,
        "water_fraction": 0.7118055555555556,
        "valid_water_fraction": 0.7697328465085687,
        "land_mask_method": "natural_earth_land_point_mask",
        "wave_age": null,
        "wave_age_class": null,
        "wave_age_factor": 1.35,
        "wave_age_status": "fallback",
        "era5_time": null,
        "era5_lon": null,
        "era5_lat": null,
        "u10": null,
        "peak_wave_period": null,
        "friction_velocity": null,
        "phase_speed": null,
        "patch_label": "P065",
        "id": 57,
        "source": "cfar",
        "detection_method": "cfar"
      }
    },
    {
      "type": "Feature",
      "geometry": {
        "type": "Polygon",
        "coordinates": [
          [
            [
              -45.22690992324422,
              -23.811138372952588
            ],
            [
              -45.22776696522824,
              -23.81092800717156
            ],
            [
              -45.22835540150528,
              -23.813057266235813
            ],
            [
              -45.22749853369423,
              -23.813267590012238
            ],
            [
              -45.22690992324422,
              -23.811138372952588
            ]
          ]
        ]
      },
      "properties": {
        "lat": -23.81206275162993,
        "lon": -45.22777553173425,
        "area_px": 15,
        "min_sigma0_dB": -9.649999618530273,
        "mean_sigma0_dB": -6.78000020980835,
        "max_sigma0_dB": -3.950000047683716,
        "threshold_cfar_dB": -10.02,
        "pixel_coords": {
          "row": 915,
          "col": 1188,
          "row_resampled": 305,
          "col_resampled": 396
        },
        "bbox_pixel_coords": {
          "row_min": 903,
          "row_max": 927,
          "col_min": 1182,
          "col_max": 1191
        },
        "global_pixel_coords": {
          "row": 8755,
          "col": 25028
        },
        "source_product": "S1C_IW_GRDH_1SDV_20260803T082202_20260803T082233_008828_01182E_7710",
        "source_arquivo_id": null,
        "patch_id": 64,
        "patch_name": "patch_0065_VV",
        "geotiff_name": "patch_0065_VV_sigma0_preproc.tif",
        "polarization": "VV",
        "input_scale": "linear",
        "georef_method": "snap_geolocation_grid",
        "geocoding_method": "geolocation_grid",
        "geolocation_grid_status": null,
        "snap_geolocation_grid_used": null,
        "raster_crs": "EPSG:4326",
        "raster_transform": [
          0.00011483276819298234,
          0.0,
          -42.84384791510464,
          0.0,
          -0.0001171554311711674,
          -23.939250284306443,
          0.0,
          0.0,
          1.0
        ],
        "core_bbox_pixels": {
          "x0": 24000,
          "y0": 8000,
          "x1": 25629,
          "y1": 10000
        },
        "processing_bbox_pixels": {
          "x0": 23840,
          "y0": 7840,
          "x1": 25629,
          "y1": 10160
        },
        "core_bounds_lonlat": {
          "west": -45.31563258150675,
          "south": -23.946231819185137,
          "east": -45.11110336390603,
          "north": -23.730969172496142
        },
        "processing_bounds_lonlat": {
          "west": -45.31966731775204,
          "south": -23.964121545274004,
          "east": -45.09192601807065,
          "north": -23.716755536705804
        },
        "halo_pixels": 160,
        "valid_bbox_fraction": 1.0,
        "artifact_aspect_ratio": 2.25,
        "land_mask_info": {
          "enabled": true,
          "applied": true,
          "status": "ok",
          "stage": "cfar_water_mask",
          "resampled_shape": [
            773,
            596
          ],
          "sample_shape": [
            128,
            99
          ],
          "sample_max_dim": 128,
          "available": true,
          "method": "natural_earth_land_point_mask",
          "bounds_lonlat": {
            "west": -45.31563258150675,
            "south": -23.946231819185137,
            "east": -45.11110336390603,
            "north": -23.730969172496142
          },
          "mask_path": "/content/sismom_colab_work_v2/sources/api/copernicus_meta_1-main/copernicus-platform/frontend/public/shapes/ne_10m_land/ne_10m_land.shp",
          "land_buffer_degrees": 0.0,
          "valid_geolocation_points": 12672,
          "land_points": 3652,
          "water_points": 9020,
          "land_fraction": 0.2881944444444444,
          "water_fraction": 0.7118055555555556,
          "valid_pixels_before_land_mask": 416577,
          "valid_pixels_after_land_mask": 320653,
          "pixels_masked_by_land": 95924,
          "valid_water_fraction": 0.7697328465085687,
          "land_skip_threshold": 0.99,
          "min_water_fraction": 0.01,
          "skip_land_tiles": true,
          "skipped": false,
          "reason": "water_candidate",
          "message": "CFAR restrito aos pixels de água."
        },
        "land_fraction": 0.2881944444444444,
        "water_fraction": 0.7118055555555556,
        "valid_water_fraction": 0.7697328465085687,
        "land_mask_method": "natural_earth_land_point_mask",
        "wave_age": null,
        "wave_age_class": null,
        "wave_age_factor": 1.35,
        "wave_age_status": "fallback",
        "era5_time": null,
        "era5_lon": null,
        "era5_lat": null,
        "u10": null,
        "peak_wave_period": null,
        "friction_velocity": null,
        "phase_speed": null,
        "patch_label": "P065",
        "id": 58,
        "source": "cfar",
        "detection_method": "cfar"
      }
    },
    {
      "type": "Feature",
      "geometry": {
        "type": "Polygon",
        "coordinates": [
          [
            [
              -45.22584080593395,
              -23.811685005792295
            ],
            [
              -45.22698349955048,
              -23.811404525085038
            ],
            [
              -45.22771926261298,
              -23.814066046409607
            ],
            [
              -45.22657685928471,
              -23.81434645710922
            ],
            [
              -45.22584080593395,
              -23.811685005792295
            ]
          ]
        ]
      },
      "properties": {
        "lat": -23.812875508599042,
        "lon": -45.22678010684554,
        "area_px": 23,
        "min_sigma0_dB": -9.859999656677246,
        "mean_sigma0_dB": -6.0,
        "max_sigma0_dB": 3.640000104904175,
        "threshold_cfar_dB": -10.19,
        "pixel_coords": {
          "row": 921,
          "col": 1176,
          "row_resampled": 307,
          "col_resampled": 392
        },
        "bbox_pixel_coords": {
          "row_min": 906,
          "row_max": 936,
          "col_min": 1170,
          "col_max": 1182
        },
        "global_pixel_coords": {
          "row": 8761,
          "col": 25016
        },
        "source_product": "S1C_IW_GRDH_1SDV_20260803T082202_20260803T082233_008828_01182E_7710",
        "source_arquivo_id": null,
        "patch_id": 64,
        "patch_name": "patch_0065_VV",
        "geotiff_name": "patch_0065_VV_sigma0_preproc.tif",
        "polarization": "VV",
        "input_scale": "linear",
        "georef_method": "snap_geolocation_grid",
        "geocoding_method": "geolocation_grid",
        "geolocation_grid_status": null,
        "snap_geolocation_grid_used": null,
        "raster_crs": "EPSG:4326",
        "raster_transform": [
          0.00011483276819298234,
          0.0,
          -42.84384791510464,
          0.0,
          -0.0001171554311711674,
          -23.939250284306443,
          0.0,
          0.0,
          1.0
        ],
        "core_bbox_pixels": {
          "x0": 24000,
          "y0": 8000,
          "x1": 25629,
          "y1": 10000
        },
        "processing_bbox_pixels": {
          "x0": 23840,
          "y0": 7840,
          "x1": 25629,
          "y1": 10160
        },
        "core_bounds_lonlat": {
          "west": -45.31563258150675,
          "south": -23.946231819185137,
          "east": -45.11110336390603,
          "north": -23.730969172496142
        },
        "processing_bounds_lonlat": {
          "west": -45.31966731775204,
          "south": -23.964121545274004,
          "east": -45.09192601807065,
          "north": -23.716755536705804
        },
        "halo_pixels": 160,
        "valid_bbox_fraction": 1.0,
        "artifact_aspect_ratio": 2.2,
        "land_mask_info": {
          "enabled": true,
          "applied": true,
          "status": "ok",
          "stage": "cfar_water_mask",
          "resampled_shape": [
            773,
            596
          ],
          "sample_shape": [
            128,
            99
          ],
          "sample_max_dim": 128,
          "available": true,
          "method": "natural_earth_land_point_mask",
          "bounds_lonlat": {
            "west": -45.31563258150675,
            "south": -23.946231819185137,
            "east": -45.11110336390603,
            "north": -23.730969172496142
          },
          "mask_path": "/content/sismom_colab_work_v2/sources/api/copernicus_meta_1-main/copernicus-platform/frontend/public/shapes/ne_10m_land/ne_10m_land.shp",
          "land_buffer_degrees": 0.0,
          "valid_geolocation_points": 12672,
          "land_points": 3652,
          "water_points": 9020,
          "land_fraction": 0.2881944444444444,
          "water_fraction": 0.7118055555555556,
          "valid_pixels_before_land_mask": 416577,
          "valid_pixels_after_land_mask": 320653,
          "pixels_masked_by_land": 95924,
          "valid_water_fraction": 0.7697328465085687,
          "land_skip_threshold": 0.99,
          "min_water_fraction": 0.01,
          "skip_land_tiles": true,
          "skipped": false,
          "reason": "water_candidate",
          "message": "CFAR restrito aos pixels de água."
        },
        "land_fraction": 0.2881944444444444,
        "water_fraction": 0.7118055555555556,
        "valid_water_fraction": 0.7697328465085687,
        "land_mask_method": "natural_earth_land_point_mask",
        "wave_age": null,
        "wave_age_class": null,
        "wave_age_factor": 1.35,
        "wave_age_status": "fallback",
        "era5_time": null,
        "era5_lon": null,
        "era5_lat": null,
        "u10": null,
        "peak_wave_period": null,
        "friction_velocity": null,
        "phase_speed": null,
        "patch_label": "P065",
        "id": 59,
        "source": "cfar",
        "detection_method": "cfar"
      }
    },
    {
      "type": "Feature",
      "geometry": {
        "type": "Polygon",
        "coordinates": [
          [
            [
              -45.22841112468872,
              -23.837485864175257
            ],
            [
              -45.22869612317377,
              -23.83741590676622
            ],
            [
              -45.22884353703871,
              -23.837948148024253
            ],
            [
              -45.22855855306808,
              -23.83801810193291
            ],
            [
              -45.22841112468872,
              -23.837485864175257
            ]
          ]
        ]
      },
      "properties": {
        "lat": -23.83768202739524,
        "lon": -45.228769830106245,
        "area_px": 3,
        "min_sigma0_dB": -2.490000009536743,
        "mean_sigma0_dB": -0.6600000262260437,
        "max_sigma0_dB": 1.159999966621399,
        "threshold_cfar_dB": -3.41,
        "pixel_coords": {
          "row": 1188,
          "col": 1128,
          "row_resampled": 396,
          "col_resampled": 376
        },
        "bbox_pixel_coords": {
          "row_min": 1185,
          "row_max": 1191,
          "col_min": 1125,
          "col_max": 1128
        },
        "global_pixel_coords": {
          "row": 9028,
          "col": 24968
        },
        "source_product": "S1C_IW_GRDH_1SDV_20260803T082202_20260803T082233_008828_01182E_7710",
        "source_arquivo_id": null,
        "patch_id": 64,
        "patch_name": "patch_0065_VV",
        "geotiff_name": "patch_0065_VV_sigma0_preproc.tif",
        "polarization": "VV",
        "input_scale": "linear",
        "georef_method": "snap_geolocation_grid",
        "geocoding_method": "geolocation_grid",
        "geolocation_grid_status": null,
        "snap_geolocation_grid_used": null,
        "raster_crs": "EPSG:4326",
        "raster_transform": [
          0.00011483276819298234,
          0.0,
          -42.84384791510464,
          0.0,
          -0.0001171554311711674,
          -23.939250284306443,
          0.0,
          0.0,
          1.0
        ],
        "core_bbox_pixels": {
          "x0": 24000,
          "y0": 8000,
          "x1": 25629,
          "y1": 10000
        },
        "processing_bbox_pixels": {
          "x0": 23840,
          "y0": 7840,
          "x1": 25629,
          "y1": 10160
        },
        "core_bounds_lonlat": {
          "west": -45.31563258150675,
          "south": -23.946231819185137,
          "east": -45.11110336390603,
          "north": -23.730969172496142
        },
        "processing_bounds_lonlat": {
          "west": -45.31966731775204,
          "south": -23.964121545274004,
          "east": -45.09192601807065,
          "north": -23.716755536705804
        },
        "halo_pixels": 160,
        "valid_bbox_fraction": 1.0,
        "artifact_aspect_ratio": 1.5,
        "land_mask_info": {
          "enabled": true,
          "applied": true,
          "status": "ok",
          "stage": "cfar_water_mask",
          "resampled_shape": [
            773,
            596
          ],
          "sample_shape": [
            128,
            99
          ],
          "sample_max_dim": 128,
          "available": true,
          "method": "natural_earth_land_point_mask",
          "bounds_lonlat": {
            "west": -45.31563258150675,
            "south": -23.946231819185137,
            "east": -45.11110336390603,
            "north": -23.730969172496142
          },
          "mask_path": "/content/sismom_colab_work_v2/sources/api/copernicus_meta_1-main/copernicus-platform/frontend/public/shapes/ne_10m_land/ne_10m_land.shp",
          "land_buffer_degrees": 0.0,
          "valid_geolocation_points": 12672,
          "land_points": 3652,
          "water_points": 9020,
          "land_fraction": 0.2881944444444444,
          "water_fraction": 0.7118055555555556,
          "valid_pixels_before_land_mask": 416577,
          "valid_pixels_after_land_mask": 320653,
          "pixels_masked_by_land": 95924,
          "valid_water_fraction": 0.7697328465085687,
          "land_skip_threshold": 0.99,
          "min_water_fraction": 0.01,
          "skip_land_tiles": true,
          "skipped": false,
          "reason": "water_candidate",
          "message": "CFAR restrito aos pixels de água."
        },
        "land_fraction": 0.2881944444444444,
        "water_fraction": 0.7118055555555556,
        "valid_water_fraction": 0.7697328465085687,
        "land_mask_method": "natural_earth_land_point_mask",
        "wave_age": null,
        "wave_age_class": null,
        "wave_age_factor": 1.35,
        "wave_age_status": "fallback",
        "era5_time": null,
        "era5_lon": null,
        "era5_lat": null,
        "u10": null,
        "peak_wave_period": null,
        "friction_velocity": null,
        "phase_speed": null,
        "patch_label": "P065",
        "id": 60,
        "source": "cfar",
        "detection_method": "cfar"
      }
    },
    {
      "type": "Feature",
      "geometry": {
        "type": "Polygon",
        "coordinates": [
          [
            [
              -45.22956088981613,
              -23.83834048846574
            ],
            [
              -45.23070076764104,
              -23.83806068683265
            ],
            [
              -45.230995421197996,
              -23.839125211353302
            ],
            [
              -45.22985565948837,
              -23.83940498498334
            ],
            [
              -45.22956088981613,
              -23.83834048846574
            ]
          ]
        ]
      },
      "properties": {
        "lat": -23.838732842908758,
        "lon": -45.23027818453588,
        "area_px": 5,
        "min_sigma0_dB": -1.0700000524520874,
        "mean_sigma0_dB": -0.07999999821186066,
        "max_sigma0_dB": 1.3899999856948853,
        "threshold_cfar_dB": -3.07,
        "pixel_coords": {
          "row": 1203,
          "col": 1140,
          "row_resampled": 401,
          "col_resampled": 380
        },
        "bbox_pixel_coords": {
          "row_min": 1197,
          "row_max": 1209,
          "col_min": 1134,
          "col_max": 1146
        },
        "global_pixel_coords": {
          "row": 9043,
          "col": 24980
        },
        "source_product": "S1C_IW_GRDH_1SDV_20260803T082202_20260803T082233_008828_01182E_7710",
        "source_arquivo_id": null,
        "patch_id": 64,
        "patch_name": "patch_0065_VV",
        "geotiff_name": "patch_0065_VV_sigma0_preproc.tif",
        "polarization": "VV",
        "input_scale": "linear",
        "georef_method": "snap_geolocation_grid",
        "geocoding_method": "geolocation_grid",
        "geolocation_grid_status": null,
        "snap_geolocation_grid_used": null,
        "raster_crs": "EPSG:4326",
        "raster_transform": [
          0.00011483276819298234,
          0.0,
          -42.84384791510464,
          0.0,
          -0.0001171554311711674,
          -23.939250284306443,
          0.0,
          0.0,
          1.0
        ],
        "core_bbox_pixels": {
          "x0": 24000,
          "y0": 8000,
          "x1": 25629,
          "y1": 10000
        },
        "processing_bbox_pixels": {
          "x0": 23840,
          "y0": 7840,
          "x1": 25629,
          "y1": 10160
        },
        "core_bounds_lonlat": {
          "west": -45.31563258150675,
          "south": -23.946231819185137,
          "east": -45.11110336390603,
          "north": -23.730969172496142
        },
        "processing_bounds_lonlat": {
          "west": -45.31966731775204,
          "south": -23.964121545274004,
          "east": -45.09192601807065,
          "north": -23.716755536705804
        },
        "halo_pixels": 160,
        "valid_bbox_fraction": 1.0,
        "artifact_aspect_ratio": 1.0,
        "land_mask_info": {
          "enabled": true,
          "applied": true,
          "status": "ok",
          "stage": "cfar_water_mask",
          "resampled_shape": [
            773,
            596
          ],
          "sample_shape": [
            128,
            99
          ],
          "sample_max_dim": 128,
          "available": true,
          "method": "natural_earth_land_point_mask",
          "bounds_lonlat": {
            "west": -45.31563258150675,
            "south": -23.946231819185137,
            "east": -45.11110336390603,
            "north": -23.730969172496142
          },
          "mask_path": "/content/sismom_colab_work_v2/sources/api/copernicus_meta_1-main/copernicus-platform/frontend/public/shapes/ne_10m_land/ne_10m_land.shp",
          "land_buffer_degrees": 0.0,
          "valid_geolocation_points": 12672,
          "land_points": 3652,
          "water_points": 9020,
          "land_fraction": 0.2881944444444444,
          "water_fraction": 0.7118055555555556,
          "valid_pixels_before_land_mask": 416577,
          "valid_pixels_after_land_mask": 320653,
          "pixels_masked_by_land": 95924,
          "valid_water_fraction": 0.7697328465085687,
          "land_skip_threshold": 0.99,
          "min_water_fraction": 0.01,
          "skip_land_tiles": true,
          "skipped": false,
          "reason": "water_candidate",
          "message": "CFAR restrito aos pixels de água."
        },
        "land_fraction": 0.2881944444444444,
        "water_fraction": 0.7118055555555556,
        "valid_water_fraction": 0.7697328465085687,
        "land_mask_method": "natural_earth_land_point_mask",
        "wave_age": null,
        "wave_age_class": null,
        "wave_age_factor": 1.35,
        "wave_age_status": "fallback",
        "era5_time": null,
        "era5_lon": null,
        "era5_lat": null,
        "u10": null,
        "peak_wave_period": null,
        "friction_velocity": null,
        "phase_speed": null,
        "patch_label": "P065",
        "id": 61,
        "source": "cfar",
        "detection_method": "cfar"
      }
    },
    {
      "type": "Feature",
      "geometry": {
        "type": "Polygon",
        "coordinates": [
          [
            [
              -45.23142767388946,
              -23.839587533706503
            ],
            [
              -45.23171259980246,
              -23.83951759379938
            ],
            [
              -45.231786248676514,
              -23.839783728429925
            ],
            [
              -45.231501330020734,
              -23.83985366658686
            ],
            [
              -45.23142767388946,
              -23.839587533706503
            ]
          ]
        ]
      },
      "properties": {
        "lat": -23.839783728429925,
        "lon": -45.231786248676514,
        "area_px": 3,
        "min_sigma0_dB": -2.359999895095825,
        "mean_sigma0_dB": -0.6000000238418579,
        "max_sigma0_dB": 1.9500000476837158,
        "threshold_cfar_dB": -2.69,
        "pixel_coords": {
          "row": 1218,
          "col": 1152,
          "row_resampled": 406,
          "col_resampled": 384
        },
        "bbox_pixel_coords": {
          "row_min": 1215,
          "row_max": 1218,
          "col_min": 1149,
          "col_max": 1152
        },
        "global_pixel_coords": {
          "row": 9058,
          "col": 24992
        },
        "source_product": "S1C_IW_GRDH_1SDV_20260803T082202_20260803T082233_008828_01182E_7710",
        "source_arquivo_id": null,
        "patch_id": 64,
        "patch_name": "patch_0065_VV",
        "geotiff_name": "patch_0065_VV_sigma0_preproc.tif",
        "polarization": "VV",
        "input_scale": "linear",
        "georef_method": "snap_geolocation_grid",
        "geocoding_method": "geolocation_grid",
        "geolocation_grid_status": null,
        "snap_geolocation_grid_used": null,
        "raster_crs": "EPSG:4326",
        "raster_transform": [
          0.00011483276819298234,
          0.0,
          -42.84384791510464,
          0.0,
          -0.0001171554311711674,
          -23.939250284306443,
          0.0,
          0.0,
          1.0
        ],
        "core_bbox_pixels": {
          "x0": 24000,
          "y0": 8000,
          "x1": 25629,
          "y1": 10000
        },
        "processing_bbox_pixels": {
          "x0": 23840,
          "y0": 7840,
          "x1": 25629,
          "y1": 10160
        },
        "core_bounds_lonlat": {
          "west": -45.31563258150675,
          "south": -23.946231819185137,
          "east": -45.11110336390603,
          "north": -23.730969172496142
        },
        "processing_bounds_lonlat": {
          "west": -45.31966731775204,
          "south": -23.964121545274004,
          "east": -45.09192601807065,
          "north": -23.716755536705804
        },
        "halo_pixels": 160,
        "valid_bbox_fraction": 1.0,
        "artifact_aspect_ratio": 1.0,
        "land_mask_info": {
          "enabled": true,
          "applied": true,
          "status": "ok",
          "stage": "cfar_water_mask",
          "resampled_shape": [
            773,
            596
          ],
          "sample_shape": [
            128,
            99
          ],
          "sample_max_dim": 128,
          "available": true,
          "method": "natural_earth_land_point_mask",
          "bounds_lonlat": {
            "west": -45.31563258150675,
            "south": -23.946231819185137,
            "east": -45.11110336390603,
            "north": -23.730969172496142
          },
          "mask_path": "/content/sismom_colab_work_v2/sources/api/copernicus_meta_1-main/copernicus-platform/frontend/public/shapes/ne_10m_land/ne_10m_land.shp",
          "land_buffer_degrees": 0.0,
          "valid_geolocation_points": 12672,
          "land_points": 3652,
          "water_points": 9020,
          "land_fraction": 0.2881944444444444,
          "water_fraction": 0.7118055555555556,
          "valid_pixels_before_land_mask": 416577,
          "valid_pixels_after_land_mask": 320653,
          "pixels_masked_by_land": 95924,
          "valid_water_fraction": 0.7697328465085687,
          "land_skip_threshold": 0.99,
          "min_water_fraction": 0.01,
          "skip_land_tiles": true,
          "skipped": false,
          "reason": "water_candidate",
          "message": "CFAR restrito aos pixels de água."
        },
        "land_fraction": 0.2881944444444444,
        "water_fraction": 0.7118055555555556,
        "valid_water_fraction": 0.7697328465085687,
        "land_mask_method": "natural_earth_land_point_mask",
        "wave_age": null,
        "wave_age_class": null,
        "wave_age_factor": 1.35,
        "wave_age_status": "fallback",
        "era5_time": null,
        "era5_lon": null,
        "era5_lat": null,
        "u10": null,
        "peak_wave_period": null,
        "friction_velocity": null,
        "phase_speed": null,
        "patch_label": "P065",
        "id": 62,
        "source": "cfar",
        "detection_method": "cfar"
      }
    },
    {
      "type": "Feature",
      "geometry": {
        "type": "Polygon",
        "coordinates": [
          [
            [
              -45.25844147018044,
              -23.88809537315733
            ],
            [
              -45.25844147018044,
              -23.88809537315733
            ],
            [
              -45.258668150466754,
              -23.88889241297267
            ],
            [
              -45.258668150466754,
              -23.88889241297267
            ],
            [
              -45.25844147018044,
              -23.88809537315733
            ]
          ]
        ]
      },
      "properties": {
        "lat": -23.888361053095778,
        "lon": -45.25851703027588,
        "area_px": 4,
        "min_sigma0_dB": -3.549999952316284,
        "mean_sigma0_dB": -1.909999966621399,
        "max_sigma0_dB": 0.2800000011920929,
        "threshold_cfar_dB": -6.0,
        "pixel_coords": {
          "row": 1800,
          "col": 1281,
          "row_resampled": 600,
          "col_resampled": 427
        },
        "bbox_pixel_coords": {
          "row_min": 1797,
          "row_max": 1806,
          "col_min": 1281,
          "col_max": 1281
        },
        "global_pixel_coords": {
          "row": 9640,
          "col": 25121
        },
        "source_product": "S1C_IW_GRDH_1SDV_20260803T082202_20260803T082233_008828_01182E_7710",
        "source_arquivo_id": null,
        "patch_id": 64,
        "patch_name": "patch_0065_VV",
        "geotiff_name": "patch_0065_VV_sigma0_preproc.tif",
        "polarization": "VV",
        "input_scale": "linear",
        "georef_method": "snap_geolocation_grid",
        "geocoding_method": "geolocation_grid",
        "geolocation_grid_status": null,
        "snap_geolocation_grid_used": null,
        "raster_crs": "EPSG:4326",
        "raster_transform": [
          0.00011483276819298234,
          0.0,
          -42.84384791510464,
          0.0,
          -0.0001171554311711674,
          -23.939250284306443,
          0.0,
          0.0,
          1.0
        ],
        "core_bbox_pixels": {
          "x0": 24000,
          "y0": 8000,
          "x1": 25629,
          "y1": 10000
        },
        "processing_bbox_pixels": {
          "x0": 23840,
          "y0": 7840,
          "x1": 25629,
          "y1": 10160
        },
        "core_bounds_lonlat": {
          "west": -45.31563258150675,
          "south": -23.946231819185137,
          "east": -45.11110336390603,
          "north": -23.730969172496142
        },
        "processing_bounds_lonlat": {
          "west": -45.31966731775204,
          "south": -23.964121545274004,
          "east": -45.09192601807065,
          "north": -23.716755536705804
        },
        "halo_pixels": 160,
        "valid_bbox_fraction": 1.0,
        "artifact_aspect_ratio": 4.0,
        "land_mask_info": {
          "enabled": true,
          "applied": true,
          "status": "ok",
          "stage": "cfar_water_mask",
          "resampled_shape": [
            773,
            596
          ],
          "sample_shape": [
            128,
            99
          ],
          "sample_max_dim": 128,
          "available": true,
          "method": "natural_earth_land_point_mask",
          "bounds_lonlat": {
            "west": -45.31563258150675,
            "south": -23.946231819185137,
            "east": -45.11110336390603,
            "north": -23.730969172496142
          },
          "mask_path": "/content/sismom_colab_work_v2/sources/api/copernicus_meta_1-main/copernicus-platform/frontend/public/shapes/ne_10m_land/ne_10m_land.shp",
          "land_buffer_degrees": 0.0,
          "valid_geolocation_points": 12672,
          "land_points": 3652,
          "water_points": 9020,
          "land_fraction": 0.2881944444444444,
          "water_fraction": 0.7118055555555556,
          "valid_pixels_before_land_mask": 416577,
          "valid_pixels_after_land_mask": 320653,
          "pixels_masked_by_land": 95924,
          "valid_water_fraction": 0.7697328465085687,
          "land_skip_threshold": 0.99,
          "min_water_fraction": 0.01,
          "skip_land_tiles": true,
          "skipped": false,
          "reason": "water_candidate",
          "message": "CFAR restrito aos pixels de água."
        },
        "land_fraction": 0.2881944444444444,
        "water_fraction": 0.7118055555555556,
        "valid_water_fraction": 0.7697328465085687,
        "land_mask_method": "natural_earth_land_point_mask",
        "wave_age": null,
        "wave_age_class": null,
        "wave_age_factor": 1.35,
        "wave_age_status": "fallback",
        "era5_time": null,
        "era5_lon": null,
        "era5_lat": null,
        "u10": null,
        "peak_wave_period": null,
        "friction_velocity": null,
        "phase_speed": null,
        "patch_label": "P065",
        "id": 63,
        "source": "cfar",
        "detection_method": "cfar"
      }
    },
    {
      "type": "Feature",
      "geometry": {
        "type": "Polygon",
        "coordinates": [
          [
            [
              -43.30358962247568,
              -24.405859225798835
            ],
            [
              -43.30473675058309,
              -24.405594121242576
            ],
            [
              -43.30495214519159,
              -24.406394548485544
            ],
            [
              -43.30380501020696,
              -24.406659654770387
            ],
            [
              -43.30358962247568,
              -24.405859225798835
            ]
          ]
        ]
      },
      "properties": {
        "lat": -24.40599348288979,
        "lon": -43.304234983586014,
        "area_px": 8,
        "min_sigma0_dB": -0.8799999952316284,
        "mean_sigma0_dB": 5.300000190734863,
        "max_sigma0_dB": 18.799999237060547,
        "threshold_cfar_dB": -2.31,
        "pixel_coords": {
          "row": 348,
          "col": 618,
          "row_resampled": 116,
          "col_resampled": 206
        },
        "bbox_pixel_coords": {
          "row_min": 345,
          "row_max": 354,
          "col_min": 612,
          "col_max": 624
        },
        "global_pixel_coords": {
          "row": 10188,
          "col": 4458
        },
        "source_product": "S1C_IW_GRDH_1SDV_20260803T082202_20260803T082233_008828_01182E_7710",
        "source_arquivo_id": null,
        "patch_id": 67,
        "patch_name": "patch_0068_VV",
        "geotiff_name": "patch_0068_VV_sigma0_preproc.tif",
        "polarization": "VV",
        "input_scale": "linear",
        "georef_method": "snap_geolocation_grid",
        "geocoding_method": "geolocation_grid",
        "geolocation_grid_status": null,
        "snap_geolocation_grid_used": null,
        "raster_crs": "EPSG:4326",
        "raster_transform": [
          0.00011483276819298234,
          0.0,
          -45.14050327896428,
          0.0,
          -0.0001171554311711674,
          -24.173561146648776,
          0.0,
          0.0,
          1.0
        ],
        "core_bbox_pixels": {
          "x0": 4000,
          "y0": 10000,
          "x1": 6000,
          "y1": 12000
        },
        "processing_bbox_pixels": {
          "x0": 3840,
          "y0": 9840,
          "x1": 6160,
          "y1": 12160
        },
        "core_bounds_lonlat": {
          "west": -43.49507805072113,
          "south": -24.577181220234745,
          "east": -43.255959050580394,
          "north": -24.35516790196622
        },
        "processing_bounds_lonlat": {
          "west": -43.51424074551004,
          "south": -24.59495004518538,
          "east": -43.236842813075796,
          "north": -24.337396025733995
        },
        "halo_pixels": 160,
        "valid_bbox_fraction": 1.0,
        "artifact_aspect_ratio": 1.25,
        "land_mask_info": {
          "enabled": true,
          "applied": true,
          "status": "ok",
          "stage": "cfar_water_mask",
          "resampled_shape": [
            773,
            773
          ],
          "sample_shape": [
            128,
            128
          ],
          "sample_max_dim": 128,
          "available": true,
          "method": "natural_earth_land_point_mask",
          "bounds_lonlat": {
            "west": -43.49507805072113,
            "south": -24.577181220234745,
            "east": -43.255959050580394,
            "north": -24.35516790196622
          },
          "mask_path": "/content/sismom_colab_work_v2/sources/api/copernicus_meta_1-main/copernicus-platform/frontend/public/shapes/ne_10m_land/ne_10m_land.shp",
          "land_buffer_degrees": 0.0,
          "valid_geolocation_points": 16384,
          "land_points": 0,
          "water_points": 16384,
          "land_fraction": 0.0,
          "water_fraction": 1.0,
          "valid_pixels_before_land_mask": 597529,
          "valid_pixels_after_land_mask": 597529,
          "pixels_masked_by_land": 0,
          "valid_water_fraction": 1.0,
          "land_skip_threshold": 0.99,
          "min_water_fraction": 0.01,
          "skip_land_tiles": true,
          "skipped": false,
          "reason": "water_candidate",
          "message": "CFAR restrito aos pixels de água."
        },
        "land_fraction": 0.0,
        "water_fraction": 1.0,
        "valid_water_fraction": 1.0,
        "land_mask_method": "natural_earth_land_point_mask",
        "wave_age": null,
        "wave_age_class": null,
        "wave_age_factor": 1.35,
        "wave_age_status": "fallback",
        "era5_time": null,
        "era5_lon": null,
        "era5_lat": null,
        "u10": null,
        "peak_wave_period": null,
        "friction_velocity": null,
        "phase_speed": null,
        "patch_label": "P068",
        "id": 64,
        "source": "cfar",
        "detection_method": "cfar"
      }
    },
    {
      "type": "Feature",
      "geometry": {
        "type": "Polygon",
        "coordinates": [
          [
            [
              -44.99587315728232,
              -24.09913678954551
            ],
            [
              -44.99758405512139,
              -24.098719659203763
            ],
            [
              -44.99788484990795,
              -24.099783032770713
            ],
            [
              -44.99617393894886,
              -24.100200167433925
            ],
            [
              -44.99587315728232,
              -24.09913678954551
            ]
          ]
        ]
      },
      "properties": {
        "lat": -24.099459912238473,
        "lon": -44.996879000267406,
        "area_px": 11,
        "min_sigma0_dB": 3.430000066757202,
        "mean_sigma0_dB": 7.960000038146973,
        "max_sigma0_dB": 13.510000228881836,
        "threshold_cfar_dB": 2.59,
        "pixel_coords": {
          "row": 1353,
          "col": 2115,
          "row_resampled": 451,
          "col_resampled": 705
        },
        "bbox_pixel_coords": {
          "row_min": 1347,
          "row_max": 1359,
          "col_min": 2106,
          "col_max": 2124
        },
        "global_pixel_coords": {
          "row": 11193,
          "col": 21955
        },
        "source_product": "S1C_IW_GRDH_1SDV_20260803T082202_20260803T082233_008828_01182E_7710",
        "source_arquivo_id": null,
        "patch_id": 75,
        "patch_name": "patch_0076_VV",
        "geotiff_name": "patch_0076_VV_sigma0_preproc.tif",
        "polarization": "VV",
        "input_scale": "linear",
        "georef_method": "snap_geolocation_grid",
        "geocoding_method": "geolocation_grid",
        "geolocation_grid_status": null,
        "snap_geolocation_grid_used": null,
        "raster_crs": "EPSG:4326",
        "raster_transform": [
          0.00011483276819298234,
          0.0,
          -43.30317898787657,
          0.0,
          -0.0001171554311711674,
          -24.173561146648776,
          0.0,
          0.0,
          1.0
        ],
        "core_bbox_pixels": {
          "x0": 20000,
          "y0": 10000,
          "x1": 22000,
          "y1": 12000
        },
        "processing_bbox_pixels": {
          "x0": 19840,
          "y0": 9840,
          "x1": 22160,
          "y1": 12160
        },
        "core_bounds_lonlat": {
          "west": -45.02127152553166,
          "south": -24.216045598006783,
          "east": -44.78126532201778,
          "north": -23.9927133371067
        },
        "processing_bounds_lonlat": {
          "west": -45.04050102016314,
          "south": -24.233916691154885,
          "east": -44.76207476631013,
          "north": -23.974830134239312
        },
        "halo_pixels": 160,
        "valid_bbox_fraction": 1.0,
        "artifact_aspect_ratio": 1.4,
        "land_mask_info": {
          "enabled": true,
          "applied": true,
          "status": "ok",
          "stage": "cfar_water_mask",
          "resampled_shape": [
            773,
            773
          ],
          "sample_shape": [
            128,
            128
          ],
          "sample_max_dim": 128,
          "available": true,
          "method": "natural_earth_land_point_mask",
          "bounds_lonlat": {
            "west": -45.02127152553166,
            "south": -24.216045598006783,
            "east": -44.78126532201778,
            "north": -23.9927133371067
          },
          "mask_path": "/content/sismom_colab_work_v2/sources/api/copernicus_meta_1-main/copernicus-platform/frontend/public/shapes/ne_10m_land/ne_10m_land.shp",
          "land_buffer_degrees": 0.0,
          "valid_geolocation_points": 16384,
          "land_points": 0,
          "water_points": 16384,
          "land_fraction": 0.0,
          "water_fraction": 1.0,
          "valid_pixels_before_land_mask": 597529,
          "valid_pixels_after_land_mask": 597529,
          "pixels_masked_by_land": 0,
          "valid_water_fraction": 1.0,
          "land_skip_threshold": 0.99,
          "min_water_fraction": 0.01,
          "skip_land_tiles": true,
          "skipped": false,
          "reason": "water_candidate",
          "message": "CFAR restrito aos pixels de água."
        },
        "land_fraction": 0.0,
        "water_fraction": 1.0,
        "valid_water_fraction": 1.0,
        "land_mask_method": "natural_earth_land_point_mask",
        "wave_age": null,
        "wave_age_class": null,
        "wave_age_factor": 1.35,
        "wave_age_status": "fallback",
        "era5_time": null,
        "era5_lon": null,
        "era5_lat": null,
        "u10": null,
        "peak_wave_period": null,
        "friction_velocity": null,
        "phase_speed": null,
        "patch_label": "P076",
        "id": 65,
        "source": "cfar",
        "detection_method": "cfar"
      }
    },
    {
      "type": "Feature",
      "geometry": {
        "type": "Polygon",
        "coordinates": [
          [
            [
              -45.29601925749564,
              -23.918566811656483
            ],
            [
              -45.29601925749564,
              -23.918566811656483
            ],
            [
              -45.29617048023242,
              -23.919098135953362
            ],
            [
              -45.29617048023242,
              -23.919098135953362
            ],
            [
              -45.29601925749564,
              -23.918566811656483
            ]
          ]
        ]
      },
      "properties": {
        "lat": -23.918832473804923,
        "lon": -45.29609486886403,
        "area_px": 3,
        "min_sigma0_dB": -8.229999542236328,
        "mean_sigma0_dB": -6.400000095367432,
        "max_sigma0_dB": -3.200000047683716,
        "threshold_cfar_dB": -8.5,
        "pixel_coords": {
          "row": 219,
          "col": 1566,
          "row_resampled": 73,
          "col_resampled": 522
        },
        "bbox_pixel_coords": {
          "row_min": 216,
          "row_max": 222,
          "col_min": 1566,
          "col_max": 1566
        },
        "global_pixel_coords": {
          "row": 10059,
          "col": 25406
        },
        "source_product": "S1C_IW_GRDH_1SDV_20260803T082202_20260803T082233_008828_01182E_7710",
        "source_arquivo_id": null,
        "patch_id": 77,
        "patch_name": "patch_0078_VV",
        "geotiff_name": "patch_0078_VV_sigma0_preproc.tif",
        "polarization": "VV",
        "input_scale": "linear",
        "georef_method": "snap_geolocation_grid",
        "geocoding_method": "geolocation_grid",
        "geolocation_grid_status": null,
        "snap_geolocation_grid_used": null,
        "raster_crs": "EPSG:4326",
        "raster_transform": [
          0.00011483276819298234,
          0.0,
          -42.84384791510464,
          0.0,
          -0.0001171554311711674,
          -24.173561146648776,
          0.0,
          0.0,
          1.0
        ],
        "core_bbox_pixels": {
          "x0": 24000,
          "y0": 10000,
          "x1": 25629,
          "y1": 12000
        },
        "processing_bbox_pixels": {
          "x0": 23840,
          "y0": 9840,
          "x1": 25629,
          "y1": 12160
        },
        "core_bounds_lonlat": {
          "west": -45.36612790453127,
          "south": -24.12338863923038,
          "east": -45.1612492675851,
          "north": -23.90843957750698
        },
        "processing_bounds_lonlat": {
          "west": -45.37017429658714,
          "south": -24.141283135076907,
          "east": -45.14204107200876,
          "north": -23.894271668655843
        },
        "halo_pixels": 160,
        "valid_bbox_fraction": 1.0,
        "artifact_aspect_ratio": 3.0,
        "land_mask_info": {
          "enabled": true,
          "applied": true,
          "status": "ok",
          "stage": "cfar_water_mask",
          "resampled_shape": [
            773,
            596
          ],
          "sample_shape": [
            128,
            99
          ],
          "sample_max_dim": 128,
          "available": true,
          "method": "natural_earth_land_point_mask",
          "bounds_lonlat": {
            "west": -45.36612790453127,
            "south": -24.12338863923038,
            "east": -45.1612492675851,
            "north": -23.90843957750698
          },
          "mask_path": "/content/sismom_colab_work_v2/sources/api/copernicus_meta_1-main/copernicus-platform/frontend/public/shapes/ne_10m_land/ne_10m_land.shp",
          "land_buffer_degrees": 0.0,
          "valid_geolocation_points": 12672,
          "land_points": 1182,
          "water_points": 11490,
          "land_fraction": 0.09327651515151515,
          "water_fraction": 0.9067234848484849,
          "valid_pixels_before_land_mask": 417823,
          "valid_pixels_after_land_mask": 379357,
          "pixels_masked_by_land": 38466,
          "valid_water_fraction": 0.9079370929795632,
          "land_skip_threshold": 0.99,
          "min_water_fraction": 0.01,
          "skip_land_tiles": true,
          "skipped": false,
          "reason": "water_candidate",
          "message": "CFAR restrito aos pixels de água."
        },
        "land_fraction": 0.09327651515151515,
        "water_fraction": 0.9067234848484849,
        "valid_water_fraction": 0.9079370929795632,
        "land_mask_method": "natural_earth_land_point_mask",
        "wave_age": null,
        "wave_age_class": null,
        "wave_age_factor": 1.35,
        "wave_age_status": "fallback",
        "era5_time": null,
        "era5_lon": null,
        "era5_lat": null,
        "u10": null,
        "peak_wave_period": null,
        "friction_velocity": null,
        "phase_speed": null,
        "patch_label": "P078",
        "id": 66,
        "source": "cfar",
        "detection_method": "cfar"
      }
    },
    {
      "type": "Feature",
      "geometry": {
        "type": "Polygon",
        "coordinates": [
          [
            [
              -43.34195951399245,
              -24.745788095509653
            ],
            [
              -43.34224699533764,
              -24.745721648979156
            ],
            [
              -43.342607370185135,
              -24.7470555597995
            ],
            [
              -43.34231988592554,
              -24.747122007084883
            ],
            [
              -43.34195951399245,
              -24.745788095509653
            ]
          ]
        ]
      },
      "properties": {
        "lat": -24.74658844245479,
        "lon": -43.34217573715202,
        "area_px": 10,
        "min_sigma0_dB": -6.360000133514404,
        "mean_sigma0_dB": 0.23999999463558197,
        "max_sigma0_dB": 10.020000457763672,
        "threshold_cfar_dB": -6.51,
        "pixel_coords": {
          "row": 2046,
          "col": 2088,
          "row_resampled": 682,
          "col_resampled": 696
        },
        "bbox_pixel_coords": {
          "row_min": 2037,
          "row_max": 2052,
          "col_min": 2088,
          "col_max": 2091
        },
        "global_pixel_coords": {
          "row": 13886,
          "col": 3928
        },
        "source_product": "S1C_IW_GRDH_1SDV_20260803T082202_20260803T082233_008828_01182E_7710",
        "source_arquivo_id": null,
        "patch_id": 79,
        "patch_name": "patch_0080_VV",
        "geotiff_name": "patch_0080_VV_sigma0_preproc.tif",
        "polarization": "VV",
        "input_scale": "linear",
        "georef_method": "snap_geolocation_grid",
        "geocoding_method": "geolocation_grid",
        "geolocation_grid_status": null,
        "snap_geolocation_grid_used": null,
        "raster_crs": "EPSG:4326",
        "raster_transform": [
          0.00011483276819298234,
          0.0,
          -45.37016881535025,
          0.0,
          -0.0001171554311711674,
          -24.407872008991113,
          0.0,
          0.0,
          1.0
        ],
        "core_bbox_pixels": {
          "x0": 2000,
          "y0": 12000,
          "x1": 4000,
          "y1": 14000
        },
        "processing_bbox_pixels": {
          "x0": 1840,
          "y0": 11840,
          "x1": 4160,
          "y1": 14160
        },
        "core_bounds_lonlat": {
          "west": -43.35169478620145,
          "south": -24.799157396456682,
          "east": -43.11230137109488,
          "north": -24.577292275340092
        },
        "processing_bounds_lonlat": {
          "west": -43.37087462208933,
          "south": -24.816910231143506,
          "east": -43.09316202993481,
          "north": -24.559523845303424
        },
        "halo_pixels": 160,
        "valid_bbox_fraction": 1.0,
        "artifact_aspect_ratio": 3.0,
        "land_mask_info": {
          "enabled": true,
          "applied": true,
          "status": "ok",
          "stage": "cfar_water_mask",
          "resampled_shape": [
            773,
            773
          ],
          "sample_shape": [
            128,
            128
          ],
          "sample_max_dim": 128,
          "available": true,
          "method": "natural_earth_land_point_mask",
          "bounds_lonlat": {
            "west": -43.35169478620145,
            "south": -24.799157396456682,
            "east": -43.11230137109488,
            "north": -24.577292275340092
          },
          "mask_path": "/content/sismom_colab_work_v2/sources/api/copernicus_meta_1-main/copernicus-platform/frontend/public/shapes/ne_10m_land/ne_10m_land.shp",
          "land_buffer_degrees": 0.0,
          "valid_geolocation_points": 16384,
          "land_points": 0,
          "water_points": 16384,
          "land_fraction": 0.0,
          "water_fraction": 1.0,
          "valid_pixels_before_land_mask": 597529,
          "valid_pixels_after_land_mask": 597529,
          "pixels_masked_by_land": 0,
          "valid_water_fraction": 1.0,
          "land_skip_threshold": 0.99,
          "min_water_fraction": 0.01,
          "skip_land_tiles": true,
          "skipped": false,
          "reason": "water_candidate",
          "message": "CFAR restrito aos pixels de água."
        },
        "land_fraction": 0.0,
        "water_fraction": 1.0,
        "valid_water_fraction": 1.0,
        "land_mask_method": "natural_earth_land_point_mask",
        "wave_age": null,
        "wave_age_class": null,
        "wave_age_factor": 1.35,
        "wave_age_status": "fallback",
        "era5_time": null,
        "era5_lon": null,
        "era5_lat": null,
        "u10": null,
        "peak_wave_period": null,
        "friction_velocity": null,
        "phase_speed": null,
        "patch_label": "P080",
        "id": 67,
        "source": "cfar",
        "detection_method": "cfar"
      }
    },
    {
      "type": "Feature",
      "geometry": {
        "type": "Polygon",
        "coordinates": [
          [
            [
              -44.06395238021623,
              -24.448409945071656
            ],
            [
              -44.065384568957654,
              -24.448071095908684
            ],
            [
              -44.06575142631935,
              -24.449403164464925
            ],
            [
              -44.06431922381517,
              -24.449742017589237
            ],
            [
              -44.06395238021623,
              -24.448409945071656
            ]
          ]
        ]
      },
      "properties": {
        "lat": -24.449073647966294,
        "lon": -44.064745365146486,
        "area_px": 22,
        "min_sigma0_dB": -9.829999923706055,
        "mean_sigma0_dB": -0.7699999809265137,
        "max_sigma0_dB": 15.09000015258789,
        "threshold_cfar_dB": -12.99,
        "pixel_coords": {
          "row": 684,
          "col": 1986,
          "row_resampled": 228,
          "col_resampled": 662
        },
        "bbox_pixel_coords": {
          "row_min": 675,
          "row_max": 690,
          "col_min": 1980,
          "col_max": 1995
        },
        "global_pixel_coords": {
          "row": 12524,
          "col": 11826
        },
        "source_product": "S1C_IW_GRDH_1SDV_20260803T082202_20260803T082233_008828_01182E_7710",
        "source_arquivo_id": null,
        "patch_id": 83,
        "patch_name": "patch_0084_VV",
        "geotiff_name": "patch_0084_VV_sigma0_preproc.tif",
        "polarization": "VV",
        "input_scale": "linear",
        "georef_method": "snap_geolocation_grid",
        "geocoding_method": "geolocation_grid",
        "geolocation_grid_status": null,
        "snap_geolocation_grid_used": null,
        "raster_crs": "EPSG:4326",
        "raster_transform": [
          0.00011483276819298234,
          0.0,
          -44.45150666980639,
          0.0,
          -0.0001171554311711674,
          -24.407872008991113,
          0.0,
          0.0,
          1.0
        ],
        "core_bbox_pixels": {
          "x0": 10000,
          "y0": 12000,
          "x1": 12000,
          "y1": 14000
        },
        "processing_bbox_pixels": {
          "x0": 9840,
          "y0": 11840,
          "x1": 12160,
          "y1": 14160
        },
        "core_bounds_lonlat": {
          "west": -44.11741585044407,
          "south": -24.621212588826893,
          "east": -43.87756177269437,
          "north": -24.39863347829414
        },
        "processing_bounds_lonlat": {
          "west": -44.13663429355991,
          "south": -24.639019387155546,
          "east": -43.858382962554316,
          "north": -24.380812719378138
        },
        "halo_pixels": 160,
        "valid_bbox_fraction": 1.0,
        "artifact_aspect_ratio": 1.0,
        "land_mask_info": {
          "enabled": true,
          "applied": true,
          "status": "ok",
          "stage": "cfar_water_mask",
          "resampled_shape": [
            773,
            773
          ],
          "sample_shape": [
            128,
            128
          ],
          "sample_max_dim": 128,
          "available": true,
          "method": "natural_earth_land_point_mask",
          "bounds_lonlat": {
            "west": -44.11741585044407,
            "south": -24.621212588826893,
            "east": -43.87756177269437,
            "north": -24.39863347829414
          },
          "mask_path": "/content/sismom_colab_work_v2/sources/api/copernicus_meta_1-main/copernicus-platform/frontend/public/shapes/ne_10m_land/ne_10m_land.shp",
          "land_buffer_degrees": 0.0,
          "valid_geolocation_points": 16384,
          "land_points": 0,
          "water_points": 16384,
          "land_fraction": 0.0,
          "water_fraction": 1.0,
          "valid_pixels_before_land_mask": 597529,
          "valid_pixels_after_land_mask": 597529,
          "pixels_masked_by_land": 0,
          "valid_water_fraction": 1.0,
          "land_skip_threshold": 0.99,
          "min_water_fraction": 0.01,
          "skip_land_tiles": true,
          "skipped": false,
          "reason": "water_candidate",
          "message": "CFAR restrito aos pixels de água."
        },
        "land_fraction": 0.0,
        "water_fraction": 1.0,
        "valid_water_fraction": 1.0,
        "land_mask_method": "natural_earth_land_point_mask",
        "wave_age": null,
        "wave_age_class": null,
        "wave_age_factor": 1.35,
        "wave_age_status": "fallback",
        "era5_time": null,
        "era5_lon": null,
        "era5_lat": null,
        "u10": null,
        "peak_wave_period": null,
        "friction_velocity": null,
        "phase_speed": null,
        "patch_label": "P084",
        "id": 68,
        "source": "cfar",
        "detection_method": "cfar"
      }
    },
    {
      "type": "Feature",
      "geometry": {
        "type": "Polygon",
        "coordinates": [
          [
            [
              -44.23050681713663,
              -24.49039803140997
            ],
            [
              -44.23136623924184,
              -24.49019387550259
            ],
            [
              -44.23180934957632,
              -24.49179169243096
            ],
            [
              -44.230949917547136,
              -24.4919958511905
            ],
            [
              -44.23050681713663,
              -24.49039803140997
            ]
          ]
        ]
      },
      "properties": {
        "lat": -24.491128888855748,
        "lon": -44.23101484303094,
        "area_px": 11,
        "min_sigma0_dB": -9.1899995803833,
        "mean_sigma0_dB": -1.6699999570846558,
        "max_sigma0_dB": 12.0,
        "threshold_cfar_dB": -15.0,
        "pixel_coords": {
          "row": 1545,
          "col": 1506,
          "row_resampled": 515,
          "col_resampled": 502
        },
        "bbox_pixel_coords": {
          "row_min": 1536,
          "row_max": 1554,
          "col_min": 1503,
          "col_max": 1512
        },
        "global_pixel_coords": {
          "row": 13385,
          "col": 13346
        },
        "source_product": "S1C_IW_GRDH_1SDV_20260803T082202_20260803T082233_008828_01182E_7710",
        "source_arquivo_id": null,
        "patch_id": 84,
        "patch_name": "patch_0085_VV",
        "geotiff_name": "patch_0085_VV_sigma0_preproc.tif",
        "polarization": "VV",
        "input_scale": "linear",
        "georef_method": "snap_geolocation_grid",
        "geocoding_method": "geolocation_grid",
        "geolocation_grid_status": null,
        "snap_geolocation_grid_used": null,
        "raster_crs": "EPSG:4326",
        "raster_transform": [
          0.00011483276819298234,
          0.0,
          -44.221841133420426,
          0.0,
          -0.0001171554311711674,
          -24.407872008991113,
          0.0,
          0.0,
          1.0
        ],
        "core_bbox_pixels": {
          "x0": 12000,
          "y0": 12000,
          "x1": 14000,
          "y1": 14000
        },
        "processing_bbox_pixels": {
          "x0": 11840,
          "y0": 11840,
          "x1": 14160,
          "y1": 14160
        },
        "core_bounds_lonlat": {
          "west": -44.30851036178246,
          "south": -24.576116024128204,
          "east": -44.06853801289128,
          "north": -24.35337928840435
        },
        "processing_bounds_lonlat": {
          "west": -44.327738947688346,
          "south": -24.593941922141454,
          "east": -44.04935317692945,
          "north": -24.335547096015432
        },
        "halo_pixels": 160,
        "valid_bbox_fraction": 1.0,
        "artifact_aspect_ratio": 1.75,
        "land_mask_info": {
          "enabled": true,
          "applied": true,
          "status": "ok",
          "stage": "cfar_water_mask",
          "resampled_shape": [
            773,
            773
          ],
          "sample_shape": [
            128,
            128
          ],
          "sample_max_dim": 128,
          "available": true,
          "method": "natural_earth_land_point_mask",
          "bounds_lonlat": {
            "west": -44.30851036178246,
            "south": -24.576116024128204,
            "east": -44.06853801289128,
            "north": -24.35337928840435
          },
          "mask_path": "/content/sismom_colab_work_v2/sources/api/copernicus_meta_1-main/copernicus-platform/frontend/public/shapes/ne_10m_land/ne_10m_land.shp",
          "land_buffer_degrees": 0.0,
          "valid_geolocation_points": 16384,
          "land_points": 0,
          "water_points": 16384,
          "land_fraction": 0.0,
          "water_fraction": 1.0,
          "valid_pixels_before_land_mask": 597529,
          "valid_pixels_after_land_mask": 597529,
          "pixels_masked_by_land": 0,
          "valid_water_fraction": 1.0,
          "land_skip_threshold": 0.99,
          "min_water_fraction": 0.01,
          "skip_land_tiles": true,
          "skipped": false,
          "reason": "water_candidate",
          "message": "CFAR restrito aos pixels de água."
        },
        "land_fraction": 0.0,
        "water_fraction": 1.0,
        "valid_water_fraction": 1.0,
        "land_mask_method": "natural_earth_land_point_mask",
        "wave_age": null,
        "wave_age_class": null,
        "wave_age_factor": 1.35,
        "wave_age_status": "fallback",
        "era5_time": null,
        "era5_lon": null,
        "era5_lat": null,
        "u10": null,
        "peak_wave_period": null,
        "friction_velocity": null,
        "phase_speed": null,
        "patch_label": "P085",
        "id": 69,
        "source": "cfar",
        "detection_method": "cfar"
      }
    },
    {
      "type": "Feature",
      "geometry": {
        "type": "Polygon",
        "coordinates": [
          [
            [
              -44.381388074382244,
              -24.35257092292991
            ],
            [
              -44.382532627146546,
              -24.352298038596125
            ],
            [
              -44.38290258890684,
              -24.35362918599724
            ],
            [
              -44.38175802510534,
              -24.35390207364414
            ],
            [
              -44.381388074382244,
              -24.35257092292991
            ]
          ]
        ]
      },
      "properties": {
        "lat": -24.353233170197623,
        "lon": -44.38218232450941,
        "area_px": 16,
        "min_sigma0_dB": -5.460000038146973,
        "mean_sigma0_dB": 0.9200000166893005,
        "max_sigma0_dB": 7.53000020980835,
        "threshold_cfar_dB": -5.47,
        "pixel_coords": {
          "row": 468,
          "col": 1368,
          "row_resampled": 156,
          "col_resampled": 456
        },
        "bbox_pixel_coords": {
          "row_min": 459,
          "row_max": 474,
          "col_min": 1362,
          "col_max": 1374
        },
        "global_pixel_coords": {
          "row": 12308,
          "col": 15208
        },
        "source_product": "S1C_IW_GRDH_1SDV_20260803T082202_20260803T082233_008828_01182E_7710",
        "source_arquivo_id": null,
        "patch_id": 85,
        "patch_name": "patch_0086_VV",
        "geotiff_name": "patch_0086_VV_sigma0_preproc.tif",
        "polarization": "VV",
        "input_scale": "linear",
        "georef_method": "snap_geolocation_grid",
        "geocoding_method": "geolocation_grid",
        "geolocation_grid_status": null,
        "snap_geolocation_grid_used": null,
        "raster_crs": "EPSG:4326",
        "raster_transform": [
          0.00011483276819298234,
          0.0,
          -43.99217559703446,
          0.0,
          -0.0001171554311711674,
          -24.407872008991113,
          0.0,
          0.0,
          1.0
        ],
        "core_bbox_pixels": {
          "x0": 14000,
          "y0": 12000,
          "x1": 16000,
          "y1": 14000
        },
        "processing_bbox_pixels": {
          "x0": 13840,
          "y0": 11840,
          "x1": 16160,
          "y1": 14160
        },
        "core_bounds_lonlat": {
          "west": -44.49945713166561,
          "south": -24.530789761823225,
          "east": -44.25938526089746,
          "north": -24.30786982278975
        },
        "processing_bounds_lonlat": {
          "west": -44.518694388926015,
          "south": -24.54862239760605,
          "east": -44.240187358299515,
          "north": -24.290023977378674
        },
        "halo_pixels": 160,
        "valid_bbox_fraction": 1.0,
        "artifact_aspect_ratio": 1.2,
        "land_mask_info": {
          "enabled": true,
          "applied": true,
          "status": "ok",
          "stage": "cfar_water_mask",
          "resampled_shape": [
            773,
            773
          ],
          "sample_shape": [
            128,
            128
          ],
          "sample_max_dim": 128,
          "available": true,
          "method": "natural_earth_land_point_mask",
          "bounds_lonlat": {
            "west": -44.49945713166561,
            "south": -24.530789761823225,
            "east": -44.25938526089746,
            "north": -24.30786982278975
          },
          "mask_path": "/content/sismom_colab_work_v2/sources/api/copernicus_meta_1-main/copernicus-platform/frontend/public/shapes/ne_10m_land/ne_10m_land.shp",
          "land_buffer_degrees": 0.0,
          "valid_geolocation_points": 16384,
          "land_points": 0,
          "water_points": 16384,
          "land_fraction": 0.0,
          "water_fraction": 1.0,
          "valid_pixels_before_land_mask": 597529,
          "valid_pixels_after_land_mask": 597529,
          "pixels_masked_by_land": 0,
          "valid_water_fraction": 1.0,
          "land_skip_threshold": 0.99,
          "min_water_fraction": 0.01,
          "skip_land_tiles": true,
          "skipped": false,
          "reason": "water_candidate",
          "message": "CFAR restrito aos pixels de água."
        },
        "land_fraction": 0.0,
        "water_fraction": 1.0,
        "valid_water_fraction": 1.0,
        "land_mask_method": "natural_earth_land_point_mask",
        "wave_age": null,
        "wave_age_class": null,
        "wave_age_factor": 1.35,
        "wave_age_status": "fallback",
        "era5_time": null,
        "era5_lon": null,
        "era5_lat": null,
        "u10": null,
        "peak_wave_period": null,
        "friction_velocity": null,
        "phase_speed": null,
        "patch_label": "P086",
        "id": 70,
        "source": "cfar",
        "detection_method": "cfar"
      }
    },
    {
      "type": "Feature",
      "geometry": {
        "type": "Polygon",
        "coordinates": [
          [
            [
              -44.40395495424563,
              -24.375576671999156
            ],
            [
              -44.40395495424563,
              -24.375576671999156
            ],
            [
              -44.40417701234611,
              -24.376375336088397
            ],
            [
              -44.40417701234611,
              -24.376375336088397
            ],
            [
              -44.40395495424563,
              -24.375576671999156
            ]
          ]
        ]
      },
      "properties": {
        "lat": -24.37584289336224,
        "lon": -44.404028973612455,
        "area_px": 4,
        "min_sigma0_dB": -9.170000076293945,
        "mean_sigma0_dB": -5.079999923706055,
        "max_sigma0_dB": 0.7400000095367432,
        "threshold_cfar_dB": -11.04,
        "pixel_coords": {
          "row": 762,
          "col": 1521,
          "row_resampled": 254,
          "col_resampled": 507
        },
        "bbox_pixel_coords": {
          "row_min": 759,
          "row_max": 768,
          "col_min": 1521,
          "col_max": 1521
        },
        "global_pixel_coords": {
          "row": 12602,
          "col": 15361
        },
        "source_product": "S1C_IW_GRDH_1SDV_20260803T082202_20260803T082233_008828_01182E_7710",
        "source_arquivo_id": null,
        "patch_id": 85,
        "patch_name": "patch_0086_VV",
        "geotiff_name": "patch_0086_VV_sigma0_preproc.tif",
        "polarization": "VV",
        "input_scale": "linear",
        "georef_method": "snap_geolocation_grid",
        "geocoding_method": "geolocation_grid",
        "geolocation_grid_status": null,
        "snap_geolocation_grid_used": null,
        "raster_crs": "EPSG:4326",
        "raster_transform": [
          0.00011483276819298234,
          0.0,
          -43.99217559703446,
          0.0,
          -0.0001171554311711674,
          -24.407872008991113,
          0.0,
          0.0,
          1.0
        ],
        "core_bbox_pixels": {
          "x0": 14000,
          "y0": 12000,
          "x1": 16000,
          "y1": 14000
        },
        "processing_bbox_pixels": {
          "x0": 13840,
          "y0": 11840,
          "x1": 16160,
          "y1": 14160
        },
        "core_bounds_lonlat": {
          "west": -44.49945713166561,
          "south": -24.530789761823225,
          "east": -44.25938526089746,
          "north": -24.30786982278975
        },
        "processing_bounds_lonlat": {
          "west": -44.518694388926015,
          "south": -24.54862239760605,
          "east": -44.240187358299515,
          "north": -24.290023977378674
        },
        "halo_pixels": 160,
        "valid_bbox_fraction": 1.0,
        "artifact_aspect_ratio": 4.0,
        "land_mask_info": {
          "enabled": true,
          "applied": true,
          "status": "ok",
          "stage": "cfar_water_mask",
          "resampled_shape": [
            773,
            773
          ],
          "sample_shape": [
            128,
            128
          ],
          "sample_max_dim": 128,
          "available": true,
          "method": "natural_earth_land_point_mask",
          "bounds_lonlat": {
            "west": -44.49945713166561,
            "south": -24.530789761823225,
            "east": -44.25938526089746,
            "north": -24.30786982278975
          },
          "mask_path": "/content/sismom_colab_work_v2/sources/api/copernicus_meta_1-main/copernicus-platform/frontend/public/shapes/ne_10m_land/ne_10m_land.shp",
          "land_buffer_degrees": 0.0,
          "valid_geolocation_points": 16384,
          "land_points": 0,
          "water_points": 16384,
          "land_fraction": 0.0,
          "water_fraction": 1.0,
          "valid_pixels_before_land_mask": 597529,
          "valid_pixels_after_land_mask": 597529,
          "pixels_masked_by_land": 0,
          "valid_water_fraction": 1.0,
          "land_skip_threshold": 0.99,
          "min_water_fraction": 0.01,
          "skip_land_tiles": true,
          "skipped": false,
          "reason": "water_candidate",
          "message": "CFAR restrito aos pixels de água."
        },
        "land_fraction": 0.0,
        "water_fraction": 1.0,
        "valid_water_fraction": 1.0,
        "land_mask_method": "natural_earth_land_point_mask",
        "wave_age": null,
        "wave_age_class": null,
        "wave_age_factor": 1.35,
        "wave_age_status": "fallback",
        "era5_time": null,
        "era5_lon": null,
        "era5_lat": null,
        "u10": null,
        "peak_wave_period": null,
        "friction_velocity": null,
        "phase_speed": null,
        "patch_label": "P086",
        "id": 71,
        "source": "cfar",
        "detection_method": "cfar"
      }
    },
    {
      "type": "Feature",
      "geometry": {
        "type": "Polygon",
        "coordinates": [
          [
            [
              -44.867509207022984,
              -24.24074551774562
            ],
            [
              -44.86836608257909,
              -24.24053810900258
            ],
            [
              -44.86859083880372,
              -24.241335930342732
            ],
            [
              -44.86773395816976,
              -24.24154334070632
            ],
            [
              -44.867509207022984,
              -24.24074551774562
            ]
          ]
        ]
      },
      "properties": {
        "lat": -24.240873185877042,
        "lon": -44.868155375571064,
        "area_px": 6,
        "min_sigma0_dB": 6.730000019073486,
        "mean_sigma0_dB": 11.0600004196167,
        "max_sigma0_dB": 22.440000534057617,
        "threshold_cfar_dB": 5.18,
        "pixel_coords": {
          "row": 516,
          "col": 456,
          "row_resampled": 172,
          "col_resampled": 152
        },
        "bbox_pixel_coords": {
          "row_min": 513,
          "row_max": 522,
          "col_min": 450,
          "col_max": 459
        },
        "global_pixel_coords": {
          "row": 12356,
          "col": 20296
        },
        "source_product": "S1C_IW_GRDH_1SDV_20260803T082202_20260803T082233_008828_01182E_7710",
        "source_arquivo_id": null,
        "patch_id": 88,
        "patch_name": "patch_0089_VV",
        "geotiff_name": "patch_0089_VV_sigma0_preproc.tif",
        "polarization": "VV",
        "input_scale": "linear",
        "georef_method": "snap_geolocation_grid",
        "geocoding_method": "geolocation_grid",
        "geolocation_grid_status": null,
        "snap_geolocation_grid_used": null,
        "raster_crs": "EPSG:4326",
        "raster_transform": [
          0.00011483276819298234,
          0.0,
          -43.30317898787657,
          0.0,
          -0.0001171554311711674,
          -24.407872008991113,
          0.0,
          0.0,
          1.0
        ],
        "core_bbox_pixels": {
          "x0": 20000,
          "y0": 12000,
          "x1": 22000,
          "y1": 14000
        },
        "processing_bbox_pixels": {
          "x0": 19840,
          "y0": 11840,
          "x1": 22160,
          "y1": 14160
        },
        "core_bounds_lonlat": {
          "west": -45.071490590518216,
          "south": -24.393341152087118,
          "east": -44.83108994094941,
          "north": -24.16995084068417
        },
        "processing_bounds_lonlat": {
          "west": -45.090750561252236,
          "south": -24.411217006587428,
          "east": -44.811869067406285,
          "north": -24.152062876464573
        },
        "halo_pixels": 160,
        "valid_bbox_fraction": 1.0,
        "artifact_aspect_ratio": 1.0,
        "land_mask_info": {
          "enabled": true,
          "applied": true,
          "status": "ok",
          "stage": "cfar_water_mask",
          "resampled_shape": [
            773,
            773
          ],
          "sample_shape": [
            128,
            128
          ],
          "sample_max_dim": 128,
          "available": true,
          "method": "natural_earth_land_point_mask",
          "bounds_lonlat": {
            "west": -45.071490590518216,
            "south": -24.393341152087118,
            "east": -44.83108994094941,
            "north": -24.16995084068417
          },
          "mask_path": "/content/sismom_colab_work_v2/sources/api/copernicus_meta_1-main/copernicus-platform/frontend/public/shapes/ne_10m_land/ne_10m_land.shp",
          "land_buffer_degrees": 0.0,
          "valid_geolocation_points": 16384,
          "land_points": 0,
          "water_points": 16384,
          "land_fraction": 0.0,
          "water_fraction": 1.0,
          "valid_pixels_before_land_mask": 597529,
          "valid_pixels_after_land_mask": 597529,
          "pixels_masked_by_land": 0,
          "valid_water_fraction": 1.0,
          "land_skip_threshold": 0.99,
          "min_water_fraction": 0.01,
          "skip_land_tiles": true,
          "skipped": false,
          "reason": "water_candidate",
          "message": "CFAR restrito aos pixels de água."
        },
        "land_fraction": 0.0,
        "water_fraction": 1.0,
        "valid_water_fraction": 1.0,
        "land_mask_method": "natural_earth_land_point_mask",
        "wave_age": null,
        "wave_age_class": null,
        "wave_age_factor": 1.35,
        "wave_age_status": "fallback",
        "era5_time": null,
        "era5_lon": null,
        "era5_lat": null,
        "u10": null,
        "peak_wave_period": null,
        "friction_velocity": null,
        "phase_speed": null,
        "patch_label": "P089",
        "id": 72,
        "source": "cfar",
        "detection_method": "cfar"
      }
    },
    {
      "type": "Feature",
      "geometry": {
        "type": "Polygon",
        "coordinates": [
          [
            [
              -45.016946077797094,
              -24.239403755495825
            ],
            [
              -45.01723156103897,
              -24.239334231131778
            ],
            [
              -45.017306744503614,
              -24.23960008352875
            ],
            [
              -45.017021260718074,
              -24.239669608072866
            ],
            [
              -45.016946077797094,
              -24.239403755495825
            ]
          ]
        ]
      },
      "properties": {
        "lat": -24.239334231131778,
        "lon": -45.01723156103897,
        "area_px": 4,
        "min_sigma0_dB": -9.029999732971191,
        "mean_sigma0_dB": -7.539999961853027,
        "max_sigma0_dB": -5.579999923706055,
        "threshold_cfar_dB": -9.76,
        "pixel_coords": {
          "row": 882,
          "col": 1926,
          "row_resampled": 294,
          "col_resampled": 642
        },
        "bbox_pixel_coords": {
          "row_min": 882,
          "row_max": 885,
          "col_min": 1923,
          "col_max": 1926
        },
        "global_pixel_coords": {
          "row": 12722,
          "col": 21766
        },
        "source_product": "S1C_IW_GRDH_1SDV_20260803T082202_20260803T082233_008828_01182E_7710",
        "source_arquivo_id": null,
        "patch_id": 88,
        "patch_name": "patch_0089_VV",
        "geotiff_name": "patch_0089_VV_sigma0_preproc.tif",
        "polarization": "VV",
        "input_scale": "linear",
        "georef_method": "snap_geolocation_grid",
        "geocoding_method": "geolocation_grid",
        "geolocation_grid_status": null,
        "snap_geolocation_grid_used": null,
        "raster_crs": "EPSG:4326",
        "raster_transform": [
          0.00011483276819298234,
          0.0,
          -43.30317898787657,
          0.0,
          -0.0001171554311711674,
          -24.407872008991113,
          0.0,
          0.0,
          1.0
        ],
        "core_bbox_pixels": {
          "x0": 20000,
          "y0": 12000,
          "x1": 22000,
          "y1": 14000
        },
        "processing_bbox_pixels": {
          "x0": 19840,
          "y0": 11840,
          "x1": 22160,
          "y1": 14160
        },
        "core_bounds_lonlat": {
          "west": -45.071490590518216,
          "south": -24.393341152087118,
          "east": -44.83108994094941,
          "north": -24.16995084068417
        },
        "processing_bounds_lonlat": {
          "west": -45.090750561252236,
          "south": -24.411217006587428,
          "east": -44.811869067406285,
          "north": -24.152062876464573
        },
        "halo_pixels": 160,
        "valid_bbox_fraction": 1.0,
        "artifact_aspect_ratio": 1.0,
        "land_mask_info": {
          "enabled": true,
          "applied": true,
          "status": "ok",
          "stage": "cfar_water_mask",
          "resampled_shape": [
            773,
            773
          ],
          "sample_shape": [
            128,
            128
          ],
          "sample_max_dim": 128,
          "available": true,
          "method": "natural_earth_land_point_mask",
          "bounds_lonlat": {
            "west": -45.071490590518216,
            "south": -24.393341152087118,
            "east": -44.83108994094941,
            "north": -24.16995084068417
          },
          "mask_path": "/content/sismom_colab_work_v2/sources/api/copernicus_meta_1-main/copernicus-platform/frontend/public/shapes/ne_10m_land/ne_10m_land.shp",
          "land_buffer_degrees": 0.0,
          "valid_geolocation_points": 16384,
          "land_points": 0,
          "water_points": 16384,
          "land_fraction": 0.0,
          "water_fraction": 1.0,
          "valid_pixels_before_land_mask": 597529,
          "valid_pixels_after_land_mask": 597529,
          "pixels_masked_by_land": 0,
          "valid_water_fraction": 1.0,
          "land_skip_threshold": 0.99,
          "min_water_fraction": 0.01,
          "skip_land_tiles": true,
          "skipped": false,
          "reason": "water_candidate",
          "message": "CFAR restrito aos pixels de água."
        },
        "land_fraction": 0.0,
        "water_fraction": 1.0,
        "valid_water_fraction": 1.0,
        "land_mask_method": "natural_earth_land_point_mask",
        "wave_age": null,
        "wave_age_class": null,
        "wave_age_factor": 1.35,
        "wave_age_status": "fallback",
        "era5_time": null,
        "era5_lon": null,
        "era5_lat": null,
        "u10": null,
        "peak_wave_period": null,
        "friction_velocity": null,
        "phase_speed": null,
        "patch_label": "P089",
        "id": 73,
        "source": "cfar",
        "detection_method": "cfar"
      }
    },
    {
      "type": "Feature",
      "geometry": {
        "type": "Polygon",
        "coordinates": [
          [
            [
              -45.03031759970429,
              -24.28985553125402
            ],
            [
              -45.03088893512174,
              -24.289716690941127
            ],
            [
              -45.03096432785912,
              -24.289982512933037
            ],
            [
              -45.03039299136579,
              -24.290121353606054
            ],
            [
              -45.03031759970429,
              -24.28985553125402
            ]
          ]
        ]
      },
      "properties": {
        "lat": -24.290051933269545,
        "lon": -45.030678659612455,
        "area_px": 5,
        "min_sigma0_dB": 13.75,
        "mean_sigma0_dB": 22.989999771118164,
        "max_sigma0_dB": 30.43000030517578,
        "threshold_cfar_dB": 10.77,
        "pixel_coords": {
          "row": 1452,
          "col": 1917,
          "row_resampled": 484,
          "col_resampled": 639
        },
        "bbox_pixel_coords": {
          "row_min": 1449,
          "row_max": 1452,
          "col_min": 1914,
          "col_max": 1920
        },
        "global_pixel_coords": {
          "row": 13292,
          "col": 21757
        },
        "source_product": "S1C_IW_GRDH_1SDV_20260803T082202_20260803T082233_008828_01182E_7710",
        "source_arquivo_id": null,
        "patch_id": 88,
        "patch_name": "patch_0089_VV",
        "geotiff_name": "patch_0089_VV_sigma0_preproc.tif",
        "polarization": "VV",
        "input_scale": "linear",
        "georef_method": "snap_geolocation_grid",
        "geocoding_method": "geolocation_grid",
        "geolocation_grid_status": null,
        "snap_geolocation_grid_used": null,
        "raster_crs": "EPSG:4326",
        "raster_transform": [
          0.00011483276819298234,
          0.0,
          -43.30317898787657,
          0.0,
          -0.0001171554311711674,
          -24.407872008991113,
          0.0,
          0.0,
          1.0
        ],
        "core_bbox_pixels": {
          "x0": 20000,
          "y0": 12000,
          "x1": 22000,
          "y1": 14000
        },
        "processing_bbox_pixels": {
          "x0": 19840,
          "y0": 11840,
          "x1": 22160,
          "y1": 14160
        },
        "core_bounds_lonlat": {
          "west": -45.071490590518216,
          "south": -24.393341152087118,
          "east": -44.83108994094941,
          "north": -24.16995084068417
        },
        "processing_bounds_lonlat": {
          "west": -45.090750561252236,
          "south": -24.411217006587428,
          "east": -44.811869067406285,
          "north": -24.152062876464573
        },
        "halo_pixels": 160,
        "valid_bbox_fraction": 1.0,
        "artifact_aspect_ratio": 1.5,
        "land_mask_info": {
          "enabled": true,
          "applied": true,
          "status": "ok",
          "stage": "cfar_water_mask",
          "resampled_shape": [
            773,
            773
          ],
          "sample_shape": [
            128,
            128
          ],
          "sample_max_dim": 128,
          "available": true,
          "method": "natural_earth_land_point_mask",
          "bounds_lonlat": {
            "west": -45.071490590518216,
            "south": -24.393341152087118,
            "east": -44.83108994094941,
            "north": -24.16995084068417
          },
          "mask_path": "/content/sismom_colab_work_v2/sources/api/copernicus_meta_1-main/copernicus-platform/frontend/public/shapes/ne_10m_land/ne_10m_land.shp",
          "land_buffer_degrees": 0.0,
          "valid_geolocation_points": 16384,
          "land_points": 0,
          "water_points": 16384,
          "land_fraction": 0.0,
          "water_fraction": 1.0,
          "valid_pixels_before_land_mask": 597529,
          "valid_pixels_after_land_mask": 597529,
          "pixels_masked_by_land": 0,
          "valid_water_fraction": 1.0,
          "land_skip_threshold": 0.99,
          "min_water_fraction": 0.01,
          "skip_land_tiles": true,
          "skipped": false,
          "reason": "water_candidate",
          "message": "CFAR restrito aos pixels de água."
        },
        "land_fraction": 0.0,
        "water_fraction": 1.0,
        "valid_water_fraction": 1.0,
        "land_mask_method": "natural_earth_land_point_mask",
        "wave_age": null,
        "wave_age_class": null,
        "wave_age_factor": 1.35,
        "wave_age_status": "fallback",
        "era5_time": null,
        "era5_lon": null,
        "era5_lat": null,
        "u10": null,
        "peak_wave_period": null,
        "friction_velocity": null,
        "phase_speed": null,
        "patch_label": "P089",
        "id": 74,
        "source": "cfar",
        "detection_method": "cfar"
      }
    },
    {
      "type": "Feature",
      "geometry": {
        "type": "Polygon",
        "coordinates": [
          [
            [
              -45.21950495869862,
              -24.192205950818657
            ],
            [
              -45.21979026132025,
              -24.192136108451127
            ],
            [
              -45.21986582491899,
              -24.192401831450635
            ],
            [
              -45.21958052177638,
              -24.192471674005425
            ],
            [
              -45.21950495869862,
              -24.192205950818657
            ]
          ]
        ]
      },
      "properties": {
        "lat": -24.192205950818657,
        "lon": -45.21950495869862,
        "area_px": 3,
        "min_sigma0_dB": -9.819999694824219,
        "mean_sigma0_dB": -8.789999961853027,
        "max_sigma0_dB": -8.0,
        "threshold_cfar_dB": -11.43,
        "pixel_coords": {
          "row": 906,
          "col": 2046,
          "row_resampled": 302,
          "col_resampled": 682
        },
        "bbox_pixel_coords": {
          "row_min": 906,
          "row_max": 909,
          "col_min": 2046,
          "col_max": 2049
        },
        "global_pixel_coords": {
          "row": 12746,
          "col": 23886
        },
        "source_product": "S1C_IW_GRDH_1SDV_20260803T082202_20260803T082233_008828_01182E_7710",
        "source_arquivo_id": null,
        "patch_id": 89,
        "patch_name": "patch_0090_VV",
        "geotiff_name": "patch_0090_VV_sigma0_preproc.tif",
        "polarization": "VV",
        "input_scale": "linear",
        "georef_method": "snap_geolocation_grid",
        "geocoding_method": "geolocation_grid",
        "geolocation_grid_status": null,
        "snap_geolocation_grid_used": null,
        "raster_crs": "EPSG:4326",
        "raster_transform": [
          0.00011483276819298234,
          0.0,
          -43.073513451490605,
          0.0,
          -0.0001171554311711674,
          -24.407872008991113,
          0.0,
          0.0,
          1.0
        ],
        "core_bbox_pixels": {
          "x0": 22000,
          "y0": 12000,
          "x1": 24000,
          "y1": 14000
        },
        "processing_bbox_pixels": {
          "x0": 21840,
          "y0": 11840,
          "x1": 24160,
          "y1": 14160
        },
        "core_bounds_lonlat": {
          "west": -45.2618899672677,
          "south": -24.347054564776997,
          "east": -45.02139170018378,
          "north": -24.123500476521105
        },
        "processing_bounds_lonlat": {
          "west": -45.28116230518891,
          "south": -24.364948308292618,
          "east": -45.002165306839885,
          "north": -24.105607039336153
        },
        "halo_pixels": 160,
        "valid_bbox_fraction": 1.0,
        "artifact_aspect_ratio": 1.0,
        "land_mask_info": {
          "enabled": true,
          "applied": true,
          "status": "ok",
          "stage": "cfar_water_mask",
          "resampled_shape": [
            773,
            773
          ],
          "sample_shape": [
            128,
            128
          ],
          "sample_max_dim": 128,
          "available": true,
          "method": "natural_earth_land_point_mask",
          "bounds_lonlat": {
            "west": -45.2618899672677,
            "south": -24.347054564776997,
            "east": -45.02139170018378,
            "north": -24.123500476521105
          },
          "mask_path": "/content/sismom_colab_work_v2/sources/api/copernicus_meta_1-main/copernicus-platform/frontend/public/shapes/ne_10m_land/ne_10m_land.shp",
          "land_buffer_degrees": 0.0,
          "valid_geolocation_points": 16384,
          "land_points": 0,
          "water_points": 16384,
          "land_fraction": 0.0,
          "water_fraction": 1.0,
          "valid_pixels_before_land_mask": 597529,
          "valid_pixels_after_land_mask": 597529,
          "pixels_masked_by_land": 0,
          "valid_water_fraction": 1.0,
          "land_skip_threshold": 0.99,
          "min_water_fraction": 0.01,
          "skip_land_tiles": true,
          "skipped": false,
          "reason": "water_candidate",
          "message": "CFAR restrito aos pixels de água."
        },
        "land_fraction": 0.0,
        "water_fraction": 1.0,
        "valid_water_fraction": 1.0,
        "land_mask_method": "natural_earth_land_point_mask",
        "wave_age": null,
        "wave_age_class": null,
        "wave_age_factor": 1.35,
        "wave_age_status": "fallback",
        "era5_time": null,
        "era5_lon": null,
        "era5_lat": null,
        "u10": null,
        "peak_wave_period": null,
        "friction_velocity": null,
        "phase_speed": null,
        "patch_label": "P090",
        "id": 75,
        "source": "cfar",
        "detection_method": "cfar"
      }
    },
    {
      "type": "Feature",
      "geometry": {
        "type": "Polygon",
        "coordinates": [
          [
            [
              -45.221216774366155,
              -24.191786896613497
            ],
            [
              -45.22150207697535,
              -24.191717054245967
            ],
            [
              -45.22165321042466,
              -24.192248497997834
            ],
            [
              -45.22136790677351,
              -24.19231834073989
            ],
            [
              -45.221216774366155,
              -24.191786896613497
            ]
          ]
        ]
      },
      "properties": {
        "lat": -24.19205261867669,
        "lon": -45.22129234056983,
        "area_px": 4,
        "min_sigma0_dB": -9.520000457763672,
        "mean_sigma0_dB": -7.929999828338623,
        "max_sigma0_dB": -4.849999904632568,
        "threshold_cfar_dB": -11.51,
        "pixel_coords": {
          "row": 909,
          "col": 2064,
          "row_resampled": 303,
          "col_resampled": 688
        },
        "bbox_pixel_coords": {
          "row_min": 906,
          "row_max": 912,
          "col_min": 2064,
          "col_max": 2067
        },
        "global_pixel_coords": {
          "row": 12749,
          "col": 23904
        },
        "source_product": "S1C_IW_GRDH_1SDV_20260803T082202_20260803T082233_008828_01182E_7710",
        "source_arquivo_id": null,
        "patch_id": 89,
        "patch_name": "patch_0090_VV",
        "geotiff_name": "patch_0090_VV_sigma0_preproc.tif",
        "polarization": "VV",
        "input_scale": "linear",
        "georef_method": "snap_geolocation_grid",
        "geocoding_method": "geolocation_grid",
        "geolocation_grid_status": null,
        "snap_geolocation_grid_used": null,
        "raster_crs": "EPSG:4326",
        "raster_transform": [
          0.00011483276819298234,
          0.0,
          -43.073513451490605,
          0.0,
          -0.0001171554311711674,
          -24.407872008991113,
          0.0,
          0.0,
          1.0
        ],
        "core_bbox_pixels": {
          "x0": 22000,
          "y0": 12000,
          "x1": 24000,
          "y1": 14000
        },
        "processing_bbox_pixels": {
          "x0": 21840,
          "y0": 11840,
          "x1": 24160,
          "y1": 14160
        },
        "core_bounds_lonlat": {
          "west": -45.2618899672677,
          "south": -24.347054564776997,
          "east": -45.02139170018378,
          "north": -24.123500476521105
        },
        "processing_bounds_lonlat": {
          "west": -45.28116230518891,
          "south": -24.364948308292618,
          "east": -45.002165306839885,
          "north": -24.105607039336153
        },
        "halo_pixels": 160,
        "valid_bbox_fraction": 1.0,
        "artifact_aspect_ratio": 1.5,
        "land_mask_info": {
          "enabled": true,
          "applied": true,
          "status": "ok",
          "stage": "cfar_water_mask",
          "resampled_shape": [
            773,
            773
          ],
          "sample_shape": [
            128,
            128
          ],
          "sample_max_dim": 128,
          "available": true,
          "method": "natural_earth_land_point_mask",
          "bounds_lonlat": {
            "west": -45.2618899672677,
            "south": -24.347054564776997,
            "east": -45.02139170018378,
            "north": -24.123500476521105
          },
          "mask_path": "/content/sismom_colab_work_v2/sources/api/copernicus_meta_1-main/copernicus-platform/frontend/public/shapes/ne_10m_land/ne_10m_land.shp",
          "land_buffer_degrees": 0.0,
          "valid_geolocation_points": 16384,
          "land_points": 0,
          "water_points": 16384,
          "land_fraction": 0.0,
          "water_fraction": 1.0,
          "valid_pixels_before_land_mask": 597529,
          "valid_pixels_after_land_mask": 597529,
          "pixels_masked_by_land": 0,
          "valid_water_fraction": 1.0,
          "land_skip_threshold": 0.99,
          "min_water_fraction": 0.01,
          "skip_land_tiles": true,
          "skipped": false,
          "reason": "water_candidate",
          "message": "CFAR restrito aos pixels de água."
        },
        "land_fraction": 0.0,
        "water_fraction": 1.0,
        "valid_water_fraction": 1.0,
        "land_mask_method": "natural_earth_land_point_mask",
        "wave_age": null,
        "wave_age_class": null,
        "wave_age_factor": 1.35,
        "wave_age_status": "fallback",
        "era5_time": null,
        "era5_lon": null,
        "era5_lat": null,
        "u10": null,
        "peak_wave_period": null,
        "friction_velocity": null,
        "phase_speed": null,
        "patch_label": "P090",
        "id": 76,
        "source": "cfar",
        "detection_method": "cfar"
      }
    },
    {
      "type": "Feature",
      "geometry": {
        "type": "Polygon",
        "coordinates": [
          [
            [
              -45.185519759673,
              -24.207915505457528
            ],
            [
              -45.185519759673,
              -24.207915505457528
            ],
            [
              -45.18567075453707,
              -24.20844699902142
            ],
            [
              -45.18567075453707,
              -24.20844699902142
            ],
            [
              -45.185519759673,
              -24.207915505457528
            ]
          ]
        ]
      },
      "properties": {
        "lat": -24.20818125223947,
        "lon": -45.185595257105035,
        "area_px": 3,
        "min_sigma0_dB": -9.0600004196167,
        "mean_sigma0_dB": -7.710000038146973,
        "max_sigma0_dB": -5.190000057220459,
        "threshold_cfar_dB": -10.66,
        "pixel_coords": {
          "row": 987,
          "col": 1668,
          "row_resampled": 329,
          "col_resampled": 556
        },
        "bbox_pixel_coords": {
          "row_min": 984,
          "row_max": 990,
          "col_min": 1668,
          "col_max": 1668
        },
        "global_pixel_coords": {
          "row": 12827,
          "col": 23508
        },
        "source_product": "S1C_IW_GRDH_1SDV_20260803T082202_20260803T082233_008828_01182E_7710",
        "source_arquivo_id": null,
        "patch_id": 89,
        "patch_name": "patch_0090_VV",
        "geotiff_name": "patch_0090_VV_sigma0_preproc.tif",
        "polarization": "VV",
        "input_scale": "linear",
        "georef_method": "snap_geolocation_grid",
        "geocoding_method": "geolocation_grid",
        "geolocation_grid_status": null,
        "snap_geolocation_grid_used": null,
        "raster_crs": "EPSG:4326",
        "raster_transform": [
          0.00011483276819298234,
          0.0,
          -43.073513451490605,
          0.0,
          -0.0001171554311711674,
          -24.407872008991113,
          0.0,
          0.0,
          1.0
        ],
        "core_bbox_pixels": {
          "x0": 22000,
          "y0": 12000,
          "x1": 24000,
          "y1": 14000
        },
        "processing_bbox_pixels": {
          "x0": 21840,
          "y0": 11840,
          "x1": 24160,
          "y1": 14160
        },
        "core_bounds_lonlat": {
          "west": -45.2618899672677,
          "south": -24.347054564776997,
          "east": -45.02139170018378,
          "north": -24.123500476521105
        },
        "processing_bounds_lonlat": {
          "west": -45.28116230518891,
          "south": -24.364948308292618,
          "east": -45.002165306839885,
          "north": -24.105607039336153
        },
        "halo_pixels": 160,
        "valid_bbox_fraction": 1.0,
        "artifact_aspect_ratio": 3.0,
        "land_mask_info": {
          "enabled": true,
          "applied": true,
          "status": "ok",
          "stage": "cfar_water_mask",
          "resampled_shape": [
            773,
            773
          ],
          "sample_shape": [
            128,
            128
          ],
          "sample_max_dim": 128,
          "available": true,
          "method": "natural_earth_land_point_mask",
          "bounds_lonlat": {
            "west": -45.2618899672677,
            "south": -24.347054564776997,
            "east": -45.02139170018378,
            "north": -24.123500476521105
          },
          "mask_path": "/content/sismom_colab_work_v2/sources/api/copernicus_meta_1-main/copernicus-platform/frontend/public/shapes/ne_10m_land/ne_10m_land.shp",
          "land_buffer_degrees": 0.0,
          "valid_geolocation_points": 16384,
          "land_points": 0,
          "water_points": 16384,
          "land_fraction": 0.0,
          "water_fraction": 1.0,
          "valid_pixels_before_land_mask": 597529,
          "valid_pixels_after_land_mask": 597529,
          "pixels_masked_by_land": 0,
          "valid_water_fraction": 1.0,
          "land_skip_threshold": 0.99,
          "min_water_fraction": 0.01,
          "skip_land_tiles": true,
          "skipped": false,
          "reason": "water_candidate",
          "message": "CFAR restrito aos pixels de água."
        },
        "land_fraction": 0.0,
        "water_fraction": 1.0,
        "valid_water_fraction": 1.0,
        "land_mask_method": "natural_earth_land_point_mask",
        "wave_age": null,
        "wave_age_class": null,
        "wave_age_factor": 1.35,
        "wave_age_status": "fallback",
        "era5_time": null,
        "era5_lon": null,
        "era5_lat": null,
        "u10": null,
        "peak_wave_period": null,
        "friction_velocity": null,
        "phase_speed": null,
        "patch_label": "P090",
        "id": 77,
        "source": "cfar",
        "detection_method": "cfar"
      }
    },
    {
      "type": "Feature",
      "geometry": {
        "type": "Polygon",
        "coordinates": [
          [
            [
              -45.206798843698145,
              -24.25585950371574
            ],
            [
              -45.207940511611284,
              -24.255579978203837
            ],
            [
              -45.208167683641115,
              -24.256377113767964
            ],
            [
              -45.2070260091439,
              -24.256656641440593
            ],
            [
              -45.206798843698145,
              -24.25585950371574
            ]
          ]
        ]
      },
      "properties": {
        "lat": -24.255985453174617,
        "lon": -45.20744540056731,
        "area_px": 8,
        "min_sigma0_dB": 3.4800000190734863,
        "mean_sigma0_dB": 7.199999809265137,
        "max_sigma0_dB": 13.020000457763672,
        "threshold_cfar_dB": -0.69,
        "pixel_coords": {
          "row": 1548,
          "col": 1749,
          "row_resampled": 516,
          "col_resampled": 583
        },
        "bbox_pixel_coords": {
          "row_min": 1545,
          "row_max": 1554,
          "col_min": 1743,
          "col_max": 1755
        },
        "global_pixel_coords": {
          "row": 13388,
          "col": 23589
        },
        "source_product": "S1C_IW_GRDH_1SDV_20260803T082202_20260803T082233_008828_01182E_7710",
        "source_arquivo_id": null,
        "patch_id": 89,
        "patch_name": "patch_0090_VV",
        "geotiff_name": "patch_0090_VV_sigma0_preproc.tif",
        "polarization": "VV",
        "input_scale": "linear",
        "georef_method": "snap_geolocation_grid",
        "geocoding_method": "geolocation_grid",
        "geolocation_grid_status": null,
        "snap_geolocation_grid_used": null,
        "raster_crs": "EPSG:4326",
        "raster_transform": [
          0.00011483276819298234,
          0.0,
          -43.073513451490605,
          0.0,
          -0.0001171554311711674,
          -24.407872008991113,
          0.0,
          0.0,
          1.0
        ],
        "core_bbox_pixels": {
          "x0": 22000,
          "y0": 12000,
          "x1": 24000,
          "y1": 14000
        },
        "processing_bbox_pixels": {
          "x0": 21840,
          "y0": 11840,
          "x1": 24160,
          "y1": 14160
        },
        "core_bounds_lonlat": {
          "west": -45.2618899672677,
          "south": -24.347054564776997,
          "east": -45.02139170018378,
          "north": -24.123500476521105
        },
        "processing_bounds_lonlat": {
          "west": -45.28116230518891,
          "south": -24.364948308292618,
          "east": -45.002165306839885,
          "north": -24.105607039336153
        },
        "halo_pixels": 160,
        "valid_bbox_fraction": 1.0,
        "artifact_aspect_ratio": 1.25,
        "land_mask_info": {
          "enabled": true,
          "applied": true,
          "status": "ok",
          "stage": "cfar_water_mask",
          "resampled_shape": [
            773,
            773
          ],
          "sample_shape": [
            128,
            128
          ],
          "sample_max_dim": 128,
          "available": true,
          "method": "natural_earth_land_point_mask",
          "bounds_lonlat": {
            "west": -45.2618899672677,
            "south": -24.347054564776997,
            "east": -45.02139170018378,
            "north": -24.123500476521105
          },
          "mask_path": "/content/sismom_colab_work_v2/sources/api/copernicus_meta_1-main/copernicus-platform/frontend/public/shapes/ne_10m_land/ne_10m_land.shp",
          "land_buffer_degrees": 0.0,
          "valid_geolocation_points": 16384,
          "land_points": 0,
          "water_points": 16384,
          "land_fraction": 0.0,
          "water_fraction": 1.0,
          "valid_pixels_before_land_mask": 597529,
          "valid_pixels_after_land_mask": 597529,
          "pixels_masked_by_land": 0,
          "valid_water_fraction": 1.0,
          "land_skip_threshold": 0.99,
          "min_water_fraction": 0.01,
          "skip_land_tiles": true,
          "skipped": false,
          "reason": "water_candidate",
          "message": "CFAR restrito aos pixels de água."
        },
        "land_fraction": 0.0,
        "water_fraction": 1.0,
        "valid_water_fraction": 1.0,
        "land_mask_method": "natural_earth_land_point_mask",
        "wave_age": null,
        "wave_age_class": null,
        "wave_age_factor": 1.35,
        "wave_age_status": "fallback",
        "era5_time": null,
        "era5_lon": null,
        "era5_lat": null,
        "u10": null,
        "peak_wave_period": null,
        "friction_velocity": null,
        "phase_speed": null,
        "patch_label": "P090",
        "id": 78,
        "source": "cfar",
        "detection_method": "cfar"
      }
    },
    {
      "type": "Feature",
      "geometry": {
        "type": "Polygon",
        "coordinates": [
          [
            [
              -45.331824781476826,
              -24.170333743064454
            ],
            [
              -45.33324957664329,
              -24.169983664095394
            ],
            [
              -45.33370419998557,
              -24.17157756090025
            ],
            [
              -45.33227938889067,
              -24.17192764548721
            ],
            [
              -45.331824781476826,
              -24.170333743064454
            ]
          ]
        ]
      },
      "properties": {
        "lat": -24.170990661564627,
        "lon": -45.332622006441845,
        "area_px": 16,
        "min_sigma0_dB": -7.309999942779541,
        "mean_sigma0_dB": 0.05999999865889549,
        "max_sigma0_dB": 10.0,
        "threshold_cfar_dB": -8.82,
        "pixel_coords": {
          "row": 975,
          "col": 1218,
          "row_resampled": 325,
          "col_resampled": 406
        },
        "bbox_pixel_coords": {
          "row_min": 966,
          "row_max": 984,
          "col_min": 1212,
          "col_max": 1227
        },
        "global_pixel_coords": {
          "row": 12815,
          "col": 25058
        },
        "source_product": "S1C_IW_GRDH_1SDV_20260803T082202_20260803T082233_008828_01182E_7710",
        "source_arquivo_id": null,
        "patch_id": 90,
        "patch_name": "patch_0091_VV",
        "geotiff_name": "patch_0091_VV_sigma0_preproc.tif",
        "polarization": "VV",
        "input_scale": "linear",
        "georef_method": "snap_geolocation_grid",
        "geocoding_method": "geolocation_grid",
        "geolocation_grid_status": null,
        "snap_geolocation_grid_used": null,
        "raster_crs": "EPSG:4326",
        "raster_transform": [
          0.00011483276819298234,
          0.0,
          -42.84384791510464,
          0.0,
          -0.0001171554311711674,
          -24.407872008991113,
          0.0,
          0.0,
          1.0
        ],
        "core_bbox_pixels": {
          "x0": 24000,
          "y0": 12000,
          "x1": 25629,
          "y1": 14000
        },
        "processing_bbox_pixels": {
          "x0": 23840,
          "y0": 11840,
          "x1": 25629,
          "y1": 14160
        },
        "core_bounds_lonlat": {
          "west": -45.41677913270717,
          "south": -24.300523376693743,
          "east": -45.21155151488965,
          "north": -24.085528961954488
        },
        "processing_bounds_lonlat": {
          "west": -45.42083718072578,
          "south": -24.318422863635814,
          "east": -45.192312680198775,
          "north": -24.071362857994576
        },
        "halo_pixels": 160,
        "valid_bbox_fraction": 1.0,
        "artifact_aspect_ratio": 1.1667,
        "land_mask_info": {
          "enabled": true,
          "applied": true,
          "status": "ok",
          "stage": "cfar_water_mask",
          "resampled_shape": [
            773,
            596
          ],
          "sample_shape": [
            128,
            99
          ],
          "sample_max_dim": 128,
          "available": true,
          "method": "natural_earth_land_point_mask",
          "bounds_lonlat": {
            "west": -45.41677913270717,
            "south": -24.300523376693743,
            "east": -45.21155151488965,
            "north": -24.085528961954488
          },
          "mask_path": "/content/sismom_colab_work_v2/sources/api/copernicus_meta_1-main/copernicus-platform/frontend/public/shapes/ne_10m_land/ne_10m_land.shp",
          "land_buffer_degrees": 0.0,
          "valid_geolocation_points": 12672,
          "land_points": 0,
          "water_points": 12672,
          "land_fraction": 0.0,
          "water_fraction": 1.0,
          "valid_pixels_before_land_mask": 419137,
          "valid_pixels_after_land_mask": 419137,
          "pixels_masked_by_land": 0,
          "valid_water_fraction": 1.0,
          "land_skip_threshold": 0.99,
          "min_water_fraction": 0.01,
          "skip_land_tiles": true,
          "skipped": false,
          "reason": "water_candidate",
          "message": "CFAR restrito aos pixels de água."
        },
        "land_fraction": 0.0,
        "water_fraction": 1.0,
        "valid_water_fraction": 1.0,
        "land_mask_method": "natural_earth_land_point_mask",
        "wave_age": null,
        "wave_age_class": null,
        "wave_age_factor": 1.35,
        "wave_age_status": "fallback",
        "era5_time": null,
        "era5_lon": null,
        "era5_lat": null,
        "u10": null,
        "peak_wave_period": null,
        "friction_velocity": null,
        "phase_speed": null,
        "patch_label": "P091",
        "id": 79,
        "source": "cfar",
        "detection_method": "cfar"
      }
    },
    {
      "type": "Feature",
      "geometry": {
        "type": "Polygon",
        "coordinates": [
          [
            [
              -44.77358919104767,
              -24.44347462961234
            ],
            [
              -44.77416140962872,
              -24.443336590305343
            ],
            [
              -44.77423627057038,
              -24.44360258825208
            ],
            [
              -44.773664050861846,
              -24.443740627904795
            ],
            [
              -44.77358919104767,
              -24.44347462961234
            ]
          ]
        ]
      },
      "properties": {
        "lat": -24.443405609958845,
        "lon": -44.77387530033819,
        "area_px": 4,
        "min_sigma0_dB": 2.940000057220459,
        "mean_sigma0_dB": 6.820000171661377,
        "max_sigma0_dB": 10.899999618530273,
        "threshold_cfar_dB": 2.73,
        "pixel_coords": {
          "row": 414,
          "col": 969,
          "row_resampled": 138,
          "col_resampled": 323
        },
        "bbox_pixel_coords": {
          "row_min": 414,
          "row_max": 417,
          "col_min": 966,
          "col_max": 972
        },
        "global_pixel_coords": {
          "row": 14254,
          "col": 18809
        },
        "source_product": "S1C_IW_GRDH_1SDV_20260803T082202_20260803T082233_008828_01182E_7710",
        "source_arquivo_id": null,
        "patch_id": 100,
        "patch_name": "patch_0101_VV",
        "geotiff_name": "patch_0101_VV_sigma0_preproc.tif",
        "polarization": "VV",
        "input_scale": "linear",
        "georef_method": "snap_geolocation_grid",
        "geocoding_method": "geolocation_grid",
        "geolocation_grid_status": null,
        "snap_geolocation_grid_used": null,
        "raster_crs": "EPSG:4326",
        "raster_transform": [
          0.00011483276819298234,
          0.0,
          -43.53284452426253,
          0.0,
          -0.0001171554311711674,
          -24.642182871333446,
          0.0,
          0.0,
          1.0
        ],
        "core_bbox_pixels": {
          "x0": 18000,
          "y0": 14000,
          "x1": 20000,
          "y1": 16000
        },
        "processing_bbox_pixels": {
          "x0": 17840,
          "y0": 13840,
          "x1": 20160,
          "y1": 16160
        },
        "core_bounds_lonlat": {
          "west": -44.93107971161036,
          "south": -24.61675578556538,
          "east": -44.690395860134686,
          "north": -24.393452872996672
        },
        "processing_bounds_lonlat": {
          "west": -44.95036572444284,
          "south": -24.63462229779063,
          "east": -44.67115218210976,
          "north": -24.37557803644019
        },
        "halo_pixels": 160,
        "valid_bbox_fraction": 1.0,
        "artifact_aspect_ratio": 1.5,
        "land_mask_info": {
          "enabled": true,
          "applied": true,
          "status": "ok",
          "stage": "cfar_water_mask",
          "resampled_shape": [
            773,
            773
          ],
          "sample_shape": [
            128,
            128
          ],
          "sample_max_dim": 128,
          "available": true,
          "method": "natural_earth_land_point_mask",
          "bounds_lonlat": {
            "west": -44.93107971161036,
            "south": -24.61675578556538,
            "east": -44.690395860134686,
            "north": -24.393452872996672
          },
          "mask_path": "/content/sismom_colab_work_v2/sources/api/copernicus_meta_1-main/copernicus-platform/frontend/public/shapes/ne_10m_land/ne_10m_land.shp",
          "land_buffer_degrees": 0.0,
          "valid_geolocation_points": 16384,
          "land_points": 0,
          "water_points": 16384,
          "land_fraction": 0.0,
          "water_fraction": 1.0,
          "valid_pixels_before_land_mask": 597529,
          "valid_pixels_after_land_mask": 597529,
          "pixels_masked_by_land": 0,
          "valid_water_fraction": 1.0,
          "land_skip_threshold": 0.99,
          "min_water_fraction": 0.01,
          "skip_land_tiles": true,
          "skipped": false,
          "reason": "water_candidate",
          "message": "CFAR restrito aos pixels de água."
        },
        "land_fraction": 0.0,
        "water_fraction": 1.0,
        "valid_water_fraction": 1.0,
        "land_mask_method": "natural_earth_land_point_mask",
        "wave_age": null,
        "wave_age_class": null,
        "wave_age_factor": 1.35,
        "wave_age_status": "fallback",
        "era5_time": null,
        "era5_lon": null,
        "era5_lat": null,
        "u10": null,
        "peak_wave_period": null,
        "friction_velocity": null,
        "phase_speed": null,
        "patch_label": "P101",
        "id": 80,
        "source": "cfar",
        "detection_method": "cfar"
      }
    },
    {
      "type": "Feature",
      "geometry": {
        "type": "Polygon",
        "coordinates": [
          [
            [
              -44.77173613764175,
              -24.444489766191765
            ],
            [
              -44.772594468960705,
              -24.444282706194116
            ],
            [
              -44.77266932651991,
              -24.444548705178008
            ],
            [
              -44.771810993509725,
              -24.444755765694232
            ],
            [
              -44.77173613764175,
              -24.444489766191765
            ]
          ]
        ]
      },
      "properties": {
        "lat": -24.444420746192552,
        "lon": -44.7720222480814,
        "area_px": 6,
        "min_sigma0_dB": 3.75,
        "mean_sigma0_dB": 8.329999923706055,
        "max_sigma0_dB": 13.260000228881836,
        "threshold_cfar_dB": 2.7,
        "pixel_coords": {
          "row": 420,
          "col": 948,
          "row_resampled": 140,
          "col_resampled": 316
        },
        "bbox_pixel_coords": {
          "row_min": 420,
          "row_max": 423,
          "col_min": 945,
          "col_max": 954
        },
        "global_pixel_coords": {
          "row": 14260,
          "col": 18788
        },
        "source_product": "S1C_IW_GRDH_1SDV_20260803T082202_20260803T082233_008828_01182E_7710",
        "source_arquivo_id": null,
        "patch_id": 100,
        "patch_name": "patch_0101_VV",
        "geotiff_name": "patch_0101_VV_sigma0_preproc.tif",
        "polarization": "VV",
        "input_scale": "linear",
        "georef_method": "snap_geolocation_grid",
        "geocoding_method": "geolocation_grid",
        "geolocation_grid_status": null,
        "snap_geolocation_grid_used": null,
        "raster_crs": "EPSG:4326",
        "raster_transform": [
          0.00011483276819298234,
          0.0,
          -43.53284452426253,
          0.0,
          -0.0001171554311711674,
          -24.642182871333446,
          0.0,
          0.0,
          1.0
        ],
        "core_bbox_pixels": {
          "x0": 18000,
          "y0": 14000,
          "x1": 20000,
          "y1": 16000
        },
        "processing_bbox_pixels": {
          "x0": 17840,
          "y0": 13840,
          "x1": 20160,
          "y1": 16160
        },
        "core_bounds_lonlat": {
          "west": -44.93107971161036,
          "south": -24.61675578556538,
          "east": -44.690395860134686,
          "north": -24.393452872996672
        },
        "processing_bounds_lonlat": {
          "west": -44.95036572444284,
          "south": -24.63462229779063,
          "east": -44.67115218210976,
          "north": -24.37557803644019
        },
        "halo_pixels": 160,
        "valid_bbox_fraction": 1.0,
        "artifact_aspect_ratio": 2.0,
        "land_mask_info": {
          "enabled": true,
          "applied": true,
          "status": "ok",
          "stage": "cfar_water_mask",
          "resampled_shape": [
            773,
            773
          ],
          "sample_shape": [
            128,
            128
          ],
          "sample_max_dim": 128,
          "available": true,
          "method": "natural_earth_land_point_mask",
          "bounds_lonlat": {
            "west": -44.93107971161036,
            "south": -24.61675578556538,
            "east": -44.690395860134686,
            "north": -24.393452872996672
          },
          "mask_path": "/content/sismom_colab_work_v2/sources/api/copernicus_meta_1-main/copernicus-platform/frontend/public/shapes/ne_10m_land/ne_10m_land.shp",
          "land_buffer_degrees": 0.0,
          "valid_geolocation_points": 16384,
          "land_points": 0,
          "water_points": 16384,
          "land_fraction": 0.0,
          "water_fraction": 1.0,
          "valid_pixels_before_land_mask": 597529,
          "valid_pixels_after_land_mask": 597529,
          "pixels_masked_by_land": 0,
          "valid_water_fraction": 1.0,
          "land_skip_threshold": 0.99,
          "min_water_fraction": 0.01,
          "skip_land_tiles": true,
          "skipped": false,
          "reason": "water_candidate",
          "message": "CFAR restrito aos pixels de água."
        },
        "land_fraction": 0.0,
        "water_fraction": 1.0,
        "valid_water_fraction": 1.0,
        "land_mask_method": "natural_earth_land_point_mask",
        "wave_age": null,
        "wave_age_class": null,
        "wave_age_factor": 1.35,
        "wave_age_status": "fallback",
        "era5_time": null,
        "era5_lon": null,
        "era5_lat": null,
        "u10": null,
        "peak_wave_period": null,
        "friction_velocity": null,
        "phase_speed": null,
        "patch_label": "P101",
        "id": 81,
        "source": "cfar",
        "detection_method": "cfar"
      }
    },
    {
      "type": "Feature",
      "geometry": {
        "type": "Polygon",
        "coordinates": [
          [
            [
              -45.29231978532698,
              -24.33544781715629
            ],
            [
              -45.29317661787085,
              -24.335237981977833
            ],
            [
              -45.29332829048438,
              -24.33576933198236
            ],
            [
              -45.29247145464842,
              -24.335979168241177
            ],
            [
              -45.29231978532698,
              -24.33544781715629
            ]
          ]
        ]
      },
      "properties": {
        "lat": -24.33557360221964,
        "lon": -45.29296684278098,
        "area_px": 6,
        "min_sigma0_dB": 5.010000228881836,
        "mean_sigma0_dB": 9.529999732971191,
        "max_sigma0_dB": 20.239999771118164,
        "threshold_cfar_dB": 4.68,
        "pixel_coords": {
          "row": 609,
          "col": 366,
          "row_resampled": 203,
          "col_resampled": 122
        },
        "bbox_pixel_coords": {
          "row_min": 606,
          "row_max": 612,
          "col_min": 360,
          "col_max": 369
        },
        "global_pixel_coords": {
          "row": 14449,
          "col": 24206
        },
        "source_product": "S1C_IW_GRDH_1SDV_20260803T082202_20260803T082233_008828_01182E_7710",
        "source_arquivo_id": null,
        "patch_id": 103,
        "patch_name": "patch_0104_VV",
        "geotiff_name": "patch_0104_VV_sigma0_preproc.tif",
        "polarization": "VV",
        "input_scale": "linear",
        "georef_method": "snap_geolocation_grid",
        "geocoding_method": "geolocation_grid",
        "geolocation_grid_status": null,
        "snap_geolocation_grid_used": null,
        "raster_crs": "EPSG:4326",
        "raster_transform": [
          0.00011483276819298234,
          0.0,
          -42.84384791510464,
          0.0,
          -0.0001171554311711674,
          -24.642182871333446,
          0.0,
          0.0,
          1.0
        ],
        "core_bbox_pixels": {
          "x0": 24000,
          "y0": 14000,
          "x1": 25629,
          "y1": 16000
        },
        "processing_bbox_pixels": {
          "x0": 23840,
          "y0": 13840,
          "x1": 25629,
          "y1": 16160
        },
        "core_bounds_lonlat": {
          "west": -45.4675906496839,
          "south": -24.47763609391345,
          "east": -45.26201040970098,
          "north": -24.262596215228566
        },
        "processing_bounds_lonlat": {
          "west": -45.47166098037702,
          "south": -24.495540386488575,
          "east": -45.24274116968872,
          "north": -24.24843158799784
        },
        "halo_pixels": 160,
        "valid_bbox_fraction": 1.0,
        "artifact_aspect_ratio": 1.3333,
        "land_mask_info": {
          "enabled": true,
          "applied": true,
          "status": "ok",
          "stage": "cfar_water_mask",
          "resampled_shape": [
            773,
            596
          ],
          "sample_shape": [
            128,
            99
          ],
          "sample_max_dim": 128,
          "available": true,
          "method": "natural_earth_land_point_mask",
          "bounds_lonlat": {
            "west": -45.4675906496839,
            "south": -24.47763609391345,
            "east": -45.26201040970098,
            "north": -24.262596215228566
          },
          "mask_path": "/content/sismom_colab_work_v2/sources/api/copernicus_meta_1-main/copernicus-platform/frontend/public/shapes/ne_10m_land/ne_10m_land.shp",
          "land_buffer_degrees": 0.0,
          "valid_geolocation_points": 12672,
          "land_points": 0,
          "water_points": 12672,
          "land_fraction": 0.0,
          "water_fraction": 1.0,
          "valid_pixels_before_land_mask": 420349,
          "valid_pixels_after_land_mask": 420349,
          "pixels_masked_by_land": 0,
          "valid_water_fraction": 1.0,
          "land_skip_threshold": 0.99,
          "min_water_fraction": 0.01,
          "skip_land_tiles": true,
          "skipped": false,
          "reason": "water_candidate",
          "message": "CFAR restrito aos pixels de água."
        },
        "land_fraction": 0.0,
        "water_fraction": 1.0,
        "valid_water_fraction": 1.0,
        "land_mask_method": "natural_earth_land_point_mask",
        "wave_age": null,
        "wave_age_class": null,
        "wave_age_factor": 1.35,
        "wave_age_status": "fallback",
        "era5_time": null,
        "era5_lon": null,
        "era5_lat": null,
        "u10": null,
        "peak_wave_period": null,
        "friction_velocity": null,
        "phase_speed": null,
        "patch_label": "P104",
        "id": 82,
        "source": "cfar",
        "detection_method": "cfar"
      }
    },
    {
      "type": "Feature",
      "geometry": {
        "type": "Polygon",
        "coordinates": [
          [
            [
              -45.29382367697089,
              -24.33536376650101
            ],
            [
              -45.29382367697089,
              -24.33536376650101
            ],
            [
              -45.293975351779146,
              -24.335895115785284
            ],
            [
              -45.293975351779146,
              -24.335895115785284
            ],
            [
              -45.29382367697089,
              -24.33536376650101
            ]
          ]
        ]
      },
      "properties": {
        "lat": -24.335629441143148,
        "lon": -45.29389951437501,
        "area_px": 3,
        "min_sigma0_dB": 6.320000171661377,
        "mean_sigma0_dB": 11.489999771118164,
        "max_sigma0_dB": 18.540000915527344,
        "threshold_cfar_dB": 4.69,
        "pixel_coords": {
          "row": 612,
          "col": 375,
          "row_resampled": 204,
          "col_resampled": 125
        },
        "bbox_pixel_coords": {
          "row_min": 609,
          "row_max": 615,
          "col_min": 375,
          "col_max": 375
        },
        "global_pixel_coords": {
          "row": 14452,
          "col": 24215
        },
        "source_product": "S1C_IW_GRDH_1SDV_20260803T082202_20260803T082233_008828_01182E_7710",
        "source_arquivo_id": null,
        "patch_id": 103,
        "patch_name": "patch_0104_VV",
        "geotiff_name": "patch_0104_VV_sigma0_preproc.tif",
        "polarization": "VV",
        "input_scale": "linear",
        "georef_method": "snap_geolocation_grid",
        "geocoding_method": "geolocation_grid",
        "geolocation_grid_status": null,
        "snap_geolocation_grid_used": null,
        "raster_crs": "EPSG:4326",
        "raster_transform": [
          0.00011483276819298234,
          0.0,
          -42.84384791510464,
          0.0,
          -0.0001171554311711674,
          -24.642182871333446,
          0.0,
          0.0,
          1.0
        ],
        "core_bbox_pixels": {
          "x0": 24000,
          "y0": 14000,
          "x1": 25629,
          "y1": 16000
        },
        "processing_bbox_pixels": {
          "x0": 23840,
          "y0": 13840,
          "x1": 25629,
          "y1": 16160
        },
        "core_bounds_lonlat": {
          "west": -45.4675906496839,
          "south": -24.47763609391345,
          "east": -45.26201040970098,
          "north": -24.262596215228566
        },
        "processing_bounds_lonlat": {
          "west": -45.47166098037702,
          "south": -24.495540386488575,
          "east": -45.24274116968872,
          "north": -24.24843158799784
        },
        "halo_pixels": 160,
        "valid_bbox_fraction": 1.0,
        "artifact_aspect_ratio": 3.0,
        "land_mask_info": {
          "enabled": true,
          "applied": true,
          "status": "ok",
          "stage": "cfar_water_mask",
          "resampled_shape": [
            773,
            596
          ],
          "sample_shape": [
            128,
            99
          ],
          "sample_max_dim": 128,
          "available": true,
          "method": "natural_earth_land_point_mask",
          "bounds_lonlat": {
            "west": -45.4675906496839,
            "south": -24.47763609391345,
            "east": -45.26201040970098,
            "north": -24.262596215228566
          },
          "mask_path": "/content/sismom_colab_work_v2/sources/api/copernicus_meta_1-main/copernicus-platform/frontend/public/shapes/ne_10m_land/ne_10m_land.shp",
          "land_buffer_degrees": 0.0,
          "valid_geolocation_points": 12672,
          "land_points": 0,
          "water_points": 12672,
          "land_fraction": 0.0,
          "water_fraction": 1.0,
          "valid_pixels_before_land_mask": 420349,
          "valid_pixels_after_land_mask": 420349,
          "pixels_masked_by_land": 0,
          "valid_water_fraction": 1.0,
          "land_skip_threshold": 0.99,
          "min_water_fraction": 0.01,
          "skip_land_tiles": true,
          "skipped": false,
          "reason": "water_candidate",
          "message": "CFAR restrito aos pixels de água."
        },
        "land_fraction": 0.0,
        "water_fraction": 1.0,
        "valid_water_fraction": 1.0,
        "land_mask_method": "natural_earth_land_point_mask",
        "wave_age": null,
        "wave_age_class": null,
        "wave_age_factor": 1.35,
        "wave_age_status": "fallback",
        "era5_time": null,
        "era5_lon": null,
        "era5_lat": null,
        "u10": null,
        "peak_wave_period": null,
        "friction_velocity": null,
        "phase_speed": null,
        "patch_label": "P104",
        "id": 83,
        "source": "cfar",
        "detection_method": "cfar"
      }
    },
    {
      "type": "Feature",
      "geometry": {
        "type": "Polygon",
        "coordinates": [
          [
            [
              -45.314954408011005,
              -24.410349372809193
            ],
            [
              -45.31524017165398,
              -24.41027937579561
            ],
            [
              -45.31554439831667,
              -24.41134194027504
            ],
            [
              -45.315258632550695,
              -24.41141193803767
            ],
            [
              -45.314954408011005,
              -24.410349372809193
            ]
          ]
        ]
      },
      "properties": {
        "lat": -24.41088065542343,
        "lon": -45.31510652028085,
        "area_px": 7,
        "min_sigma0_dB": -8.8100004196167,
        "mean_sigma0_dB": -6.320000171661377,
        "max_sigma0_dB": -3.549999952316284,
        "threshold_cfar_dB": -12.91,
        "pixel_coords": {
          "row": 1461,
          "col": 372,
          "row_resampled": 487,
          "col_resampled": 124
        },
        "bbox_pixel_coords": {
          "row_min": 1455,
          "row_max": 1467,
          "col_min": 372,
          "col_max": 375
        },
        "global_pixel_coords": {
          "row": 15301,
          "col": 24212
        },
        "source_product": "S1C_IW_GRDH_1SDV_20260803T082202_20260803T082233_008828_01182E_7710",
        "source_arquivo_id": null,
        "patch_id": 103,
        "patch_name": "patch_0104_VV",
        "geotiff_name": "patch_0104_VV_sigma0_preproc.tif",
        "polarization": "VV",
        "input_scale": "linear",
        "georef_method": "snap_geolocation_grid",
        "geocoding_method": "geolocation_grid",
        "geolocation_grid_status": null,
        "snap_geolocation_grid_used": null,
        "raster_crs": "EPSG:4326",
        "raster_transform": [
          0.00011483276819298234,
          0.0,
          -42.84384791510464,
          0.0,
          -0.0001171554311711674,
          -24.642182871333446,
          0.0,
          0.0,
          1.0
        ],
        "core_bbox_pixels": {
          "x0": 24000,
          "y0": 14000,
          "x1": 25629,
          "y1": 16000
        },
        "processing_bbox_pixels": {
          "x0": 23840,
          "y0": 13840,
          "x1": 25629,
          "y1": 16160
        },
        "core_bounds_lonlat": {
          "west": -45.4675906496839,
          "south": -24.47763609391345,
          "east": -45.26201040970098,
          "north": -24.262596215228566
        },
        "processing_bounds_lonlat": {
          "west": -45.47166098037702,
          "south": -24.495540386488575,
          "east": -45.24274116968872,
          "north": -24.24843158799784
        },
        "halo_pixels": 160,
        "valid_bbox_fraction": 1.0,
        "artifact_aspect_ratio": 2.5,
        "land_mask_info": {
          "enabled": true,
          "applied": true,
          "status": "ok",
          "stage": "cfar_water_mask",
          "resampled_shape": [
            773,
            596
          ],
          "sample_shape": [
            128,
            99
          ],
          "sample_max_dim": 128,
          "available": true,
          "method": "natural_earth_land_point_mask",
          "bounds_lonlat": {
            "west": -45.4675906496839,
            "south": -24.47763609391345,
            "east": -45.26201040970098,
            "north": -24.262596215228566
          },
          "mask_path": "/content/sismom_colab_work_v2/sources/api/copernicus_meta_1-main/copernicus-platform/frontend/public/shapes/ne_10m_land/ne_10m_land.shp",
          "land_buffer_degrees": 0.0,
          "valid_geolocation_points": 12672,
          "land_points": 0,
          "water_points": 12672,
          "land_fraction": 0.0,
          "water_fraction": 1.0,
          "valid_pixels_before_land_mask": 420349,
          "valid_pixels_after_land_mask": 420349,
          "pixels_masked_by_land": 0,
          "valid_water_fraction": 1.0,
          "land_skip_threshold": 0.99,
          "min_water_fraction": 0.01,
          "skip_land_tiles": true,
          "skipped": false,
          "reason": "water_candidate",
          "message": "CFAR restrito aos pixels de água."
        },
        "land_fraction": 0.0,
        "water_fraction": 1.0,
        "valid_water_fraction": 1.0,
        "land_mask_method": "natural_earth_land_point_mask",
        "wave_age": null,
        "wave_age_class": null,
        "wave_age_factor": 1.35,
        "wave_age_status": "fallback",
        "era5_time": null,
        "era5_lon": null,
        "era5_lat": null,
        "u10": null,
        "peak_wave_period": null,
        "friction_velocity": null,
        "phase_speed": null,
        "patch_label": "P104",
        "id": 84,
        "source": "cfar",
        "detection_method": "cfar"
      }
    },
    {
      "type": "Feature",
      "geometry": {
        "type": "Polygon",
        "coordinates": [
          [
            [
              -44.442780412780394,
              -24.90150774881684
            ],
            [
              -44.443642165066926,
              -24.901302099085306
            ],
            [
              -44.44408887715653,
              -24.902899258286077
            ],
            [
              -44.443227114754556,
              -24.90310491099942
            ],
            [
              -44.442780412780394,
              -24.90150774881684
            ]
          ]
        ]
      },
      "properties": {
        "lat": -24.90216922909317,
        "lon": -44.44357826866364,
        "area_px": 17,
        "min_sigma0_dB": -7.900000095367432,
        "mean_sigma0_dB": -1.0800000429153442,
        "max_sigma0_dB": 4.869999885559082,
        "threshold_cfar_dB": -13.71,
        "pixel_coords": {
          "row": 423,
          "col": 468,
          "row_resampled": 141,
          "col_resampled": 156
        },
        "bbox_pixel_coords": {
          "row_min": 414,
          "row_max": 432,
          "col_min": 462,
          "col_max": 471
        },
        "global_pixel_coords": {
          "row": 18263,
          "col": 14308
        },
        "source_product": "S1C_IW_GRDH_1SDV_20260803T082202_20260803T082233_008828_01182E_7710",
        "source_arquivo_id": null,
        "patch_id": 124,
        "patch_name": "patch_0125_VV",
        "geotiff_name": "patch_0125_VV_sigma0_preproc.tif",
        "polarization": "VV",
        "input_scale": "linear",
        "georef_method": "snap_geolocation_grid",
        "geocoding_method": "geolocation_grid",
        "geolocation_grid_status": null,
        "snap_geolocation_grid_used": null,
        "raster_crs": "EPSG:4326",
        "raster_transform": [
          0.00011483276819298234,
          0.0,
          -43.99217559703446,
          0.0,
          -0.0001171554311711674,
          -25.110804596018117,
          0.0,
          0.0,
          1.0
        ],
        "core_bbox_pixels": {
          "x0": 14000,
          "y0": 18000,
          "x1": 16000,
          "y1": 20000
        },
        "processing_bbox_pixels": {
          "x0": 13840,
          "y0": 17840,
          "x1": 16160,
          "y1": 20160
        },
        "core_bounds_lonlat": {
          "west": -44.64883157857853,
          "south": -25.063160533385247,
          "east": -44.407560788720716,
          "north": -24.840152851635757
        },
        "processing_bounds_lonlat": {
          "west": -44.668162899871405,
          "south": -25.080997770668173,
          "east": -44.38827006264243,
          "north": -24.822293631015555
        },
        "halo_pixels": 160,
        "valid_bbox_fraction": 1.0,
        "artifact_aspect_ratio": 1.75,
        "land_mask_info": {
          "enabled": true,
          "applied": true,
          "status": "ok",
          "stage": "cfar_water_mask",
          "resampled_shape": [
            773,
            773
          ],
          "sample_shape": [
            128,
            128
          ],
          "sample_max_dim": 128,
          "available": true,
          "method": "natural_earth_land_point_mask",
          "bounds_lonlat": {
            "west": -44.64883157857853,
            "south": -25.063160533385247,
            "east": -44.407560788720716,
            "north": -24.840152851635757
          },
          "mask_path": "/content/sismom_colab_work_v2/sources/api/copernicus_meta_1-main/copernicus-platform/frontend/public/shapes/ne_10m_land/ne_10m_land.shp",
          "land_buffer_degrees": 0.0,
          "valid_geolocation_points": 16384,
          "land_points": 0,
          "water_points": 16384,
          "land_fraction": 0.0,
          "water_fraction": 1.0,
          "valid_pixels_before_land_mask": 483125,
          "valid_pixels_after_land_mask": 483125,
          "pixels_masked_by_land": 0,
          "valid_water_fraction": 1.0,
          "land_skip_threshold": 0.99,
          "min_water_fraction": 0.01,
          "skip_land_tiles": true,
          "skipped": false,
          "reason": "water_candidate",
          "message": "CFAR restrito aos pixels de água."
        },
        "land_fraction": 0.0,
        "water_fraction": 1.0,
        "valid_water_fraction": 1.0,
        "land_mask_method": "natural_earth_land_point_mask",
        "wave_age": null,
        "wave_age_class": null,
        "wave_age_factor": 1.35,
        "wave_age_status": "fallback",
        "era5_time": null,
        "era5_lon": null,
        "era5_lat": null,
        "u10": null,
        "peak_wave_period": null,
        "friction_velocity": null,
        "phase_speed": null,
        "patch_label": "P125",
        "id": 85,
        "source": "cfar",
        "detection_method": "cfar"
      }
    },
    {
      "type": "Feature",
      "geometry": {
        "type": "Polygon",
        "coordinates": [
          [
            [
              -44.508410920515054,
              -24.9148087262434
            ],
            [
              -44.50898553696956,
              -24.914671592606588
            ],
            [
              -44.509358663423455,
              -24.916002125309802
            ],
            [
              -44.508784041296316,
              -24.916139260623776
            ],
            [
              -44.508410920515054,
              -24.9148087262434
            ]
          ]
        ]
      },
      "properties": {
        "lat": -24.91527237284171,
        "lon": -44.508847478189345,
        "area_px": 10,
        "min_sigma0_dB": -8.760000228881836,
        "mean_sigma0_dB": -5.110000133514404,
        "max_sigma0_dB": 1.8799999952316284,
        "threshold_cfar_dB": -15.33,
        "pixel_coords": {
          "row": 726,
          "col": 1071,
          "row_resampled": 242,
          "col_resampled": 357
        },
        "bbox_pixel_coords": {
          "row_min": 720,
          "row_max": 735,
          "col_min": 1068,
          "col_max": 1074
        },
        "global_pixel_coords": {
          "row": 18566,
          "col": 14911
        },
        "source_product": "S1C_IW_GRDH_1SDV_20260803T082202_20260803T082233_008828_01182E_7710",
        "source_arquivo_id": null,
        "patch_id": 124,
        "patch_name": "patch_0125_VV",
        "geotiff_name": "patch_0125_VV_sigma0_preproc.tif",
        "polarization": "VV",
        "input_scale": "linear",
        "georef_method": "snap_geolocation_grid",
        "geocoding_method": "geolocation_grid",
        "geolocation_grid_status": null,
        "snap_geolocation_grid_used": null,
        "raster_crs": "EPSG:4326",
        "raster_transform": [
          0.00011483276819298234,
          0.0,
          -43.99217559703446,
          0.0,
          -0.0001171554311711674,
          -25.110804596018117,
          0.0,
          0.0,
          1.0
        ],
        "core_bbox_pixels": {
          "x0": 14000,
          "y0": 18000,
          "x1": 16000,
          "y1": 20000
        },
        "processing_bbox_pixels": {
          "x0": 13840,
          "y0": 17840,
          "x1": 16160,
          "y1": 20160
        },
        "core_bounds_lonlat": {
          "west": -44.64883157857853,
          "south": -25.063160533385247,
          "east": -44.407560788720716,
          "north": -24.840152851635757
        },
        "processing_bounds_lonlat": {
          "west": -44.668162899871405,
          "south": -25.080997770668173,
          "east": -44.38827006264243,
          "north": -24.822293631015555
        },
        "halo_pixels": 160,
        "valid_bbox_fraction": 1.0,
        "artifact_aspect_ratio": 2.0,
        "land_mask_info": {
          "enabled": true,
          "applied": true,
          "status": "ok",
          "stage": "cfar_water_mask",
          "resampled_shape": [
            773,
            773
          ],
          "sample_shape": [
            128,
            128
          ],
          "sample_max_dim": 128,
          "available": true,
          "method": "natural_earth_land_point_mask",
          "bounds_lonlat": {
            "west": -44.64883157857853,
            "south": -25.063160533385247,
            "east": -44.407560788720716,
            "north": -24.840152851635757
          },
          "mask_path": "/content/sismom_colab_work_v2/sources/api/copernicus_meta_1-main/copernicus-platform/frontend/public/shapes/ne_10m_land/ne_10m_land.shp",
          "land_buffer_degrees": 0.0,
          "valid_geolocation_points": 16384,
          "land_points": 0,
          "water_points": 16384,
          "land_fraction": 0.0,
          "water_fraction": 1.0,
          "valid_pixels_before_land_mask": 483125,
          "valid_pixels_after_land_mask": 483125,
          "pixels_masked_by_land": 0,
          "valid_water_fraction": 1.0,
          "land_skip_threshold": 0.99,
          "min_water_fraction": 0.01,
          "skip_land_tiles": true,
          "skipped": false,
          "reason": "water_candidate",
          "message": "CFAR restrito aos pixels de água."
        },
        "land_fraction": 0.0,
        "water_fraction": 1.0,
        "valid_water_fraction": 1.0,
        "land_mask_method": "natural_earth_land_point_mask",
        "wave_age": null,
        "wave_age_class": null,
        "wave_age_factor": 1.35,
        "wave_age_status": "fallback",
        "era5_time": null,
        "era5_lon": null,
        "era5_lat": null,
        "u10": null,
        "peak_wave_period": null,
        "friction_velocity": null,
        "phase_speed": null,
        "patch_label": "P125",
        "id": 86,
        "source": "cfar",
        "detection_method": "cfar"
      }
    }
  ]
}