{
  "type": "FeatureCollection",
  "features": [
    {
      "type": "Feature",
      "geometry": {
        "type": "Polygon",
        "coordinates": [
          [
            [
              -40.15551758819458,
              -20.305777752324552
            ],
            [
              -40.152973601712944,
              -20.305777752324552
            ],
            [
              -40.152973601712944,
              -20.304287690360745
            ],
            [
              -40.15551758819458,
              -20.304287690360745
            ],
            [
              -40.15551758819458,
              -20.305777752324552
            ]
          ]
        ]
      },
      "properties": {
        "id": 1,
        "target_id": "T0001",
        "source": "cfar_yolo",
        "detection_method": "cfar+yolo",
        "methods": [
          "cfar",
          "yolo"
        ],
        "fusion_status": "matched",
        "fusion_rule": "geometry_overlap",
        "cfar_id": 18,
        "cfar_ids": [
          18
        ],
        "cfar_fragment_count": 1,
        "yolo_id": 3,
        "cfar_patch_id": 54,
        "cfar_patch_ids": [
          54
        ],
        "yolo_patch_id": 54,
        "patch_id": 54,
        "patch_label": "P055",
        "yolo_confidence": 0.9001228213310242,
        "match_distance_m": 22.675,
        "match_distances_m": [
          22.675
        ],
        "nearest_match_distance_m": 22.675,
        "max_match_distance_m": 22.675,
        "geometries_overlap": true,
        "overlap_by_cfar": [
          true
        ],
        "display_geometry_source": "yolo",
        "cfar_properties": {
          "lat": -20.30483297626834,
          "lon": -40.154293613771124,
          "area_px": 14,
          "min_sigma0_dB": -3.259999990463257,
          "mean_sigma0_dB": 1.7400000095367432,
          "max_sigma0_dB": 10.09000015258789,
          "threshold_cfar_dB": -5.45,
          "pixel_coords": {
            "row": 1728,
            "col": 312,
            "row_resampled": 576,
            "col_resampled": 104
          },
          "bbox_pixel_coords": {
            "row_min": 1719,
            "row_max": 1737,
            "col_min": 303,
            "col_max": 321
          },
          "global_pixel_coords": {
            "row": 9568,
            "col": 4152
          },
          "source_product": "S1C_IW_GRDH_1SDV_20260810T081241_20260810T081306_008930_011B7A_D208",
          "source_arquivo_id": null,
          "patch_id": 54,
          "patch_name": "patch_0055_VV",
          "geotiff_name": "patch_0055_VV_sigma0_preproc.tif",
          "polarization": "VV",
          "input_scale": "linear",
          "georef_method": "snap_geolocation_grid",
          "geocoding_method": "geolocation_grid",
          "geolocation_grid_status": null,
          "snap_geolocation_grid_used": null,
          "raster_crs": "EPSG:4326",
          "raster_transform": [
            0.00010840393381716083,
            0.0,
            -41.895807142484465,
            0.0,
            -0.00012191578847949808,
            -19.94400611462318,
            0.0,
            0.0,
            1.0
          ],
          "core_bbox_pixels": {
            "x0": 4000,
            "y0": 8000,
            "x1": 6000,
            "y1": 10000
          },
          "processing_bbox_pixels": {
            "x0": 3840,
            "y0": 7840,
            "x1": 6160,
            "y1": 10160
          },
          "core_bounds_lonlat": {
            "west": -40.33890751420324,
            "south": -20.346518550005825,
            "east": -40.10484794515679,
            "north": -20.124347521714363
          },
          "processing_bounds_lonlat": {
            "west": -40.357859806670454,
            "south": -20.36421421019537,
            "east": -40.086341775118726,
            "north": -20.106420575143357
          },
          "halo_pixels": 160,
          "valid_bbox_fraction": 1.0,
          "artifact_aspect_ratio": 1.0,
          "land_mask_info": {
            "enabled": true,
            "applied": true,
            "status": "ok",
            "stage": "cfar_water_mask",
            "resampled_shape": [
              773,
              773
            ],
            "sample_shape": [
              128,
              128
            ],
            "sample_max_dim": 128,
            "available": true,
            "method": "natural_earth_land_point_mask",
            "bounds_lonlat": {
              "west": -40.33890751420324,
              "south": -20.346518550005825,
              "east": -40.10484794515679,
              "north": -20.124347521714363
            },
            "mask_path": "/content/sismom_colab_work_v2/sources/api/copernicus_meta_1-main/copernicus-platform/frontend/public/shapes/ne_10m_land/ne_10m_land.shp",
            "land_buffer_degrees": 0.0,
            "valid_geolocation_points": 16384,
            "land_points": 6693,
            "water_points": 9691,
            "land_fraction": 0.40850830078125,
            "water_fraction": 0.59149169921875,
            "valid_pixels_before_land_mask": 597529,
            "valid_pixels_after_land_mask": 353109,
            "pixels_masked_by_land": 244420,
            "valid_water_fraction": 0.5909487238276301,
            "land_skip_threshold": 0.99,
            "min_water_fraction": 0.01,
            "skip_land_tiles": true,
            "skipped": false,
            "reason": "water_candidate",
            "message": "CFAR restrito aos pixels de água."
          },
          "land_fraction": 0.40850830078125,
          "water_fraction": 0.59149169921875,
          "valid_water_fraction": 0.5909487238276301,
          "land_mask_method": "natural_earth_land_point_mask",
          "wave_age": null,
          "wave_age_class": null,
          "wave_age_factor": 1.35,
          "wave_age_status": "fallback",
          "era5_time": null,
          "era5_lon": null,
          "era5_lat": null,
          "u10": null,
          "peak_wave_period": null,
          "friction_velocity": null,
          "phase_speed": null,
          "patch_label": "P055",
          "id": 18,
          "source": "cfar",
          "detection_method": "cfar"
        },
        "cfar_properties_list": [
          {
            "lat": -20.30483297626834,
            "lon": -40.154293613771124,
            "area_px": 14,
            "min_sigma0_dB": -3.259999990463257,
            "mean_sigma0_dB": 1.7400000095367432,
            "max_sigma0_dB": 10.09000015258789,
            "threshold_cfar_dB": -5.45,
            "pixel_coords": {
              "row": 1728,
              "col": 312,
              "row_resampled": 576,
              "col_resampled": 104
            },
            "bbox_pixel_coords": {
              "row_min": 1719,
              "row_max": 1737,
              "col_min": 303,
              "col_max": 321
            },
            "global_pixel_coords": {
              "row": 9568,
              "col": 4152
            },
            "source_product": "S1C_IW_GRDH_1SDV_20260810T081241_20260810T081306_008930_011B7A_D208",
            "source_arquivo_id": null,
            "patch_id": 54,
            "patch_name": "patch_0055_VV",
            "geotiff_name": "patch_0055_VV_sigma0_preproc.tif",
            "polarization": "VV",
            "input_scale": "linear",
            "georef_method": "snap_geolocation_grid",
            "geocoding_method": "geolocation_grid",
            "geolocation_grid_status": null,
            "snap_geolocation_grid_used": null,
            "raster_crs": "EPSG:4326",
            "raster_transform": [
              0.00010840393381716083,
              0.0,
              -41.895807142484465,
              0.0,
              -0.00012191578847949808,
              -19.94400611462318,
              0.0,
              0.0,
              1.0
            ],
            "core_bbox_pixels": {
              "x0": 4000,
              "y0": 8000,
              "x1": 6000,
              "y1": 10000
            },
            "processing_bbox_pixels": {
              "x0": 3840,
              "y0": 7840,
              "x1": 6160,
              "y1": 10160
            },
            "core_bounds_lonlat": {
              "west": -40.33890751420324,
              "south": -20.346518550005825,
              "east": -40.10484794515679,
              "north": -20.124347521714363
            },
            "processing_bounds_lonlat": {
              "west": -40.357859806670454,
              "south": -20.36421421019537,
              "east": -40.086341775118726,
              "north": -20.106420575143357
            },
            "halo_pixels": 160,
            "valid_bbox_fraction": 1.0,
            "artifact_aspect_ratio": 1.0,
            "land_mask_info": {
              "enabled": true,
              "applied": true,
              "status": "ok",
              "stage": "cfar_water_mask",
              "resampled_shape": [
                773,
                773
              ],
              "sample_shape": [
                128,
                128
              ],
              "sample_max_dim": 128,
              "available": true,
              "method": "natural_earth_land_point_mask",
              "bounds_lonlat": {
                "west": -40.33890751420324,
                "south": -20.346518550005825,
                "east": -40.10484794515679,
                "north": -20.124347521714363
              },
              "mask_path": "/content/sismom_colab_work_v2/sources/api/copernicus_meta_1-main/copernicus-platform/frontend/public/shapes/ne_10m_land/ne_10m_land.shp",
              "land_buffer_degrees": 0.0,
              "valid_geolocation_points": 16384,
              "land_points": 6693,
              "water_points": 9691,
              "land_fraction": 0.40850830078125,
              "water_fraction": 0.59149169921875,
              "valid_pixels_before_land_mask": 597529,
              "valid_pixels_after_land_mask": 353109,
              "pixels_masked_by_land": 244420,
              "valid_water_fraction": 0.5909487238276301,
              "land_skip_threshold": 0.99,
              "min_water_fraction": 0.01,
              "skip_land_tiles": true,
              "skipped": false,
              "reason": "water_candidate",
              "message": "CFAR restrito aos pixels de água."
            },
            "land_fraction": 0.40850830078125,
            "water_fraction": 0.59149169921875,
            "valid_water_fraction": 0.5909487238276301,
            "land_mask_method": "natural_earth_land_point_mask",
            "wave_age": null,
            "wave_age_class": null,
            "wave_age_factor": 1.35,
            "wave_age_status": "fallback",
            "era5_time": null,
            "era5_lon": null,
            "era5_lat": null,
            "u10": null,
            "peak_wave_period": null,
            "friction_velocity": null,
            "phase_speed": null,
            "patch_label": "P055",
            "id": 18,
            "source": "cfar",
            "detection_method": "cfar"
          }
        ],
        "yolo_properties": {
          "detection_method": "yolo8",
          "confidence": 0.9001228213310242,
          "class": "ship-1",
          "bbox_pixel": [
            4140.085296630859,
            9559.702514648438,
            4162.532073974609,
            9581.114929199219
          ],
          "bbox_geo": [
            -40.15551758819458,
            -20.305777752324552,
            -40.152973601712944,
            -20.304287690360745
          ],
          "model": "SAR-MULTI-1280p",
          "class_id": 0,
          "class_name": "ship-1",
          "tile_id": 425,
          "land_mask_checked": true,
          "center_is_water": true,
          "bbox_water_fraction": 1.0,
          "land_mask_method": "natural_earth_land_point_mask",
          "id": 3,
          "source": "yolo",
          "centroid_lon": -40.154245589161,
          "centroid_lat": -20.3050327229898,
          "score": 0.9001228213310242,
          "patch_id": 54,
          "patch_label": "P055"
        }
      }
    },
    {
      "type": "Feature",
      "geometry": {
        "type": "Polygon",
        "coordinates": [
          [
            [
              -40.17717318265281,
              -20.391837432841537
            ],
            [
              -40.17443889473448,
              -20.391837432841537
            ],
            [
              -40.17443889473448,
              -20.39076862170899
            ],
            [
              -40.17717318265281,
              -20.39076862170899
            ],
            [
              -40.17717318265281,
              -20.391837432841537
            ]
          ]
        ]
      },
      "properties": {
        "id": 2,
        "target_id": "T0002",
        "source": "cfar_yolo",
        "detection_method": "cfar+yolo",
        "methods": [
          "cfar",
          "yolo"
        ],
        "fusion_status": "matched",
        "fusion_rule": "geometry_overlap",
        "cfar_id": 44,
        "cfar_ids": [
          44
        ],
        "cfar_fragment_count": 1,
        "yolo_id": 4,
        "cfar_patch_id": 67,
        "cfar_patch_ids": [
          67
        ],
        "yolo_patch_id": 66,
        "patch_id": 66,
        "patch_label": "P067",
        "yolo_confidence": 0.8939650058746338,
        "match_distance_m": 11.338,
        "match_distances_m": [
          11.338
        ],
        "nearest_match_distance_m": 11.338,
        "max_match_distance_m": 11.338,
        "geometries_overlap": true,
        "overlap_by_cfar": [
          true
        ],
        "display_geometry_source": "yolo",
        "cfar_properties": {
          "lat": -20.39120314882334,
          "lon": -40.175830068887194,
          "area_px": 15,
          "min_sigma0_dB": -7.21999979019165,
          "mean_sigma0_dB": -0.4699999988079071,
          "max_sigma0_dB": 5.670000076293945,
          "threshold_cfar_dB": -7.04,
          "pixel_coords": {
            "row": 696,
            "col": 309,
            "row_resampled": 232,
            "col_resampled": 103
          },
          "bbox_pixel_coords": {
            "row_min": 690,
            "row_max": 702,
            "col_min": 297,
            "col_max": 321
          },
          "global_pixel_coords": {
            "row": 10536,
            "col": 4149
          },
          "source_product": "S1C_IW_GRDH_1SDV_20260810T081241_20260810T081306_008930_011B7A_D208",
          "source_arquivo_id": null,
          "patch_id": 67,
          "patch_name": "patch_0068_VV",
          "geotiff_name": "patch_0068_VV_sigma0_preproc.tif",
          "polarization": "VV",
          "input_scale": "linear",
          "georef_method": "snap_geolocation_grid",
          "geocoding_method": "geolocation_grid",
          "geolocation_grid_status": null,
          "snap_geolocation_grid_used": null,
          "raster_crs": "EPSG:4326",
          "raster_transform": [
            0.00010840393381716083,
            0.0,
            -41.895807142484465,
            0.0,
            -0.00012191578847949808,
            -20.187837691582175,
            0.0,
            0.0,
            1.0
          ],
          "core_bbox_pixels": {
            "x0": 4000,
            "y0": 10000,
            "x1": 6000,
            "y1": 12000
          },
          "processing_bbox_pixels": {
            "x0": 3840,
            "y0": 9840,
            "x1": 6160,
            "y1": 12160
          },
          "core_bounds_lonlat": {
            "west": -40.38336288736142,
            "south": -20.52483668443298,
            "east": -40.14987550258101,
            "north": -20.303015682126635
          },
          "processing_bounds_lonlat": {
            "west": -40.40219382895642,
            "south": -20.54253588609984,
            "east": -40.131372880068135,
            "north": -20.28517625724242
          },
          "halo_pixels": 160,
          "valid_bbox_fraction": 1.0,
          "artifact_aspect_ratio": 1.8,
          "land_mask_info": {
            "enabled": true,
            "applied": true,
            "status": "ok",
            "stage": "cfar_water_mask",
            "resampled_shape": [
              773,
              773
            ],
            "sample_shape": [
              128,
              128
            ],
            "sample_max_dim": 128,
            "available": true,
            "method": "natural_earth_land_point_mask",
            "bounds_lonlat": {
              "west": -40.38336288736142,
              "south": -20.52483668443298,
              "east": -40.14987550258101,
              "north": -20.303015682126635
            },
            "mask_path": "/content/sismom_colab_work_v2/sources/api/copernicus_meta_1-main/copernicus-platform/frontend/public/shapes/ne_10m_land/ne_10m_land.shp",
            "land_buffer_degrees": 0.0,
            "valid_geolocation_points": 16384,
            "land_points": 4454,
            "water_points": 11930,
            "land_fraction": 0.2718505859375,
            "water_fraction": 0.7281494140625,
            "valid_pixels_before_land_mask": 597529,
            "valid_pixels_after_land_mask": 435567,
            "pixels_masked_by_land": 161962,
            "valid_water_fraction": 0.728947046921572,
            "land_skip_threshold": 0.99,
            "min_water_fraction": 0.01,
            "skip_land_tiles": true,
            "skipped": false,
            "reason": "water_candidate",
            "message": "CFAR restrito aos pixels de água."
          },
          "land_fraction": 0.2718505859375,
          "water_fraction": 0.7281494140625,
          "valid_water_fraction": 0.728947046921572,
          "land_mask_method": "natural_earth_land_point_mask",
          "wave_age": null,
          "wave_age_class": null,
          "wave_age_factor": 1.35,
          "wave_age_status": "fallback",
          "era5_time": null,
          "era5_lon": null,
          "era5_lat": null,
          "u10": null,
          "peak_wave_period": null,
          "friction_velocity": null,
          "phase_speed": null,
          "patch_label": "P068",
          "id": 44,
          "source": "cfar",
          "detection_method": "cfar"
        },
        "cfar_properties_list": [
          {
            "lat": -20.39120314882334,
            "lon": -40.175830068887194,
            "area_px": 15,
            "min_sigma0_dB": -7.21999979019165,
            "mean_sigma0_dB": -0.4699999988079071,
            "max_sigma0_dB": 5.670000076293945,
            "threshold_cfar_dB": -7.04,
            "pixel_coords": {
              "row": 696,
              "col": 309,
              "row_resampled": 232,
              "col_resampled": 103
            },
            "bbox_pixel_coords": {
              "row_min": 690,
              "row_max": 702,
              "col_min": 297,
              "col_max": 321
            },
            "global_pixel_coords": {
              "row": 10536,
              "col": 4149
            },
            "source_product": "S1C_IW_GRDH_1SDV_20260810T081241_20260810T081306_008930_011B7A_D208",
            "source_arquivo_id": null,
            "patch_id": 67,
            "patch_name": "patch_0068_VV",
            "geotiff_name": "patch_0068_VV_sigma0_preproc.tif",
            "polarization": "VV",
            "input_scale": "linear",
            "georef_method": "snap_geolocation_grid",
            "geocoding_method": "geolocation_grid",
            "geolocation_grid_status": null,
            "snap_geolocation_grid_used": null,
            "raster_crs": "EPSG:4326",
            "raster_transform": [
              0.00010840393381716083,
              0.0,
              -41.895807142484465,
              0.0,
              -0.00012191578847949808,
              -20.187837691582175,
              0.0,
              0.0,
              1.0
            ],
            "core_bbox_pixels": {
              "x0": 4000,
              "y0": 10000,
              "x1": 6000,
              "y1": 12000
            },
            "processing_bbox_pixels": {
              "x0": 3840,
              "y0": 9840,
              "x1": 6160,
              "y1": 12160
            },
            "core_bounds_lonlat": {
              "west": -40.38336288736142,
              "south": -20.52483668443298,
              "east": -40.14987550258101,
              "north": -20.303015682126635
            },
            "processing_bounds_lonlat": {
              "west": -40.40219382895642,
              "south": -20.54253588609984,
              "east": -40.131372880068135,
              "north": -20.28517625724242
            },
            "halo_pixels": 160,
            "valid_bbox_fraction": 1.0,
            "artifact_aspect_ratio": 1.8,
            "land_mask_info": {
              "enabled": true,
              "applied": true,
              "status": "ok",
              "stage": "cfar_water_mask",
              "resampled_shape": [
                773,
                773
              ],
              "sample_shape": [
                128,
                128
              ],
              "sample_max_dim": 128,
              "available": true,
              "method": "natural_earth_land_point_mask",
              "bounds_lonlat": {
                "west": -40.38336288736142,
                "south": -20.52483668443298,
                "east": -40.14987550258101,
                "north": -20.303015682126635
              },
              "mask_path": "/content/sismom_colab_work_v2/sources/api/copernicus_meta_1-main/copernicus-platform/frontend/public/shapes/ne_10m_land/ne_10m_land.shp",
              "land_buffer_degrees": 0.0,
              "valid_geolocation_points": 16384,
              "land_points": 4454,
              "water_points": 11930,
              "land_fraction": 0.2718505859375,
              "water_fraction": 0.7281494140625,
              "valid_pixels_before_land_mask": 597529,
              "valid_pixels_after_land_mask": 435567,
              "pixels_masked_by_land": 161962,
              "valid_water_fraction": 0.728947046921572,
              "land_skip_threshold": 0.99,
              "min_water_fraction": 0.01,
              "skip_land_tiles": true,
              "skipped": false,
              "reason": "water_candidate",
              "message": "CFAR restrito aos pixels de água."
            },
            "land_fraction": 0.2718505859375,
            "water_fraction": 0.7281494140625,
            "valid_water_fraction": 0.728947046921572,
            "land_mask_method": "natural_earth_land_point_mask",
            "wave_age": null,
            "wave_age_class": null,
            "wave_age_factor": 1.35,
            "wave_age_status": "fallback",
            "era5_time": null,
            "era5_lon": null,
            "era5_lat": null,
            "u10": null,
            "peak_wave_period": null,
            "friction_velocity": null,
            "phase_speed": null,
            "patch_label": "P068",
            "id": 44,
            "source": "cfar",
            "detection_method": "cfar"
          }
        ],
        "yolo_properties": {
          "detection_method": "yolo8",
          "confidence": 0.8939650058746338,
          "class": "ship-1",
          "bbox_pixel": [
            4136.707733154297,
            10528.9482421875,
            4161.780700683594,
            10546.94467163086
          ],
          "bbox_geo": [
            -40.17717318265281,
            -20.391837432841537,
            -40.17443889473448,
            -20.39076862170899
          ],
          "model": "SAR-MULTI-1280p",
          "class_id": 0,
          "class_name": "ship-1",
          "tile_id": 495,
          "land_mask_checked": true,
          "center_is_water": true,
          "bbox_water_fraction": 1.0,
          "land_mask_method": "natural_earth_land_point_mask",
          "id": 4,
          "source": "yolo",
          "centroid_lon": -40.175852605775894,
          "centroid_lat": -20.39129230779655,
          "score": 0.8939650058746338,
          "patch_id": 66,
          "patch_label": "P067"
        }
      }
    },
    {
      "type": "Feature",
      "geometry": {
        "type": "Polygon",
        "coordinates": [
          [
            [
              -40.16452480883827,
              -20.315686490918374
            ],
            [
              -40.16230206626439,
              -20.315686490918374
            ],
            [
              -40.16230206626439,
              -20.31468857490328
            ],
            [
              -40.16452480883827,
              -20.31468857490328
            ],
            [
              -40.16452480883827,
              -20.315686490918374
            ]
          ]
        ]
      },
      "properties": {
        "id": 3,
        "target_id": "T0003",
        "source": "cfar_yolo",
        "detection_method": "cfar+yolo",
        "methods": [
          "cfar",
          "yolo"
        ],
        "fusion_status": "matched",
        "fusion_rule": "geometry_overlap",
        "cfar_id": 21,
        "cfar_ids": [
          21
        ],
        "cfar_fragment_count": 1,
        "yolo_id": 5,
        "cfar_patch_id": 54,
        "cfar_patch_ids": [
          54
        ],
        "yolo_patch_id": 54,
        "patch_id": 54,
        "patch_label": "P055",
        "yolo_confidence": 0.8931570649147034,
        "match_distance_m": 15.221,
        "match_distances_m": [
          15.221
        ],
        "nearest_match_distance_m": 15.221,
        "max_match_distance_m": 15.221,
        "geometries_overlap": true,
        "overlap_by_cfar": [
          true
        ],
        "display_geometry_source": "yolo",
        "cfar_properties": {
          "lat": -20.31518753399985,
          "lon": -40.16341343374583,
          "area_px": 6,
          "min_sigma0_dB": 1.7699999809265137,
          "mean_sigma0_dB": 4.599999904632568,
          "max_sigma0_dB": 10.890000343322754,
          "threshold_cfar_dB": -0.97,
          "pixel_coords": {
            "row": 1860,
            "col": 378,
            "row_resampled": 620,
            "col_resampled": 126
          },
          "bbox_pixel_coords": {
            "row_min": 1854,
            "row_max": 1863,
            "col_min": 372,
            "col_max": 384
          },
          "global_pixel_coords": {
            "row": 9700,
            "col": 4218
          },
          "source_product": "S1C_IW_GRDH_1SDV_20260810T081241_20260810T081306_008930_011B7A_D208",
          "source_arquivo_id": null,
          "patch_id": 54,
          "patch_name": "patch_0055_VV",
          "geotiff_name": "patch_0055_VV_sigma0_preproc.tif",
          "polarization": "VV",
          "input_scale": "linear",
          "georef_method": "snap_geolocation_grid",
          "geocoding_method": "geolocation_grid",
          "geolocation_grid_status": null,
          "snap_geolocation_grid_used": null,
          "raster_crs": "EPSG:4326",
          "raster_transform": [
            0.00010840393381716083,
            0.0,
            -41.895807142484465,
            0.0,
            -0.00012191578847949808,
            -19.94400611462318,
            0.0,
            0.0,
            1.0
          ],
          "core_bbox_pixels": {
            "x0": 4000,
            "y0": 8000,
            "x1": 6000,
            "y1": 10000
          },
          "processing_bbox_pixels": {
            "x0": 3840,
            "y0": 7840,
            "x1": 6160,
            "y1": 10160
          },
          "core_bounds_lonlat": {
            "west": -40.33890751420324,
            "south": -20.346518550005825,
            "east": -40.10484794515679,
            "north": -20.124347521714363
          },
          "processing_bounds_lonlat": {
            "west": -40.357859806670454,
            "south": -20.36421421019537,
            "east": -40.086341775118726,
            "north": -20.106420575143357
          },
          "halo_pixels": 160,
          "valid_bbox_fraction": 1.0,
          "artifact_aspect_ratio": 1.25,
          "land_mask_info": {
            "enabled": true,
            "applied": true,
            "status": "ok",
            "stage": "cfar_water_mask",
            "resampled_shape": [
              773,
              773
            ],
            "sample_shape": [
              128,
              128
            ],
            "sample_max_dim": 128,
            "available": true,
            "method": "natural_earth_land_point_mask",
            "bounds_lonlat": {
              "west": -40.33890751420324,
              "south": -20.346518550005825,
              "east": -40.10484794515679,
              "north": -20.124347521714363
            },
            "mask_path": "/content/sismom_colab_work_v2/sources/api/copernicus_meta_1-main/copernicus-platform/frontend/public/shapes/ne_10m_land/ne_10m_land.shp",
            "land_buffer_degrees": 0.0,
            "valid_geolocation_points": 16384,
            "land_points": 6693,
            "water_points": 9691,
            "land_fraction": 0.40850830078125,
            "water_fraction": 0.59149169921875,
            "valid_pixels_before_land_mask": 597529,
            "valid_pixels_after_land_mask": 353109,
            "pixels_masked_by_land": 244420,
            "valid_water_fraction": 0.5909487238276301,
            "land_skip_threshold": 0.99,
            "min_water_fraction": 0.01,
            "skip_land_tiles": true,
            "skipped": false,
            "reason": "water_candidate",
            "message": "CFAR restrito aos pixels de água."
          },
          "land_fraction": 0.40850830078125,
          "water_fraction": 0.59149169921875,
          "valid_water_fraction": 0.5909487238276301,
          "land_mask_method": "natural_earth_land_point_mask",
          "wave_age": null,
          "wave_age_class": null,
          "wave_age_factor": 1.35,
          "wave_age_status": "fallback",
          "era5_time": null,
          "era5_lon": null,
          "era5_lat": null,
          "u10": null,
          "peak_wave_period": null,
          "friction_velocity": null,
          "phase_speed": null,
          "patch_label": "P055",
          "id": 21,
          "source": "cfar",
          "detection_method": "cfar"
        },
        "cfar_properties_list": [
          {
            "lat": -20.31518753399985,
            "lon": -40.16341343374583,
            "area_px": 6,
            "min_sigma0_dB": 1.7699999809265137,
            "mean_sigma0_dB": 4.599999904632568,
            "max_sigma0_dB": 10.890000343322754,
            "threshold_cfar_dB": -0.97,
            "pixel_coords": {
              "row": 1860,
              "col": 378,
              "row_resampled": 620,
              "col_resampled": 126
            },
            "bbox_pixel_coords": {
              "row_min": 1854,
              "row_max": 1863,
              "col_min": 372,
              "col_max": 384
            },
            "global_pixel_coords": {
              "row": 9700,
              "col": 4218
            },
            "source_product": "S1C_IW_GRDH_1SDV_20260810T081241_20260810T081306_008930_011B7A_D208",
            "source_arquivo_id": null,
            "patch_id": 54,
            "patch_name": "patch_0055_VV",
            "geotiff_name": "patch_0055_VV_sigma0_preproc.tif",
            "polarization": "VV",
            "input_scale": "linear",
            "georef_method": "snap_geolocation_grid",
            "geocoding_method": "geolocation_grid",
            "geolocation_grid_status": null,
            "snap_geolocation_grid_used": null,
            "raster_crs": "EPSG:4326",
            "raster_transform": [
              0.00010840393381716083,
              0.0,
              -41.895807142484465,
              0.0,
              -0.00012191578847949808,
              -19.94400611462318,
              0.0,
              0.0,
              1.0
            ],
            "core_bbox_pixels": {
              "x0": 4000,
              "y0": 8000,
              "x1": 6000,
              "y1": 10000
            },
            "processing_bbox_pixels": {
              "x0": 3840,
              "y0": 7840,
              "x1": 6160,
              "y1": 10160
            },
            "core_bounds_lonlat": {
              "west": -40.33890751420324,
              "south": -20.346518550005825,
              "east": -40.10484794515679,
              "north": -20.124347521714363
            },
            "processing_bounds_lonlat": {
              "west": -40.357859806670454,
              "south": -20.36421421019537,
              "east": -40.086341775118726,
              "north": -20.106420575143357
            },
            "halo_pixels": 160,
            "valid_bbox_fraction": 1.0,
            "artifact_aspect_ratio": 1.25,
            "land_mask_info": {
              "enabled": true,
              "applied": true,
              "status": "ok",
              "stage": "cfar_water_mask",
              "resampled_shape": [
                773,
                773
              ],
              "sample_shape": [
                128,
                128
              ],
              "sample_max_dim": 128,
              "available": true,
              "method": "natural_earth_land_point_mask",
              "bounds_lonlat": {
                "west": -40.33890751420324,
                "south": -20.346518550005825,
                "east": -40.10484794515679,
                "north": -20.124347521714363
              },
              "mask_path": "/content/sismom_colab_work_v2/sources/api/copernicus_meta_1-main/copernicus-platform/frontend/public/shapes/ne_10m_land/ne_10m_land.shp",
              "land_buffer_degrees": 0.0,
              "valid_geolocation_points": 16384,
              "land_points": 6693,
              "water_points": 9691,
              "land_fraction": 0.40850830078125,
              "water_fraction": 0.59149169921875,
              "valid_pixels_before_land_mask": 597529,
              "valid_pixels_after_land_mask": 353109,
              "pixels_masked_by_land": 244420,
              "valid_water_fraction": 0.5909487238276301,
              "land_skip_threshold": 0.99,
              "min_water_fraction": 0.01,
              "skip_land_tiles": true,
              "skipped": false,
              "reason": "water_candidate",
              "message": "CFAR restrito aos pixels de água."
            },
            "land_fraction": 0.40850830078125,
            "water_fraction": 0.59149169921875,
            "valid_water_fraction": 0.5909487238276301,
            "land_mask_method": "natural_earth_land_point_mask",
            "wave_age": null,
            "wave_age_class": null,
            "wave_age_factor": 1.35,
            "wave_age_status": "fallback",
            "era5_time": null,
            "era5_lon": null,
            "era5_lat": null,
            "u10": null,
            "peak_wave_period": null,
            "friction_velocity": null,
            "phase_speed": null,
            "patch_label": "P055",
            "id": 21,
            "source": "cfar",
            "detection_method": "cfar"
          }
        ],
        "yolo_properties": {
          "detection_method": "yolo8",
          "confidence": 0.8931570649147034,
          "class": "ship-1",
          "bbox_pixel": [
            4208.424743652344,
            9692.888008117676,
            4228.4644775390625,
            9708.252395629883
          ],
          "bbox_geo": [
            -40.16452480883827,
            -20.315686490918374,
            -40.16230206626439,
            -20.31468857490328
          ],
          "model": "SAR-MULTI-1280p",
          "class_id": 0,
          "class_name": "ship-1",
          "tile_id": 460,
          "land_mask_checked": true,
          "center_is_water": true,
          "bbox_water_fraction": 1.0,
          "land_mask_method": "natural_earth_land_point_mask",
          "id": 5,
          "source": "yolo",
          "centroid_lon": -40.163413433721644,
          "centroid_lat": -20.31518753399985,
          "score": 0.8931570649147034,
          "patch_id": 54,
          "patch_label": "P055"
        }
      }
    },
    {
      "type": "Feature",
      "geometry": {
        "type": "Polygon",
        "coordinates": [
          [
            [
              -40.21111551444516,
              -20.37015503109622
            ],
            [
              -40.20859863269448,
              -20.37015503109622
            ],
            [
              -40.20859863269448,
              -20.36799837845844
            ],
            [
              -40.21111551444516,
              -20.36799837845844
            ],
            [
              -40.21111551444516,
              -20.37015503109622
            ]
          ]
        ]
      },
      "properties": {
        "id": 4,
        "target_id": "T0004",
        "source": "cfar_yolo",
        "detection_method": "cfar+yolo",
        "methods": [
          "cfar",
          "yolo"
        ],
        "fusion_status": "matched",
        "fusion_rule": "geometry_overlap",
        "cfar_id": 41,
        "cfar_ids": [
          41
        ],
        "cfar_fragment_count": 1,
        "yolo_id": 6,
        "cfar_patch_id": 67,
        "cfar_patch_ids": [
          67
        ],
        "yolo_patch_id": 67,
        "patch_id": 67,
        "patch_label": "P068",
        "yolo_confidence": 0.8895359039306641,
        "match_distance_m": 21.324,
        "match_distances_m": [
          21.324
        ],
        "nearest_match_distance_m": 21.324,
        "max_match_distance_m": 21.324,
        "geometries_overlap": true,
        "overlap_by_cfar": [
          true
        ],
        "display_geometry_source": "yolo",
        "cfar_properties": {
          "lat": -20.369007296271715,
          "lon": -40.2095438196084,
          "area_px": 19,
          "min_sigma0_dB": -3.2899999618530273,
          "mean_sigma0_dB": 1.4299999475479126,
          "max_sigma0_dB": 10.770000457763672,
          "threshold_cfar_dB": -4.21,
          "pixel_coords": {
            "row": 543,
            "col": 708,
            "row_resampled": 181,
            "col_resampled": 236
          },
          "bbox_pixel_coords": {
            "row_min": 531,
            "row_max": 555,
            "col_min": 702,
            "col_max": 717
          },
          "global_pixel_coords": {
            "row": 10383,
            "col": 4548
          },
          "source_product": "S1C_IW_GRDH_1SDV_20260810T081241_20260810T081306_008930_011B7A_D208",
          "source_arquivo_id": null,
          "patch_id": 67,
          "patch_name": "patch_0068_VV",
          "geotiff_name": "patch_0068_VV_sigma0_preproc.tif",
          "polarization": "VV",
          "input_scale": "linear",
          "georef_method": "snap_geolocation_grid",
          "geocoding_method": "geolocation_grid",
          "geolocation_grid_status": null,
          "snap_geolocation_grid_used": null,
          "raster_crs": "EPSG:4326",
          "raster_transform": [
            0.00010840393381716083,
            0.0,
            -41.895807142484465,
            0.0,
            -0.00012191578847949808,
            -20.187837691582175,
            0.0,
            0.0,
            1.0
          ],
          "core_bbox_pixels": {
            "x0": 4000,
            "y0": 10000,
            "x1": 6000,
            "y1": 12000
          },
          "processing_bbox_pixels": {
            "x0": 3840,
            "y0": 9840,
            "x1": 6160,
            "y1": 12160
          },
          "core_bounds_lonlat": {
            "west": -40.38336288736142,
            "south": -20.52483668443298,
            "east": -40.14987550258101,
            "north": -20.303015682126635
          },
          "processing_bounds_lonlat": {
            "west": -40.40219382895642,
            "south": -20.54253588609984,
            "east": -40.131372880068135,
            "north": -20.28517625724242
          },
          "halo_pixels": 160,
          "valid_bbox_fraction": 1.0,
          "artifact_aspect_ratio": 1.5,
          "land_mask_info": {
            "enabled": true,
            "applied": true,
            "status": "ok",
            "stage": "cfar_water_mask",
            "resampled_shape": [
              773,
              773
            ],
            "sample_shape": [
              128,
              128
            ],
            "sample_max_dim": 128,
            "available": true,
            "method": "natural_earth_land_point_mask",
            "bounds_lonlat": {
              "west": -40.38336288736142,
              "south": -20.52483668443298,
              "east": -40.14987550258101,
              "north": -20.303015682126635
            },
            "mask_path": "/content/sismom_colab_work_v2/sources/api/copernicus_meta_1-main/copernicus-platform/frontend/public/shapes/ne_10m_land/ne_10m_land.shp",
            "land_buffer_degrees": 0.0,
            "valid_geolocation_points": 16384,
            "land_points": 4454,
            "water_points": 11930,
            "land_fraction": 0.2718505859375,
            "water_fraction": 0.7281494140625,
            "valid_pixels_before_land_mask": 597529,
            "valid_pixels_after_land_mask": 435567,
            "pixels_masked_by_land": 161962,
            "valid_water_fraction": 0.728947046921572,
            "land_skip_threshold": 0.99,
            "min_water_fraction": 0.01,
            "skip_land_tiles": true,
            "skipped": false,
            "reason": "water_candidate",
            "message": "CFAR restrito aos pixels de água."
          },
          "land_fraction": 0.2718505859375,
          "water_fraction": 0.7281494140625,
          "valid_water_fraction": 0.728947046921572,
          "land_mask_method": "natural_earth_land_point_mask",
          "wave_age": null,
          "wave_age_class": null,
          "wave_age_factor": 1.35,
          "wave_age_status": "fallback",
          "era5_time": null,
          "era5_lon": null,
          "era5_lat": null,
          "u10": null,
          "peak_wave_period": null,
          "friction_velocity": null,
          "phase_speed": null,
          "patch_label": "P068",
          "id": 41,
          "source": "cfar",
          "detection_method": "cfar"
        },
        "cfar_properties_list": [
          {
            "lat": -20.369007296271715,
            "lon": -40.2095438196084,
            "area_px": 19,
            "min_sigma0_dB": -3.2899999618530273,
            "mean_sigma0_dB": 1.4299999475479126,
            "max_sigma0_dB": 10.770000457763672,
            "threshold_cfar_dB": -4.21,
            "pixel_coords": {
              "row": 543,
              "col": 708,
              "row_resampled": 181,
              "col_resampled": 236
            },
            "bbox_pixel_coords": {
              "row_min": 531,
              "row_max": 555,
              "col_min": 702,
              "col_max": 717
            },
            "global_pixel_coords": {
              "row": 10383,
              "col": 4548
            },
            "source_product": "S1C_IW_GRDH_1SDV_20260810T081241_20260810T081306_008930_011B7A_D208",
            "source_arquivo_id": null,
            "patch_id": 67,
            "patch_name": "patch_0068_VV",
            "geotiff_name": "patch_0068_VV_sigma0_preproc.tif",
            "polarization": "VV",
            "input_scale": "linear",
            "georef_method": "snap_geolocation_grid",
            "geocoding_method": "geolocation_grid",
            "geolocation_grid_status": null,
            "snap_geolocation_grid_used": null,
            "raster_crs": "EPSG:4326",
            "raster_transform": [
              0.00010840393381716083,
              0.0,
              -41.895807142484465,
              0.0,
              -0.00012191578847949808,
              -20.187837691582175,
              0.0,
              0.0,
              1.0
            ],
            "core_bbox_pixels": {
              "x0": 4000,
              "y0": 10000,
              "x1": 6000,
              "y1": 12000
            },
            "processing_bbox_pixels": {
              "x0": 3840,
              "y0": 9840,
              "x1": 6160,
              "y1": 12160
            },
            "core_bounds_lonlat": {
              "west": -40.38336288736142,
              "south": -20.52483668443298,
              "east": -40.14987550258101,
              "north": -20.303015682126635
            },
            "processing_bounds_lonlat": {
              "west": -40.40219382895642,
              "south": -20.54253588609984,
              "east": -40.131372880068135,
              "north": -20.28517625724242
            },
            "halo_pixels": 160,
            "valid_bbox_fraction": 1.0,
            "artifact_aspect_ratio": 1.5,
            "land_mask_info": {
              "enabled": true,
              "applied": true,
              "status": "ok",
              "stage": "cfar_water_mask",
              "resampled_shape": [
                773,
                773
              ],
              "sample_shape": [
                128,
                128
              ],
              "sample_max_dim": 128,
              "available": true,
              "method": "natural_earth_land_point_mask",
              "bounds_lonlat": {
                "west": -40.38336288736142,
                "south": -20.52483668443298,
                "east": -40.14987550258101,
                "north": -20.303015682126635
              },
              "mask_path": "/content/sismom_colab_work_v2/sources/api/copernicus_meta_1-main/copernicus-platform/frontend/public/shapes/ne_10m_land/ne_10m_land.shp",
              "land_buffer_degrees": 0.0,
              "valid_geolocation_points": 16384,
              "land_points": 4454,
              "water_points": 11930,
              "land_fraction": 0.2718505859375,
              "water_fraction": 0.7281494140625,
              "valid_pixels_before_land_mask": 597529,
              "valid_pixels_after_land_mask": 435567,
              "pixels_masked_by_land": 161962,
              "valid_water_fraction": 0.728947046921572,
              "land_skip_threshold": 0.99,
              "min_water_fraction": 0.01,
              "skip_land_tiles": true,
              "skipped": false,
              "reason": "water_candidate",
              "message": "CFAR restrito aos pixels de água."
            },
            "land_fraction": 0.2718505859375,
            "water_fraction": 0.7281494140625,
            "valid_water_fraction": 0.728947046921572,
            "land_mask_method": "natural_earth_land_point_mask",
            "wave_age": null,
            "wave_age_class": null,
            "wave_age_factor": 1.35,
            "wave_age_status": "fallback",
            "era5_time": null,
            "era5_lon": null,
            "era5_lat": null,
            "u10": null,
            "peak_wave_period": null,
            "friction_velocity": null,
            "phase_speed": null,
            "patch_label": "P068",
            "id": 41,
            "source": "cfar",
            "detection_method": "cfar"
          }
        ],
        "yolo_properties": {
          "detection_method": "yolo8",
          "confidence": 0.8895359039306641,
          "class": "ship-1",
          "bbox_pixel": [
            4541.755950927734,
            10370.609893798828,
            4561.718841552734,
            10399.84587097168
          ],
          "bbox_geo": [
            -40.21111551444516,
            -20.37015503109622,
            -40.20859863269448,
            -20.36799837845844
          ],
          "model": "SAR-MULTI-1280p",
          "class_id": 0,
          "class_name": "ship-1",
          "tile_id": 496,
          "land_mask_checked": true,
          "center_is_water": true,
          "bbox_water_fraction": 1.0,
          "land_mask_method": "natural_earth_land_point_mask",
          "id": 6,
          "source": "yolo",
          "centroid_lon": -40.20986834471568,
          "centroid_lat": -20.369121283501617,
          "score": 0.8895359039306641,
          "patch_id": 67,
          "patch_label": "P068"
        }
      }
    },
    {
      "type": "Feature",
      "geometry": {
        "type": "Polygon",
        "coordinates": [
          [
            [
              -40.17890050441461,
              -20.364362289649627
            ],
            [
              -40.17649392524711,
              -20.364362289649627
            ],
            [
              -40.17649392524711,
              -20.363029334648584
            ],
            [
              -40.17890050441461,
              -20.363029334648584
            ],
            [
              -40.17890050441461,
              -20.364362289649627
            ]
          ]
        ]
      },
      "properties": {
        "id": 5,
        "target_id": "T0005",
        "source": "cfar_yolo",
        "detection_method": "cfar+yolo",
        "methods": [
          "cfar",
          "yolo"
        ],
        "fusion_status": "matched",
        "fusion_rule": "geometry_overlap",
        "cfar_id": 37,
        "cfar_ids": [
          37
        ],
        "cfar_fragment_count": 1,
        "yolo_id": 7,
        "cfar_patch_id": 67,
        "cfar_patch_ids": [
          67
        ],
        "yolo_patch_id": 66,
        "patch_id": 66,
        "patch_label": "P067",
        "yolo_confidence": 0.8862223029136658,
        "match_distance_m": 7.107,
        "match_distances_m": [
          7.107
        ],
        "nearest_match_distance_m": 7.107,
        "max_match_distance_m": 7.107,
        "geometries_overlap": true,
        "overlap_by_cfar": [
          true
        ],
        "display_geometry_source": "yolo",
        "cfar_properties": {
          "lat": -20.363595936780484,
          "lon": -40.17772123420187,
          "area_px": 13,
          "min_sigma0_dB": -2.450000047683716,
          "mean_sigma0_dB": 5.010000228881836,
          "max_sigma0_dB": 22.09000015258789,
          "threshold_cfar_dB": -2.71,
          "pixel_coords": {
            "row": 408,
            "col": 399,
            "row_resampled": 136,
            "col_resampled": 133
          },
          "bbox_pixel_coords": {
            "row_min": 402,
            "row_max": 417,
            "col_min": 390,
            "col_max": 408
          },
          "global_pixel_coords": {
            "row": 10248,
            "col": 4239
          },
          "source_product": "S1C_IW_GRDH_1SDV_20260810T081241_20260810T081306_008930_011B7A_D208",
          "source_arquivo_id": null,
          "patch_id": 67,
          "patch_name": "patch_0068_VV",
          "geotiff_name": "patch_0068_VV_sigma0_preproc.tif",
          "polarization": "VV",
          "input_scale": "linear",
          "georef_method": "snap_geolocation_grid",
          "geocoding_method": "geolocation_grid",
          "geolocation_grid_status": null,
          "snap_geolocation_grid_used": null,
          "raster_crs": "EPSG:4326",
          "raster_transform": [
            0.00010840393381716083,
            0.0,
            -41.895807142484465,
            0.0,
            -0.00012191578847949808,
            -20.187837691582175,
            0.0,
            0.0,
            1.0
          ],
          "core_bbox_pixels": {
            "x0": 4000,
            "y0": 10000,
            "x1": 6000,
            "y1": 12000
          },
          "processing_bbox_pixels": {
            "x0": 3840,
            "y0": 9840,
            "x1": 6160,
            "y1": 12160
          },
          "core_bounds_lonlat": {
            "west": -40.38336288736142,
            "south": -20.52483668443298,
            "east": -40.14987550258101,
            "north": -20.303015682126635
          },
          "processing_bounds_lonlat": {
            "west": -40.40219382895642,
            "south": -20.54253588609984,
            "east": -40.131372880068135,
            "north": -20.28517625724242
          },
          "halo_pixels": 160,
          "valid_bbox_fraction": 1.0,
          "artifact_aspect_ratio": 1.1667,
          "land_mask_info": {
            "enabled": true,
            "applied": true,
            "status": "ok",
            "stage": "cfar_water_mask",
            "resampled_shape": [
              773,
              773
            ],
            "sample_shape": [
              128,
              128
            ],
            "sample_max_dim": 128,
            "available": true,
            "method": "natural_earth_land_point_mask",
            "bounds_lonlat": {
              "west": -40.38336288736142,
              "south": -20.52483668443298,
              "east": -40.14987550258101,
              "north": -20.303015682126635
            },
            "mask_path": "/content/sismom_colab_work_v2/sources/api/copernicus_meta_1-main/copernicus-platform/frontend/public/shapes/ne_10m_land/ne_10m_land.shp",
            "land_buffer_degrees": 0.0,
            "valid_geolocation_points": 16384,
            "land_points": 4454,
            "water_points": 11930,
            "land_fraction": 0.2718505859375,
            "water_fraction": 0.7281494140625,
            "valid_pixels_before_land_mask": 597529,
            "valid_pixels_after_land_mask": 435567,
            "pixels_masked_by_land": 161962,
            "valid_water_fraction": 0.728947046921572,
            "land_skip_threshold": 0.99,
            "min_water_fraction": 0.01,
            "skip_land_tiles": true,
            "skipped": false,
            "reason": "water_candidate",
            "message": "CFAR restrito aos pixels de água."
          },
          "land_fraction": 0.2718505859375,
          "water_fraction": 0.7281494140625,
          "valid_water_fraction": 0.728947046921572,
          "land_mask_method": "natural_earth_land_point_mask",
          "wave_age": null,
          "wave_age_class": null,
          "wave_age_factor": 1.35,
          "wave_age_status": "fallback",
          "era5_time": null,
          "era5_lon": null,
          "era5_lat": null,
          "u10": null,
          "peak_wave_period": null,
          "friction_velocity": null,
          "phase_speed": null,
          "patch_label": "P068",
          "id": 37,
          "source": "cfar",
          "detection_method": "cfar"
        },
        "cfar_properties_list": [
          {
            "lat": -20.363595936780484,
            "lon": -40.17772123420187,
            "area_px": 13,
            "min_sigma0_dB": -2.450000047683716,
            "mean_sigma0_dB": 5.010000228881836,
            "max_sigma0_dB": 22.09000015258789,
            "threshold_cfar_dB": -2.71,
            "pixel_coords": {
              "row": 408,
              "col": 399,
              "row_resampled": 136,
              "col_resampled": 133
            },
            "bbox_pixel_coords": {
              "row_min": 402,
              "row_max": 417,
              "col_min": 390,
              "col_max": 408
            },
            "global_pixel_coords": {
              "row": 10248,
              "col": 4239
            },
            "source_product": "S1C_IW_GRDH_1SDV_20260810T081241_20260810T081306_008930_011B7A_D208",
            "source_arquivo_id": null,
            "patch_id": 67,
            "patch_name": "patch_0068_VV",
            "geotiff_name": "patch_0068_VV_sigma0_preproc.tif",
            "polarization": "VV",
            "input_scale": "linear",
            "georef_method": "snap_geolocation_grid",
            "geocoding_method": "geolocation_grid",
            "geolocation_grid_status": null,
            "snap_geolocation_grid_used": null,
            "raster_crs": "EPSG:4326",
            "raster_transform": [
              0.00010840393381716083,
              0.0,
              -41.895807142484465,
              0.0,
              -0.00012191578847949808,
              -20.187837691582175,
              0.0,
              0.0,
              1.0
            ],
            "core_bbox_pixels": {
              "x0": 4000,
              "y0": 10000,
              "x1": 6000,
              "y1": 12000
            },
            "processing_bbox_pixels": {
              "x0": 3840,
              "y0": 9840,
              "x1": 6160,
              "y1": 12160
            },
            "core_bounds_lonlat": {
              "west": -40.38336288736142,
              "south": -20.52483668443298,
              "east": -40.14987550258101,
              "north": -20.303015682126635
            },
            "processing_bounds_lonlat": {
              "west": -40.40219382895642,
              "south": -20.54253588609984,
              "east": -40.131372880068135,
              "north": -20.28517625724242
            },
            "halo_pixels": 160,
            "valid_bbox_fraction": 1.0,
            "artifact_aspect_ratio": 1.1667,
            "land_mask_info": {
              "enabled": true,
              "applied": true,
              "status": "ok",
              "stage": "cfar_water_mask",
              "resampled_shape": [
                773,
                773
              ],
              "sample_shape": [
                128,
                128
              ],
              "sample_max_dim": 128,
              "available": true,
              "method": "natural_earth_land_point_mask",
              "bounds_lonlat": {
                "west": -40.38336288736142,
                "south": -20.52483668443298,
                "east": -40.14987550258101,
                "north": -20.303015682126635
              },
              "mask_path": "/content/sismom_colab_work_v2/sources/api/copernicus_meta_1-main/copernicus-platform/frontend/public/shapes/ne_10m_land/ne_10m_land.shp",
              "land_buffer_degrees": 0.0,
              "valid_geolocation_points": 16384,
              "land_points": 4454,
              "water_points": 11930,
              "land_fraction": 0.2718505859375,
              "water_fraction": 0.7281494140625,
              "valid_pixels_before_land_mask": 597529,
              "valid_pixels_after_land_mask": 435567,
              "pixels_masked_by_land": 161962,
              "valid_water_fraction": 0.728947046921572,
              "land_skip_threshold": 0.99,
              "min_water_fraction": 0.01,
              "skip_land_tiles": true,
              "skipped": false,
              "reason": "water_candidate",
              "message": "CFAR restrito aos pixels de água."
            },
            "land_fraction": 0.2718505859375,
            "water_fraction": 0.7281494140625,
            "valid_water_fraction": 0.728947046921572,
            "land_mask_method": "natural_earth_land_point_mask",
            "wave_age": null,
            "wave_age_class": null,
            "wave_age_factor": 1.35,
            "wave_age_status": "fallback",
            "era5_time": null,
            "era5_lon": null,
            "era5_lat": null,
            "u10": null,
            "peak_wave_period": null,
            "friction_velocity": null,
            "phase_speed": null,
            "patch_label": "P068",
            "id": 37,
            "source": "cfar",
            "detection_method": "cfar"
          }
        ],
        "yolo_properties": {
          "detection_method": "yolo8",
          "confidence": 0.8862223029136658,
          "class": "ship-1",
          "bbox_pixel": [
            4228.868591308594,
            10239.182250976562,
            4249.754089355469,
            10259.233032226562
          ],
          "bbox_geo": [
            -40.17890050441461,
            -20.364362289649627,
            -40.17649392524711,
            -20.363029334648584
          ],
          "model": "SAR-MULTI-1280p",
          "class_id": 0,
          "class_name": "ship-1",
          "tile_id": 460,
          "land_mask_checked": true,
          "center_is_water": true,
          "bbox_water_fraction": 1.0,
          "land_mask_method": "natural_earth_land_point_mask",
          "id": 7,
          "source": "yolo",
          "centroid_lon": -40.17774377540022,
          "centroid_lat": -20.36368509452854,
          "score": 0.8862223029136658,
          "patch_id": 66,
          "patch_label": "P067"
        }
      }
    },
    {
      "type": "Feature",
      "geometry": {
        "type": "Polygon",
        "coordinates": [
          [
            [
              -40.14580183904437,
              -20.36207488657595
            ],
            [
              -40.14329953013297,
              -20.36207488657595
            ],
            [
              -40.14329953013297,
              -20.361141334451787
            ],
            [
              -40.14580183904437,
              -20.361141334451787
            ],
            [
              -40.14580183904437,
              -20.36207488657595
            ]
          ]
        ]
      },
      "properties": {
        "id": 6,
        "target_id": "T0006",
        "source": "cfar_yolo",
        "detection_method": "cfar+yolo",
        "methods": [
          "cfar",
          "yolo"
        ],
        "fusion_status": "matched",
        "fusion_rule": "geometry_overlap",
        "cfar_id": 30,
        "cfar_ids": [
          30
        ],
        "cfar_fragment_count": 1,
        "yolo_id": 8,
        "cfar_patch_id": 66,
        "cfar_patch_ids": [
          66
        ],
        "yolo_patch_id": 53,
        "patch_id": 53,
        "patch_label": "P054",
        "yolo_confidence": 0.8858036994934082,
        "match_distance_m": 35.03,
        "match_distances_m": [
          35.03
        ],
        "nearest_match_distance_m": 35.03,
        "max_match_distance_m": 35.03,
        "geometries_overlap": true,
        "overlap_by_cfar": [
          true
        ],
        "display_geometry_source": "yolo",
        "cfar_properties": {
          "lat": -20.361683140208193,
          "lon": -40.144224738672435,
          "area_px": 13,
          "min_sigma0_dB": -5.699999809265137,
          "mean_sigma0_dB": 1.2000000476837158,
          "max_sigma0_dB": 6.980000019073486,
          "threshold_cfar_dB": -6.07,
          "pixel_coords": {
            "row": 306,
            "col": 2064,
            "row_resampled": 102,
            "col_resampled": 688
          },
          "bbox_pixel_coords": {
            "row_min": 300,
            "row_max": 312,
            "col_min": 2055,
            "col_max": 2073
          },
          "global_pixel_coords": {
            "row": 10146,
            "col": 3904
          },
          "source_product": "S1C_IW_GRDH_1SDV_20260810T081241_20260810T081306_008930_011B7A_D208",
          "source_arquivo_id": null,
          "patch_id": 66,
          "patch_name": "patch_0067_VV",
          "geotiff_name": "patch_0067_VV_sigma0_preproc.tif",
          "polarization": "VV",
          "input_scale": "linear",
          "georef_method": "snap_geolocation_grid",
          "geocoding_method": "geolocation_grid",
          "geolocation_grid_status": null,
          "snap_geolocation_grid_used": null,
          "raster_crs": "EPSG:4326",
          "raster_transform": [
            0.00010840393381716083,
            0.0,
            -42.11261501011878,
            0.0,
            -0.00012191578847949808,
            -20.187837691582175,
            0.0,
            0.0,
            1.0
          ],
          "core_bbox_pixels": {
            "x0": 2000,
            "y0": 10000,
            "x1": 4000,
            "y1": 12000
          },
          "processing_bbox_pixels": {
            "x0": 1840,
            "y0": 9840,
            "x1": 4160,
            "y1": 12160
          },
          "core_bounds_lonlat": {
            "west": -40.19485341430151,
            "south": -20.567612750694497,
            "east": -39.963549196390055,
            "north": -20.346629145717575
          },
          "processing_bounds_lonlat": {
            "west": -40.213380643212034,
            "south": -20.58529587641042,
            "east": -39.94504910326753,
            "north": -20.328934178147936
          },
          "halo_pixels": 160,
          "valid_bbox_fraction": 1.0,
          "artifact_aspect_ratio": 1.4,
          "land_mask_info": {
            "enabled": true,
            "applied": true,
            "status": "ok",
            "stage": "cfar_water_mask",
            "resampled_shape": [
              773,
              773
            ],
            "sample_shape": [
              128,
              128
            ],
            "sample_max_dim": 128,
            "available": true,
            "method": "natural_earth_land_point_mask",
            "bounds_lonlat": {
              "west": -40.19485341430151,
              "south": -20.567612750694497,
              "east": -39.963549196390055,
              "north": -20.346629145717575
            },
            "mask_path": "/content/sismom_colab_work_v2/sources/api/copernicus_meta_1-main/copernicus-platform/frontend/public/shapes/ne_10m_land/ne_10m_land.shp",
            "land_buffer_degrees": 0.0,
            "valid_geolocation_points": 16384,
            "land_points": 0,
            "water_points": 16384,
            "land_fraction": 0.0,
            "water_fraction": 1.0,
            "valid_pixels_before_land_mask": 597529,
            "valid_pixels_after_land_mask": 597529,
            "pixels_masked_by_land": 0,
            "valid_water_fraction": 1.0,
            "land_skip_threshold": 0.99,
            "min_water_fraction": 0.01,
            "skip_land_tiles": true,
            "skipped": false,
            "reason": "water_candidate",
            "message": "CFAR restrito aos pixels de água."
          },
          "land_fraction": 0.0,
          "water_fraction": 1.0,
          "valid_water_fraction": 1.0,
          "land_mask_method": "natural_earth_land_point_mask",
          "wave_age": null,
          "wave_age_class": null,
          "wave_age_factor": 1.35,
          "wave_age_status": "fallback",
          "era5_time": null,
          "era5_lon": null,
          "era5_lat": null,
          "u10": null,
          "peak_wave_period": null,
          "friction_velocity": null,
          "phase_speed": null,
          "patch_label": "P067",
          "id": 30,
          "source": "cfar",
          "detection_method": "cfar"
        },
        "cfar_properties_list": [
          {
            "lat": -20.361683140208193,
            "lon": -40.144224738672435,
            "area_px": 13,
            "min_sigma0_dB": -5.699999809265137,
            "mean_sigma0_dB": 1.2000000476837158,
            "max_sigma0_dB": 6.980000019073486,
            "threshold_cfar_dB": -6.07,
            "pixel_coords": {
              "row": 306,
              "col": 2064,
              "row_resampled": 102,
              "col_resampled": 688
            },
            "bbox_pixel_coords": {
              "row_min": 300,
              "row_max": 312,
              "col_min": 2055,
              "col_max": 2073
            },
            "global_pixel_coords": {
              "row": 10146,
              "col": 3904
            },
            "source_product": "S1C_IW_GRDH_1SDV_20260810T081241_20260810T081306_008930_011B7A_D208",
            "source_arquivo_id": null,
            "patch_id": 66,
            "patch_name": "patch_0067_VV",
            "geotiff_name": "patch_0067_VV_sigma0_preproc.tif",
            "polarization": "VV",
            "input_scale": "linear",
            "georef_method": "snap_geolocation_grid",
            "geocoding_method": "geolocation_grid",
            "geolocation_grid_status": null,
            "snap_geolocation_grid_used": null,
            "raster_crs": "EPSG:4326",
            "raster_transform": [
              0.00010840393381716083,
              0.0,
              -42.11261501011878,
              0.0,
              -0.00012191578847949808,
              -20.187837691582175,
              0.0,
              0.0,
              1.0
            ],
            "core_bbox_pixels": {
              "x0": 2000,
              "y0": 10000,
              "x1": 4000,
              "y1": 12000
            },
            "processing_bbox_pixels": {
              "x0": 1840,
              "y0": 9840,
              "x1": 4160,
              "y1": 12160
            },
            "core_bounds_lonlat": {
              "west": -40.19485341430151,
              "south": -20.567612750694497,
              "east": -39.963549196390055,
              "north": -20.346629145717575
            },
            "processing_bounds_lonlat": {
              "west": -40.213380643212034,
              "south": -20.58529587641042,
              "east": -39.94504910326753,
              "north": -20.328934178147936
            },
            "halo_pixels": 160,
            "valid_bbox_fraction": 1.0,
            "artifact_aspect_ratio": 1.4,
            "land_mask_info": {
              "enabled": true,
              "applied": true,
              "status": "ok",
              "stage": "cfar_water_mask",
              "resampled_shape": [
                773,
                773
              ],
              "sample_shape": [
                128,
                128
              ],
              "sample_max_dim": 128,
              "available": true,
              "method": "natural_earth_land_point_mask",
              "bounds_lonlat": {
                "west": -40.19485341430151,
                "south": -20.567612750694497,
                "east": -39.963549196390055,
                "north": -20.346629145717575
              },
              "mask_path": "/content/sismom_colab_work_v2/sources/api/copernicus_meta_1-main/copernicus-platform/frontend/public/shapes/ne_10m_land/ne_10m_land.shp",
              "land_buffer_degrees": 0.0,
              "valid_geolocation_points": 16384,
              "land_points": 0,
              "water_points": 16384,
              "land_fraction": 0.0,
              "water_fraction": 1.0,
              "valid_pixels_before_land_mask": 597529,
              "valid_pixels_after_land_mask": 597529,
              "pixels_masked_by_land": 0,
              "valid_water_fraction": 1.0,
              "land_skip_threshold": 0.99,
              "min_water_fraction": 0.01,
              "skip_land_tiles": true,
              "skipped": false,
              "reason": "water_candidate",
              "message": "CFAR restrito aos pixels de água."
            },
            "land_fraction": 0.0,
            "water_fraction": 1.0,
            "valid_water_fraction": 1.0,
            "land_mask_method": "natural_earth_land_point_mask",
            "wave_age": null,
            "wave_age_class": null,
            "wave_age_factor": 1.35,
            "wave_age_status": "fallback",
            "era5_time": null,
            "era5_lon": null,
            "era5_lat": null,
            "u10": null,
            "peak_wave_period": null,
            "friction_velocity": null,
            "phase_speed": null,
            "patch_label": "P067",
            "id": 30,
            "source": "cfar",
            "detection_method": "cfar"
          }
        ],
        "yolo_properties": {
          "detection_method": "yolo8",
          "confidence": 0.8858036994934082,
          "class": "ship-1",
          "bbox_pixel": [
            3896.958953857422,
            10138.8935546875,
            3919.011917114258,
            10154.288696289062
          ],
          "bbox_geo": [
            -40.14580183904437,
            -20.36207488657595,
            -40.14329953013297,
            -20.361141334451787
          ],
          "model": "SAR-MULTI-1280p",
          "class_id": 0,
          "class_name": "ship-1",
          "tile_id": 460,
          "land_mask_checked": true,
          "center_is_water": true,
          "bbox_water_fraction": 1.0,
          "land_mask_method": "natural_earth_land_point_mask",
          "id": 8,
          "source": "yolo",
          "centroid_lon": -40.14450411707209,
          "centroid_lat": -20.3616188301151,
          "score": 0.8858036994934082,
          "patch_id": 53,
          "patch_label": "P054"
        }
      }
    },
    {
      "type": "Feature",
      "geometry": {
        "type": "Polygon",
        "coordinates": [
          [
            [
              -40.21255479032633,
              -20.318594139799956
            ],
            [
              -40.21017646066938,
              -20.318594139799956
            ],
            [
              -40.21017646066938,
              -20.31659426824781
            ],
            [
              -40.21255479032633,
              -20.31659426824781
            ],
            [
              -40.21255479032633,
              -20.318594139799956
            ]
          ]
        ]
      },
      "properties": {
        "id": 7,
        "target_id": "T0007",
        "source": "cfar_yolo",
        "detection_method": "cfar+yolo",
        "methods": [
          "cfar",
          "yolo"
        ],
        "fusion_status": "matched",
        "fusion_rule": "geometry_overlap",
        "cfar_id": 26,
        "cfar_ids": [
          26
        ],
        "cfar_fragment_count": 1,
        "yolo_id": 9,
        "cfar_patch_id": 54,
        "cfar_patch_ids": [
          54
        ],
        "yolo_patch_id": 54,
        "patch_id": 54,
        "patch_label": "P055",
        "yolo_confidence": 0.8825178742408752,
        "match_distance_m": 94.811,
        "match_distances_m": [
          94.811
        ],
        "nearest_match_distance_m": 94.811,
        "max_match_distance_m": 94.811,
        "geometries_overlap": true,
        "overlap_by_cfar": [
          true
        ],
        "display_geometry_source": "yolo",
        "cfar_properties": {
          "lat": -20.316604534035363,
          "lon": -40.21136148387163,
          "area_px": 6,
          "min_sigma0_dB": 2.880000114440918,
          "mean_sigma0_dB": 6.889999866485596,
          "max_sigma0_dB": 10.289999961853027,
          "threshold_cfar_dB": 2.27,
          "pixel_coords": {
            "row": 1992,
            "col": 861,
            "row_resampled": 664,
            "col_resampled": 287
          },
          "bbox_pixel_coords": {
            "row_min": 1989,
            "row_max": 1998,
            "col_min": 858,
            "col_max": 864
          },
          "global_pixel_coords": {
            "row": 9832,
            "col": 4701
          },
          "source_product": "S1C_IW_GRDH_1SDV_20260810T081241_20260810T081306_008930_011B7A_D208",
          "source_arquivo_id": null,
          "patch_id": 54,
          "patch_name": "patch_0055_VV",
          "geotiff_name": "patch_0055_VV_sigma0_preproc.tif",
          "polarization": "VV",
          "input_scale": "linear",
          "georef_method": "snap_geolocation_grid",
          "geocoding_method": "geolocation_grid",
          "geolocation_grid_status": null,
          "snap_geolocation_grid_used": null,
          "raster_crs": "EPSG:4326",
          "raster_transform": [
            0.00010840393381716083,
            0.0,
            -41.895807142484465,
            0.0,
            -0.00012191578847949808,
            -19.94400611462318,
            0.0,
            0.0,
            1.0
          ],
          "core_bbox_pixels": {
            "x0": 4000,
            "y0": 8000,
            "x1": 6000,
            "y1": 10000
          },
          "processing_bbox_pixels": {
            "x0": 3840,
            "y0": 7840,
            "x1": 6160,
            "y1": 10160
          },
          "core_bounds_lonlat": {
            "west": -40.33890751420324,
            "south": -20.346518550005825,
            "east": -40.10484794515679,
            "north": -20.124347521714363
          },
          "processing_bounds_lonlat": {
            "west": -40.357859806670454,
            "south": -20.36421421019537,
            "east": -40.086341775118726,
            "north": -20.106420575143357
          },
          "halo_pixels": 160,
          "valid_bbox_fraction": 1.0,
          "artifact_aspect_ratio": 1.3333,
          "land_mask_info": {
            "enabled": true,
            "applied": true,
            "status": "ok",
            "stage": "cfar_water_mask",
            "resampled_shape": [
              773,
              773
            ],
            "sample_shape": [
              128,
              128
            ],
            "sample_max_dim": 128,
            "available": true,
            "method": "natural_earth_land_point_mask",
            "bounds_lonlat": {
              "west": -40.33890751420324,
              "south": -20.346518550005825,
              "east": -40.10484794515679,
              "north": -20.124347521714363
            },
            "mask_path": "/content/sismom_colab_work_v2/sources/api/copernicus_meta_1-main/copernicus-platform/frontend/public/shapes/ne_10m_land/ne_10m_land.shp",
            "land_buffer_degrees": 0.0,
            "valid_geolocation_points": 16384,
            "land_points": 6693,
            "water_points": 9691,
            "land_fraction": 0.40850830078125,
            "water_fraction": 0.59149169921875,
            "valid_pixels_before_land_mask": 597529,
            "valid_pixels_after_land_mask": 353109,
            "pixels_masked_by_land": 244420,
            "valid_water_fraction": 0.5909487238276301,
            "land_skip_threshold": 0.99,
            "min_water_fraction": 0.01,
            "skip_land_tiles": true,
            "skipped": false,
            "reason": "water_candidate",
            "message": "CFAR restrito aos pixels de água."
          },
          "land_fraction": 0.40850830078125,
          "water_fraction": 0.59149169921875,
          "valid_water_fraction": 0.5909487238276301,
          "land_mask_method": "natural_earth_land_point_mask",
          "wave_age": null,
          "wave_age_class": null,
          "wave_age_factor": 1.35,
          "wave_age_status": "fallback",
          "era5_time": null,
          "era5_lon": null,
          "era5_lat": null,
          "u10": null,
          "peak_wave_period": null,
          "friction_velocity": null,
          "phase_speed": null,
          "patch_label": "P055",
          "id": 26,
          "source": "cfar",
          "detection_method": "cfar"
        },
        "cfar_properties_list": [
          {
            "lat": -20.316604534035363,
            "lon": -40.21136148387163,
            "area_px": 6,
            "min_sigma0_dB": 2.880000114440918,
            "mean_sigma0_dB": 6.889999866485596,
            "max_sigma0_dB": 10.289999961853027,
            "threshold_cfar_dB": 2.27,
            "pixel_coords": {
              "row": 1992,
              "col": 861,
              "row_resampled": 664,
              "col_resampled": 287
            },
            "bbox_pixel_coords": {
              "row_min": 1989,
              "row_max": 1998,
              "col_min": 858,
              "col_max": 864
            },
            "global_pixel_coords": {
              "row": 9832,
              "col": 4701
            },
            "source_product": "S1C_IW_GRDH_1SDV_20260810T081241_20260810T081306_008930_011B7A_D208",
            "source_arquivo_id": null,
            "patch_id": 54,
            "patch_name": "patch_0055_VV",
            "geotiff_name": "patch_0055_VV_sigma0_preproc.tif",
            "polarization": "VV",
            "input_scale": "linear",
            "georef_method": "snap_geolocation_grid",
            "geocoding_method": "geolocation_grid",
            "geolocation_grid_status": null,
            "snap_geolocation_grid_used": null,
            "raster_crs": "EPSG:4326",
            "raster_transform": [
              0.00010840393381716083,
              0.0,
              -41.895807142484465,
              0.0,
              -0.00012191578847949808,
              -19.94400611462318,
              0.0,
              0.0,
              1.0
            ],
            "core_bbox_pixels": {
              "x0": 4000,
              "y0": 8000,
              "x1": 6000,
              "y1": 10000
            },
            "processing_bbox_pixels": {
              "x0": 3840,
              "y0": 7840,
              "x1": 6160,
              "y1": 10160
            },
            "core_bounds_lonlat": {
              "west": -40.33890751420324,
              "south": -20.346518550005825,
              "east": -40.10484794515679,
              "north": -20.124347521714363
            },
            "processing_bounds_lonlat": {
              "west": -40.357859806670454,
              "south": -20.36421421019537,
              "east": -40.086341775118726,
              "north": -20.106420575143357
            },
            "halo_pixels": 160,
            "valid_bbox_fraction": 1.0,
            "artifact_aspect_ratio": 1.3333,
            "land_mask_info": {
              "enabled": true,
              "applied": true,
              "status": "ok",
              "stage": "cfar_water_mask",
              "resampled_shape": [
                773,
                773
              ],
              "sample_shape": [
                128,
                128
              ],
              "sample_max_dim": 128,
              "available": true,
              "method": "natural_earth_land_point_mask",
              "bounds_lonlat": {
                "west": -40.33890751420324,
                "south": -20.346518550005825,
                "east": -40.10484794515679,
                "north": -20.124347521714363
              },
              "mask_path": "/content/sismom_colab_work_v2/sources/api/copernicus_meta_1-main/copernicus-platform/frontend/public/shapes/ne_10m_land/ne_10m_land.shp",
              "land_buffer_degrees": 0.0,
              "valid_geolocation_points": 16384,
              "land_points": 6693,
              "water_points": 9691,
              "land_fraction": 0.40850830078125,
              "water_fraction": 0.59149169921875,
              "valid_pixels_before_land_mask": 597529,
              "valid_pixels_after_land_mask": 353109,
              "pixels_masked_by_land": 244420,
              "valid_water_fraction": 0.5909487238276301,
              "land_skip_threshold": 0.99,
              "min_water_fraction": 0.01,
              "skip_land_tiles": true,
              "skipped": false,
              "reason": "water_candidate",
              "message": "CFAR restrito aos pixels de água."
            },
            "land_fraction": 0.40850830078125,
            "water_fraction": 0.59149169921875,
            "valid_water_fraction": 0.5909487238276301,
            "land_mask_method": "natural_earth_land_point_mask",
            "wave_age": null,
            "wave_age_class": null,
            "wave_age_factor": 1.35,
            "wave_age_status": "fallback",
            "era5_time": null,
            "era5_lon": null,
            "era5_lat": null,
            "u10": null,
            "peak_wave_period": null,
            "friction_velocity": null,
            "phase_speed": null,
            "patch_label": "P055",
            "id": 26,
            "source": "cfar",
            "detection_method": "cfar"
          }
        ],
        "yolo_properties": {
          "detection_method": "yolo8",
          "confidence": 0.8825178742408752,
          "class": "ship-1",
          "bbox_pixel": [
            4689.300506591797,
            9829.39877319336,
            4708.785858154297,
            9856.394927978516
          ],
          "bbox_geo": [
            -40.21255479032633,
            -20.318594139799956,
            -40.21017646066938,
            -20.31659426824781
          ],
          "model": "SAR-MULTI-1280p",
          "class_id": 0,
          "class_name": "ship-1",
          "tile_id": 461,
          "land_mask_checked": true,
          "center_is_water": true,
          "bbox_water_fraction": 1.0,
          "land_mask_method": "natural_earth_land_point_mask",
          "id": 9,
          "source": "yolo",
          "centroid_lon": -40.21140089363949,
          "centroid_lat": -20.31753891374354,
          "score": 0.8825178742408752,
          "patch_id": 54,
          "patch_label": "P055"
        }
      }
    },
    {
      "type": "Feature",
      "geometry": {
        "type": "Polygon",
        "coordinates": [
          [
            [
              -40.19504887040323,
              -20.394704076640735
            ],
            [
              -40.192147622124544,
              -20.394704076640735
            ],
            [
              -40.192147622124544,
              -20.394145446154578
            ],
            [
              -40.19504887040323,
              -20.394145446154578
            ],
            [
              -40.19504887040323,
              -20.394704076640735
            ]
          ]
        ]
      },
      "properties": {
        "id": 8,
        "target_id": "T0008",
        "source": "cfar_yolo",
        "detection_method": "cfar+yolo",
        "methods": [
          "cfar",
          "yolo"
        ],
        "fusion_status": "matched",
        "fusion_rule": "geometry_overlap",
        "cfar_id": 46,
        "cfar_ids": [
          46
        ],
        "cfar_fragment_count": 1,
        "yolo_id": 10,
        "cfar_patch_id": 67,
        "cfar_patch_ids": [
          67
        ],
        "yolo_patch_id": 66,
        "patch_id": 66,
        "patch_label": "P067",
        "yolo_confidence": 0.8793814778327942,
        "match_distance_m": 14.214,
        "match_distances_m": [
          14.214
        ],
        "nearest_match_distance_m": 14.214,
        "max_match_distance_m": 14.214,
        "geometries_overlap": true,
        "overlap_by_cfar": [
          true
        ],
        "display_geometry_source": "yolo",
        "cfar_properties": {
          "lat": -20.394490784020824,
          "lon": -40.1935163658763,
          "area_px": 19,
          "min_sigma0_dB": -5.889999866485596,
          "mean_sigma0_dB": -0.7599999904632568,
          "max_sigma0_dB": 5.150000095367432,
          "threshold_cfar_dB": -7.9,
          "pixel_coords": {
            "row": 774,
            "col": 480,
            "row_resampled": 258,
            "col_resampled": 160
          },
          "bbox_pixel_coords": {
            "row_min": 768,
            "row_max": 777,
            "col_min": 468,
            "col_max": 492
          },
          "global_pixel_coords": {
            "row": 10614,
            "col": 4320
          },
          "source_product": "S1C_IW_GRDH_1SDV_20260810T081241_20260810T081306_008930_011B7A_D208",
          "source_arquivo_id": null,
          "patch_id": 67,
          "patch_name": "patch_0068_VV",
          "geotiff_name": "patch_0068_VV_sigma0_preproc.tif",
          "polarization": "VV",
          "input_scale": "linear",
          "georef_method": "snap_geolocation_grid",
          "geocoding_method": "geolocation_grid",
          "geolocation_grid_status": null,
          "snap_geolocation_grid_used": null,
          "raster_crs": "EPSG:4326",
          "raster_transform": [
            0.00010840393381716083,
            0.0,
            -41.895807142484465,
            0.0,
            -0.00012191578847949808,
            -20.187837691582175,
            0.0,
            0.0,
            1.0
          ],
          "core_bbox_pixels": {
            "x0": 4000,
            "y0": 10000,
            "x1": 6000,
            "y1": 12000
          },
          "processing_bbox_pixels": {
            "x0": 3840,
            "y0": 9840,
            "x1": 6160,
            "y1": 12160
          },
          "core_bounds_lonlat": {
            "west": -40.38336288736142,
            "south": -20.52483668443298,
            "east": -40.14987550258101,
            "north": -20.303015682126635
          },
          "processing_bounds_lonlat": {
            "west": -40.40219382895642,
            "south": -20.54253588609984,
            "east": -40.131372880068135,
            "north": -20.28517625724242
          },
          "halo_pixels": 160,
          "valid_bbox_fraction": 1.0,
          "artifact_aspect_ratio": 2.25,
          "land_mask_info": {
            "enabled": true,
            "applied": true,
            "status": "ok",
            "stage": "cfar_water_mask",
            "resampled_shape": [
              773,
              773
            ],
            "sample_shape": [
              128,
              128
            ],
            "sample_max_dim": 128,
            "available": true,
            "method": "natural_earth_land_point_mask",
            "bounds_lonlat": {
              "west": -40.38336288736142,
              "south": -20.52483668443298,
              "east": -40.14987550258101,
              "north": -20.303015682126635
            },
            "mask_path": "/content/sismom_colab_work_v2/sources/api/copernicus_meta_1-main/copernicus-platform/frontend/public/shapes/ne_10m_land/ne_10m_land.shp",
            "land_buffer_degrees": 0.0,
            "valid_geolocation_points": 16384,
            "land_points": 4454,
            "water_points": 11930,
            "land_fraction": 0.2718505859375,
            "water_fraction": 0.7281494140625,
            "valid_pixels_before_land_mask": 597529,
            "valid_pixels_after_land_mask": 435567,
            "pixels_masked_by_land": 161962,
            "valid_water_fraction": 0.728947046921572,
            "land_skip_threshold": 0.99,
            "min_water_fraction": 0.01,
            "skip_land_tiles": true,
            "skipped": false,
            "reason": "water_candidate",
            "message": "CFAR restrito aos pixels de água."
          },
          "land_fraction": 0.2718505859375,
          "water_fraction": 0.7281494140625,
          "valid_water_fraction": 0.728947046921572,
          "land_mask_method": "natural_earth_land_point_mask",
          "wave_age": null,
          "wave_age_class": null,
          "wave_age_factor": 1.35,
          "wave_age_status": "fallback",
          "era5_time": null,
          "era5_lon": null,
          "era5_lat": null,
          "u10": null,
          "peak_wave_period": null,
          "friction_velocity": null,
          "phase_speed": null,
          "patch_label": "P068",
          "id": 46,
          "source": "cfar",
          "detection_method": "cfar"
        },
        "cfar_properties_list": [
          {
            "lat": -20.394490784020824,
            "lon": -40.1935163658763,
            "area_px": 19,
            "min_sigma0_dB": -5.889999866485596,
            "mean_sigma0_dB": -0.7599999904632568,
            "max_sigma0_dB": 5.150000095367432,
            "threshold_cfar_dB": -7.9,
            "pixel_coords": {
              "row": 774,
              "col": 480,
              "row_resampled": 258,
              "col_resampled": 160
            },
            "bbox_pixel_coords": {
              "row_min": 768,
              "row_max": 777,
              "col_min": 468,
              "col_max": 492
            },
            "global_pixel_coords": {
              "row": 10614,
              "col": 4320
            },
            "source_product": "S1C_IW_GRDH_1SDV_20260810T081241_20260810T081306_008930_011B7A_D208",
            "source_arquivo_id": null,
            "patch_id": 67,
            "patch_name": "patch_0068_VV",
            "geotiff_name": "patch_0068_VV_sigma0_preproc.tif",
            "polarization": "VV",
            "input_scale": "linear",
            "georef_method": "snap_geolocation_grid",
            "geocoding_method": "geolocation_grid",
            "geolocation_grid_status": null,
            "snap_geolocation_grid_used": null,
            "raster_crs": "EPSG:4326",
            "raster_transform": [
              0.00010840393381716083,
              0.0,
              -41.895807142484465,
              0.0,
              -0.00012191578847949808,
              -20.187837691582175,
              0.0,
              0.0,
              1.0
            ],
            "core_bbox_pixels": {
              "x0": 4000,
              "y0": 10000,
              "x1": 6000,
              "y1": 12000
            },
            "processing_bbox_pixels": {
              "x0": 3840,
              "y0": 9840,
              "x1": 6160,
              "y1": 12160
            },
            "core_bounds_lonlat": {
              "west": -40.38336288736142,
              "south": -20.52483668443298,
              "east": -40.14987550258101,
              "north": -20.303015682126635
            },
            "processing_bounds_lonlat": {
              "west": -40.40219382895642,
              "south": -20.54253588609984,
              "east": -40.131372880068135,
              "north": -20.28517625724242
            },
            "halo_pixels": 160,
            "valid_bbox_fraction": 1.0,
            "artifact_aspect_ratio": 2.25,
            "land_mask_info": {
              "enabled": true,
              "applied": true,
              "status": "ok",
              "stage": "cfar_water_mask",
              "resampled_shape": [
                773,
                773
              ],
              "sample_shape": [
                128,
                128
              ],
              "sample_max_dim": 128,
              "available": true,
              "method": "natural_earth_land_point_mask",
              "bounds_lonlat": {
                "west": -40.38336288736142,
                "south": -20.52483668443298,
                "east": -40.14987550258101,
                "north": -20.303015682126635
              },
              "mask_path": "/content/sismom_colab_work_v2/sources/api/copernicus_meta_1-main/copernicus-platform/frontend/public/shapes/ne_10m_land/ne_10m_land.shp",
              "land_buffer_degrees": 0.0,
              "valid_geolocation_points": 16384,
              "land_points": 4454,
              "water_points": 11930,
              "land_fraction": 0.2718505859375,
              "water_fraction": 0.7281494140625,
              "valid_pixels_before_land_mask": 597529,
              "valid_pixels_after_land_mask": 435567,
              "pixels_masked_by_land": 161962,
              "valid_water_fraction": 0.728947046921572,
              "land_skip_threshold": 0.99,
              "min_water_fraction": 0.01,
              "skip_land_tiles": true,
              "skipped": false,
              "reason": "water_candidate",
              "message": "CFAR restrito aos pixels de água."
            },
            "land_fraction": 0.2718505859375,
            "water_fraction": 0.7281494140625,
            "valid_water_fraction": 0.728947046921572,
            "land_mask_method": "natural_earth_land_point_mask",
            "wave_age": null,
            "wave_age_class": null,
            "wave_age_factor": 1.35,
            "wave_age_status": "fallback",
            "era5_time": null,
            "era5_lon": null,
            "era5_lat": null,
            "u10": null,
            "peak_wave_period": null,
            "friction_velocity": null,
            "phase_speed": null,
            "patch_label": "P068",
            "id": 46,
            "source": "cfar",
            "detection_method": "cfar"
          }
        ],
        "yolo_properties": {
          "detection_method": "yolo8",
          "confidence": 0.8793814778327942,
          "class": "ship-1",
          "bbox_pixel": [
            4307.39208984375,
            10607.4697265625,
            4335.094543457031,
            10620.230865478516
          ],
          "bbox_geo": [
            -40.19504887040323,
            -20.394704076640735,
            -40.192147622124544,
            -20.394145446154578
          ],
          "model": "SAR-MULTI-1280p",
          "class_id": 0,
          "class_name": "ship-1",
          "tile_id": 495,
          "land_mask_checked": true,
          "center_is_water": true,
          "bbox_water_fraction": 1.0,
          "land_mask_method": "natural_earth_land_point_mask",
          "id": 10,
          "source": "yolo",
          "centroid_lon": -40.193586969330966,
          "centroid_lat": -20.394380184320518,
          "score": 0.8793814778327942,
          "patch_id": 66,
          "patch_label": "P067"
        }
      }
    },
    {
      "type": "Feature",
      "geometry": {
        "type": "Polygon",
        "coordinates": [
          [
            [
              -40.2049471823927,
              -20.386292951589542
            ],
            [
              -40.20221262849189,
              -20.386292951589542
            ],
            [
              -40.20221262849189,
              -20.38522421604895
            ],
            [
              -40.2049471823927,
              -20.38522421604895
            ],
            [
              -40.2049471823927,
              -20.386292951589542
            ]
          ]
        ]
      },
      "properties": {
        "id": 9,
        "target_id": "T0009",
        "source": "cfar_yolo",
        "detection_method": "cfar+yolo",
        "methods": [
          "cfar",
          "yolo"
        ],
        "fusion_status": "matched",
        "fusion_rule": "geometry_overlap",
        "cfar_id": 45,
        "cfar_ids": [
          45
        ],
        "cfar_fragment_count": 1,
        "yolo_id": 11,
        "cfar_patch_id": 67,
        "cfar_patch_ids": [
          67
        ],
        "yolo_patch_id": 67,
        "patch_id": 67,
        "patch_label": "P068",
        "yolo_confidence": 0.8777527809143066,
        "match_distance_m": 10.147,
        "match_distances_m": [
          10.147
        ],
        "nearest_match_distance_m": 10.147,
        "max_match_distance_m": 10.147,
        "geometries_overlap": true,
        "overlap_by_cfar": [
          true
        ],
        "display_geometry_source": "yolo",
        "cfar_properties": {
          "lat": -20.385637267206246,
          "lon": -40.203697067028266,
          "area_px": 15,
          "min_sigma0_dB": -5.409999847412109,
          "mean_sigma0_dB": 1.2599999904632568,
          "max_sigma0_dB": 5.989999771118164,
          "threshold_cfar_dB": -4.66,
          "pixel_coords": {
            "row": 705,
            "col": 606,
            "row_resampled": 235,
            "col_resampled": 202
          },
          "bbox_pixel_coords": {
            "row_min": 699,
            "row_max": 711,
            "col_min": 594,
            "col_max": 615
          },
          "global_pixel_coords": {
            "row": 10545,
            "col": 4446
          },
          "source_product": "S1C_IW_GRDH_1SDV_20260810T081241_20260810T081306_008930_011B7A_D208",
          "source_arquivo_id": null,
          "patch_id": 67,
          "patch_name": "patch_0068_VV",
          "geotiff_name": "patch_0068_VV_sigma0_preproc.tif",
          "polarization": "VV",
          "input_scale": "linear",
          "georef_method": "snap_geolocation_grid",
          "geocoding_method": "geolocation_grid",
          "geolocation_grid_status": null,
          "snap_geolocation_grid_used": null,
          "raster_crs": "EPSG:4326",
          "raster_transform": [
            0.00010840393381716083,
            0.0,
            -41.895807142484465,
            0.0,
            -0.00012191578847949808,
            -20.187837691582175,
            0.0,
            0.0,
            1.0
          ],
          "core_bbox_pixels": {
            "x0": 4000,
            "y0": 10000,
            "x1": 6000,
            "y1": 12000
          },
          "processing_bbox_pixels": {
            "x0": 3840,
            "y0": 9840,
            "x1": 6160,
            "y1": 12160
          },
          "core_bounds_lonlat": {
            "west": -40.38336288736142,
            "south": -20.52483668443298,
            "east": -40.14987550258101,
            "north": -20.303015682126635
          },
          "processing_bounds_lonlat": {
            "west": -40.40219382895642,
            "south": -20.54253588609984,
            "east": -40.131372880068135,
            "north": -20.28517625724242
          },
          "halo_pixels": 160,
          "valid_bbox_fraction": 1.0,
          "artifact_aspect_ratio": 1.6,
          "land_mask_info": {
            "enabled": true,
            "applied": true,
            "status": "ok",
            "stage": "cfar_water_mask",
            "resampled_shape": [
              773,
              773
            ],
            "sample_shape": [
              128,
              128
            ],
            "sample_max_dim": 128,
            "available": true,
            "method": "natural_earth_land_point_mask",
            "bounds_lonlat": {
              "west": -40.38336288736142,
              "south": -20.52483668443298,
              "east": -40.14987550258101,
              "north": -20.303015682126635
            },
            "mask_path": "/content/sismom_colab_work_v2/sources/api/copernicus_meta_1-main/copernicus-platform/frontend/public/shapes/ne_10m_land/ne_10m_land.shp",
            "land_buffer_degrees": 0.0,
            "valid_geolocation_points": 16384,
            "land_points": 4454,
            "water_points": 11930,
            "land_fraction": 0.2718505859375,
            "water_fraction": 0.7281494140625,
            "valid_pixels_before_land_mask": 597529,
            "valid_pixels_after_land_mask": 435567,
            "pixels_masked_by_land": 161962,
            "valid_water_fraction": 0.728947046921572,
            "land_skip_threshold": 0.99,
            "min_water_fraction": 0.01,
            "skip_land_tiles": true,
            "skipped": false,
            "reason": "water_candidate",
            "message": "CFAR restrito aos pixels de água."
          },
          "land_fraction": 0.2718505859375,
          "water_fraction": 0.7281494140625,
          "valid_water_fraction": 0.728947046921572,
          "land_mask_method": "natural_earth_land_point_mask",
          "wave_age": null,
          "wave_age_class": null,
          "wave_age_factor": 1.35,
          "wave_age_status": "fallback",
          "era5_time": null,
          "era5_lon": null,
          "era5_lat": null,
          "u10": null,
          "peak_wave_period": null,
          "friction_velocity": null,
          "phase_speed": null,
          "patch_label": "P068",
          "id": 45,
          "source": "cfar",
          "detection_method": "cfar"
        },
        "cfar_properties_list": [
          {
            "lat": -20.385637267206246,
            "lon": -40.203697067028266,
            "area_px": 15,
            "min_sigma0_dB": -5.409999847412109,
            "mean_sigma0_dB": 1.2599999904632568,
            "max_sigma0_dB": 5.989999771118164,
            "threshold_cfar_dB": -4.66,
            "pixel_coords": {
              "row": 705,
              "col": 606,
              "row_resampled": 235,
              "col_resampled": 202
            },
            "bbox_pixel_coords": {
              "row_min": 699,
              "row_max": 711,
              "col_min": 594,
              "col_max": 615
            },
            "global_pixel_coords": {
              "row": 10545,
              "col": 4446
            },
            "source_product": "S1C_IW_GRDH_1SDV_20260810T081241_20260810T081306_008930_011B7A_D208",
            "source_arquivo_id": null,
            "patch_id": 67,
            "patch_name": "patch_0068_VV",
            "geotiff_name": "patch_0068_VV_sigma0_preproc.tif",
            "polarization": "VV",
            "input_scale": "linear",
            "georef_method": "snap_geolocation_grid",
            "geocoding_method": "geolocation_grid",
            "geolocation_grid_status": null,
            "snap_geolocation_grid_used": null,
            "raster_crs": "EPSG:4326",
            "raster_transform": [
              0.00010840393381716083,
              0.0,
              -41.895807142484465,
              0.0,
              -0.00012191578847949808,
              -20.187837691582175,
              0.0,
              0.0,
              1.0
            ],
            "core_bbox_pixels": {
              "x0": 4000,
              "y0": 10000,
              "x1": 6000,
              "y1": 12000
            },
            "processing_bbox_pixels": {
              "x0": 3840,
              "y0": 9840,
              "x1": 6160,
              "y1": 12160
            },
            "core_bounds_lonlat": {
              "west": -40.38336288736142,
              "south": -20.52483668443298,
              "east": -40.14987550258101,
              "north": -20.303015682126635
            },
            "processing_bounds_lonlat": {
              "west": -40.40219382895642,
              "south": -20.54253588609984,
              "east": -40.131372880068135,
              "north": -20.28517625724242
            },
            "halo_pixels": 160,
            "valid_bbox_fraction": 1.0,
            "artifact_aspect_ratio": 1.6,
            "land_mask_info": {
              "enabled": true,
              "applied": true,
              "status": "ok",
              "stage": "cfar_water_mask",
              "resampled_shape": [
                773,
                773
              ],
              "sample_shape": [
                128,
                128
              ],
              "sample_max_dim": 128,
              "available": true,
              "method": "natural_earth_land_point_mask",
              "bounds_lonlat": {
                "west": -40.38336288736142,
                "south": -20.52483668443298,
                "east": -40.14987550258101,
                "north": -20.303015682126635
              },
              "mask_path": "/content/sismom_colab_work_v2/sources/api/copernicus_meta_1-main/copernicus-platform/frontend/public/shapes/ne_10m_land/ne_10m_land.shp",
              "land_buffer_degrees": 0.0,
              "valid_geolocation_points": 16384,
              "land_points": 4454,
              "water_points": 11930,
              "land_fraction": 0.2718505859375,
              "water_fraction": 0.7281494140625,
              "valid_pixels_before_land_mask": 597529,
              "valid_pixels_after_land_mask": 435567,
              "pixels_masked_by_land": 161962,
              "valid_water_fraction": 0.728947046921572,
              "land_skip_threshold": 0.99,
              "min_water_fraction": 0.01,
              "skip_land_tiles": true,
              "skipped": false,
              "reason": "water_candidate",
              "message": "CFAR restrito aos pixels de água."
            },
            "land_fraction": 0.2718505859375,
            "water_fraction": 0.7281494140625,
            "valid_water_fraction": 0.728947046921572,
            "land_mask_method": "natural_earth_land_point_mask",
            "wave_age": null,
            "wave_age_class": null,
            "wave_age_factor": 1.35,
            "wave_age_status": "fallback",
            "era5_time": null,
            "era5_lon": null,
            "era5_lat": null,
            "u10": null,
            "peak_wave_period": null,
            "friction_velocity": null,
            "phase_speed": null,
            "patch_label": "P068",
            "id": 45,
            "source": "cfar",
            "detection_method": "cfar"
          }
        ],
        "yolo_properties": {
          "detection_method": "yolo8",
          "confidence": 0.8777527809143066,
          "class": "ship-1",
          "bbox_pixel": [
            4432.982585906982,
            10537.617080688477,
            4457.645618438721,
            10555.185165405273
          ],
          "bbox_geo": [
            -40.2049471823927,
            -20.386292951589542,
            -40.20221262849189,
            -20.38522421604895
          ],
          "model": "SAR-MULTI-1280p",
          "class_id": 0,
          "class_name": "ship-1",
          "tile_id": 496,
          "land_mask_checked": true,
          "center_is_water": true,
          "bbox_water_fraction": 1.0,
          "land_mask_method": "natural_earth_land_point_mask",
          "id": 11,
          "source": "yolo",
          "centroid_lon": -40.20362647276226,
          "centroid_lat": -20.385747864279278,
          "score": 0.8777527809143066,
          "patch_id": 67,
          "patch_label": "P068"
        }
      }
    },
    {
      "type": "Feature",
      "geometry": {
        "type": "Polygon",
        "coordinates": [
          [
            [
              -40.21518594416592,
              -20.351575405834698
            ],
            [
              -40.21096446997048,
              -20.351575405834698
            ],
            [
              -40.21096446997048,
              -20.350471550331058
            ],
            [
              -40.21518594416592,
              -20.350471550331058
            ],
            [
              -40.21518594416592,
              -20.351575405834698
            ]
          ]
        ]
      },
      "properties": {
        "id": 10,
        "target_id": "T0010",
        "source": "cfar_yolo",
        "detection_method": "cfar+yolo",
        "methods": [
          "cfar",
          "yolo"
        ],
        "fusion_status": "matched",
        "fusion_rule": "geometry_overlap",
        "cfar_id": 35,
        "cfar_ids": [
          35,
          36,
          34
        ],
        "cfar_fragment_count": 3,
        "yolo_id": 12,
        "cfar_patch_id": 67,
        "cfar_patch_ids": [
          67,
          67,
          67
        ],
        "yolo_patch_id": 67,
        "patch_id": 67,
        "patch_label": "P068",
        "yolo_confidence": 0.8742933869361877,
        "match_distance_m": 41.254,
        "match_distances_m": [
          41.254,
          120.993,
          169.326
        ],
        "nearest_match_distance_m": 41.254,
        "max_match_distance_m": 169.326,
        "geometries_overlap": true,
        "overlap_by_cfar": [
          true,
          true,
          true
        ],
        "display_geometry_source": "yolo",
        "cfar_properties": {
          "lat": -20.351020078383414,
          "lon": -40.21268012121308,
          "area_px": 4,
          "min_sigma0_dB": 1.6799999475479126,
          "mean_sigma0_dB": 2.809999942779541,
          "max_sigma0_dB": 4.039999961853027,
          "threshold_cfar_dB": 0.01,
          "pixel_coords": {
            "row": 360,
            "col": 786,
            "row_resampled": 120,
            "col_resampled": 262
          },
          "bbox_pixel_coords": {
            "row_min": 357,
            "row_max": 363,
            "col_min": 783,
            "col_max": 789
          },
          "global_pixel_coords": {
            "row": 10200,
            "col": 4626
          },
          "source_product": "S1C_IW_GRDH_1SDV_20260810T081241_20260810T081306_008930_011B7A_D208",
          "source_arquivo_id": null,
          "patch_id": 67,
          "patch_name": "patch_0068_VV",
          "geotiff_name": "patch_0068_VV_sigma0_preproc.tif",
          "polarization": "VV",
          "input_scale": "linear",
          "georef_method": "snap_geolocation_grid",
          "geocoding_method": "geolocation_grid",
          "geolocation_grid_status": null,
          "snap_geolocation_grid_used": null,
          "raster_crs": "EPSG:4326",
          "raster_transform": [
            0.00010840393381716083,
            0.0,
            -41.895807142484465,
            0.0,
            -0.00012191578847949808,
            -20.187837691582175,
            0.0,
            0.0,
            1.0
          ],
          "core_bbox_pixels": {
            "x0": 4000,
            "y0": 10000,
            "x1": 6000,
            "y1": 12000
          },
          "processing_bbox_pixels": {
            "x0": 3840,
            "y0": 9840,
            "x1": 6160,
            "y1": 12160
          },
          "core_bounds_lonlat": {
            "west": -40.38336288736142,
            "south": -20.52483668443298,
            "east": -40.14987550258101,
            "north": -20.303015682126635
          },
          "processing_bounds_lonlat": {
            "west": -40.40219382895642,
            "south": -20.54253588609984,
            "east": -40.131372880068135,
            "north": -20.28517625724242
          },
          "halo_pixels": 160,
          "valid_bbox_fraction": 1.0,
          "artifact_aspect_ratio": 1.0,
          "land_mask_info": {
            "enabled": true,
            "applied": true,
            "status": "ok",
            "stage": "cfar_water_mask",
            "resampled_shape": [
              773,
              773
            ],
            "sample_shape": [
              128,
              128
            ],
            "sample_max_dim": 128,
            "available": true,
            "method": "natural_earth_land_point_mask",
            "bounds_lonlat": {
              "west": -40.38336288736142,
              "south": -20.52483668443298,
              "east": -40.14987550258101,
              "north": -20.303015682126635
            },
            "mask_path": "/content/sismom_colab_work_v2/sources/api/copernicus_meta_1-main/copernicus-platform/frontend/public/shapes/ne_10m_land/ne_10m_land.shp",
            "land_buffer_degrees": 0.0,
            "valid_geolocation_points": 16384,
            "land_points": 4454,
            "water_points": 11930,
            "land_fraction": 0.2718505859375,
            "water_fraction": 0.7281494140625,
            "valid_pixels_before_land_mask": 597529,
            "valid_pixels_after_land_mask": 435567,
            "pixels_masked_by_land": 161962,
            "valid_water_fraction": 0.728947046921572,
            "land_skip_threshold": 0.99,
            "min_water_fraction": 0.01,
            "skip_land_tiles": true,
            "skipped": false,
            "reason": "water_candidate",
            "message": "CFAR restrito aos pixels de água."
          },
          "land_fraction": 0.2718505859375,
          "water_fraction": 0.7281494140625,
          "valid_water_fraction": 0.728947046921572,
          "land_mask_method": "natural_earth_land_point_mask",
          "wave_age": null,
          "wave_age_class": null,
          "wave_age_factor": 1.35,
          "wave_age_status": "fallback",
          "era5_time": null,
          "era5_lon": null,
          "era5_lat": null,
          "u10": null,
          "peak_wave_period": null,
          "friction_velocity": null,
          "phase_speed": null,
          "patch_label": "P068",
          "id": 35,
          "source": "cfar",
          "detection_method": "cfar"
        },
        "cfar_properties_list": [
          {
            "lat": -20.351020078383414,
            "lon": -40.21268012121308,
            "area_px": 4,
            "min_sigma0_dB": 1.6799999475479126,
            "mean_sigma0_dB": 2.809999942779541,
            "max_sigma0_dB": 4.039999961853027,
            "threshold_cfar_dB": 0.01,
            "pixel_coords": {
              "row": 360,
              "col": 786,
              "row_resampled": 120,
              "col_resampled": 262
            },
            "bbox_pixel_coords": {
              "row_min": 357,
              "row_max": 363,
              "col_min": 783,
              "col_max": 789
            },
            "global_pixel_coords": {
              "row": 10200,
              "col": 4626
            },
            "source_product": "S1C_IW_GRDH_1SDV_20260810T081241_20260810T081306_008930_011B7A_D208",
            "source_arquivo_id": null,
            "patch_id": 67,
            "patch_name": "patch_0068_VV",
            "geotiff_name": "patch_0068_VV_sigma0_preproc.tif",
            "polarization": "VV",
            "input_scale": "linear",
            "georef_method": "snap_geolocation_grid",
            "geocoding_method": "geolocation_grid",
            "geolocation_grid_status": null,
            "snap_geolocation_grid_used": null,
            "raster_crs": "EPSG:4326",
            "raster_transform": [
              0.00010840393381716083,
              0.0,
              -41.895807142484465,
              0.0,
              -0.00012191578847949808,
              -20.187837691582175,
              0.0,
              0.0,
              1.0
            ],
            "core_bbox_pixels": {
              "x0": 4000,
              "y0": 10000,
              "x1": 6000,
              "y1": 12000
            },
            "processing_bbox_pixels": {
              "x0": 3840,
              "y0": 9840,
              "x1": 6160,
              "y1": 12160
            },
            "core_bounds_lonlat": {
              "west": -40.38336288736142,
              "south": -20.52483668443298,
              "east": -40.14987550258101,
              "north": -20.303015682126635
            },
            "processing_bounds_lonlat": {
              "west": -40.40219382895642,
              "south": -20.54253588609984,
              "east": -40.131372880068135,
              "north": -20.28517625724242
            },
            "halo_pixels": 160,
            "valid_bbox_fraction": 1.0,
            "artifact_aspect_ratio": 1.0,
            "land_mask_info": {
              "enabled": true,
              "applied": true,
              "status": "ok",
              "stage": "cfar_water_mask",
              "resampled_shape": [
                773,
                773
              ],
              "sample_shape": [
                128,
                128
              ],
              "sample_max_dim": 128,
              "available": true,
              "method": "natural_earth_land_point_mask",
              "bounds_lonlat": {
                "west": -40.38336288736142,
                "south": -20.52483668443298,
                "east": -40.14987550258101,
                "north": -20.303015682126635
              },
              "mask_path": "/content/sismom_colab_work_v2/sources/api/copernicus_meta_1-main/copernicus-platform/frontend/public/shapes/ne_10m_land/ne_10m_land.shp",
              "land_buffer_degrees": 0.0,
              "valid_geolocation_points": 16384,
              "land_points": 4454,
              "water_points": 11930,
              "land_fraction": 0.2718505859375,
              "water_fraction": 0.7281494140625,
              "valid_pixels_before_land_mask": 597529,
              "valid_pixels_after_land_mask": 435567,
              "pixels_masked_by_land": 161962,
              "valid_water_fraction": 0.728947046921572,
              "land_skip_threshold": 0.99,
              "min_water_fraction": 0.01,
              "skip_land_tiles": true,
              "skipped": false,
              "reason": "water_candidate",
              "message": "CFAR restrito aos pixels de água."
            },
            "land_fraction": 0.2718505859375,
            "water_fraction": 0.7281494140625,
            "valid_water_fraction": 0.728947046921572,
            "land_mask_method": "natural_earth_land_point_mask",
            "wave_age": null,
            "wave_age_class": null,
            "wave_age_factor": 1.35,
            "wave_age_status": "fallback",
            "era5_time": null,
            "era5_lon": null,
            "era5_lat": null,
            "u10": null,
            "peak_wave_period": null,
            "friction_velocity": null,
            "phase_speed": null,
            "patch_label": "P068",
            "id": 35,
            "source": "cfar",
            "detection_method": "cfar"
          },
          {
            "lat": -20.35123343054577,
            "lon": -40.214212416630815,
            "area_px": 8,
            "min_sigma0_dB": 1.159999966621399,
            "mean_sigma0_dB": 5.079999923706055,
            "max_sigma0_dB": 13.390000343322754,
            "threshold_cfar_dB": 0.4,
            "pixel_coords": {
              "row": 366,
              "col": 801,
              "row_resampled": 122,
              "col_resampled": 267
            },
            "bbox_pixel_coords": {
              "row_min": 363,
              "row_max": 369,
              "col_min": 798,
              "col_max": 804
            },
            "global_pixel_coords": {
              "row": 10206,
              "col": 4641
            },
            "source_product": "S1C_IW_GRDH_1SDV_20260810T081241_20260810T081306_008930_011B7A_D208",
            "source_arquivo_id": null,
            "patch_id": 67,
            "patch_name": "patch_0068_VV",
            "geotiff_name": "patch_0068_VV_sigma0_preproc.tif",
            "polarization": "VV",
            "input_scale": "linear",
            "georef_method": "snap_geolocation_grid",
            "geocoding_method": "geolocation_grid",
            "geolocation_grid_status": null,
            "snap_geolocation_grid_used": null,
            "raster_crs": "EPSG:4326",
            "raster_transform": [
              0.00010840393381716083,
              0.0,
              -41.895807142484465,
              0.0,
              -0.00012191578847949808,
              -20.187837691582175,
              0.0,
              0.0,
              1.0
            ],
            "core_bbox_pixels": {
              "x0": 4000,
              "y0": 10000,
              "x1": 6000,
              "y1": 12000
            },
            "processing_bbox_pixels": {
              "x0": 3840,
              "y0": 9840,
              "x1": 6160,
              "y1": 12160
            },
            "core_bounds_lonlat": {
              "west": -40.38336288736142,
              "south": -20.52483668443298,
              "east": -40.14987550258101,
              "north": -20.303015682126635
            },
            "processing_bounds_lonlat": {
              "west": -40.40219382895642,
              "south": -20.54253588609984,
              "east": -40.131372880068135,
              "north": -20.28517625724242
            },
            "halo_pixels": 160,
            "valid_bbox_fraction": 1.0,
            "artifact_aspect_ratio": 1.0,
            "land_mask_info": {
              "enabled": true,
              "applied": true,
              "status": "ok",
              "stage": "cfar_water_mask",
              "resampled_shape": [
                773,
                773
              ],
              "sample_shape": [
                128,
                128
              ],
              "sample_max_dim": 128,
              "available": true,
              "method": "natural_earth_land_point_mask",
              "bounds_lonlat": {
                "west": -40.38336288736142,
                "south": -20.52483668443298,
                "east": -40.14987550258101,
                "north": -20.303015682126635
              },
              "mask_path": "/content/sismom_colab_work_v2/sources/api/copernicus_meta_1-main/copernicus-platform/frontend/public/shapes/ne_10m_land/ne_10m_land.shp",
              "land_buffer_degrees": 0.0,
              "valid_geolocation_points": 16384,
              "land_points": 4454,
              "water_points": 11930,
              "land_fraction": 0.2718505859375,
              "water_fraction": 0.7281494140625,
              "valid_pixels_before_land_mask": 597529,
              "valid_pixels_after_land_mask": 435567,
              "pixels_masked_by_land": 161962,
              "valid_water_fraction": 0.728947046921572,
              "land_skip_threshold": 0.99,
              "min_water_fraction": 0.01,
              "skip_land_tiles": true,
              "skipped": false,
              "reason": "water_candidate",
              "message": "CFAR restrito aos pixels de água."
            },
            "land_fraction": 0.2718505859375,
            "water_fraction": 0.7281494140625,
            "valid_water_fraction": 0.728947046921572,
            "land_mask_method": "natural_earth_land_point_mask",
            "wave_age": null,
            "wave_age_class": null,
            "wave_age_factor": 1.35,
            "wave_age_status": "fallback",
            "era5_time": null,
            "era5_lon": null,
            "era5_lat": null,
            "u10": null,
            "peak_wave_period": null,
            "friction_velocity": null,
            "phase_speed": null,
            "patch_label": "P068",
            "id": 36,
            "source": "cfar",
            "detection_method": "cfar"
          },
          {
            "lat": -20.350742411717405,
            "lon": -40.21142722008246,
            "area_px": 4,
            "min_sigma0_dB": 0.75,
            "mean_sigma0_dB": 1.7599999904632568,
            "max_sigma0_dB": 3.25,
            "threshold_cfar_dB": 0.32,
            "pixel_coords": {
              "row": 354,
              "col": 774,
              "row_resampled": 118,
              "col_resampled": 258
            },
            "bbox_pixel_coords": {
              "row_min": 354,
              "row_max": 357,
              "col_min": 771,
              "col_max": 777
            },
            "global_pixel_coords": {
              "row": 10194,
              "col": 4614
            },
            "source_product": "S1C_IW_GRDH_1SDV_20260810T081241_20260810T081306_008930_011B7A_D208",
            "source_arquivo_id": null,
            "patch_id": 67,
            "patch_name": "patch_0068_VV",
            "geotiff_name": "patch_0068_VV_sigma0_preproc.tif",
            "polarization": "VV",
            "input_scale": "linear",
            "georef_method": "snap_geolocation_grid",
            "geocoding_method": "geolocation_grid",
            "geolocation_grid_status": null,
            "snap_geolocation_grid_used": null,
            "raster_crs": "EPSG:4326",
            "raster_transform": [
              0.00010840393381716083,
              0.0,
              -41.895807142484465,
              0.0,
              -0.00012191578847949808,
              -20.187837691582175,
              0.0,
              0.0,
              1.0
            ],
            "core_bbox_pixels": {
              "x0": 4000,
              "y0": 10000,
              "x1": 6000,
              "y1": 12000
            },
            "processing_bbox_pixels": {
              "x0": 3840,
              "y0": 9840,
              "x1": 6160,
              "y1": 12160
            },
            "core_bounds_lonlat": {
              "west": -40.38336288736142,
              "south": -20.52483668443298,
              "east": -40.14987550258101,
              "north": -20.303015682126635
            },
            "processing_bounds_lonlat": {
              "west": -40.40219382895642,
              "south": -20.54253588609984,
              "east": -40.131372880068135,
              "north": -20.28517625724242
            },
            "halo_pixels": 160,
            "valid_bbox_fraction": 1.0,
            "artifact_aspect_ratio": 1.5,
            "land_mask_info": {
              "enabled": true,
              "applied": true,
              "status": "ok",
              "stage": "cfar_water_mask",
              "resampled_shape": [
                773,
                773
              ],
              "sample_shape": [
                128,
                128
              ],
              "sample_max_dim": 128,
              "available": true,
              "method": "natural_earth_land_point_mask",
              "bounds_lonlat": {
                "west": -40.38336288736142,
                "south": -20.52483668443298,
                "east": -40.14987550258101,
                "north": -20.303015682126635
              },
              "mask_path": "/content/sismom_colab_work_v2/sources/api/copernicus_meta_1-main/copernicus-platform/frontend/public/shapes/ne_10m_land/ne_10m_land.shp",
              "land_buffer_degrees": 0.0,
              "valid_geolocation_points": 16384,
              "land_points": 4454,
              "water_points": 11930,
              "land_fraction": 0.2718505859375,
              "water_fraction": 0.7281494140625,
              "valid_pixels_before_land_mask": 597529,
              "valid_pixels_after_land_mask": 435567,
              "pixels_masked_by_land": 161962,
              "valid_water_fraction": 0.728947046921572,
              "land_skip_threshold": 0.99,
              "min_water_fraction": 0.01,
              "skip_land_tiles": true,
              "skipped": false,
              "reason": "water_candidate",
              "message": "CFAR restrito aos pixels de água."
            },
            "land_fraction": 0.2718505859375,
            "water_fraction": 0.7281494140625,
            "valid_water_fraction": 0.728947046921572,
            "land_mask_method": "natural_earth_land_point_mask",
            "wave_age": null,
            "wave_age_class": null,
            "wave_age_factor": 1.35,
            "wave_age_status": "fallback",
            "era5_time": null,
            "era5_lon": null,
            "era5_lat": null,
            "u10": null,
            "peak_wave_period": null,
            "friction_velocity": null,
            "phase_speed": null,
            "patch_label": "P068",
            "id": 34,
            "source": "cfar",
            "detection_method": "cfar"
          }
        ],
        "yolo_properties": {
          "detection_method": "yolo8",
          "confidence": 0.8742933869361877,
          "class": "ship-1",
          "bbox_pixel": [
            4610.114166259766,
            10190.532104492188,
            4650.957321166992,
            10212.700805664062
          ],
          "bbox_geo": [
            -40.21518594416592,
            -20.351575405834698,
            -40.21096446997048,
            -20.350471550331058
          ],
          "model": "SAR-MULTI-1280p",
          "class_id": 0,
          "class_name": "ship-1",
          "tile_id": 461,
          "land_mask_checked": true,
          "center_is_water": true,
          "bbox_water_fraction": 1.0,
          "land_mask_method": "natural_earth_land_point_mask",
          "id": 12,
          "source": "yolo",
          "centroid_lon": -40.2130751965703,
          "centroid_lat": -20.351023481077693,
          "score": 0.8742933869361877,
          "patch_id": 67,
          "patch_label": "P068"
        }
      }
    },
    {
      "type": "Feature",
      "geometry": {
        "type": "Polygon",
        "coordinates": [
          [
            [
              -40.27279600460971,
              -20.380480155177125
            ],
            [
              -40.271135642292414,
              -20.380480155177125
            ],
            [
              -40.271135642292414,
              -20.379542686271662
            ],
            [
              -40.27279600460971,
              -20.379542686271662
            ],
            [
              -40.27279600460971,
              -20.380480155177125
            ]
          ]
        ]
      },
      "properties": {
        "id": 11,
        "target_id": "T0011",
        "source": "cfar_yolo",
        "detection_method": "cfar+yolo",
        "methods": [
          "cfar",
          "yolo"
        ],
        "fusion_status": "matched",
        "fusion_rule": "geometry_overlap",
        "cfar_id": 48,
        "cfar_ids": [
          48
        ],
        "cfar_fragment_count": 1,
        "yolo_id": 13,
        "cfar_patch_id": 67,
        "cfar_patch_ids": [
          67
        ],
        "yolo_patch_id": 67,
        "patch_id": 67,
        "patch_label": "P068",
        "yolo_confidence": 0.8730758428573608,
        "match_distance_m": 31.348,
        "match_distances_m": [
          31.348
        ],
        "nearest_match_distance_m": 31.348,
        "max_match_distance_m": 31.348,
        "geometries_overlap": true,
        "overlap_by_cfar": [
          true
        ],
        "display_geometry_source": "yolo",
        "cfar_properties": {
          "lat": -20.379899682674743,
          "lon": -40.27163260487845,
          "area_px": 12,
          "min_sigma0_dB": -8.609999656677246,
          "mean_sigma0_dB": -0.10000000149011612,
          "max_sigma0_dB": 8.84000015258789,
          "threshold_cfar_dB": -8.92,
          "pixel_coords": {
            "row": 810,
            "col": 1308,
            "row_resampled": 270,
            "col_resampled": 436
          },
          "bbox_pixel_coords": {
            "row_min": 807,
            "row_max": 816,
            "col_min": 1302,
            "col_max": 1314
          },
          "global_pixel_coords": {
            "row": 10650,
            "col": 5148
          },
          "source_product": "S1C_IW_GRDH_1SDV_20260810T081241_20260810T081306_008930_011B7A_D208",
          "source_arquivo_id": null,
          "patch_id": 67,
          "patch_name": "patch_0068_VV",
          "geotiff_name": "patch_0068_VV_sigma0_preproc.tif",
          "polarization": "VV",
          "input_scale": "linear",
          "georef_method": "snap_geolocation_grid",
          "geocoding_method": "geolocation_grid",
          "geolocation_grid_status": null,
          "snap_geolocation_grid_used": null,
          "raster_crs": "EPSG:4326",
          "raster_transform": [
            0.00010840393381716083,
            0.0,
            -41.895807142484465,
            0.0,
            -0.00012191578847949808,
            -20.187837691582175,
            0.0,
            0.0,
            1.0
          ],
          "core_bbox_pixels": {
            "x0": 4000,
            "y0": 10000,
            "x1": 6000,
            "y1": 12000
          },
          "processing_bbox_pixels": {
            "x0": 3840,
            "y0": 9840,
            "x1": 6160,
            "y1": 12160
          },
          "core_bounds_lonlat": {
            "west": -40.38336288736142,
            "south": -20.52483668443298,
            "east": -40.14987550258101,
            "north": -20.303015682126635
          },
          "processing_bounds_lonlat": {
            "west": -40.40219382895642,
            "south": -20.54253588609984,
            "east": -40.131372880068135,
            "north": -20.28517625724242
          },
          "halo_pixels": 160,
          "valid_bbox_fraction": 1.0,
          "artifact_aspect_ratio": 1.25,
          "land_mask_info": {
            "enabled": true,
            "applied": true,
            "status": "ok",
            "stage": "cfar_water_mask",
            "resampled_shape": [
              773,
              773
            ],
            "sample_shape": [
              128,
              128
            ],
            "sample_max_dim": 128,
            "available": true,
            "method": "natural_earth_land_point_mask",
            "bounds_lonlat": {
              "west": -40.38336288736142,
              "south": -20.52483668443298,
              "east": -40.14987550258101,
              "north": -20.303015682126635
            },
            "mask_path": "/content/sismom_colab_work_v2/sources/api/copernicus_meta_1-main/copernicus-platform/frontend/public/shapes/ne_10m_land/ne_10m_land.shp",
            "land_buffer_degrees": 0.0,
            "valid_geolocation_points": 16384,
            "land_points": 4454,
            "water_points": 11930,
            "land_fraction": 0.2718505859375,
            "water_fraction": 0.7281494140625,
            "valid_pixels_before_land_mask": 597529,
            "valid_pixels_after_land_mask": 435567,
            "pixels_masked_by_land": 161962,
            "valid_water_fraction": 0.728947046921572,
            "land_skip_threshold": 0.99,
            "min_water_fraction": 0.01,
            "skip_land_tiles": true,
            "skipped": false,
            "reason": "water_candidate",
            "message": "CFAR restrito aos pixels de água."
          },
          "land_fraction": 0.2718505859375,
          "water_fraction": 0.7281494140625,
          "valid_water_fraction": 0.728947046921572,
          "land_mask_method": "natural_earth_land_point_mask",
          "wave_age": null,
          "wave_age_class": null,
          "wave_age_factor": 1.35,
          "wave_age_status": "fallback",
          "era5_time": null,
          "era5_lon": null,
          "era5_lat": null,
          "u10": null,
          "peak_wave_period": null,
          "friction_velocity": null,
          "phase_speed": null,
          "patch_label": "P068",
          "id": 48,
          "source": "cfar",
          "detection_method": "cfar"
        },
        "cfar_properties_list": [
          {
            "lat": -20.379899682674743,
            "lon": -40.27163260487845,
            "area_px": 12,
            "min_sigma0_dB": -8.609999656677246,
            "mean_sigma0_dB": -0.10000000149011612,
            "max_sigma0_dB": 8.84000015258789,
            "threshold_cfar_dB": -8.92,
            "pixel_coords": {
              "row": 810,
              "col": 1308,
              "row_resampled": 270,
              "col_resampled": 436
            },
            "bbox_pixel_coords": {
              "row_min": 807,
              "row_max": 816,
              "col_min": 1302,
              "col_max": 1314
            },
            "global_pixel_coords": {
              "row": 10650,
              "col": 5148
            },
            "source_product": "S1C_IW_GRDH_1SDV_20260810T081241_20260810T081306_008930_011B7A_D208",
            "source_arquivo_id": null,
            "patch_id": 67,
            "patch_name": "patch_0068_VV",
            "geotiff_name": "patch_0068_VV_sigma0_preproc.tif",
            "polarization": "VV",
            "input_scale": "linear",
            "georef_method": "snap_geolocation_grid",
            "geocoding_method": "geolocation_grid",
            "geolocation_grid_status": null,
            "snap_geolocation_grid_used": null,
            "raster_crs": "EPSG:4326",
            "raster_transform": [
              0.00010840393381716083,
              0.0,
              -41.895807142484465,
              0.0,
              -0.00012191578847949808,
              -20.187837691582175,
              0.0,
              0.0,
              1.0
            ],
            "core_bbox_pixels": {
              "x0": 4000,
              "y0": 10000,
              "x1": 6000,
              "y1": 12000
            },
            "processing_bbox_pixels": {
              "x0": 3840,
              "y0": 9840,
              "x1": 6160,
              "y1": 12160
            },
            "core_bounds_lonlat": {
              "west": -40.38336288736142,
              "south": -20.52483668443298,
              "east": -40.14987550258101,
              "north": -20.303015682126635
            },
            "processing_bounds_lonlat": {
              "west": -40.40219382895642,
              "south": -20.54253588609984,
              "east": -40.131372880068135,
              "north": -20.28517625724242
            },
            "halo_pixels": 160,
            "valid_bbox_fraction": 1.0,
            "artifact_aspect_ratio": 1.25,
            "land_mask_info": {
              "enabled": true,
              "applied": true,
              "status": "ok",
              "stage": "cfar_water_mask",
              "resampled_shape": [
                773,
                773
              ],
              "sample_shape": [
                128,
                128
              ],
              "sample_max_dim": 128,
              "available": true,
              "method": "natural_earth_land_point_mask",
              "bounds_lonlat": {
                "west": -40.38336288736142,
                "south": -20.52483668443298,
                "east": -40.14987550258101,
                "north": -20.303015682126635
              },
              "mask_path": "/content/sismom_colab_work_v2/sources/api/copernicus_meta_1-main/copernicus-platform/frontend/public/shapes/ne_10m_land/ne_10m_land.shp",
              "land_buffer_degrees": 0.0,
              "valid_geolocation_points": 16384,
              "land_points": 4454,
              "water_points": 11930,
              "land_fraction": 0.2718505859375,
              "water_fraction": 0.7281494140625,
              "valid_pixels_before_land_mask": 597529,
              "valid_pixels_after_land_mask": 435567,
              "pixels_masked_by_land": 161962,
              "valid_water_fraction": 0.728947046921572,
              "land_skip_threshold": 0.99,
              "min_water_fraction": 0.01,
              "skip_land_tiles": true,
              "skipped": false,
              "reason": "water_candidate",
              "message": "CFAR restrito aos pixels de água."
            },
            "land_fraction": 0.2718505859375,
            "water_fraction": 0.7281494140625,
            "valid_water_fraction": 0.728947046921572,
            "land_mask_method": "natural_earth_land_point_mask",
            "wave_age": null,
            "wave_age_class": null,
            "wave_age_factor": 1.35,
            "wave_age_status": "fallback",
            "era5_time": null,
            "era5_lon": null,
            "era5_lat": null,
            "u10": null,
            "peak_wave_period": null,
            "friction_velocity": null,
            "phase_speed": null,
            "patch_label": "P068",
            "id": 48,
            "source": "cfar",
            "detection_method": "cfar"
          }
        ],
        "yolo_properties": {
          "detection_method": "yolo8",
          "confidence": 0.8730758428573608,
          "class": "ship-1",
          "bbox_pixel": [
            5144.026672363281,
            10645.843444824219,
            5158.204040527344,
            10659.8662109375
          ],
          "bbox_geo": [
            -40.27279600460971,
            -20.380480155177125,
            -40.271135642292414,
            -20.379542686271662
          ],
          "model": "SAR-MULTI-1280p",
          "class_id": 0,
          "class_name": "ship-1",
          "tile_id": 496,
          "land_mask_checked": true,
          "center_is_water": true,
          "bbox_water_fraction": 1.0,
          "land_mask_method": "natural_earth_land_point_mask",
          "id": 13,
          "source": "yolo",
          "centroid_lon": -40.27196584353163,
          "centroid_lat": -20.38001141617291,
          "score": 0.8730758428573608,
          "patch_id": 67,
          "patch_label": "P068"
        }
      }
    },
    {
      "type": "Feature",
      "geometry": {
        "type": "Polygon",
        "coordinates": [
          [
            [
              -40.19903400632919,
              -20.299818257105095
            ],
            [
              -40.1969832848369,
              -20.299818257105095
            ],
            [
              -40.1969832848369,
              -20.297554270380264
            ],
            [
              -40.19903400632919,
              -20.297554270380264
            ],
            [
              -40.19903400632919,
              -20.299818257105095
            ]
          ]
        ]
      },
      "properties": {
        "id": 12,
        "target_id": "T0012",
        "source": "cfar_yolo",
        "detection_method": "cfar+yolo",
        "methods": [
          "cfar",
          "yolo"
        ],
        "fusion_status": "matched",
        "fusion_rule": "geometry_overlap",
        "cfar_id": 19,
        "cfar_ids": [
          19
        ],
        "cfar_fragment_count": 1,
        "yolo_id": 15,
        "cfar_patch_id": 54,
        "cfar_patch_ids": [
          54
        ],
        "yolo_patch_id": 54,
        "patch_id": 54,
        "patch_label": "P055",
        "yolo_confidence": 0.8661547899246216,
        "match_distance_m": 71.182,
        "match_distances_m": [
          71.182
        ],
        "nearest_match_distance_m": 71.182,
        "max_match_distance_m": 71.182,
        "geometries_overlap": true,
        "overlap_by_cfar": [
          true
        ],
        "display_geometry_source": "yolo",
        "cfar_properties": {
          "lat": -20.29820664015779,
          "lon": -40.19783801549347,
          "area_px": 10,
          "min_sigma0_dB": -1.6799999475479126,
          "mean_sigma0_dB": 3.059999942779541,
          "max_sigma0_dB": 9.680000305175781,
          "threshold_cfar_dB": -0.25,
          "pixel_coords": {
            "row": 1764,
            "col": 771,
            "row_resampled": 588,
            "col_resampled": 257
          },
          "bbox_pixel_coords": {
            "row_min": 1755,
            "row_max": 1770,
            "col_min": 765,
            "col_max": 777
          },
          "global_pixel_coords": {
            "row": 9604,
            "col": 4611
          },
          "source_product": "S1C_IW_GRDH_1SDV_20260810T081241_20260810T081306_008930_011B7A_D208",
          "source_arquivo_id": null,
          "patch_id": 54,
          "patch_name": "patch_0055_VV",
          "geotiff_name": "patch_0055_VV_sigma0_preproc.tif",
          "polarization": "VV",
          "input_scale": "linear",
          "georef_method": "snap_geolocation_grid",
          "geocoding_method": "geolocation_grid",
          "geolocation_grid_status": null,
          "snap_geolocation_grid_used": null,
          "raster_crs": "EPSG:4326",
          "raster_transform": [
            0.00010840393381716083,
            0.0,
            -41.895807142484465,
            0.0,
            -0.00012191578847949808,
            -19.94400611462318,
            0.0,
            0.0,
            1.0
          ],
          "core_bbox_pixels": {
            "x0": 4000,
            "y0": 8000,
            "x1": 6000,
            "y1": 10000
          },
          "processing_bbox_pixels": {
            "x0": 3840,
            "y0": 7840,
            "x1": 6160,
            "y1": 10160
          },
          "core_bounds_lonlat": {
            "west": -40.33890751420324,
            "south": -20.346518550005825,
            "east": -40.10484794515679,
            "north": -20.124347521714363
          },
          "processing_bounds_lonlat": {
            "west": -40.357859806670454,
            "south": -20.36421421019537,
            "east": -40.086341775118726,
            "north": -20.106420575143357
          },
          "halo_pixels": 160,
          "valid_bbox_fraction": 1.0,
          "artifact_aspect_ratio": 1.2,
          "land_mask_info": {
            "enabled": true,
            "applied": true,
            "status": "ok",
            "stage": "cfar_water_mask",
            "resampled_shape": [
              773,
              773
            ],
            "sample_shape": [
              128,
              128
            ],
            "sample_max_dim": 128,
            "available": true,
            "method": "natural_earth_land_point_mask",
            "bounds_lonlat": {
              "west": -40.33890751420324,
              "south": -20.346518550005825,
              "east": -40.10484794515679,
              "north": -20.124347521714363
            },
            "mask_path": "/content/sismom_colab_work_v2/sources/api/copernicus_meta_1-main/copernicus-platform/frontend/public/shapes/ne_10m_land/ne_10m_land.shp",
            "land_buffer_degrees": 0.0,
            "valid_geolocation_points": 16384,
            "land_points": 6693,
            "water_points": 9691,
            "land_fraction": 0.40850830078125,
            "water_fraction": 0.59149169921875,
            "valid_pixels_before_land_mask": 597529,
            "valid_pixels_after_land_mask": 353109,
            "pixels_masked_by_land": 244420,
            "valid_water_fraction": 0.5909487238276301,
            "land_skip_threshold": 0.99,
            "min_water_fraction": 0.01,
            "skip_land_tiles": true,
            "skipped": false,
            "reason": "water_candidate",
            "message": "CFAR restrito aos pixels de água."
          },
          "land_fraction": 0.40850830078125,
          "water_fraction": 0.59149169921875,
          "valid_water_fraction": 0.5909487238276301,
          "land_mask_method": "natural_earth_land_point_mask",
          "wave_age": null,
          "wave_age_class": null,
          "wave_age_factor": 1.35,
          "wave_age_status": "fallback",
          "era5_time": null,
          "era5_lon": null,
          "era5_lat": null,
          "u10": null,
          "peak_wave_period": null,
          "friction_velocity": null,
          "phase_speed": null,
          "patch_label": "P055",
          "id": 19,
          "source": "cfar",
          "detection_method": "cfar"
        },
        "cfar_properties_list": [
          {
            "lat": -20.29820664015779,
            "lon": -40.19783801549347,
            "area_px": 10,
            "min_sigma0_dB": -1.6799999475479126,
            "mean_sigma0_dB": 3.059999942779541,
            "max_sigma0_dB": 9.680000305175781,
            "threshold_cfar_dB": -0.25,
            "pixel_coords": {
              "row": 1764,
              "col": 771,
              "row_resampled": 588,
              "col_resampled": 257
            },
            "bbox_pixel_coords": {
              "row_min": 1755,
              "row_max": 1770,
              "col_min": 765,
              "col_max": 777
            },
            "global_pixel_coords": {
              "row": 9604,
              "col": 4611
            },
            "source_product": "S1C_IW_GRDH_1SDV_20260810T081241_20260810T081306_008930_011B7A_D208",
            "source_arquivo_id": null,
            "patch_id": 54,
            "patch_name": "patch_0055_VV",
            "geotiff_name": "patch_0055_VV_sigma0_preproc.tif",
            "polarization": "VV",
            "input_scale": "linear",
            "georef_method": "snap_geolocation_grid",
            "geocoding_method": "geolocation_grid",
            "geolocation_grid_status": null,
            "snap_geolocation_grid_used": null,
            "raster_crs": "EPSG:4326",
            "raster_transform": [
              0.00010840393381716083,
              0.0,
              -41.895807142484465,
              0.0,
              -0.00012191578847949808,
              -19.94400611462318,
              0.0,
              0.0,
              1.0
            ],
            "core_bbox_pixels": {
              "x0": 4000,
              "y0": 8000,
              "x1": 6000,
              "y1": 10000
            },
            "processing_bbox_pixels": {
              "x0": 3840,
              "y0": 7840,
              "x1": 6160,
              "y1": 10160
            },
            "core_bounds_lonlat": {
              "west": -40.33890751420324,
              "south": -20.346518550005825,
              "east": -40.10484794515679,
              "north": -20.124347521714363
            },
            "processing_bounds_lonlat": {
              "west": -40.357859806670454,
              "south": -20.36421421019537,
              "east": -40.086341775118726,
              "north": -20.106420575143357
            },
            "halo_pixels": 160,
            "valid_bbox_fraction": 1.0,
            "artifact_aspect_ratio": 1.2,
            "land_mask_info": {
              "enabled": true,
              "applied": true,
              "status": "ok",
              "stage": "cfar_water_mask",
              "resampled_shape": [
                773,
                773
              ],
              "sample_shape": [
                128,
                128
              ],
              "sample_max_dim": 128,
              "available": true,
              "method": "natural_earth_land_point_mask",
              "bounds_lonlat": {
                "west": -40.33890751420324,
                "south": -20.346518550005825,
                "east": -40.10484794515679,
                "north": -20.124347521714363
              },
              "mask_path": "/content/sismom_colab_work_v2/sources/api/copernicus_meta_1-main/copernicus-platform/frontend/public/shapes/ne_10m_land/ne_10m_land.shp",
              "land_buffer_degrees": 0.0,
              "valid_geolocation_points": 16384,
              "land_points": 6693,
              "water_points": 9691,
              "land_fraction": 0.40850830078125,
              "water_fraction": 0.59149169921875,
              "valid_pixels_before_land_mask": 597529,
              "valid_pixels_after_land_mask": 353109,
              "pixels_masked_by_land": 244420,
              "valid_water_fraction": 0.5909487238276301,
              "land_skip_threshold": 0.99,
              "min_water_fraction": 0.01,
              "skip_land_tiles": true,
              "skipped": false,
              "reason": "water_candidate",
              "message": "CFAR restrito aos pixels de água."
            },
            "land_fraction": 0.40850830078125,
            "water_fraction": 0.59149169921875,
            "valid_water_fraction": 0.5909487238276301,
            "land_mask_method": "natural_earth_land_point_mask",
            "wave_age": null,
            "wave_age_class": null,
            "wave_age_factor": 1.35,
            "wave_age_status": "fallback",
            "era5_time": null,
            "era5_lon": null,
            "era5_lat": null,
            "u10": null,
            "peak_wave_period": null,
            "friction_velocity": null,
            "phase_speed": null,
            "patch_label": "P055",
            "id": 19,
            "source": "cfar",
            "detection_method": "cfar"
          }
        ],
        "yolo_properties": {
          "detection_method": "yolo8",
          "confidence": 0.8661547899246216,
          "class": "ship-1",
          "bbox_pixel": [
            4604.389617919922,
            9595.252206802368,
            4619.654022216797,
            9624.719944000244
          ],
          "bbox_geo": [
            -40.19903400632919,
            -20.299818257105095,
            -40.1969832848369,
            -20.297554270380264
          ],
          "model": "SAR-MULTI-1280p",
          "class_id": 0,
          "class_name": "ship-1",
          "tile_id": 461,
          "land_mask_checked": true,
          "center_is_water": true,
          "bbox_water_fraction": 1.0,
          "land_mask_method": "natural_earth_land_point_mask",
          "id": 15,
          "source": "yolo",
          "centroid_lon": -40.19804391116887,
          "centroid_lat": -20.298630974190623,
          "score": 0.8661547899246216,
          "patch_id": 54,
          "patch_label": "P055"
        }
      }
    },
    {
      "type": "Feature",
      "geometry": {
        "type": "Polygon",
        "coordinates": [
          [
            [
              -40.184663019517366,
              -20.379357744693877
            ],
            [
              -40.18188963702398,
              -20.379357744693877
            ],
            [
              -40.18188963702398,
              -20.377354464008594
            ],
            [
              -40.184663019517366,
              -20.377354464008594
            ],
            [
              -40.184663019517366,
              -20.379357744693877
            ]
          ]
        ]
      },
      "properties": {
        "id": 13,
        "target_id": "T0013",
        "source": "cfar_yolo",
        "detection_method": "cfar+yolo",
        "methods": [
          "cfar",
          "yolo"
        ],
        "fusion_status": "matched",
        "fusion_rule": "geometry_overlap",
        "cfar_id": 42,
        "cfar_ids": [
          42
        ],
        "cfar_fragment_count": 1,
        "yolo_id": 16,
        "cfar_patch_id": 67,
        "cfar_patch_ids": [
          67
        ],
        "yolo_patch_id": 66,
        "patch_id": 66,
        "patch_label": "P067",
        "yolo_confidence": 0.8658692240715027,
        "match_distance_m": 7.108,
        "match_distances_m": [
          7.108
        ],
        "nearest_match_distance_m": 7.108,
        "max_match_distance_m": 7.108,
        "geometries_overlap": true,
        "overlap_by_cfar": [
          true
        ],
        "display_geometry_source": "yolo",
        "cfar_properties": {
          "lat": -20.37818851173704,
          "lon": -40.1831846667932,
          "area_px": 19,
          "min_sigma0_dB": -4.829999923706055,
          "mean_sigma0_dB": -0.019999999552965164,
          "max_sigma0_dB": 4.849999904632568,
          "threshold_cfar_dB": -4.42,
          "pixel_coords": {
            "row": 576,
            "col": 417,
            "row_resampled": 192,
            "col_resampled": 139
          },
          "bbox_pixel_coords": {
            "row_min": 567,
            "row_max": 588,
            "col_min": 408,
            "col_max": 426
          },
          "global_pixel_coords": {
            "row": 10416,
            "col": 4257
          },
          "source_product": "S1C_IW_GRDH_1SDV_20260810T081241_20260810T081306_008930_011B7A_D208",
          "source_arquivo_id": null,
          "patch_id": 67,
          "patch_name": "patch_0068_VV",
          "geotiff_name": "patch_0068_VV_sigma0_preproc.tif",
          "polarization": "VV",
          "input_scale": "linear",
          "georef_method": "snap_geolocation_grid",
          "geocoding_method": "geolocation_grid",
          "geolocation_grid_status": null,
          "snap_geolocation_grid_used": null,
          "raster_crs": "EPSG:4326",
          "raster_transform": [
            0.00010840393381716083,
            0.0,
            -41.895807142484465,
            0.0,
            -0.00012191578847949808,
            -20.187837691582175,
            0.0,
            0.0,
            1.0
          ],
          "core_bbox_pixels": {
            "x0": 4000,
            "y0": 10000,
            "x1": 6000,
            "y1": 12000
          },
          "processing_bbox_pixels": {
            "x0": 3840,
            "y0": 9840,
            "x1": 6160,
            "y1": 12160
          },
          "core_bounds_lonlat": {
            "west": -40.38336288736142,
            "south": -20.52483668443298,
            "east": -40.14987550258101,
            "north": -20.303015682126635
          },
          "processing_bounds_lonlat": {
            "west": -40.40219382895642,
            "south": -20.54253588609984,
            "east": -40.131372880068135,
            "north": -20.28517625724242
          },
          "halo_pixels": 160,
          "valid_bbox_fraction": 1.0,
          "artifact_aspect_ratio": 1.1429,
          "land_mask_info": {
            "enabled": true,
            "applied": true,
            "status": "ok",
            "stage": "cfar_water_mask",
            "resampled_shape": [
              773,
              773
            ],
            "sample_shape": [
              128,
              128
            ],
            "sample_max_dim": 128,
            "available": true,
            "method": "natural_earth_land_point_mask",
            "bounds_lonlat": {
              "west": -40.38336288736142,
              "south": -20.52483668443298,
              "east": -40.14987550258101,
              "north": -20.303015682126635
            },
            "mask_path": "/content/sismom_colab_work_v2/sources/api/copernicus_meta_1-main/copernicus-platform/frontend/public/shapes/ne_10m_land/ne_10m_land.shp",
            "land_buffer_degrees": 0.0,
            "valid_geolocation_points": 16384,
            "land_points": 4454,
            "water_points": 11930,
            "land_fraction": 0.2718505859375,
            "water_fraction": 0.7281494140625,
            "valid_pixels_before_land_mask": 597529,
            "valid_pixels_after_land_mask": 435567,
            "pixels_masked_by_land": 161962,
            "valid_water_fraction": 0.728947046921572,
            "land_skip_threshold": 0.99,
            "min_water_fraction": 0.01,
            "skip_land_tiles": true,
            "skipped": false,
            "reason": "water_candidate",
            "message": "CFAR restrito aos pixels de água."
          },
          "land_fraction": 0.2718505859375,
          "water_fraction": 0.7281494140625,
          "valid_water_fraction": 0.728947046921572,
          "land_mask_method": "natural_earth_land_point_mask",
          "wave_age": null,
          "wave_age_class": null,
          "wave_age_factor": 1.35,
          "wave_age_status": "fallback",
          "era5_time": null,
          "era5_lon": null,
          "era5_lat": null,
          "u10": null,
          "peak_wave_period": null,
          "friction_velocity": null,
          "phase_speed": null,
          "patch_label": "P068",
          "id": 42,
          "source": "cfar",
          "detection_method": "cfar"
        },
        "cfar_properties_list": [
          {
            "lat": -20.37818851173704,
            "lon": -40.1831846667932,
            "area_px": 19,
            "min_sigma0_dB": -4.829999923706055,
            "mean_sigma0_dB": -0.019999999552965164,
            "max_sigma0_dB": 4.849999904632568,
            "threshold_cfar_dB": -4.42,
            "pixel_coords": {
              "row": 576,
              "col": 417,
              "row_resampled": 192,
              "col_resampled": 139
            },
            "bbox_pixel_coords": {
              "row_min": 567,
              "row_max": 588,
              "col_min": 408,
              "col_max": 426
            },
            "global_pixel_coords": {
              "row": 10416,
              "col": 4257
            },
            "source_product": "S1C_IW_GRDH_1SDV_20260810T081241_20260810T081306_008930_011B7A_D208",
            "source_arquivo_id": null,
            "patch_id": 67,
            "patch_name": "patch_0068_VV",
            "geotiff_name": "patch_0068_VV_sigma0_preproc.tif",
            "polarization": "VV",
            "input_scale": "linear",
            "georef_method": "snap_geolocation_grid",
            "geocoding_method": "geolocation_grid",
            "geolocation_grid_status": null,
            "snap_geolocation_grid_used": null,
            "raster_crs": "EPSG:4326",
            "raster_transform": [
              0.00010840393381716083,
              0.0,
              -41.895807142484465,
              0.0,
              -0.00012191578847949808,
              -20.187837691582175,
              0.0,
              0.0,
              1.0
            ],
            "core_bbox_pixels": {
              "x0": 4000,
              "y0": 10000,
              "x1": 6000,
              "y1": 12000
            },
            "processing_bbox_pixels": {
              "x0": 3840,
              "y0": 9840,
              "x1": 6160,
              "y1": 12160
            },
            "core_bounds_lonlat": {
              "west": -40.38336288736142,
              "south": -20.52483668443298,
              "east": -40.14987550258101,
              "north": -20.303015682126635
            },
            "processing_bounds_lonlat": {
              "west": -40.40219382895642,
              "south": -20.54253588609984,
              "east": -40.131372880068135,
              "north": -20.28517625724242
            },
            "halo_pixels": 160,
            "valid_bbox_fraction": 1.0,
            "artifact_aspect_ratio": 1.1429,
            "land_mask_info": {
              "enabled": true,
              "applied": true,
              "status": "ok",
              "stage": "cfar_water_mask",
              "resampled_shape": [
                773,
                773
              ],
              "sample_shape": [
                128,
                128
              ],
              "sample_max_dim": 128,
              "available": true,
              "method": "natural_earth_land_point_mask",
              "bounds_lonlat": {
                "west": -40.38336288736142,
                "south": -20.52483668443298,
                "east": -40.14987550258101,
                "north": -20.303015682126635
              },
              "mask_path": "/content/sismom_colab_work_v2/sources/api/copernicus_meta_1-main/copernicus-platform/frontend/public/shapes/ne_10m_land/ne_10m_land.shp",
              "land_buffer_degrees": 0.0,
              "valid_geolocation_points": 16384,
              "land_points": 4454,
              "water_points": 11930,
              "land_fraction": 0.2718505859375,
              "water_fraction": 0.7281494140625,
              "valid_pixels_before_land_mask": 597529,
              "valid_pixels_after_land_mask": 435567,
              "pixels_masked_by_land": 161962,
              "valid_water_fraction": 0.728947046921572,
              "land_skip_threshold": 0.99,
              "min_water_fraction": 0.01,
              "skip_land_tiles": true,
              "skipped": false,
              "reason": "water_candidate",
              "message": "CFAR restrito aos pixels de água."
            },
            "land_fraction": 0.2718505859375,
            "water_fraction": 0.7281494140625,
            "valid_water_fraction": 0.728947046921572,
            "land_mask_method": "natural_earth_land_point_mask",
            "wave_age": null,
            "wave_age_class": null,
            "wave_age_factor": 1.35,
            "wave_age_status": "fallback",
            "era5_time": null,
            "era5_lon": null,
            "era5_lat": null,
            "u10": null,
            "peak_wave_period": null,
            "friction_velocity": null,
            "phase_speed": null,
            "patch_label": "P068",
            "id": 42,
            "source": "cfar",
            "detection_method": "cfar"
          }
        ],
        "yolo_properties": {
          "detection_method": "yolo8",
          "confidence": 0.8658692240715027,
          "class": "ship-1",
          "bbox_pixel": [
            4246.552185058594,
            10404.515480041504,
            4269.306335449219,
            10432.924362182617
          ],
          "bbox_geo": [
            -40.184663019517366,
            -20.379357744693877,
            -40.18188963702398,
            -20.377354464008594
          ],
          "model": "SAR-MULTI-1280p",
          "class_id": 0,
          "class_name": "ship-1",
          "tile_id": 495,
          "land_mask_checked": true,
          "center_is_water": true,
          "bbox_water_fraction": 1.0,
          "land_mask_method": "natural_earth_land_point_mask",
          "id": 16,
          "source": "yolo",
          "centroid_lon": -40.183229750935325,
          "centroid_lat": -20.37836682674309,
          "score": 0.8658692240715027,
          "patch_id": 66,
          "patch_label": "P067"
        }
      }
    },
    {
      "type": "Feature",
      "geometry": {
        "type": "Polygon",
        "coordinates": [
          [
            [
              -40.16123997041983,
              -20.494944452498483
            ],
            [
              -40.159119563915134,
              -20.494944452498483
            ],
            [
              -40.159119563915134,
              -20.492412262549184
            ],
            [
              -40.16123997041983,
              -20.492412262549184
            ],
            [
              -40.16123997041983,
              -20.494944452498483
            ]
          ]
        ]
      },
      "properties": {
        "id": 14,
        "target_id": "T0014",
        "source": "cfar_yolo",
        "detection_method": "cfar+yolo",
        "methods": [
          "cfar",
          "yolo"
        ],
        "fusion_status": "matched",
        "fusion_rule": "geometry_overlap",
        "cfar_id": 31,
        "cfar_ids": [
          31
        ],
        "cfar_fragment_count": 1,
        "yolo_id": 17,
        "cfar_patch_id": 66,
        "cfar_patch_ids": [
          66
        ],
        "yolo_patch_id": 66,
        "patch_id": 66,
        "patch_label": "P067",
        "yolo_confidence": 0.8644623756408691,
        "match_distance_m": 20.676,
        "match_distances_m": [
          20.676
        ],
        "nearest_match_distance_m": 20.676,
        "max_match_distance_m": 20.676,
        "geometries_overlap": true,
        "overlap_by_cfar": [
          true
        ],
        "display_geometry_source": "yolo",
        "cfar_properties": {
          "lat": -20.49393155779341,
          "lon": -40.159898586853416,
          "area_px": 17,
          "min_sigma0_dB": -1.850000023841858,
          "mean_sigma0_dB": 2.319999933242798,
          "max_sigma0_dB": 10.390000343322754,
          "threshold_cfar_dB": -3.96,
          "pixel_coords": {
            "row": 1746,
            "col": 1884,
            "row_resampled": 582,
            "col_resampled": 628
          },
          "bbox_pixel_coords": {
            "row_min": 1731,
            "row_max": 1758,
            "col_min": 1881,
            "col_max": 1890
          },
          "global_pixel_coords": {
            "row": 11586,
            "col": 3724
          },
          "source_product": "S1C_IW_GRDH_1SDV_20260810T081241_20260810T081306_008930_011B7A_D208",
          "source_arquivo_id": null,
          "patch_id": 66,
          "patch_name": "patch_0067_VV",
          "geotiff_name": "patch_0067_VV_sigma0_preproc.tif",
          "polarization": "VV",
          "input_scale": "linear",
          "georef_method": "snap_geolocation_grid",
          "geocoding_method": "geolocation_grid",
          "geolocation_grid_status": null,
          "snap_geolocation_grid_used": null,
          "raster_crs": "EPSG:4326",
          "raster_transform": [
            0.00010840393381716083,
            0.0,
            -42.11261501011878,
            0.0,
            -0.00012191578847949808,
            -20.187837691582175,
            0.0,
            0.0,
            1.0
          ],
          "core_bbox_pixels": {
            "x0": 2000,
            "y0": 10000,
            "x1": 4000,
            "y1": 12000
          },
          "processing_bbox_pixels": {
            "x0": 1840,
            "y0": 9840,
            "x1": 4160,
            "y1": 12160
          },
          "core_bounds_lonlat": {
            "west": -40.19485341430151,
            "south": -20.567612750694497,
            "east": -39.963549196390055,
            "north": -20.346629145717575
          },
          "processing_bounds_lonlat": {
            "west": -40.213380643212034,
            "south": -20.58529587641042,
            "east": -39.94504910326753,
            "north": -20.328934178147936
          },
          "halo_pixels": 160,
          "valid_bbox_fraction": 1.0,
          "artifact_aspect_ratio": 2.5,
          "land_mask_info": {
            "enabled": true,
            "applied": true,
            "status": "ok",
            "stage": "cfar_water_mask",
            "resampled_shape": [
              773,
              773
            ],
            "sample_shape": [
              128,
              128
            ],
            "sample_max_dim": 128,
            "available": true,
            "method": "natural_earth_land_point_mask",
            "bounds_lonlat": {
              "west": -40.19485341430151,
              "south": -20.567612750694497,
              "east": -39.963549196390055,
              "north": -20.346629145717575
            },
            "mask_path": "/content/sismom_colab_work_v2/sources/api/copernicus_meta_1-main/copernicus-platform/frontend/public/shapes/ne_10m_land/ne_10m_land.shp",
            "land_buffer_degrees": 0.0,
            "valid_geolocation_points": 16384,
            "land_points": 0,
            "water_points": 16384,
            "land_fraction": 0.0,
            "water_fraction": 1.0,
            "valid_pixels_before_land_mask": 597529,
            "valid_pixels_after_land_mask": 597529,
            "pixels_masked_by_land": 0,
            "valid_water_fraction": 1.0,
            "land_skip_threshold": 0.99,
            "min_water_fraction": 0.01,
            "skip_land_tiles": true,
            "skipped": false,
            "reason": "water_candidate",
            "message": "CFAR restrito aos pixels de água."
          },
          "land_fraction": 0.0,
          "water_fraction": 1.0,
          "valid_water_fraction": 1.0,
          "land_mask_method": "natural_earth_land_point_mask",
          "wave_age": null,
          "wave_age_class": null,
          "wave_age_factor": 1.35,
          "wave_age_status": "fallback",
          "era5_time": null,
          "era5_lon": null,
          "era5_lat": null,
          "u10": null,
          "peak_wave_period": null,
          "friction_velocity": null,
          "phase_speed": null,
          "patch_label": "P067",
          "id": 31,
          "source": "cfar",
          "detection_method": "cfar"
        },
        "cfar_properties_list": [
          {
            "lat": -20.49393155779341,
            "lon": -40.159898586853416,
            "area_px": 17,
            "min_sigma0_dB": -1.850000023841858,
            "mean_sigma0_dB": 2.319999933242798,
            "max_sigma0_dB": 10.390000343322754,
            "threshold_cfar_dB": -3.96,
            "pixel_coords": {
              "row": 1746,
              "col": 1884,
              "row_resampled": 582,
              "col_resampled": 628
            },
            "bbox_pixel_coords": {
              "row_min": 1731,
              "row_max": 1758,
              "col_min": 1881,
              "col_max": 1890
            },
            "global_pixel_coords": {
              "row": 11586,
              "col": 3724
            },
            "source_product": "S1C_IW_GRDH_1SDV_20260810T081241_20260810T081306_008930_011B7A_D208",
            "source_arquivo_id": null,
            "patch_id": 66,
            "patch_name": "patch_0067_VV",
            "geotiff_name": "patch_0067_VV_sigma0_preproc.tif",
            "polarization": "VV",
            "input_scale": "linear",
            "georef_method": "snap_geolocation_grid",
            "geocoding_method": "geolocation_grid",
            "geolocation_grid_status": null,
            "snap_geolocation_grid_used": null,
            "raster_crs": "EPSG:4326",
            "raster_transform": [
              0.00010840393381716083,
              0.0,
              -42.11261501011878,
              0.0,
              -0.00012191578847949808,
              -20.187837691582175,
              0.0,
              0.0,
              1.0
            ],
            "core_bbox_pixels": {
              "x0": 2000,
              "y0": 10000,
              "x1": 4000,
              "y1": 12000
            },
            "processing_bbox_pixels": {
              "x0": 1840,
              "y0": 9840,
              "x1": 4160,
              "y1": 12160
            },
            "core_bounds_lonlat": {
              "west": -40.19485341430151,
              "south": -20.567612750694497,
              "east": -39.963549196390055,
              "north": -20.346629145717575
            },
            "processing_bounds_lonlat": {
              "west": -40.213380643212034,
              "south": -20.58529587641042,
              "east": -39.94504910326753,
              "north": -20.328934178147936
            },
            "halo_pixels": 160,
            "valid_bbox_fraction": 1.0,
            "artifact_aspect_ratio": 2.5,
            "land_mask_info": {
              "enabled": true,
              "applied": true,
              "status": "ok",
              "stage": "cfar_water_mask",
              "resampled_shape": [
                773,
                773
              ],
              "sample_shape": [
                128,
                128
              ],
              "sample_max_dim": 128,
              "available": true,
              "method": "natural_earth_land_point_mask",
              "bounds_lonlat": {
                "west": -40.19485341430151,
                "south": -20.567612750694497,
                "east": -39.963549196390055,
                "north": -20.346629145717575
              },
              "mask_path": "/content/sismom_colab_work_v2/sources/api/copernicus_meta_1-main/copernicus-platform/frontend/public/shapes/ne_10m_land/ne_10m_land.shp",
              "land_buffer_degrees": 0.0,
              "valid_geolocation_points": 16384,
              "land_points": 0,
              "water_points": 16384,
              "land_fraction": 0.0,
              "water_fraction": 1.0,
              "valid_pixels_before_land_mask": 597529,
              "valid_pixels_after_land_mask": 597529,
              "pixels_masked_by_land": 0,
              "valid_water_fraction": 1.0,
              "land_skip_threshold": 0.99,
              "min_water_fraction": 0.01,
              "skip_land_tiles": true,
              "skipped": false,
              "reason": "water_candidate",
              "message": "CFAR restrito aos pixels de água."
            },
            "land_fraction": 0.0,
            "water_fraction": 1.0,
            "valid_water_fraction": 1.0,
            "land_mask_method": "natural_earth_land_point_mask",
            "wave_age": null,
            "wave_age_class": null,
            "wave_age_factor": 1.35,
            "wave_age_status": "fallback",
            "era5_time": null,
            "era5_lon": null,
            "era5_lat": null,
            "u10": null,
            "peak_wave_period": null,
            "friction_velocity": null,
            "phase_speed": null,
            "patch_label": "P067",
            "id": 31,
            "source": "cfar",
            "detection_method": "cfar"
          }
        ],
        "yolo_properties": {
          "detection_method": "yolo8",
          "confidence": 0.8644623756408691,
          "class": "ship-1",
          "bbox_pixel": [
            3720.5750427246094,
            11568.807556152344,
            3735.4230155944824,
            11600.852478027344
          ],
          "bbox_geo": [
            -40.16123997041983,
            -20.494944452498483,
            -40.159119563915134,
            -20.492412262549184
          ],
          "model": "SAR-MULTI-1280p",
          "class_id": 0,
          "class_name": "ship-1",
          "tile_id": 530,
          "land_mask_checked": true,
          "center_is_water": true,
          "bbox_water_fraction": 1.0,
          "land_mask_method": "natural_earth_land_point_mask",
          "id": 17,
          "source": "yolo",
          "centroid_lon": -40.16013314754059,
          "centroid_lat": -20.49368905607756,
          "score": 0.8644623756408691,
          "patch_id": 66,
          "patch_label": "P067"
        }
      }
    },
    {
      "type": "Feature",
      "geometry": {
        "type": "Polygon",
        "coordinates": [
          [
            [
              -40.24765903279075,
              -20.372781183433347
            ],
            [
              -40.24590640033443,
              -20.372781183433347
            ],
            [
              -40.24590640033443,
              -20.370920359901877
            ],
            [
              -40.24765903279075,
              -20.370920359901877
            ],
            [
              -40.24765903279075,
              -20.372781183433347
            ]
          ]
        ]
      },
      "properties": {
        "id": 15,
        "target_id": "T0015",
        "source": "cfar_yolo",
        "detection_method": "cfar+yolo",
        "methods": [
          "cfar",
          "yolo"
        ],
        "fusion_status": "matched",
        "fusion_rule": "geometry_overlap",
        "cfar_id": 43,
        "cfar_ids": [
          43
        ],
        "cfar_fragment_count": 1,
        "yolo_id": 18,
        "cfar_patch_id": 67,
        "cfar_patch_ids": [
          67
        ],
        "yolo_patch_id": 67,
        "patch_id": 67,
        "patch_label": "P068",
        "yolo_confidence": 0.8629236221313477,
        "match_distance_m": 10.147,
        "match_distances_m": [
          10.147
        ],
        "nearest_match_distance_m": 10.147,
        "max_match_distance_m": 10.147,
        "geometries_overlap": true,
        "overlap_by_cfar": [
          true
        ],
        "display_geometry_source": "yolo",
        "cfar_properties": {
          "lat": -20.371729461895047,
          "lon": -40.246899854003175,
          "area_px": 14,
          "min_sigma0_dB": -5.130000114440918,
          "mean_sigma0_dB": 3.2200000286102295,
          "max_sigma0_dB": 8.569999694824219,
          "threshold_cfar_dB": -6.79,
          "pixel_coords": {
            "row": 663,
            "col": 1080,
            "row_resampled": 221,
            "col_resampled": 360
          },
          "bbox_pixel_coords": {
            "row_min": 654,
            "row_max": 672,
            "col_min": 1074,
            "col_max": 1083
          },
          "global_pixel_coords": {
            "row": 10503,
            "col": 4920
          },
          "source_product": "S1C_IW_GRDH_1SDV_20260810T081241_20260810T081306_008930_011B7A_D208",
          "source_arquivo_id": null,
          "patch_id": 67,
          "patch_name": "patch_0068_VV",
          "geotiff_name": "patch_0068_VV_sigma0_preproc.tif",
          "polarization": "VV",
          "input_scale": "linear",
          "georef_method": "snap_geolocation_grid",
          "geocoding_method": "geolocation_grid",
          "geolocation_grid_status": null,
          "snap_geolocation_grid_used": null,
          "raster_crs": "EPSG:4326",
          "raster_transform": [
            0.00010840393381716083,
            0.0,
            -41.895807142484465,
            0.0,
            -0.00012191578847949808,
            -20.187837691582175,
            0.0,
            0.0,
            1.0
          ],
          "core_bbox_pixels": {
            "x0": 4000,
            "y0": 10000,
            "x1": 6000,
            "y1": 12000
          },
          "processing_bbox_pixels": {
            "x0": 3840,
            "y0": 9840,
            "x1": 6160,
            "y1": 12160
          },
          "core_bounds_lonlat": {
            "west": -40.38336288736142,
            "south": -20.52483668443298,
            "east": -40.14987550258101,
            "north": -20.303015682126635
          },
          "processing_bounds_lonlat": {
            "west": -40.40219382895642,
            "south": -20.54253588609984,
            "east": -40.131372880068135,
            "north": -20.28517625724242
          },
          "halo_pixels": 160,
          "valid_bbox_fraction": 1.0,
          "artifact_aspect_ratio": 1.75,
          "land_mask_info": {
            "enabled": true,
            "applied": true,
            "status": "ok",
            "stage": "cfar_water_mask",
            "resampled_shape": [
              773,
              773
            ],
            "sample_shape": [
              128,
              128
            ],
            "sample_max_dim": 128,
            "available": true,
            "method": "natural_earth_land_point_mask",
            "bounds_lonlat": {
              "west": -40.38336288736142,
              "south": -20.52483668443298,
              "east": -40.14987550258101,
              "north": -20.303015682126635
            },
            "mask_path": "/content/sismom_colab_work_v2/sources/api/copernicus_meta_1-main/copernicus-platform/frontend/public/shapes/ne_10m_land/ne_10m_land.shp",
            "land_buffer_degrees": 0.0,
            "valid_geolocation_points": 16384,
            "land_points": 4454,
            "water_points": 11930,
            "land_fraction": 0.2718505859375,
            "water_fraction": 0.7281494140625,
            "valid_pixels_before_land_mask": 597529,
            "valid_pixels_after_land_mask": 435567,
            "pixels_masked_by_land": 161962,
            "valid_water_fraction": 0.728947046921572,
            "land_skip_threshold": 0.99,
            "min_water_fraction": 0.01,
            "skip_land_tiles": true,
            "skipped": false,
            "reason": "water_candidate",
            "message": "CFAR restrito aos pixels de água."
          },
          "land_fraction": 0.2718505859375,
          "water_fraction": 0.7281494140625,
          "valid_water_fraction": 0.728947046921572,
          "land_mask_method": "natural_earth_land_point_mask",
          "wave_age": null,
          "wave_age_class": null,
          "wave_age_factor": 1.35,
          "wave_age_status": "fallback",
          "era5_time": null,
          "era5_lon": null,
          "era5_lat": null,
          "u10": null,
          "peak_wave_period": null,
          "friction_velocity": null,
          "phase_speed": null,
          "patch_label": "P068",
          "id": 43,
          "source": "cfar",
          "detection_method": "cfar"
        },
        "cfar_properties_list": [
          {
            "lat": -20.371729461895047,
            "lon": -40.246899854003175,
            "area_px": 14,
            "min_sigma0_dB": -5.130000114440918,
            "mean_sigma0_dB": 3.2200000286102295,
            "max_sigma0_dB": 8.569999694824219,
            "threshold_cfar_dB": -6.79,
            "pixel_coords": {
              "row": 663,
              "col": 1080,
              "row_resampled": 221,
              "col_resampled": 360
            },
            "bbox_pixel_coords": {
              "row_min": 654,
              "row_max": 672,
              "col_min": 1074,
              "col_max": 1083
            },
            "global_pixel_coords": {
              "row": 10503,
              "col": 4920
            },
            "source_product": "S1C_IW_GRDH_1SDV_20260810T081241_20260810T081306_008930_011B7A_D208",
            "source_arquivo_id": null,
            "patch_id": 67,
            "patch_name": "patch_0068_VV",
            "geotiff_name": "patch_0068_VV_sigma0_preproc.tif",
            "polarization": "VV",
            "input_scale": "linear",
            "georef_method": "snap_geolocation_grid",
            "geocoding_method": "geolocation_grid",
            "geolocation_grid_status": null,
            "snap_geolocation_grid_used": null,
            "raster_crs": "EPSG:4326",
            "raster_transform": [
              0.00010840393381716083,
              0.0,
              -41.895807142484465,
              0.0,
              -0.00012191578847949808,
              -20.187837691582175,
              0.0,
              0.0,
              1.0
            ],
            "core_bbox_pixels": {
              "x0": 4000,
              "y0": 10000,
              "x1": 6000,
              "y1": 12000
            },
            "processing_bbox_pixels": {
              "x0": 3840,
              "y0": 9840,
              "x1": 6160,
              "y1": 12160
            },
            "core_bounds_lonlat": {
              "west": -40.38336288736142,
              "south": -20.52483668443298,
              "east": -40.14987550258101,
              "north": -20.303015682126635
            },
            "processing_bounds_lonlat": {
              "west": -40.40219382895642,
              "south": -20.54253588609984,
              "east": -40.131372880068135,
              "north": -20.28517625724242
            },
            "halo_pixels": 160,
            "valid_bbox_fraction": 1.0,
            "artifact_aspect_ratio": 1.75,
            "land_mask_info": {
              "enabled": true,
              "applied": true,
              "status": "ok",
              "stage": "cfar_water_mask",
              "resampled_shape": [
                773,
                773
              ],
              "sample_shape": [
                128,
                128
              ],
              "sample_max_dim": 128,
              "available": true,
              "method": "natural_earth_land_point_mask",
              "bounds_lonlat": {
                "west": -40.38336288736142,
                "south": -20.52483668443298,
                "east": -40.14987550258101,
                "north": -20.303015682126635
              },
              "mask_path": "/content/sismom_colab_work_v2/sources/api/copernicus_meta_1-main/copernicus-platform/frontend/public/shapes/ne_10m_land/ne_10m_land.shp",
              "land_buffer_degrees": 0.0,
              "valid_geolocation_points": 16384,
              "land_points": 4454,
              "water_points": 11930,
              "land_fraction": 0.2718505859375,
              "water_fraction": 0.7281494140625,
              "valid_pixels_before_land_mask": 597529,
              "valid_pixels_after_land_mask": 435567,
              "pixels_masked_by_land": 161962,
              "valid_water_fraction": 0.728947046921572,
              "land_skip_threshold": 0.99,
              "min_water_fraction": 0.01,
              "skip_land_tiles": true,
              "skipped": false,
              "reason": "water_candidate",
              "message": "CFAR restrito aos pixels de água."
            },
            "land_fraction": 0.2718505859375,
            "water_fraction": 0.7281494140625,
            "valid_water_fraction": 0.728947046921572,
            "land_mask_method": "natural_earth_land_point_mask",
            "wave_age": null,
            "wave_age_class": null,
            "wave_age_factor": 1.35,
            "wave_age_status": "fallback",
            "era5_time": null,
            "era5_lon": null,
            "era5_lat": null,
            "u10": null,
            "peak_wave_period": null,
            "friction_velocity": null,
            "phase_speed": null,
            "patch_label": "P068",
            "id": 43,
            "source": "cfar",
            "detection_method": "cfar"
          }
        ],
        "yolo_properties": {
          "detection_method": "yolo8",
          "confidence": 0.8629236221313477,
          "class": "ship-1",
          "bbox_pixel": [
            4912.122161865234,
            10492.075088500977,
            4925.4520263671875,
            10516.24267578125
          ],
          "bbox_geo": [
            -40.24765903279075,
            -20.372781183433347,
            -40.24590640033443,
            -20.370920359901877
          ],
          "model": "SAR-MULTI-1280p",
          "class_id": 0,
          "class_name": "ship-1",
          "tile_id": 496,
          "land_mask_checked": true,
          "center_is_water": true,
          "bbox_water_fraction": 1.0,
          "land_mask_method": "natural_earth_land_point_mask",
          "id": 18,
          "source": "yolo",
          "centroid_lon": -40.24673614117258,
          "centroid_lat": -20.371861493514952,
          "score": 0.8629236221313477,
          "patch_id": 67,
          "patch_label": "P068"
        }
      }
    },
    {
      "type": "Feature",
      "geometry": {
        "type": "Polygon",
        "coordinates": [
          [
            [
              -40.19610549354023,
              -20.36653432301305
            ],
            [
              -40.193839857237805,
              -20.36653432301305
            ],
            [
              -40.193839857237805,
              -20.364980243767743
            ],
            [
              -40.19610549354023,
              -20.364980243767743
            ],
            [
              -40.19610549354023,
              -20.36653432301305
            ]
          ]
        ]
      },
      "properties": {
        "id": 16,
        "target_id": "T0016",
        "source": "cfar_yolo",
        "detection_method": "cfar+yolo",
        "methods": [
          "cfar",
          "yolo"
        ],
        "fusion_status": "matched",
        "fusion_rule": "geometry_overlap",
        "cfar_id": 39,
        "cfar_ids": [
          39
        ],
        "cfar_fragment_count": 1,
        "yolo_id": 19,
        "cfar_patch_id": 67,
        "cfar_patch_ids": [
          67
        ],
        "yolo_patch_id": 67,
        "patch_id": 67,
        "patch_label": "P068",
        "yolo_confidence": 0.85111004114151,
        "match_distance_m": 5.073,
        "match_distances_m": [
          5.073
        ],
        "nearest_match_distance_m": 5.073,
        "max_match_distance_m": 5.073,
        "geometries_overlap": true,
        "overlap_by_cfar": [
          true
        ],
        "display_geometry_source": "yolo",
        "cfar_properties": {
          "lat": -20.365814281776636,
          "lon": -40.19513492119307,
          "area_px": 15,
          "min_sigma0_dB": -7.78000020980835,
          "mean_sigma0_dB": -0.699999988079071,
          "max_sigma0_dB": 7.690000057220459,
          "threshold_cfar_dB": -8.87,
          "pixel_coords": {
            "row": 474,
            "col": 570,
            "row_resampled": 158,
            "col_resampled": 190
          },
          "bbox_pixel_coords": {
            "row_min": 465,
            "row_max": 480,
            "col_min": 561,
            "col_max": 576
          },
          "global_pixel_coords": {
            "row": 10314,
            "col": 4410
          },
          "source_product": "S1C_IW_GRDH_1SDV_20260810T081241_20260810T081306_008930_011B7A_D208",
          "source_arquivo_id": null,
          "patch_id": 67,
          "patch_name": "patch_0068_VV",
          "geotiff_name": "patch_0068_VV_sigma0_preproc.tif",
          "polarization": "VV",
          "input_scale": "linear",
          "georef_method": "snap_geolocation_grid",
          "geocoding_method": "geolocation_grid",
          "geolocation_grid_status": null,
          "snap_geolocation_grid_used": null,
          "raster_crs": "EPSG:4326",
          "raster_transform": [
            0.00010840393381716083,
            0.0,
            -41.895807142484465,
            0.0,
            -0.00012191578847949808,
            -20.187837691582175,
            0.0,
            0.0,
            1.0
          ],
          "core_bbox_pixels": {
            "x0": 4000,
            "y0": 10000,
            "x1": 6000,
            "y1": 12000
          },
          "processing_bbox_pixels": {
            "x0": 3840,
            "y0": 9840,
            "x1": 6160,
            "y1": 12160
          },
          "core_bounds_lonlat": {
            "west": -40.38336288736142,
            "south": -20.52483668443298,
            "east": -40.14987550258101,
            "north": -20.303015682126635
          },
          "processing_bounds_lonlat": {
            "west": -40.40219382895642,
            "south": -20.54253588609984,
            "east": -40.131372880068135,
            "north": -20.28517625724242
          },
          "halo_pixels": 160,
          "valid_bbox_fraction": 1.0,
          "artifact_aspect_ratio": 1.0,
          "land_mask_info": {
            "enabled": true,
            "applied": true,
            "status": "ok",
            "stage": "cfar_water_mask",
            "resampled_shape": [
              773,
              773
            ],
            "sample_shape": [
              128,
              128
            ],
            "sample_max_dim": 128,
            "available": true,
            "method": "natural_earth_land_point_mask",
            "bounds_lonlat": {
              "west": -40.38336288736142,
              "south": -20.52483668443298,
              "east": -40.14987550258101,
              "north": -20.303015682126635
            },
            "mask_path": "/content/sismom_colab_work_v2/sources/api/copernicus_meta_1-main/copernicus-platform/frontend/public/shapes/ne_10m_land/ne_10m_land.shp",
            "land_buffer_degrees": 0.0,
            "valid_geolocation_points": 16384,
            "land_points": 4454,
            "water_points": 11930,
            "land_fraction": 0.2718505859375,
            "water_fraction": 0.7281494140625,
            "valid_pixels_before_land_mask": 597529,
            "valid_pixels_after_land_mask": 435567,
            "pixels_masked_by_land": 161962,
            "valid_water_fraction": 0.728947046921572,
            "land_skip_threshold": 0.99,
            "min_water_fraction": 0.01,
            "skip_land_tiles": true,
            "skipped": false,
            "reason": "water_candidate",
            "message": "CFAR restrito aos pixels de água."
          },
          "land_fraction": 0.2718505859375,
          "water_fraction": 0.7281494140625,
          "valid_water_fraction": 0.728947046921572,
          "land_mask_method": "natural_earth_land_point_mask",
          "wave_age": null,
          "wave_age_class": null,
          "wave_age_factor": 1.35,
          "wave_age_status": "fallback",
          "era5_time": null,
          "era5_lon": null,
          "era5_lat": null,
          "u10": null,
          "peak_wave_period": null,
          "friction_velocity": null,
          "phase_speed": null,
          "patch_label": "P068",
          "id": 39,
          "source": "cfar",
          "detection_method": "cfar"
        },
        "cfar_properties_list": [
          {
            "lat": -20.365814281776636,
            "lon": -40.19513492119307,
            "area_px": 15,
            "min_sigma0_dB": -7.78000020980835,
            "mean_sigma0_dB": -0.699999988079071,
            "max_sigma0_dB": 7.690000057220459,
            "threshold_cfar_dB": -8.87,
            "pixel_coords": {
              "row": 474,
              "col": 570,
              "row_resampled": 158,
              "col_resampled": 190
            },
            "bbox_pixel_coords": {
              "row_min": 465,
              "row_max": 480,
              "col_min": 561,
              "col_max": 576
            },
            "global_pixel_coords": {
              "row": 10314,
              "col": 4410
            },
            "source_product": "S1C_IW_GRDH_1SDV_20260810T081241_20260810T081306_008930_011B7A_D208",
            "source_arquivo_id": null,
            "patch_id": 67,
            "patch_name": "patch_0068_VV",
            "geotiff_name": "patch_0068_VV_sigma0_preproc.tif",
            "polarization": "VV",
            "input_scale": "linear",
            "georef_method": "snap_geolocation_grid",
            "geocoding_method": "geolocation_grid",
            "geolocation_grid_status": null,
            "snap_geolocation_grid_used": null,
            "raster_crs": "EPSG:4326",
            "raster_transform": [
              0.00010840393381716083,
              0.0,
              -41.895807142484465,
              0.0,
              -0.00012191578847949808,
              -20.187837691582175,
              0.0,
              0.0,
              1.0
            ],
            "core_bbox_pixels": {
              "x0": 4000,
              "y0": 10000,
              "x1": 6000,
              "y1": 12000
            },
            "processing_bbox_pixels": {
              "x0": 3840,
              "y0": 9840,
              "x1": 6160,
              "y1": 12160
            },
            "core_bounds_lonlat": {
              "west": -40.38336288736142,
              "south": -20.52483668443298,
              "east": -40.14987550258101,
              "north": -20.303015682126635
            },
            "processing_bounds_lonlat": {
              "west": -40.40219382895642,
              "south": -20.54253588609984,
              "east": -40.131372880068135,
              "north": -20.28517625724242
            },
            "halo_pixels": 160,
            "valid_bbox_fraction": 1.0,
            "artifact_aspect_ratio": 1.0,
            "land_mask_info": {
              "enabled": true,
              "applied": true,
              "status": "ok",
              "stage": "cfar_water_mask",
              "resampled_shape": [
                773,
                773
              ],
              "sample_shape": [
                128,
                128
              ],
              "sample_max_dim": 128,
              "available": true,
              "method": "natural_earth_land_point_mask",
              "bounds_lonlat": {
                "west": -40.38336288736142,
                "south": -20.52483668443298,
                "east": -40.14987550258101,
                "north": -20.303015682126635
              },
              "mask_path": "/content/sismom_colab_work_v2/sources/api/copernicus_meta_1-main/copernicus-platform/frontend/public/shapes/ne_10m_land/ne_10m_land.shp",
              "land_buffer_degrees": 0.0,
              "valid_geolocation_points": 16384,
              "land_points": 4454,
              "water_points": 11930,
              "land_fraction": 0.2718505859375,
              "water_fraction": 0.7281494140625,
              "valid_pixels_before_land_mask": 597529,
              "valid_pixels_after_land_mask": 435567,
              "pixels_masked_by_land": 161962,
              "valid_water_fraction": 0.728947046921572,
              "land_skip_threshold": 0.99,
              "min_water_fraction": 0.01,
              "skip_land_tiles": true,
              "skipped": false,
              "reason": "water_candidate",
              "message": "CFAR restrito aos pixels de água."
            },
            "land_fraction": 0.2718505859375,
            "water_fraction": 0.7281494140625,
            "valid_water_fraction": 0.728947046921572,
            "land_mask_method": "natural_earth_land_point_mask",
            "wave_age": null,
            "wave_age_class": null,
            "wave_age_factor": 1.35,
            "wave_age_status": "fallback",
            "era5_time": null,
            "era5_lon": null,
            "era5_lat": null,
            "u10": null,
            "peak_wave_period": null,
            "friction_velocity": null,
            "phase_speed": null,
            "patch_label": "P068",
            "id": 39,
            "source": "cfar",
            "detection_method": "cfar"
          }
        ],
        "yolo_properties": {
          "detection_method": "yolo8",
          "confidence": 0.85111004114151,
          "class": "ship-1",
          "bbox_pixel": [
            4399.562744140625,
            10302.929565429688,
            4418.927307128906,
            10324.013488769531
          ],
          "bbox_geo": [
            -40.19610549354023,
            -20.36653432301305,
            -40.193839857237805,
            -20.364980243767743
          ],
          "model": "SAR-MULTI-1280p",
          "class_id": 0,
          "class_name": "ship-1",
          "tile_id": 460,
          "land_mask_checked": true,
          "center_is_water": true,
          "bbox_water_fraction": 1.0,
          "land_mask_method": "natural_earth_land_point_mask",
          "id": 19,
          "source": "yolo",
          "centroid_lon": -40.19501923752197,
          "centroid_lat": -20.365746565327413,
          "score": 0.85111004114151,
          "patch_id": 67,
          "patch_label": "P068"
        }
      }
    },
    {
      "type": "Feature",
      "geometry": {
        "type": "Polygon",
        "coordinates": [
          [
            [
              -40.150197232336424,
              -20.320588267920414
            ],
            [
              -40.14696998879171,
              -20.320588267920414
            ],
            [
              -40.14696998879171,
              -20.32029329352845
            ],
            [
              -40.150197232336424,
              -20.32029329352845
            ],
            [
              -40.150197232336424,
              -20.320588267920414
            ]
          ]
        ]
      },
      "properties": {
        "id": 17,
        "target_id": "T0017",
        "source": "cfar_yolo",
        "detection_method": "cfar+yolo",
        "methods": [
          "cfar",
          "yolo"
        ],
        "fusion_status": "matched",
        "fusion_rule": "geometry_overlap",
        "cfar_id": 22,
        "cfar_ids": [
          22
        ],
        "cfar_fragment_count": 1,
        "yolo_id": 20,
        "cfar_patch_id": 54,
        "cfar_patch_ids": [
          54
        ],
        "yolo_patch_id": 53,
        "patch_id": 53,
        "patch_label": "P054",
        "yolo_confidence": 0.8509243726730347,
        "match_distance_m": 45.963,
        "match_distances_m": [
          45.963
        ],
        "nearest_match_distance_m": 45.963,
        "max_match_distance_m": 45.963,
        "geometries_overlap": true,
        "overlap_by_cfar": [
          true
        ],
        "display_geometry_source": "yolo",
        "cfar_properties": {
          "lat": -20.319996699062287,
          "lon": -40.14866842194062,
          "area_px": 20,
          "min_sigma0_dB": -3.9800000190734863,
          "mean_sigma0_dB": 1.3700000047683716,
          "max_sigma0_dB": 7.440000057220459,
          "threshold_cfar_dB": -3.04,
          "pixel_coords": {
            "row": 1875,
            "col": 216,
            "row_resampled": 625,
            "col_resampled": 72
          },
          "bbox_pixel_coords": {
            "row_min": 1872,
            "row_max": 1878,
            "col_min": 201,
            "col_max": 228
          },
          "global_pixel_coords": {
            "row": 9715,
            "col": 4056
          },
          "source_product": "S1C_IW_GRDH_1SDV_20260810T081241_20260810T081306_008930_011B7A_D208",
          "source_arquivo_id": null,
          "patch_id": 54,
          "patch_name": "patch_0055_VV",
          "geotiff_name": "patch_0055_VV_sigma0_preproc.tif",
          "polarization": "VV",
          "input_scale": "linear",
          "georef_method": "snap_geolocation_grid",
          "geocoding_method": "geolocation_grid",
          "geolocation_grid_status": null,
          "snap_geolocation_grid_used": null,
          "raster_crs": "EPSG:4326",
          "raster_transform": [
            0.00010840393381716083,
            0.0,
            -41.895807142484465,
            0.0,
            -0.00012191578847949808,
            -19.94400611462318,
            0.0,
            0.0,
            1.0
          ],
          "core_bbox_pixels": {
            "x0": 4000,
            "y0": 8000,
            "x1": 6000,
            "y1": 10000
          },
          "processing_bbox_pixels": {
            "x0": 3840,
            "y0": 7840,
            "x1": 6160,
            "y1": 10160
          },
          "core_bounds_lonlat": {
            "west": -40.33890751420324,
            "south": -20.346518550005825,
            "east": -40.10484794515679,
            "north": -20.124347521714363
          },
          "processing_bounds_lonlat": {
            "west": -40.357859806670454,
            "south": -20.36421421019537,
            "east": -40.086341775118726,
            "north": -20.106420575143357
          },
          "halo_pixels": 160,
          "valid_bbox_fraction": 1.0,
          "artifact_aspect_ratio": 3.3333,
          "land_mask_info": {
            "enabled": true,
            "applied": true,
            "status": "ok",
            "stage": "cfar_water_mask",
            "resampled_shape": [
              773,
              773
            ],
            "sample_shape": [
              128,
              128
            ],
            "sample_max_dim": 128,
            "available": true,
            "method": "natural_earth_land_point_mask",
            "bounds_lonlat": {
              "west": -40.33890751420324,
              "south": -20.346518550005825,
              "east": -40.10484794515679,
              "north": -20.124347521714363
            },
            "mask_path": "/content/sismom_colab_work_v2/sources/api/copernicus_meta_1-main/copernicus-platform/frontend/public/shapes/ne_10m_land/ne_10m_land.shp",
            "land_buffer_degrees": 0.0,
            "valid_geolocation_points": 16384,
            "land_points": 6693,
            "water_points": 9691,
            "land_fraction": 0.40850830078125,
            "water_fraction": 0.59149169921875,
            "valid_pixels_before_land_mask": 597529,
            "valid_pixels_after_land_mask": 353109,
            "pixels_masked_by_land": 244420,
            "valid_water_fraction": 0.5909487238276301,
            "land_skip_threshold": 0.99,
            "min_water_fraction": 0.01,
            "skip_land_tiles": true,
            "skipped": false,
            "reason": "water_candidate",
            "message": "CFAR restrito aos pixels de água."
          },
          "land_fraction": 0.40850830078125,
          "water_fraction": 0.59149169921875,
          "valid_water_fraction": 0.5909487238276301,
          "land_mask_method": "natural_earth_land_point_mask",
          "wave_age": null,
          "wave_age_class": null,
          "wave_age_factor": 1.35,
          "wave_age_status": "fallback",
          "era5_time": null,
          "era5_lon": null,
          "era5_lat": null,
          "u10": null,
          "peak_wave_period": null,
          "friction_velocity": null,
          "phase_speed": null,
          "patch_label": "P055",
          "id": 22,
          "source": "cfar",
          "detection_method": "cfar"
        },
        "cfar_properties_list": [
          {
            "lat": -20.319996699062287,
            "lon": -40.14866842194062,
            "area_px": 20,
            "min_sigma0_dB": -3.9800000190734863,
            "mean_sigma0_dB": 1.3700000047683716,
            "max_sigma0_dB": 7.440000057220459,
            "threshold_cfar_dB": -3.04,
            "pixel_coords": {
              "row": 1875,
              "col": 216,
              "row_resampled": 625,
              "col_resampled": 72
            },
            "bbox_pixel_coords": {
              "row_min": 1872,
              "row_max": 1878,
              "col_min": 201,
              "col_max": 228
            },
            "global_pixel_coords": {
              "row": 9715,
              "col": 4056
            },
            "source_product": "S1C_IW_GRDH_1SDV_20260810T081241_20260810T081306_008930_011B7A_D208",
            "source_arquivo_id": null,
            "patch_id": 54,
            "patch_name": "patch_0055_VV",
            "geotiff_name": "patch_0055_VV_sigma0_preproc.tif",
            "polarization": "VV",
            "input_scale": "linear",
            "georef_method": "snap_geolocation_grid",
            "geocoding_method": "geolocation_grid",
            "geolocation_grid_status": null,
            "snap_geolocation_grid_used": null,
            "raster_crs": "EPSG:4326",
            "raster_transform": [
              0.00010840393381716083,
              0.0,
              -41.895807142484465,
              0.0,
              -0.00012191578847949808,
              -19.94400611462318,
              0.0,
              0.0,
              1.0
            ],
            "core_bbox_pixels": {
              "x0": 4000,
              "y0": 8000,
              "x1": 6000,
              "y1": 10000
            },
            "processing_bbox_pixels": {
              "x0": 3840,
              "y0": 7840,
              "x1": 6160,
              "y1": 10160
            },
            "core_bounds_lonlat": {
              "west": -40.33890751420324,
              "south": -20.346518550005825,
              "east": -40.10484794515679,
              "north": -20.124347521714363
            },
            "processing_bounds_lonlat": {
              "west": -40.357859806670454,
              "south": -20.36421421019537,
              "east": -40.086341775118726,
              "north": -20.106420575143357
            },
            "halo_pixels": 160,
            "valid_bbox_fraction": 1.0,
            "artifact_aspect_ratio": 3.3333,
            "land_mask_info": {
              "enabled": true,
              "applied": true,
              "status": "ok",
              "stage": "cfar_water_mask",
              "resampled_shape": [
                773,
                773
              ],
              "sample_shape": [
                128,
                128
              ],
              "sample_max_dim": 128,
              "available": true,
              "method": "natural_earth_land_point_mask",
              "bounds_lonlat": {
                "west": -40.33890751420324,
                "south": -20.346518550005825,
                "east": -40.10484794515679,
                "north": -20.124347521714363
              },
              "mask_path": "/content/sismom_colab_work_v2/sources/api/copernicus_meta_1-main/copernicus-platform/frontend/public/shapes/ne_10m_land/ne_10m_land.shp",
              "land_buffer_degrees": 0.0,
              "valid_geolocation_points": 16384,
              "land_points": 6693,
              "water_points": 9691,
              "land_fraction": 0.40850830078125,
              "water_fraction": 0.59149169921875,
              "valid_pixels_before_land_mask": 597529,
              "valid_pixels_after_land_mask": 353109,
              "pixels_masked_by_land": 244420,
              "valid_water_fraction": 0.5909487238276301,
              "land_skip_threshold": 0.99,
              "min_water_fraction": 0.01,
              "skip_land_tiles": true,
              "skipped": false,
              "reason": "water_candidate",
              "message": "CFAR restrito aos pixels de água."
            },
            "land_fraction": 0.40850830078125,
            "water_fraction": 0.59149169921875,
            "valid_water_fraction": 0.5909487238276301,
            "land_mask_method": "natural_earth_land_point_mask",
            "wave_age": null,
            "wave_age_class": null,
            "wave_age_factor": 1.35,
            "wave_age_status": "fallback",
            "era5_time": null,
            "era5_lon": null,
            "era5_lat": null,
            "u10": null,
            "peak_wave_period": null,
            "friction_velocity": null,
            "phase_speed": null,
            "patch_label": "P055",
            "id": 22,
            "source": "cfar",
            "detection_method": "cfar"
          }
        ],
        "yolo_properties": {
          "detection_method": "yolo8",
          "confidence": 0.8509243726730347,
          "class": "ship-1",
          "bbox_pixel": [
            4038.318084716797,
            9714.29769897461,
            4070.6736755371094,
            9725.02409362793
          ],
          "bbox_geo": [
            -40.150197232336424,
            -20.320588267920414,
            -40.14696998879171,
            -20.32029329352845
          ],
          "model": "SAR-MULTI-1280p",
          "class_id": 0,
          "class_name": "ship-1",
          "tile_id": 460,
          "land_mask_checked": true,
          "center_is_water": true,
          "bbox_water_fraction": 1.0,
          "land_mask_method": "natural_earth_land_point_mask",
          "id": 20,
          "source": "yolo",
          "centroid_lon": -40.14857234013713,
          "centroid_lat": -20.320396201789148,
          "score": 0.8509243726730347,
          "patch_id": 53,
          "patch_label": "P054"
        }
      }
    },
    {
      "type": "Feature",
      "geometry": {
        "type": "Polygon",
        "coordinates": [
          [
            [
              -40.17529240344406,
              -20.30839639287832
            ],
            [
              -40.173394009955636,
              -20.30839639287832
            ],
            [
              -40.173394009955636,
              -20.30751251416106
            ],
            [
              -40.17529240344406,
              -20.30751251416106
            ],
            [
              -40.17529240344406,
              -20.30839639287832
            ]
          ]
        ]
      },
      "properties": {
        "id": 18,
        "target_id": "T0018",
        "source": "cfar_yolo",
        "detection_method": "cfar+yolo",
        "methods": [
          "cfar",
          "yolo"
        ],
        "fusion_status": "matched",
        "fusion_rule": "geometry_overlap",
        "cfar_id": 20,
        "cfar_ids": [
          20
        ],
        "cfar_fragment_count": 1,
        "yolo_id": 21,
        "cfar_patch_id": 54,
        "cfar_patch_ids": [
          54
        ],
        "yolo_patch_id": 54,
        "patch_id": 54,
        "patch_label": "P055",
        "yolo_confidence": 0.8467533588409424,
        "match_distance_m": 25.832,
        "match_distances_m": [
          25.832
        ],
        "nearest_match_distance_m": 25.832,
        "max_match_distance_m": 25.832,
        "geometries_overlap": true,
        "overlap_by_cfar": [
          true
        ],
        "display_geometry_source": "yolo",
        "cfar_properties": {
          "lat": -20.307608544191034,
          "lon": -40.17420646700128,
          "area_px": 9,
          "min_sigma0_dB": -3.9600000381469727,
          "mean_sigma0_dB": 6.889999866485596,
          "max_sigma0_dB": 13.5,
          "threshold_cfar_dB": -4.21,
          "pixel_coords": {
            "row": 1806,
            "col": 507,
            "row_resampled": 602,
            "col_resampled": 169
          },
          "bbox_pixel_coords": {
            "row_min": 1803,
            "row_max": 1812,
            "col_min": 501,
            "col_max": 513
          },
          "global_pixel_coords": {
            "row": 9646,
            "col": 4347
          },
          "source_product": "S1C_IW_GRDH_1SDV_20260810T081241_20260810T081306_008930_011B7A_D208",
          "source_arquivo_id": null,
          "patch_id": 54,
          "patch_name": "patch_0055_VV",
          "geotiff_name": "patch_0055_VV_sigma0_preproc.tif",
          "polarization": "VV",
          "input_scale": "linear",
          "georef_method": "snap_geolocation_grid",
          "geocoding_method": "geolocation_grid",
          "geolocation_grid_status": null,
          "snap_geolocation_grid_used": null,
          "raster_crs": "EPSG:4326",
          "raster_transform": [
            0.00010840393381716083,
            0.0,
            -41.895807142484465,
            0.0,
            -0.00012191578847949808,
            -19.94400611462318,
            0.0,
            0.0,
            1.0
          ],
          "core_bbox_pixels": {
            "x0": 4000,
            "y0": 8000,
            "x1": 6000,
            "y1": 10000
          },
          "processing_bbox_pixels": {
            "x0": 3840,
            "y0": 7840,
            "x1": 6160,
            "y1": 10160
          },
          "core_bounds_lonlat": {
            "west": -40.33890751420324,
            "south": -20.346518550005825,
            "east": -40.10484794515679,
            "north": -20.124347521714363
          },
          "processing_bounds_lonlat": {
            "west": -40.357859806670454,
            "south": -20.36421421019537,
            "east": -40.086341775118726,
            "north": -20.106420575143357
          },
          "halo_pixels": 160,
          "valid_bbox_fraction": 1.0,
          "artifact_aspect_ratio": 1.25,
          "land_mask_info": {
            "enabled": true,
            "applied": true,
            "status": "ok",
            "stage": "cfar_water_mask",
            "resampled_shape": [
              773,
              773
            ],
            "sample_shape": [
              128,
              128
            ],
            "sample_max_dim": 128,
            "available": true,
            "method": "natural_earth_land_point_mask",
            "bounds_lonlat": {
              "west": -40.33890751420324,
              "south": -20.346518550005825,
              "east": -40.10484794515679,
              "north": -20.124347521714363
            },
            "mask_path": "/content/sismom_colab_work_v2/sources/api/copernicus_meta_1-main/copernicus-platform/frontend/public/shapes/ne_10m_land/ne_10m_land.shp",
            "land_buffer_degrees": 0.0,
            "valid_geolocation_points": 16384,
            "land_points": 6693,
            "water_points": 9691,
            "land_fraction": 0.40850830078125,
            "water_fraction": 0.59149169921875,
            "valid_pixels_before_land_mask": 597529,
            "valid_pixels_after_land_mask": 353109,
            "pixels_masked_by_land": 244420,
            "valid_water_fraction": 0.5909487238276301,
            "land_skip_threshold": 0.99,
            "min_water_fraction": 0.01,
            "skip_land_tiles": true,
            "skipped": false,
            "reason": "water_candidate",
            "message": "CFAR restrito aos pixels de água."
          },
          "land_fraction": 0.40850830078125,
          "water_fraction": 0.59149169921875,
          "valid_water_fraction": 0.5909487238276301,
          "land_mask_method": "natural_earth_land_point_mask",
          "wave_age": null,
          "wave_age_class": null,
          "wave_age_factor": 1.35,
          "wave_age_status": "fallback",
          "era5_time": null,
          "era5_lon": null,
          "era5_lat": null,
          "u10": null,
          "peak_wave_period": null,
          "friction_velocity": null,
          "phase_speed": null,
          "patch_label": "P055",
          "id": 20,
          "source": "cfar",
          "detection_method": "cfar"
        },
        "cfar_properties_list": [
          {
            "lat": -20.307608544191034,
            "lon": -40.17420646700128,
            "area_px": 9,
            "min_sigma0_dB": -3.9600000381469727,
            "mean_sigma0_dB": 6.889999866485596,
            "max_sigma0_dB": 13.5,
            "threshold_cfar_dB": -4.21,
            "pixel_coords": {
              "row": 1806,
              "col": 507,
              "row_resampled": 602,
              "col_resampled": 169
            },
            "bbox_pixel_coords": {
              "row_min": 1803,
              "row_max": 1812,
              "col_min": 501,
              "col_max": 513
            },
            "global_pixel_coords": {
              "row": 9646,
              "col": 4347
            },
            "source_product": "S1C_IW_GRDH_1SDV_20260810T081241_20260810T081306_008930_011B7A_D208",
            "source_arquivo_id": null,
            "patch_id": 54,
            "patch_name": "patch_0055_VV",
            "geotiff_name": "patch_0055_VV_sigma0_preproc.tif",
            "polarization": "VV",
            "input_scale": "linear",
            "georef_method": "snap_geolocation_grid",
            "geocoding_method": "geolocation_grid",
            "geolocation_grid_status": null,
            "snap_geolocation_grid_used": null,
            "raster_crs": "EPSG:4326",
            "raster_transform": [
              0.00010840393381716083,
              0.0,
              -41.895807142484465,
              0.0,
              -0.00012191578847949808,
              -19.94400611462318,
              0.0,
              0.0,
              1.0
            ],
            "core_bbox_pixels": {
              "x0": 4000,
              "y0": 8000,
              "x1": 6000,
              "y1": 10000
            },
            "processing_bbox_pixels": {
              "x0": 3840,
              "y0": 7840,
              "x1": 6160,
              "y1": 10160
            },
            "core_bounds_lonlat": {
              "west": -40.33890751420324,
              "south": -20.346518550005825,
              "east": -40.10484794515679,
              "north": -20.124347521714363
            },
            "processing_bounds_lonlat": {
              "west": -40.357859806670454,
              "south": -20.36421421019537,
              "east": -40.086341775118726,
              "north": -20.106420575143357
            },
            "halo_pixels": 160,
            "valid_bbox_fraction": 1.0,
            "artifact_aspect_ratio": 1.25,
            "land_mask_info": {
              "enabled": true,
              "applied": true,
              "status": "ok",
              "stage": "cfar_water_mask",
              "resampled_shape": [
                773,
                773
              ],
              "sample_shape": [
                128,
                128
              ],
              "sample_max_dim": 128,
              "available": true,
              "method": "natural_earth_land_point_mask",
              "bounds_lonlat": {
                "west": -40.33890751420324,
                "south": -20.346518550005825,
                "east": -40.10484794515679,
                "north": -20.124347521714363
              },
              "mask_path": "/content/sismom_colab_work_v2/sources/api/copernicus_meta_1-main/copernicus-platform/frontend/public/shapes/ne_10m_land/ne_10m_land.shp",
              "land_buffer_degrees": 0.0,
              "valid_geolocation_points": 16384,
              "land_points": 6693,
              "water_points": 9691,
              "land_fraction": 0.40850830078125,
              "water_fraction": 0.59149169921875,
              "valid_pixels_before_land_mask": 597529,
              "valid_pixels_after_land_mask": 353109,
              "pixels_masked_by_land": 244420,
              "valid_water_fraction": 0.5909487238276301,
              "land_skip_threshold": 0.99,
              "min_water_fraction": 0.01,
              "skip_land_tiles": true,
              "skipped": false,
              "reason": "water_candidate",
              "message": "CFAR restrito aos pixels de água."
            },
            "land_fraction": 0.40850830078125,
            "water_fraction": 0.59149169921875,
            "valid_water_fraction": 0.5909487238276301,
            "land_mask_method": "natural_earth_land_point_mask",
            "wave_age": null,
            "wave_age_class": null,
            "wave_age_factor": 1.35,
            "wave_age_status": "fallback",
            "era5_time": null,
            "era5_lon": null,
            "era5_lat": null,
            "u10": null,
            "peak_wave_period": null,
            "friction_velocity": null,
            "phase_speed": null,
            "patch_label": "P055",
            "id": 20,
            "source": "cfar",
            "detection_method": "cfar"
          }
        ],
        "yolo_properties": {
          "detection_method": "yolo8",
          "confidence": 0.8467533588409424,
          "class": "ship-1",
          "bbox_pixel": [
            4339.32763671875,
            9643.385108947754,
            4356.691650390625,
            9657.588493347168
          ],
          "bbox_geo": [
            -40.17529240344406,
            -20.30839639287832,
            -40.173394009955636,
            -20.30751251416106
          ],
          "model": "SAR-MULTI-1280p",
          "class_id": 0,
          "class_name": "ship-1",
          "tile_id": 460,
          "land_mask_checked": true,
          "center_is_water": true,
          "bbox_water_fraction": 1.0,
          "land_mask_method": "natural_earth_land_point_mask",
          "id": 21,
          "source": "yolo",
          "centroid_lon": -40.1743897551367,
          "centroid_lat": -20.307943739356784,
          "score": 0.8467533588409424,
          "patch_id": 54,
          "patch_label": "P055"
        }
      }
    },
    {
      "type": "Feature",
      "geometry": {
        "type": "Polygon",
        "coordinates": [
          [
            [
              -40.194092453367496,
              -20.311050635472352
            ],
            [
              -40.19217420808884,
              -20.311050635472352
            ],
            [
              -40.19217420808884,
              -20.30969960874679
            ],
            [
              -40.194092453367496,
              -20.30969960874679
            ],
            [
              -40.194092453367496,
              -20.311050635472352
            ]
          ]
        ]
      },
      "properties": {
        "id": 19,
        "target_id": "T0019",
        "source": "cfar_yolo",
        "detection_method": "cfar+yolo",
        "methods": [
          "cfar",
          "yolo"
        ],
        "fusion_status": "matched",
        "fusion_rule": "geometry_overlap",
        "cfar_id": 23,
        "cfar_ids": [
          23
        ],
        "cfar_fragment_count": 1,
        "yolo_id": 22,
        "cfar_patch_id": 54,
        "cfar_patch_ids": [
          54
        ],
        "yolo_patch_id": 54,
        "patch_id": 54,
        "patch_label": "P055",
        "yolo_confidence": 0.8460167646408081,
        "match_distance_m": 20.878,
        "match_distances_m": [
          20.878
        ],
        "nearest_match_distance_m": 20.878,
        "max_match_distance_m": 20.878,
        "geometries_overlap": true,
        "overlap_by_cfar": [
          true
        ],
        "display_geometry_source": "yolo",
        "cfar_properties": {
          "lat": -20.310105946728722,
          "lon": -40.19286817212054,
          "area_px": 5,
          "min_sigma0_dB": 5.070000171661377,
          "mean_sigma0_dB": 8.489999771118164,
          "max_sigma0_dB": 11.149999618530273,
          "threshold_cfar_dB": 4.81,
          "pixel_coords": {
            "row": 1878,
            "col": 690,
            "row_resampled": 626,
            "col_resampled": 230
          },
          "bbox_pixel_coords": {
            "row_min": 1875,
            "row_max": 1884,
            "col_min": 687,
            "col_max": 696
          },
          "global_pixel_coords": {
            "row": 9718,
            "col": 4530
          },
          "source_product": "S1C_IW_GRDH_1SDV_20260810T081241_20260810T081306_008930_011B7A_D208",
          "source_arquivo_id": null,
          "patch_id": 54,
          "patch_name": "patch_0055_VV",
          "geotiff_name": "patch_0055_VV_sigma0_preproc.tif",
          "polarization": "VV",
          "input_scale": "linear",
          "georef_method": "snap_geolocation_grid",
          "geocoding_method": "geolocation_grid",
          "geolocation_grid_status": null,
          "snap_geolocation_grid_used": null,
          "raster_crs": "EPSG:4326",
          "raster_transform": [
            0.00010840393381716083,
            0.0,
            -41.895807142484465,
            0.0,
            -0.00012191578847949808,
            -19.94400611462318,
            0.0,
            0.0,
            1.0
          ],
          "core_bbox_pixels": {
            "x0": 4000,
            "y0": 8000,
            "x1": 6000,
            "y1": 10000
          },
          "processing_bbox_pixels": {
            "x0": 3840,
            "y0": 7840,
            "x1": 6160,
            "y1": 10160
          },
          "core_bounds_lonlat": {
            "west": -40.33890751420324,
            "south": -20.346518550005825,
            "east": -40.10484794515679,
            "north": -20.124347521714363
          },
          "processing_bounds_lonlat": {
            "west": -40.357859806670454,
            "south": -20.36421421019537,
            "east": -40.086341775118726,
            "north": -20.106420575143357
          },
          "halo_pixels": 160,
          "valid_bbox_fraction": 1.0,
          "artifact_aspect_ratio": 1.0,
          "land_mask_info": {
            "enabled": true,
            "applied": true,
            "status": "ok",
            "stage": "cfar_water_mask",
            "resampled_shape": [
              773,
              773
            ],
            "sample_shape": [
              128,
              128
            ],
            "sample_max_dim": 128,
            "available": true,
            "method": "natural_earth_land_point_mask",
            "bounds_lonlat": {
              "west": -40.33890751420324,
              "south": -20.346518550005825,
              "east": -40.10484794515679,
              "north": -20.124347521714363
            },
            "mask_path": "/content/sismom_colab_work_v2/sources/api/copernicus_meta_1-main/copernicus-platform/frontend/public/shapes/ne_10m_land/ne_10m_land.shp",
            "land_buffer_degrees": 0.0,
            "valid_geolocation_points": 16384,
            "land_points": 6693,
            "water_points": 9691,
            "land_fraction": 0.40850830078125,
            "water_fraction": 0.59149169921875,
            "valid_pixels_before_land_mask": 597529,
            "valid_pixels_after_land_mask": 353109,
            "pixels_masked_by_land": 244420,
            "valid_water_fraction": 0.5909487238276301,
            "land_skip_threshold": 0.99,
            "min_water_fraction": 0.01,
            "skip_land_tiles": true,
            "skipped": false,
            "reason": "water_candidate",
            "message": "CFAR restrito aos pixels de água."
          },
          "land_fraction": 0.40850830078125,
          "water_fraction": 0.59149169921875,
          "valid_water_fraction": 0.5909487238276301,
          "land_mask_method": "natural_earth_land_point_mask",
          "wave_age": null,
          "wave_age_class": null,
          "wave_age_factor": 1.35,
          "wave_age_status": "fallback",
          "era5_time": null,
          "era5_lon": null,
          "era5_lat": null,
          "u10": null,
          "peak_wave_period": null,
          "friction_velocity": null,
          "phase_speed": null,
          "patch_label": "P055",
          "id": 23,
          "source": "cfar",
          "detection_method": "cfar"
        },
        "cfar_properties_list": [
          {
            "lat": -20.310105946728722,
            "lon": -40.19286817212054,
            "area_px": 5,
            "min_sigma0_dB": 5.070000171661377,
            "mean_sigma0_dB": 8.489999771118164,
            "max_sigma0_dB": 11.149999618530273,
            "threshold_cfar_dB": 4.81,
            "pixel_coords": {
              "row": 1878,
              "col": 690,
              "row_resampled": 626,
              "col_resampled": 230
            },
            "bbox_pixel_coords": {
              "row_min": 1875,
              "row_max": 1884,
              "col_min": 687,
              "col_max": 696
            },
            "global_pixel_coords": {
              "row": 9718,
              "col": 4530
            },
            "source_product": "S1C_IW_GRDH_1SDV_20260810T081241_20260810T081306_008930_011B7A_D208",
            "source_arquivo_id": null,
            "patch_id": 54,
            "patch_name": "patch_0055_VV",
            "geotiff_name": "patch_0055_VV_sigma0_preproc.tif",
            "polarization": "VV",
            "input_scale": "linear",
            "georef_method": "snap_geolocation_grid",
            "geocoding_method": "geolocation_grid",
            "geolocation_grid_status": null,
            "snap_geolocation_grid_used": null,
            "raster_crs": "EPSG:4326",
            "raster_transform": [
              0.00010840393381716083,
              0.0,
              -41.895807142484465,
              0.0,
              -0.00012191578847949808,
              -19.94400611462318,
              0.0,
              0.0,
              1.0
            ],
            "core_bbox_pixels": {
              "x0": 4000,
              "y0": 8000,
              "x1": 6000,
              "y1": 10000
            },
            "processing_bbox_pixels": {
              "x0": 3840,
              "y0": 7840,
              "x1": 6160,
              "y1": 10160
            },
            "core_bounds_lonlat": {
              "west": -40.33890751420324,
              "south": -20.346518550005825,
              "east": -40.10484794515679,
              "north": -20.124347521714363
            },
            "processing_bounds_lonlat": {
              "west": -40.357859806670454,
              "south": -20.36421421019537,
              "east": -40.086341775118726,
              "north": -20.106420575143357
            },
            "halo_pixels": 160,
            "valid_bbox_fraction": 1.0,
            "artifact_aspect_ratio": 1.0,
            "land_mask_info": {
              "enabled": true,
              "applied": true,
              "status": "ok",
              "stage": "cfar_water_mask",
              "resampled_shape": [
                773,
                773
              ],
              "sample_shape": [
                128,
                128
              ],
              "sample_max_dim": 128,
              "available": true,
              "method": "natural_earth_land_point_mask",
              "bounds_lonlat": {
                "west": -40.33890751420324,
                "south": -20.346518550005825,
                "east": -40.10484794515679,
                "north": -20.124347521714363
              },
              "mask_path": "/content/sismom_colab_work_v2/sources/api/copernicus_meta_1-main/copernicus-platform/frontend/public/shapes/ne_10m_land/ne_10m_land.shp",
              "land_buffer_degrees": 0.0,
              "valid_geolocation_points": 16384,
              "land_points": 6693,
              "water_points": 9691,
              "land_fraction": 0.40850830078125,
              "water_fraction": 0.59149169921875,
              "valid_pixels_before_land_mask": 597529,
              "valid_pixels_after_land_mask": 353109,
              "pixels_masked_by_land": 244420,
              "valid_water_fraction": 0.5909487238276301,
              "land_skip_threshold": 0.99,
              "min_water_fraction": 0.01,
              "skip_land_tiles": true,
              "skipped": false,
              "reason": "water_candidate",
              "message": "CFAR restrito aos pixels de água."
            },
            "land_fraction": 0.40850830078125,
            "water_fraction": 0.59149169921875,
            "valid_water_fraction": 0.5909487238276301,
            "land_mask_method": "natural_earth_land_point_mask",
            "wave_age": null,
            "wave_age_class": null,
            "wave_age_factor": 1.35,
            "wave_age_status": "fallback",
            "era5_time": null,
            "era5_lon": null,
            "era5_lat": null,
            "u10": null,
            "peak_wave_period": null,
            "friction_velocity": null,
            "phase_speed": null,
            "patch_label": "P055",
            "id": 23,
            "source": "cfar",
            "detection_method": "cfar"
          }
        ],
        "yolo_properties": {
          "detection_method": "yolo8",
          "confidence": 0.8460167646408081,
          "class": "ship-1",
          "bbox_pixel": [
            4524.178871154785,
            9712.938339233398,
            4540.714286804199,
            9731.44027709961
          ],
          "bbox_geo": [
            -40.194092453367496,
            -20.311050635472352,
            -40.19217420808884,
            -20.30969960874679
          ],
          "model": "SAR-MULTI-1280p",
          "class_id": 0,
          "class_name": "ship-1",
          "tile_id": 461,
          "land_mask_checked": true,
          "center_is_water": true,
          "bbox_water_fraction": 1.0,
          "land_mask_method": "natural_earth_land_point_mask",
          "id": 22,
          "source": "yolo",
          "centroid_lon": -40.19314460471592,
          "centroid_lat": -20.310419700023893,
          "score": 0.8460167646408081,
          "patch_id": 54,
          "patch_label": "P055"
        }
      }
    },
    {
      "type": "Feature",
      "geometry": {
        "type": "Polygon",
        "coordinates": [
          [
            [
              -40.162845716533866,
              -20.325413270284443
            ],
            [
              -40.16010933073283,
              -20.325413270284443
            ],
            [
              -40.16010933073283,
              -20.32472228091275
            ],
            [
              -40.162845716533866,
              -20.32472228091275
            ],
            [
              -40.162845716533866,
              -20.325413270284443
            ]
          ]
        ]
      },
      "properties": {
        "id": 20,
        "target_id": "T0020",
        "source": "cfar_yolo",
        "detection_method": "cfar+yolo",
        "methods": [
          "cfar",
          "yolo"
        ],
        "fusion_status": "matched",
        "fusion_rule": "geometry_overlap",
        "cfar_id": 25,
        "cfar_ids": [
          25
        ],
        "cfar_fragment_count": 1,
        "yolo_id": 23,
        "cfar_patch_id": 54,
        "cfar_patch_ids": [
          54
        ],
        "yolo_patch_id": 54,
        "patch_id": 54,
        "patch_label": "P055",
        "yolo_confidence": 0.8396579623222351,
        "match_distance_m": 98.996,
        "match_distances_m": [
          98.996
        ],
        "nearest_match_distance_m": 98.996,
        "max_match_distance_m": 98.996,
        "geometries_overlap": true,
        "overlap_by_cfar": [
          true
        ],
        "display_geometry_source": "yolo",
        "cfar_properties": {
          "lat": -20.324518254852418,
          "lon": -40.162225352770896,
          "area_px": 5,
          "min_sigma0_dB": 2.4200000762939453,
          "mean_sigma0_dB": 4.920000076293945,
          "max_sigma0_dB": 11.260000228881836,
          "threshold_cfar_dB": 1.06,
          "pixel_coords": {
            "row": 1956,
            "col": 342,
            "row_resampled": 652,
            "col_resampled": 114
          },
          "bbox_pixel_coords": {
            "row_min": 1953,
            "row_max": 1959,
            "col_min": 339,
            "col_max": 345
          },
          "global_pixel_coords": {
            "row": 9796,
            "col": 4182
          },
          "source_product": "S1C_IW_GRDH_1SDV_20260810T081241_20260810T081306_008930_011B7A_D208",
          "source_arquivo_id": null,
          "patch_id": 54,
          "patch_name": "patch_0055_VV",
          "geotiff_name": "patch_0055_VV_sigma0_preproc.tif",
          "polarization": "VV",
          "input_scale": "linear",
          "georef_method": "snap_geolocation_grid",
          "geocoding_method": "geolocation_grid",
          "geolocation_grid_status": null,
          "snap_geolocation_grid_used": null,
          "raster_crs": "EPSG:4326",
          "raster_transform": [
            0.00010840393381716083,
            0.0,
            -41.895807142484465,
            0.0,
            -0.00012191578847949808,
            -19.94400611462318,
            0.0,
            0.0,
            1.0
          ],
          "core_bbox_pixels": {
            "x0": 4000,
            "y0": 8000,
            "x1": 6000,
            "y1": 10000
          },
          "processing_bbox_pixels": {
            "x0": 3840,
            "y0": 7840,
            "x1": 6160,
            "y1": 10160
          },
          "core_bounds_lonlat": {
            "west": -40.33890751420324,
            "south": -20.346518550005825,
            "east": -40.10484794515679,
            "north": -20.124347521714363
          },
          "processing_bounds_lonlat": {
            "west": -40.357859806670454,
            "south": -20.36421421019537,
            "east": -40.086341775118726,
            "north": -20.106420575143357
          },
          "halo_pixels": 160,
          "valid_bbox_fraction": 1.0,
          "artifact_aspect_ratio": 1.0,
          "land_mask_info": {
            "enabled": true,
            "applied": true,
            "status": "ok",
            "stage": "cfar_water_mask",
            "resampled_shape": [
              773,
              773
            ],
            "sample_shape": [
              128,
              128
            ],
            "sample_max_dim": 128,
            "available": true,
            "method": "natural_earth_land_point_mask",
            "bounds_lonlat": {
              "west": -40.33890751420324,
              "south": -20.346518550005825,
              "east": -40.10484794515679,
              "north": -20.124347521714363
            },
            "mask_path": "/content/sismom_colab_work_v2/sources/api/copernicus_meta_1-main/copernicus-platform/frontend/public/shapes/ne_10m_land/ne_10m_land.shp",
            "land_buffer_degrees": 0.0,
            "valid_geolocation_points": 16384,
            "land_points": 6693,
            "water_points": 9691,
            "land_fraction": 0.40850830078125,
            "water_fraction": 0.59149169921875,
            "valid_pixels_before_land_mask": 597529,
            "valid_pixels_after_land_mask": 353109,
            "pixels_masked_by_land": 244420,
            "valid_water_fraction": 0.5909487238276301,
            "land_skip_threshold": 0.99,
            "min_water_fraction": 0.01,
            "skip_land_tiles": true,
            "skipped": false,
            "reason": "water_candidate",
            "message": "CFAR restrito aos pixels de água."
          },
          "land_fraction": 0.40850830078125,
          "water_fraction": 0.59149169921875,
          "valid_water_fraction": 0.5909487238276301,
          "land_mask_method": "natural_earth_land_point_mask",
          "wave_age": null,
          "wave_age_class": null,
          "wave_age_factor": 1.35,
          "wave_age_status": "fallback",
          "era5_time": null,
          "era5_lon": null,
          "era5_lat": null,
          "u10": null,
          "peak_wave_period": null,
          "friction_velocity": null,
          "phase_speed": null,
          "patch_label": "P055",
          "id": 25,
          "source": "cfar",
          "detection_method": "cfar"
        },
        "cfar_properties_list": [
          {
            "lat": -20.324518254852418,
            "lon": -40.162225352770896,
            "area_px": 5,
            "min_sigma0_dB": 2.4200000762939453,
            "mean_sigma0_dB": 4.920000076293945,
            "max_sigma0_dB": 11.260000228881836,
            "threshold_cfar_dB": 1.06,
            "pixel_coords": {
              "row": 1956,
              "col": 342,
              "row_resampled": 652,
              "col_resampled": 114
            },
            "bbox_pixel_coords": {
              "row_min": 1953,
              "row_max": 1959,
              "col_min": 339,
              "col_max": 345
            },
            "global_pixel_coords": {
              "row": 9796,
              "col": 4182
            },
            "source_product": "S1C_IW_GRDH_1SDV_20260810T081241_20260810T081306_008930_011B7A_D208",
            "source_arquivo_id": null,
            "patch_id": 54,
            "patch_name": "patch_0055_VV",
            "geotiff_name": "patch_0055_VV_sigma0_preproc.tif",
            "polarization": "VV",
            "input_scale": "linear",
            "georef_method": "snap_geolocation_grid",
            "geocoding_method": "geolocation_grid",
            "geolocation_grid_status": null,
            "snap_geolocation_grid_used": null,
            "raster_crs": "EPSG:4326",
            "raster_transform": [
              0.00010840393381716083,
              0.0,
              -41.895807142484465,
              0.0,
              -0.00012191578847949808,
              -19.94400611462318,
              0.0,
              0.0,
              1.0
            ],
            "core_bbox_pixels": {
              "x0": 4000,
              "y0": 8000,
              "x1": 6000,
              "y1": 10000
            },
            "processing_bbox_pixels": {
              "x0": 3840,
              "y0": 7840,
              "x1": 6160,
              "y1": 10160
            },
            "core_bounds_lonlat": {
              "west": -40.33890751420324,
              "south": -20.346518550005825,
              "east": -40.10484794515679,
              "north": -20.124347521714363
            },
            "processing_bounds_lonlat": {
              "west": -40.357859806670454,
              "south": -20.36421421019537,
              "east": -40.086341775118726,
              "north": -20.106420575143357
            },
            "halo_pixels": 160,
            "valid_bbox_fraction": 1.0,
            "artifact_aspect_ratio": 1.0,
            "land_mask_info": {
              "enabled": true,
              "applied": true,
              "status": "ok",
              "stage": "cfar_water_mask",
              "resampled_shape": [
                773,
                773
              ],
              "sample_shape": [
                128,
                128
              ],
              "sample_max_dim": 128,
              "available": true,
              "method": "natural_earth_land_point_mask",
              "bounds_lonlat": {
                "west": -40.33890751420324,
                "south": -20.346518550005825,
                "east": -40.10484794515679,
                "north": -20.124347521714363
              },
              "mask_path": "/content/sismom_colab_work_v2/sources/api/copernicus_meta_1-main/copernicus-platform/frontend/public/shapes/ne_10m_land/ne_10m_land.shp",
              "land_buffer_degrees": 0.0,
              "valid_geolocation_points": 16384,
              "land_points": 6693,
              "water_points": 9691,
              "land_fraction": 0.40850830078125,
              "water_fraction": 0.59149169921875,
              "valid_pixels_before_land_mask": 597529,
              "valid_pixels_after_land_mask": 353109,
              "pixels_masked_by_land": 244420,
              "valid_water_fraction": 0.5909487238276301,
              "land_skip_threshold": 0.99,
              "min_water_fraction": 0.01,
              "skip_land_tiles": true,
              "skipped": false,
              "reason": "water_candidate",
              "message": "CFAR restrito aos pixels de água."
            },
            "land_fraction": 0.40850830078125,
            "water_fraction": 0.59149169921875,
            "valid_water_fraction": 0.5909487238276301,
            "land_mask_method": "natural_earth_land_point_mask",
            "wave_age": null,
            "wave_age_class": null,
            "wave_age_factor": 1.35,
            "wave_age_status": "fallback",
            "era5_time": null,
            "era5_lon": null,
            "era5_lat": null,
            "u10": null,
            "peak_wave_period": null,
            "friction_velocity": null,
            "phase_speed": null,
            "patch_label": "P055",
            "id": 25,
            "source": "cfar",
            "detection_method": "cfar"
          }
        ],
        "yolo_properties": {
          "detection_method": "yolo8",
          "confidence": 0.8396579623222351,
          "class": "ship-1",
          "bbox_pixel": [
            4160.885192871094,
            9793.950012207031,
            4186.550445556641,
            9807.315185546875
          ],
          "bbox_geo": [
            -40.162845716533866,
            -20.325413270284443,
            -40.16010933073283,
            -20.32472228091275
          ],
          "model": "SAR-MULTI-1280p",
          "class_id": 0,
          "class_name": "ship-1",
          "tile_id": 460,
          "land_mask_checked": true,
          "center_is_water": true,
          "bbox_water_fraction": 1.0,
          "land_mask_method": "natural_earth_land_point_mask",
          "id": 23,
          "source": "yolo",
          "centroid_lon": -40.16147751927211,
          "centroid_lat": -20.32506777683736,
          "score": 0.8396579623222351,
          "patch_id": 54,
          "patch_label": "P055"
        }
      }
    },
    {
      "type": "Feature",
      "geometry": {
        "type": "Polygon",
        "coordinates": [
          [
            [
              -39.844080174323814,
              -20.058543693194483
            ],
            [
              -39.84180670126867,
              -20.058543693194483
            ],
            [
              -39.84180670126867,
              -20.056139829469043
            ],
            [
              -39.844080174323814,
              -20.056139829469043
            ],
            [
              -39.844080174323814,
              -20.058543693194483
            ]
          ]
        ]
      },
      "properties": {
        "id": 21,
        "target_id": "T0021",
        "source": "cfar_yolo",
        "detection_method": "cfar+yolo",
        "methods": [
          "cfar",
          "yolo"
        ],
        "fusion_status": "matched",
        "fusion_rule": "geometry_overlap",
        "cfar_id": 8,
        "cfar_ids": [
          8
        ],
        "cfar_fragment_count": 1,
        "yolo_id": 24,
        "cfar_patch_id": 39,
        "cfar_patch_ids": [
          39
        ],
        "yolo_patch_id": 26,
        "patch_id": 26,
        "patch_label": "P027",
        "yolo_confidence": 0.8306294083595276,
        "match_distance_m": 35.518,
        "match_distances_m": [
          35.518
        ],
        "nearest_match_distance_m": 35.518,
        "max_match_distance_m": 35.518,
        "geometries_overlap": true,
        "overlap_by_cfar": [
          true
        ],
        "display_geometry_source": "yolo",
        "cfar_properties": {
          "lat": -20.057685834451693,
          "lon": -39.84288222150738,
          "area_px": 18,
          "min_sigma0_dB": -6.289999961853027,
          "mean_sigma0_dB": 0.7200000286102295,
          "max_sigma0_dB": 10.119999885559082,
          "threshold_cfar_dB": -6.48,
          "pixel_coords": {
            "row": 351,
            "col": 1620,
            "row_resampled": 117,
            "col_resampled": 540
          },
          "bbox_pixel_coords": {
            "row_min": 339,
            "row_max": 363,
            "col_min": 1617,
            "col_max": 1626
          },
          "global_pixel_coords": {
            "row": 6191,
            "col": 1620
          },
          "source_product": "S1C_IW_GRDH_1SDV_20260810T081241_20260810T081306_008930_011B7A_D208",
          "source_arquivo_id": null,
          "patch_id": 39,
          "patch_name": "patch_0040_VV",
          "geotiff_name": "patch_0040_VV_sigma0_preproc.tif",
          "polarization": "VV",
          "input_scale": "linear",
          "georef_method": "snap_geolocation_grid",
          "geocoding_method": "geolocation_grid",
          "geolocation_grid_status": null,
          "snap_geolocation_grid_used": null,
          "raster_crs": "EPSG:4326",
          "raster_transform": [
            0.00010840393381716083,
            0.0,
            -42.31207824834236,
            0.0,
            -0.00012191578847949808,
            -19.700174537664182,
            0.0,
            0.0,
            1.0
          ],
          "core_bbox_pixels": {
            "x0": 0,
            "y0": 6000,
            "x1": 2000,
            "y1": 8000
          },
          "processing_bbox_pixels": {
            "x0": 0,
            "y0": 5840,
            "x1": 2160,
            "y1": 8160
          },
          "core_bounds_lonlat": {
            "west": -39.91859712523348,
            "south": -20.253355377105446,
            "east": -39.68798022299589,
            "north": -20.032595892229605
          },
          "processing_bounds_lonlat": {
            "west": -39.93707803877507,
            "south": -20.267630501374796,
            "east": -39.68442081197635,
            "north": -20.0149259863805
          },
          "halo_pixels": 160,
          "valid_bbox_fraction": 1.0,
          "artifact_aspect_ratio": 2.25,
          "land_mask_info": {
            "enabled": true,
            "applied": true,
            "status": "ok",
            "stage": "cfar_water_mask",
            "resampled_shape": [
              773,
              720
            ],
            "sample_shape": [
              128,
              119
            ],
            "sample_max_dim": 128,
            "available": true,
            "method": "natural_earth_land_point_mask",
            "bounds_lonlat": {
              "west": -39.91859712523348,
              "south": -20.253355377105446,
              "east": -39.68798022299589,
              "north": -20.032595892229605
            },
            "mask_path": "/content/sismom_colab_work_v2/sources/api/copernicus_meta_1-main/copernicus-platform/frontend/public/shapes/ne_10m_land/ne_10m_land.shp",
            "land_buffer_degrees": 0.0,
            "valid_geolocation_points": 15232,
            "land_points": 0,
            "water_points": 15232,
            "land_fraction": 0.0,
            "water_fraction": 1.0,
            "valid_pixels_before_land_mask": 542646,
            "valid_pixels_after_land_mask": 542646,
            "pixels_masked_by_land": 0,
            "valid_water_fraction": 1.0,
            "land_skip_threshold": 0.99,
            "min_water_fraction": 0.01,
            "skip_land_tiles": true,
            "skipped": false,
            "reason": "water_candidate",
            "message": "CFAR restrito aos pixels de água."
          },
          "land_fraction": 0.0,
          "water_fraction": 1.0,
          "valid_water_fraction": 1.0,
          "land_mask_method": "natural_earth_land_point_mask",
          "wave_age": null,
          "wave_age_class": null,
          "wave_age_factor": 1.35,
          "wave_age_status": "fallback",
          "era5_time": null,
          "era5_lon": null,
          "era5_lat": null,
          "u10": null,
          "peak_wave_period": null,
          "friction_velocity": null,
          "phase_speed": null,
          "patch_label": "P040",
          "id": 8,
          "source": "cfar",
          "detection_method": "cfar"
        },
        "cfar_properties_list": [
          {
            "lat": -20.057685834451693,
            "lon": -39.84288222150738,
            "area_px": 18,
            "min_sigma0_dB": -6.289999961853027,
            "mean_sigma0_dB": 0.7200000286102295,
            "max_sigma0_dB": 10.119999885559082,
            "threshold_cfar_dB": -6.48,
            "pixel_coords": {
              "row": 351,
              "col": 1620,
              "row_resampled": 117,
              "col_resampled": 540
            },
            "bbox_pixel_coords": {
              "row_min": 339,
              "row_max": 363,
              "col_min": 1617,
              "col_max": 1626
            },
            "global_pixel_coords": {
              "row": 6191,
              "col": 1620
            },
            "source_product": "S1C_IW_GRDH_1SDV_20260810T081241_20260810T081306_008930_011B7A_D208",
            "source_arquivo_id": null,
            "patch_id": 39,
            "patch_name": "patch_0040_VV",
            "geotiff_name": "patch_0040_VV_sigma0_preproc.tif",
            "polarization": "VV",
            "input_scale": "linear",
            "georef_method": "snap_geolocation_grid",
            "geocoding_method": "geolocation_grid",
            "geolocation_grid_status": null,
            "snap_geolocation_grid_used": null,
            "raster_crs": "EPSG:4326",
            "raster_transform": [
              0.00010840393381716083,
              0.0,
              -42.31207824834236,
              0.0,
              -0.00012191578847949808,
              -19.700174537664182,
              0.0,
              0.0,
              1.0
            ],
            "core_bbox_pixels": {
              "x0": 0,
              "y0": 6000,
              "x1": 2000,
              "y1": 8000
            },
            "processing_bbox_pixels": {
              "x0": 0,
              "y0": 5840,
              "x1": 2160,
              "y1": 8160
            },
            "core_bounds_lonlat": {
              "west": -39.91859712523348,
              "south": -20.253355377105446,
              "east": -39.68798022299589,
              "north": -20.032595892229605
            },
            "processing_bounds_lonlat": {
              "west": -39.93707803877507,
              "south": -20.267630501374796,
              "east": -39.68442081197635,
              "north": -20.0149259863805
            },
            "halo_pixels": 160,
            "valid_bbox_fraction": 1.0,
            "artifact_aspect_ratio": 2.25,
            "land_mask_info": {
              "enabled": true,
              "applied": true,
              "status": "ok",
              "stage": "cfar_water_mask",
              "resampled_shape": [
                773,
                720
              ],
              "sample_shape": [
                128,
                119
              ],
              "sample_max_dim": 128,
              "available": true,
              "method": "natural_earth_land_point_mask",
              "bounds_lonlat": {
                "west": -39.91859712523348,
                "south": -20.253355377105446,
                "east": -39.68798022299589,
                "north": -20.032595892229605
              },
              "mask_path": "/content/sismom_colab_work_v2/sources/api/copernicus_meta_1-main/copernicus-platform/frontend/public/shapes/ne_10m_land/ne_10m_land.shp",
              "land_buffer_degrees": 0.0,
              "valid_geolocation_points": 15232,
              "land_points": 0,
              "water_points": 15232,
              "land_fraction": 0.0,
              "water_fraction": 1.0,
              "valid_pixels_before_land_mask": 542646,
              "valid_pixels_after_land_mask": 542646,
              "pixels_masked_by_land": 0,
              "valid_water_fraction": 1.0,
              "land_skip_threshold": 0.99,
              "min_water_fraction": 0.01,
              "skip_land_tiles": true,
              "skipped": false,
              "reason": "water_candidate",
              "message": "CFAR restrito aos pixels de água."
            },
            "land_fraction": 0.0,
            "water_fraction": 1.0,
            "valid_water_fraction": 1.0,
            "land_mask_method": "natural_earth_land_point_mask",
            "wave_age": null,
            "wave_age_class": null,
            "wave_age_factor": 1.35,
            "wave_age_status": "fallback",
            "era5_time": null,
            "era5_lon": null,
            "era5_lat": null,
            "u10": null,
            "peak_wave_period": null,
            "friction_velocity": null,
            "phase_speed": null,
            "patch_label": "P040",
            "id": 8,
            "source": "cfar",
            "detection_method": "cfar"
          }
        ],
        "yolo_properties": {
          "detection_method": "yolo8",
          "confidence": 0.8306294083595276,
          "class": "ship-1",
          "bbox_pixel": [
            1613.805160522461,
            6172.160339355469,
            1630.2454528808594,
            6203.194763183594
          ],
          "bbox_geo": [
            -39.844080174323814,
            -20.058543693194483,
            -39.84180670126867,
            -20.056139829469043
          ],
          "model": "SAR-MULTI-1280p",
          "class_id": 0,
          "class_name": "ship-1",
          "tile_id": 282,
          "land_mask_checked": true,
          "center_is_water": true,
          "bbox_water_fraction": 1.0,
          "land_mask_method": "natural_earth_land_point_mask",
          "id": 24,
          "source": "yolo",
          "centroid_lon": -39.84297873472507,
          "centroid_lat": -20.057286538815358,
          "score": 0.8306294083595276,
          "patch_id": 26,
          "patch_label": "P027"
        }
      }
    },
    {
      "type": "Feature",
      "geometry": {
        "type": "Polygon",
        "coordinates": [
          [
            [
              -40.20866761362876,
              -20.310243071649264
            ],
            [
              -40.20612574510066,
              -20.310243071649264
            ],
            [
              -40.20612574510066,
              -20.308375182125552
            ],
            [
              -40.20866761362876,
              -20.308375182125552
            ],
            [
              -40.20866761362876,
              -20.310243071649264
            ]
          ]
        ]
      },
      "properties": {
        "id": 22,
        "target_id": "T0022",
        "source": "cfar_yolo",
        "detection_method": "cfar+yolo",
        "methods": [
          "cfar",
          "yolo"
        ],
        "fusion_status": "matched",
        "fusion_rule": "geometry_overlap",
        "cfar_id": 24,
        "cfar_ids": [
          24
        ],
        "cfar_fragment_count": 1,
        "yolo_id": 25,
        "cfar_patch_id": 54,
        "cfar_patch_ids": [
          54
        ],
        "yolo_patch_id": 54,
        "patch_id": 54,
        "patch_label": "P055",
        "yolo_confidence": 0.8247826099395752,
        "match_distance_m": 97.975,
        "match_distances_m": [
          97.975
        ],
        "nearest_match_distance_m": 97.975,
        "max_match_distance_m": 97.975,
        "geometries_overlap": true,
        "overlap_by_cfar": [
          true
        ],
        "display_geometry_source": "yolo",
        "cfar_properties": {
          "lat": -20.30843175407349,
          "lon": -40.20751948554634,
          "area_px": 4,
          "min_sigma0_dB": 5.25,
          "mean_sigma0_dB": 5.940000057220459,
          "max_sigma0_dB": 7.170000076293945,
          "threshold_cfar_dB": 4.97,
          "pixel_coords": {
            "row": 1896,
            "col": 843,
            "row_resampled": 632,
            "col_resampled": 281
          },
          "bbox_pixel_coords": {
            "row_min": 1893,
            "row_max": 1899,
            "col_min": 840,
            "col_max": 846
          },
          "global_pixel_coords": {
            "row": 9736,
            "col": 4683
          },
          "source_product": "S1C_IW_GRDH_1SDV_20260810T081241_20260810T081306_008930_011B7A_D208",
          "source_arquivo_id": null,
          "patch_id": 54,
          "patch_name": "patch_0055_VV",
          "geotiff_name": "patch_0055_VV_sigma0_preproc.tif",
          "polarization": "VV",
          "input_scale": "linear",
          "georef_method": "snap_geolocation_grid",
          "geocoding_method": "geolocation_grid",
          "geolocation_grid_status": null,
          "snap_geolocation_grid_used": null,
          "raster_crs": "EPSG:4326",
          "raster_transform": [
            0.00010840393381716083,
            0.0,
            -41.895807142484465,
            0.0,
            -0.00012191578847949808,
            -19.94400611462318,
            0.0,
            0.0,
            1.0
          ],
          "core_bbox_pixels": {
            "x0": 4000,
            "y0": 8000,
            "x1": 6000,
            "y1": 10000
          },
          "processing_bbox_pixels": {
            "x0": 3840,
            "y0": 7840,
            "x1": 6160,
            "y1": 10160
          },
          "core_bounds_lonlat": {
            "west": -40.33890751420324,
            "south": -20.346518550005825,
            "east": -40.10484794515679,
            "north": -20.124347521714363
          },
          "processing_bounds_lonlat": {
            "west": -40.357859806670454,
            "south": -20.36421421019537,
            "east": -40.086341775118726,
            "north": -20.106420575143357
          },
          "halo_pixels": 160,
          "valid_bbox_fraction": 1.0,
          "artifact_aspect_ratio": 1.0,
          "land_mask_info": {
            "enabled": true,
            "applied": true,
            "status": "ok",
            "stage": "cfar_water_mask",
            "resampled_shape": [
              773,
              773
            ],
            "sample_shape": [
              128,
              128
            ],
            "sample_max_dim": 128,
            "available": true,
            "method": "natural_earth_land_point_mask",
            "bounds_lonlat": {
              "west": -40.33890751420324,
              "south": -20.346518550005825,
              "east": -40.10484794515679,
              "north": -20.124347521714363
            },
            "mask_path": "/content/sismom_colab_work_v2/sources/api/copernicus_meta_1-main/copernicus-platform/frontend/public/shapes/ne_10m_land/ne_10m_land.shp",
            "land_buffer_degrees": 0.0,
            "valid_geolocation_points": 16384,
            "land_points": 6693,
            "water_points": 9691,
            "land_fraction": 0.40850830078125,
            "water_fraction": 0.59149169921875,
            "valid_pixels_before_land_mask": 597529,
            "valid_pixels_after_land_mask": 353109,
            "pixels_masked_by_land": 244420,
            "valid_water_fraction": 0.5909487238276301,
            "land_skip_threshold": 0.99,
            "min_water_fraction": 0.01,
            "skip_land_tiles": true,
            "skipped": false,
            "reason": "water_candidate",
            "message": "CFAR restrito aos pixels de água."
          },
          "land_fraction": 0.40850830078125,
          "water_fraction": 0.59149169921875,
          "valid_water_fraction": 0.5909487238276301,
          "land_mask_method": "natural_earth_land_point_mask",
          "wave_age": null,
          "wave_age_class": null,
          "wave_age_factor": 1.35,
          "wave_age_status": "fallback",
          "era5_time": null,
          "era5_lon": null,
          "era5_lat": null,
          "u10": null,
          "peak_wave_period": null,
          "friction_velocity": null,
          "phase_speed": null,
          "patch_label": "P055",
          "id": 24,
          "source": "cfar",
          "detection_method": "cfar"
        },
        "cfar_properties_list": [
          {
            "lat": -20.30843175407349,
            "lon": -40.20751948554634,
            "area_px": 4,
            "min_sigma0_dB": 5.25,
            "mean_sigma0_dB": 5.940000057220459,
            "max_sigma0_dB": 7.170000076293945,
            "threshold_cfar_dB": 4.97,
            "pixel_coords": {
              "row": 1896,
              "col": 843,
              "row_resampled": 632,
              "col_resampled": 281
            },
            "bbox_pixel_coords": {
              "row_min": 1893,
              "row_max": 1899,
              "col_min": 840,
              "col_max": 846
            },
            "global_pixel_coords": {
              "row": 9736,
              "col": 4683
            },
            "source_product": "S1C_IW_GRDH_1SDV_20260810T081241_20260810T081306_008930_011B7A_D208",
            "source_arquivo_id": null,
            "patch_id": 54,
            "patch_name": "patch_0055_VV",
            "geotiff_name": "patch_0055_VV_sigma0_preproc.tif",
            "polarization": "VV",
            "input_scale": "linear",
            "georef_method": "snap_geolocation_grid",
            "geocoding_method": "geolocation_grid",
            "geolocation_grid_status": null,
            "snap_geolocation_grid_used": null,
            "raster_crs": "EPSG:4326",
            "raster_transform": [
              0.00010840393381716083,
              0.0,
              -41.895807142484465,
              0.0,
              -0.00012191578847949808,
              -19.94400611462318,
              0.0,
              0.0,
              1.0
            ],
            "core_bbox_pixels": {
              "x0": 4000,
              "y0": 8000,
              "x1": 6000,
              "y1": 10000
            },
            "processing_bbox_pixels": {
              "x0": 3840,
              "y0": 7840,
              "x1": 6160,
              "y1": 10160
            },
            "core_bounds_lonlat": {
              "west": -40.33890751420324,
              "south": -20.346518550005825,
              "east": -40.10484794515679,
              "north": -20.124347521714363
            },
            "processing_bounds_lonlat": {
              "west": -40.357859806670454,
              "south": -20.36421421019537,
              "east": -40.086341775118726,
              "north": -20.106420575143357
            },
            "halo_pixels": 160,
            "valid_bbox_fraction": 1.0,
            "artifact_aspect_ratio": 1.0,
            "land_mask_info": {
              "enabled": true,
              "applied": true,
              "status": "ok",
              "stage": "cfar_water_mask",
              "resampled_shape": [
                773,
                773
              ],
              "sample_shape": [
                128,
                128
              ],
              "sample_max_dim": 128,
              "available": true,
              "method": "natural_earth_land_point_mask",
              "bounds_lonlat": {
                "west": -40.33890751420324,
                "south": -20.346518550005825,
                "east": -40.10484794515679,
                "north": -20.124347521714363
              },
              "mask_path": "/content/sismom_colab_work_v2/sources/api/copernicus_meta_1-main/copernicus-platform/frontend/public/shapes/ne_10m_land/ne_10m_land.shp",
              "land_buffer_degrees": 0.0,
              "valid_geolocation_points": 16384,
              "land_points": 6693,
              "water_points": 9691,
              "land_fraction": 0.40850830078125,
              "water_fraction": 0.59149169921875,
              "valid_pixels_before_land_mask": 597529,
              "valid_pixels_after_land_mask": 353109,
              "pixels_masked_by_land": 244420,
              "valid_water_fraction": 0.5909487238276301,
              "land_skip_threshold": 0.99,
              "min_water_fraction": 0.01,
              "skip_land_tiles": true,
              "skipped": false,
              "reason": "water_candidate",
              "message": "CFAR restrito aos pixels de água."
            },
            "land_fraction": 0.40850830078125,
            "water_fraction": 0.59149169921875,
            "valid_water_fraction": 0.5909487238276301,
            "land_mask_method": "natural_earth_land_point_mask",
            "wave_age": null,
            "wave_age_class": null,
            "wave_age_factor": 1.35,
            "wave_age_status": "fallback",
            "era5_time": null,
            "era5_lon": null,
            "era5_lat": null,
            "u10": null,
            "peak_wave_period": null,
            "friction_velocity": null,
            "phase_speed": null,
            "patch_label": "P055",
            "id": 24,
            "source": "cfar",
            "detection_method": "cfar"
          }
        ],
        "yolo_properties": {
          "detection_method": "yolo8",
          "confidence": 0.8247826099395752,
          "class": "ship-1",
          "bbox_pixel": [
            4669.949905395508,
            9732.531066894531,
            4690.564178466797,
            9758.315658569336
          ],
          "bbox_geo": [
            -40.20866761362876,
            -20.310243071649264,
            -40.20612574510066,
            -20.308375182125552
          ],
          "model": "SAR-MULTI-1280p",
          "class_id": 0,
          "class_name": "ship-1",
          "tile_id": 461,
          "land_mask_checked": true,
          "center_is_water": true,
          "bbox_water_fraction": 1.0,
          "land_mask_method": "natural_earth_land_point_mask",
          "id": 25,
          "source": "yolo",
          "centroid_lon": -40.20744322639427,
          "centroid_lat": -20.309298413126076,
          "score": 0.8247826099395752,
          "patch_id": 54,
          "patch_label": "P055"
        }
      }
    },
    {
      "type": "Feature",
      "geometry": {
        "type": "Polygon",
        "coordinates": [
          [
            [
              -40.25356021531915,
              -20.385574462921547
            ],
            [
              -40.25145743357656,
              -20.385574462921547
            ],
            [
              -40.25145743357656,
              -20.383888596828324
            ],
            [
              -40.25356021531915,
              -20.383888596828324
            ],
            [
              -40.25356021531915,
              -20.385574462921547
            ]
          ]
        ]
      },
      "properties": {
        "id": 23,
        "target_id": "T0023",
        "source": "cfar_yolo",
        "detection_method": "cfar+yolo",
        "methods": [
          "cfar",
          "yolo"
        ],
        "fusion_status": "matched",
        "fusion_rule": "geometry_overlap",
        "cfar_id": 47,
        "cfar_ids": [
          47
        ],
        "cfar_fragment_count": 1,
        "yolo_id": 26,
        "cfar_patch_id": 67,
        "cfar_patch_ids": [
          67
        ],
        "yolo_patch_id": 67,
        "patch_id": 67,
        "patch_label": "P068",
        "yolo_confidence": 0.7972537279129028,
        "match_distance_m": 16.046,
        "match_distances_m": [
          16.046
        ],
        "nearest_match_distance_m": 16.046,
        "max_match_distance_m": 16.046,
        "geometries_overlap": true,
        "overlap_by_cfar": [
          true
        ],
        "display_geometry_source": "yolo",
        "cfar_properties": {
          "lat": -20.384587087169148,
          "lon": -40.25252153255007,
          "area_px": 17,
          "min_sigma0_dB": -4.380000114440918,
          "mean_sigma0_dB": 5.050000190734863,
          "max_sigma0_dB": 12.5600004196167,
          "threshold_cfar_dB": -4.53,
          "pixel_coords": {
            "row": 813,
            "col": 1104,
            "row_resampled": 271,
            "col_resampled": 368
          },
          "bbox_pixel_coords": {
            "row_min": 804,
            "row_max": 822,
            "col_min": 1098,
            "col_max": 1110
          },
          "global_pixel_coords": {
            "row": 10653,
            "col": 4944
          },
          "source_product": "S1C_IW_GRDH_1SDV_20260810T081241_20260810T081306_008930_011B7A_D208",
          "source_arquivo_id": null,
          "patch_id": 67,
          "patch_name": "patch_0068_VV",
          "geotiff_name": "patch_0068_VV_sigma0_preproc.tif",
          "polarization": "VV",
          "input_scale": "linear",
          "georef_method": "snap_geolocation_grid",
          "geocoding_method": "geolocation_grid",
          "geolocation_grid_status": null,
          "snap_geolocation_grid_used": null,
          "raster_crs": "EPSG:4326",
          "raster_transform": [
            0.00010840393381716083,
            0.0,
            -41.895807142484465,
            0.0,
            -0.00012191578847949808,
            -20.187837691582175,
            0.0,
            0.0,
            1.0
          ],
          "core_bbox_pixels": {
            "x0": 4000,
            "y0": 10000,
            "x1": 6000,
            "y1": 12000
          },
          "processing_bbox_pixels": {
            "x0": 3840,
            "y0": 9840,
            "x1": 6160,
            "y1": 12160
          },
          "core_bounds_lonlat": {
            "west": -40.38336288736142,
            "south": -20.52483668443298,
            "east": -40.14987550258101,
            "north": -20.303015682126635
          },
          "processing_bounds_lonlat": {
            "west": -40.40219382895642,
            "south": -20.54253588609984,
            "east": -40.131372880068135,
            "north": -20.28517625724242
          },
          "halo_pixels": 160,
          "valid_bbox_fraction": 1.0,
          "artifact_aspect_ratio": 1.4,
          "land_mask_info": {
            "enabled": true,
            "applied": true,
            "status": "ok",
            "stage": "cfar_water_mask",
            "resampled_shape": [
              773,
              773
            ],
            "sample_shape": [
              128,
              128
            ],
            "sample_max_dim": 128,
            "available": true,
            "method": "natural_earth_land_point_mask",
            "bounds_lonlat": {
              "west": -40.38336288736142,
              "south": -20.52483668443298,
              "east": -40.14987550258101,
              "north": -20.303015682126635
            },
            "mask_path": "/content/sismom_colab_work_v2/sources/api/copernicus_meta_1-main/copernicus-platform/frontend/public/shapes/ne_10m_land/ne_10m_land.shp",
            "land_buffer_degrees": 0.0,
            "valid_geolocation_points": 16384,
            "land_points": 4454,
            "water_points": 11930,
            "land_fraction": 0.2718505859375,
            "water_fraction": 0.7281494140625,
            "valid_pixels_before_land_mask": 597529,
            "valid_pixels_after_land_mask": 435567,
            "pixels_masked_by_land": 161962,
            "valid_water_fraction": 0.728947046921572,
            "land_skip_threshold": 0.99,
            "min_water_fraction": 0.01,
            "skip_land_tiles": true,
            "skipped": false,
            "reason": "water_candidate",
            "message": "CFAR restrito aos pixels de água."
          },
          "land_fraction": 0.2718505859375,
          "water_fraction": 0.7281494140625,
          "valid_water_fraction": 0.728947046921572,
          "land_mask_method": "natural_earth_land_point_mask",
          "wave_age": null,
          "wave_age_class": null,
          "wave_age_factor": 1.35,
          "wave_age_status": "fallback",
          "era5_time": null,
          "era5_lon": null,
          "era5_lat": null,
          "u10": null,
          "peak_wave_period": null,
          "friction_velocity": null,
          "phase_speed": null,
          "patch_label": "P068",
          "id": 47,
          "source": "cfar",
          "detection_method": "cfar"
        },
        "cfar_properties_list": [
          {
            "lat": -20.384587087169148,
            "lon": -40.25252153255007,
            "area_px": 17,
            "min_sigma0_dB": -4.380000114440918,
            "mean_sigma0_dB": 5.050000190734863,
            "max_sigma0_dB": 12.5600004196167,
            "threshold_cfar_dB": -4.53,
            "pixel_coords": {
              "row": 813,
              "col": 1104,
              "row_resampled": 271,
              "col_resampled": 368
            },
            "bbox_pixel_coords": {
              "row_min": 804,
              "row_max": 822,
              "col_min": 1098,
              "col_max": 1110
            },
            "global_pixel_coords": {
              "row": 10653,
              "col": 4944
            },
            "source_product": "S1C_IW_GRDH_1SDV_20260810T081241_20260810T081306_008930_011B7A_D208",
            "source_arquivo_id": null,
            "patch_id": 67,
            "patch_name": "patch_0068_VV",
            "geotiff_name": "patch_0068_VV_sigma0_preproc.tif",
            "polarization": "VV",
            "input_scale": "linear",
            "georef_method": "snap_geolocation_grid",
            "geocoding_method": "geolocation_grid",
            "geolocation_grid_status": null,
            "snap_geolocation_grid_used": null,
            "raster_crs": "EPSG:4326",
            "raster_transform": [
              0.00010840393381716083,
              0.0,
              -41.895807142484465,
              0.0,
              -0.00012191578847949808,
              -20.187837691582175,
              0.0,
              0.0,
              1.0
            ],
            "core_bbox_pixels": {
              "x0": 4000,
              "y0": 10000,
              "x1": 6000,
              "y1": 12000
            },
            "processing_bbox_pixels": {
              "x0": 3840,
              "y0": 9840,
              "x1": 6160,
              "y1": 12160
            },
            "core_bounds_lonlat": {
              "west": -40.38336288736142,
              "south": -20.52483668443298,
              "east": -40.14987550258101,
              "north": -20.303015682126635
            },
            "processing_bounds_lonlat": {
              "west": -40.40219382895642,
              "south": -20.54253588609984,
              "east": -40.131372880068135,
              "north": -20.28517625724242
            },
            "halo_pixels": 160,
            "valid_bbox_fraction": 1.0,
            "artifact_aspect_ratio": 1.4,
            "land_mask_info": {
              "enabled": true,
              "applied": true,
              "status": "ok",
              "stage": "cfar_water_mask",
              "resampled_shape": [
                773,
                773
              ],
              "sample_shape": [
                128,
                128
              ],
              "sample_max_dim": 128,
              "available": true,
              "method": "natural_earth_land_point_mask",
              "bounds_lonlat": {
                "west": -40.38336288736142,
                "south": -20.52483668443298,
                "east": -40.14987550258101,
                "north": -20.303015682126635
              },
              "mask_path": "/content/sismom_colab_work_v2/sources/api/copernicus_meta_1-main/copernicus-platform/frontend/public/shapes/ne_10m_land/ne_10m_land.shp",
              "land_buffer_degrees": 0.0,
              "valid_geolocation_points": 16384,
              "land_points": 4454,
              "water_points": 11930,
              "land_fraction": 0.2718505859375,
              "water_fraction": 0.7281494140625,
              "valid_pixels_before_land_mask": 597529,
              "valid_pixels_after_land_mask": 435567,
              "pixels_masked_by_land": 161962,
              "valid_water_fraction": 0.728947046921572,
              "land_skip_threshold": 0.99,
              "min_water_fraction": 0.01,
              "skip_land_tiles": true,
              "skipped": false,
              "reason": "water_candidate",
              "message": "CFAR restrito aos pixels de água."
            },
            "land_fraction": 0.2718505859375,
            "water_fraction": 0.7281494140625,
            "valid_water_fraction": 0.728947046921572,
            "land_mask_method": "natural_earth_land_point_mask",
            "wave_age": null,
            "wave_age_class": null,
            "wave_age_factor": 1.35,
            "wave_age_status": "fallback",
            "era5_time": null,
            "era5_lon": null,
            "era5_lat": null,
            "u10": null,
            "peak_wave_period": null,
            "friction_velocity": null,
            "phase_speed": null,
            "patch_label": "P068",
            "id": 47,
            "source": "cfar",
            "detection_method": "cfar"
          }
        ],
        "yolo_properties": {
          "detection_method": "yolo8",
          "confidence": 0.7972537279129028,
          "class": "ship-1",
          "bbox_pixel": [
            4935.3829345703125,
            10643.389770507812,
            4952.3756103515625,
            10666.881744384766
          ],
          "bbox_geo": [
            -40.25356021531915,
            -20.385574462921547,
            -40.25145743357656,
            -20.383888596828324
          ],
          "model": "SAR-MULTI-1280p",
          "class_id": 0,
          "class_name": "ship-1",
          "tile_id": 496,
          "land_mask_checked": true,
          "center_is_water": true,
          "bbox_water_fraction": 1.0,
          "land_mask_method": "natural_earth_land_point_mask",
          "id": 26,
          "source": "yolo",
          "centroid_lon": -40.252473531966096,
          "centroid_lat": -20.384786827097813,
          "score": 0.7972537279129028,
          "patch_id": 67,
          "patch_label": "P068"
        }
      }
    },
    {
      "type": "Feature",
      "geometry": {
        "type": "Polygon",
        "coordinates": [
          [
            [
              -40.26289924003553,
              -20.691767299676073
            ],
            [
              -40.26137865210704,
              -20.691767299676073
            ],
            [
              -40.26137865210704,
              -20.689664170245038
            ],
            [
              -40.26289924003553,
              -20.689664170245038
            ],
            [
              -40.26289924003553,
              -20.691767299676073
            ]
          ]
        ]
      },
      "properties": {
        "id": 24,
        "target_id": "T0024",
        "source": "cfar_yolo",
        "detection_method": "cfar+yolo",
        "methods": [
          "cfar",
          "yolo"
        ],
        "fusion_status": "matched",
        "fusion_rule": "geometry_overlap",
        "cfar_id": 58,
        "cfar_ids": [
          58
        ],
        "cfar_fragment_count": 1,
        "yolo_id": 28,
        "cfar_patch_id": 80,
        "cfar_patch_ids": [
          80
        ],
        "yolo_patch_id": 80,
        "patch_id": 80,
        "patch_label": "P081",
        "yolo_confidence": 0.7900654673576355,
        "match_distance_m": 22.575,
        "match_distances_m": [
          22.575
        ],
        "nearest_match_distance_m": 22.575,
        "max_match_distance_m": 22.575,
        "geometries_overlap": true,
        "overlap_by_cfar": [
          true
        ],
        "display_geometry_source": "yolo",
        "cfar_properties": {
          "lat": -20.690558914820578,
          "lon": -40.262000445628544,
          "area_px": 14,
          "min_sigma0_dB": -2.9800000190734863,
          "mean_sigma0_dB": 4.159999847412109,
          "max_sigma0_dB": 13.680000305175781,
          "threshold_cfar_dB": -3.2,
          "pixel_coords": {
            "row": 2079,
            "col": 414,
            "row_resampled": 693,
            "col_resampled": 138
          },
          "bbox_pixel_coords": {
            "row_min": 2070,
            "row_max": 2088,
            "col_min": 411,
            "col_max": 417
          },
          "global_pixel_coords": {
            "row": 13919,
            "col": 4254
          },
          "source_product": "S1C_IW_GRDH_1SDV_20260810T081241_20260810T081306_008930_011B7A_D208",
          "source_arquivo_id": null,
          "patch_id": 80,
          "patch_name": "patch_0081_VV",
          "geotiff_name": "patch_0081_VV_sigma0_preproc.tif",
          "polarization": "VV",
          "input_scale": "linear",
          "georef_method": "snap_geolocation_grid",
          "geocoding_method": "geolocation_grid",
          "geolocation_grid_status": null,
          "snap_geolocation_grid_used": null,
          "raster_crs": "EPSG:4326",
          "raster_transform": [
            0.00010840393381716083,
            0.0,
            -41.895807142484465,
            0.0,
            -0.00012191578847949808,
            -20.43166926854117,
            0.0,
            0.0,
            1.0
          ],
          "core_bbox_pixels": {
            "x0": 4000,
            "y0": 12000,
            "x1": 6000,
            "y1": 14000
          },
          "processing_bbox_pixels": {
            "x0": 3840,
            "y0": 11840,
            "x1": 6160,
            "y1": 14160
          },
          "core_bounds_lonlat": {
            "west": -40.42745732687454,
            "south": -20.703148897802347,
            "east": -40.19496920218373,
            "north": -20.481472511443513
          },
          "processing_bounds_lonlat": {
            "west": -40.445993838206896,
            "south": -20.72085212418322,
            "east": -40.17644430946244,
            "north": -20.463663704866974
          },
          "halo_pixels": 160,
          "valid_bbox_fraction": 1.0,
          "artifact_aspect_ratio": 2.3333,
          "land_mask_info": {
            "enabled": true,
            "applied": true,
            "status": "ok",
            "stage": "cfar_water_mask",
            "resampled_shape": [
              773,
              773
            ],
            "sample_shape": [
              128,
              128
            ],
            "sample_max_dim": 128,
            "available": true,
            "method": "natural_earth_land_point_mask",
            "bounds_lonlat": {
              "west": -40.42745732687454,
              "south": -20.703148897802347,
              "east": -40.19496920218373,
              "north": -20.481472511443513
            },
            "mask_path": "/content/sismom_colab_work_v2/sources/api/copernicus_meta_1-main/copernicus-platform/frontend/public/shapes/ne_10m_land/ne_10m_land.shp",
            "land_buffer_degrees": 0.0,
            "valid_geolocation_points": 16384,
            "land_points": 1882,
            "water_points": 14502,
            "land_fraction": 0.1148681640625,
            "water_fraction": 0.8851318359375,
            "valid_pixels_before_land_mask": 597529,
            "valid_pixels_after_land_mask": 530031,
            "pixels_masked_by_land": 67498,
            "valid_water_fraction": 0.8870381186519818,
            "land_skip_threshold": 0.99,
            "min_water_fraction": 0.01,
            "skip_land_tiles": true,
            "skipped": false,
            "reason": "water_candidate",
            "message": "CFAR restrito aos pixels de água."
          },
          "land_fraction": 0.1148681640625,
          "water_fraction": 0.8851318359375,
          "valid_water_fraction": 0.8870381186519818,
          "land_mask_method": "natural_earth_land_point_mask",
          "wave_age": null,
          "wave_age_class": null,
          "wave_age_factor": 1.35,
          "wave_age_status": "fallback",
          "era5_time": null,
          "era5_lon": null,
          "era5_lat": null,
          "u10": null,
          "peak_wave_period": null,
          "friction_velocity": null,
          "phase_speed": null,
          "patch_label": "P081",
          "id": 58,
          "source": "cfar",
          "detection_method": "cfar"
        },
        "cfar_properties_list": [
          {
            "lat": -20.690558914820578,
            "lon": -40.262000445628544,
            "area_px": 14,
            "min_sigma0_dB": -2.9800000190734863,
            "mean_sigma0_dB": 4.159999847412109,
            "max_sigma0_dB": 13.680000305175781,
            "threshold_cfar_dB": -3.2,
            "pixel_coords": {
              "row": 2079,
              "col": 414,
              "row_resampled": 693,
              "col_resampled": 138
            },
            "bbox_pixel_coords": {
              "row_min": 2070,
              "row_max": 2088,
              "col_min": 411,
              "col_max": 417
            },
            "global_pixel_coords": {
              "row": 13919,
              "col": 4254
            },
            "source_product": "S1C_IW_GRDH_1SDV_20260810T081241_20260810T081306_008930_011B7A_D208",
            "source_arquivo_id": null,
            "patch_id": 80,
            "patch_name": "patch_0081_VV",
            "geotiff_name": "patch_0081_VV_sigma0_preproc.tif",
            "polarization": "VV",
            "input_scale": "linear",
            "georef_method": "snap_geolocation_grid",
            "geocoding_method": "geolocation_grid",
            "geolocation_grid_status": null,
            "snap_geolocation_grid_used": null,
            "raster_crs": "EPSG:4326",
            "raster_transform": [
              0.00010840393381716083,
              0.0,
              -41.895807142484465,
              0.0,
              -0.00012191578847949808,
              -20.43166926854117,
              0.0,
              0.0,
              1.0
            ],
            "core_bbox_pixels": {
              "x0": 4000,
              "y0": 12000,
              "x1": 6000,
              "y1": 14000
            },
            "processing_bbox_pixels": {
              "x0": 3840,
              "y0": 11840,
              "x1": 6160,
              "y1": 14160
            },
            "core_bounds_lonlat": {
              "west": -40.42745732687454,
              "south": -20.703148897802347,
              "east": -40.19496920218373,
              "north": -20.481472511443513
            },
            "processing_bounds_lonlat": {
              "west": -40.445993838206896,
              "south": -20.72085212418322,
              "east": -40.17644430946244,
              "north": -20.463663704866974
            },
            "halo_pixels": 160,
            "valid_bbox_fraction": 1.0,
            "artifact_aspect_ratio": 2.3333,
            "land_mask_info": {
              "enabled": true,
              "applied": true,
              "status": "ok",
              "stage": "cfar_water_mask",
              "resampled_shape": [
                773,
                773
              ],
              "sample_shape": [
                128,
                128
              ],
              "sample_max_dim": 128,
              "available": true,
              "method": "natural_earth_land_point_mask",
              "bounds_lonlat": {
                "west": -40.42745732687454,
                "south": -20.703148897802347,
                "east": -40.19496920218373,
                "north": -20.481472511443513
              },
              "mask_path": "/content/sismom_colab_work_v2/sources/api/copernicus_meta_1-main/copernicus-platform/frontend/public/shapes/ne_10m_land/ne_10m_land.shp",
              "land_buffer_degrees": 0.0,
              "valid_geolocation_points": 16384,
              "land_points": 1882,
              "water_points": 14502,
              "land_fraction": 0.1148681640625,
              "water_fraction": 0.8851318359375,
              "valid_pixels_before_land_mask": 597529,
              "valid_pixels_after_land_mask": 530031,
              "pixels_masked_by_land": 67498,
              "valid_water_fraction": 0.8870381186519818,
              "land_skip_threshold": 0.99,
              "min_water_fraction": 0.01,
              "skip_land_tiles": true,
              "skipped": false,
              "reason": "water_candidate",
              "message": "CFAR restrito aos pixels de água."
            },
            "land_fraction": 0.1148681640625,
            "water_fraction": 0.8851318359375,
            "valid_water_fraction": 0.8870381186519818,
            "land_mask_method": "natural_earth_land_point_mask",
            "wave_age": null,
            "wave_age_class": null,
            "wave_age_factor": 1.35,
            "wave_age_status": "fallback",
            "era5_time": null,
            "era5_lon": null,
            "era5_lat": null,
            "u10": null,
            "peak_wave_period": null,
            "friction_velocity": null,
            "phase_speed": null,
            "patch_label": "P081",
            "id": 58,
            "source": "cfar",
            "detection_method": "cfar"
          }
        ],
        "yolo_properties": {
          "detection_method": "yolo8",
          "confidence": 0.7900654673576355,
          "class": "ship-1",
          "bbox_pixel": [
            4250.712951660156,
            13908.684326171875,
            4260.1688232421875,
            13934.659240722656
          ],
          "bbox_geo": [
            -40.26289924003553,
            -20.691767299676073,
            -40.26137865210704,
            -20.689664170245038
          ],
          "model": "SAR-MULTI-1280p",
          "class_id": 0,
          "class_name": "ship-1",
          "tile_id": 635,
          "land_mask_checked": true,
          "center_is_water": true,
          "bbox_water_fraction": 1.0,
          "land_mask_method": "natural_earth_land_point_mask",
          "id": 28,
          "source": "yolo",
          "centroid_lon": -40.26213894355631,
          "centroid_lat": -20.69071573568924,
          "score": 0.7900654673576355,
          "patch_id": 80,
          "patch_label": "P081"
        }
      }
    },
    {
      "type": "Feature",
      "geometry": {
        "type": "Polygon",
        "coordinates": [
          [
            [
              -40.170105203079096,
              -20.294117628336302
            ],
            [
              -40.1686782496629,
              -20.294117628336302
            ],
            [
              -40.1686782496629,
              -20.292370463217253
            ],
            [
              -40.170105203079096,
              -20.292370463217253
            ],
            [
              -40.170105203079096,
              -20.294117628336302
            ]
          ]
        ]
      },
      "properties": {
        "id": 25,
        "target_id": "T0025",
        "source": "cfar_yolo",
        "detection_method": "cfar+yolo",
        "methods": [
          "cfar",
          "yolo"
        ],
        "fusion_status": "matched",
        "fusion_rule": "geometry_overlap",
        "cfar_id": 16,
        "cfar_ids": [
          16
        ],
        "cfar_fragment_count": 1,
        "yolo_id": 29,
        "cfar_patch_id": 54,
        "cfar_patch_ids": [
          54
        ],
        "yolo_patch_id": 54,
        "patch_id": 54,
        "patch_label": "P055",
        "yolo_confidence": 0.7714930772781372,
        "match_distance_m": 29.543,
        "match_distances_m": [
          29.543
        ],
        "nearest_match_distance_m": 29.543,
        "max_match_distance_m": 29.543,
        "geometries_overlap": true,
        "overlap_by_cfar": [
          true
        ],
        "display_geometry_source": "yolo",
        "cfar_properties": {
          "lat": -20.292823137947558,
          "lon": -40.16958082351489,
          "area_px": 16,
          "min_sigma0_dB": -6.230000019073486,
          "mean_sigma0_dB": 2.1700000762939453,
          "max_sigma0_dB": 15.270000457763672,
          "threshold_cfar_dB": -6.43,
          "pixel_coords": {
            "row": 1638,
            "col": 498,
            "row_resampled": 546,
            "col_resampled": 166
          },
          "bbox_pixel_coords": {
            "row_min": 1629,
            "row_max": 1650,
            "col_min": 492,
            "col_max": 501
          },
          "global_pixel_coords": {
            "row": 9478,
            "col": 4338
          },
          "source_product": "S1C_IW_GRDH_1SDV_20260810T081241_20260810T081306_008930_011B7A_D208",
          "source_arquivo_id": null,
          "patch_id": 54,
          "patch_name": "patch_0055_VV",
          "geotiff_name": "patch_0055_VV_sigma0_preproc.tif",
          "polarization": "VV",
          "input_scale": "linear",
          "georef_method": "snap_geolocation_grid",
          "geocoding_method": "geolocation_grid",
          "geolocation_grid_status": null,
          "snap_geolocation_grid_used": null,
          "raster_crs": "EPSG:4326",
          "raster_transform": [
            0.00010840393381716083,
            0.0,
            -41.895807142484465,
            0.0,
            -0.00012191578847949808,
            -19.94400611462318,
            0.0,
            0.0,
            1.0
          ],
          "core_bbox_pixels": {
            "x0": 4000,
            "y0": 8000,
            "x1": 6000,
            "y1": 10000
          },
          "processing_bbox_pixels": {
            "x0": 3840,
            "y0": 7840,
            "x1": 6160,
            "y1": 10160
          },
          "core_bounds_lonlat": {
            "west": -40.33890751420324,
            "south": -20.346518550005825,
            "east": -40.10484794515679,
            "north": -20.124347521714363
          },
          "processing_bounds_lonlat": {
            "west": -40.357859806670454,
            "south": -20.36421421019537,
            "east": -40.086341775118726,
            "north": -20.106420575143357
          },
          "halo_pixels": 160,
          "valid_bbox_fraction": 1.0,
          "artifact_aspect_ratio": 2.0,
          "land_mask_info": {
            "enabled": true,
            "applied": true,
            "status": "ok",
            "stage": "cfar_water_mask",
            "resampled_shape": [
              773,
              773
            ],
            "sample_shape": [
              128,
              128
            ],
            "sample_max_dim": 128,
            "available": true,
            "method": "natural_earth_land_point_mask",
            "bounds_lonlat": {
              "west": -40.33890751420324,
              "south": -20.346518550005825,
              "east": -40.10484794515679,
              "north": -20.124347521714363
            },
            "mask_path": "/content/sismom_colab_work_v2/sources/api/copernicus_meta_1-main/copernicus-platform/frontend/public/shapes/ne_10m_land/ne_10m_land.shp",
            "land_buffer_degrees": 0.0,
            "valid_geolocation_points": 16384,
            "land_points": 6693,
            "water_points": 9691,
            "land_fraction": 0.40850830078125,
            "water_fraction": 0.59149169921875,
            "valid_pixels_before_land_mask": 597529,
            "valid_pixels_after_land_mask": 353109,
            "pixels_masked_by_land": 244420,
            "valid_water_fraction": 0.5909487238276301,
            "land_skip_threshold": 0.99,
            "min_water_fraction": 0.01,
            "skip_land_tiles": true,
            "skipped": false,
            "reason": "water_candidate",
            "message": "CFAR restrito aos pixels de água."
          },
          "land_fraction": 0.40850830078125,
          "water_fraction": 0.59149169921875,
          "valid_water_fraction": 0.5909487238276301,
          "land_mask_method": "natural_earth_land_point_mask",
          "wave_age": null,
          "wave_age_class": null,
          "wave_age_factor": 1.35,
          "wave_age_status": "fallback",
          "era5_time": null,
          "era5_lon": null,
          "era5_lat": null,
          "u10": null,
          "peak_wave_period": null,
          "friction_velocity": null,
          "phase_speed": null,
          "patch_label": "P055",
          "id": 16,
          "source": "cfar",
          "detection_method": "cfar"
        },
        "cfar_properties_list": [
          {
            "lat": -20.292823137947558,
            "lon": -40.16958082351489,
            "area_px": 16,
            "min_sigma0_dB": -6.230000019073486,
            "mean_sigma0_dB": 2.1700000762939453,
            "max_sigma0_dB": 15.270000457763672,
            "threshold_cfar_dB": -6.43,
            "pixel_coords": {
              "row": 1638,
              "col": 498,
              "row_resampled": 546,
              "col_resampled": 166
            },
            "bbox_pixel_coords": {
              "row_min": 1629,
              "row_max": 1650,
              "col_min": 492,
              "col_max": 501
            },
            "global_pixel_coords": {
              "row": 9478,
              "col": 4338
            },
            "source_product": "S1C_IW_GRDH_1SDV_20260810T081241_20260810T081306_008930_011B7A_D208",
            "source_arquivo_id": null,
            "patch_id": 54,
            "patch_name": "patch_0055_VV",
            "geotiff_name": "patch_0055_VV_sigma0_preproc.tif",
            "polarization": "VV",
            "input_scale": "linear",
            "georef_method": "snap_geolocation_grid",
            "geocoding_method": "geolocation_grid",
            "geolocation_grid_status": null,
            "snap_geolocation_grid_used": null,
            "raster_crs": "EPSG:4326",
            "raster_transform": [
              0.00010840393381716083,
              0.0,
              -41.895807142484465,
              0.0,
              -0.00012191578847949808,
              -19.94400611462318,
              0.0,
              0.0,
              1.0
            ],
            "core_bbox_pixels": {
              "x0": 4000,
              "y0": 8000,
              "x1": 6000,
              "y1": 10000
            },
            "processing_bbox_pixels": {
              "x0": 3840,
              "y0": 7840,
              "x1": 6160,
              "y1": 10160
            },
            "core_bounds_lonlat": {
              "west": -40.33890751420324,
              "south": -20.346518550005825,
              "east": -40.10484794515679,
              "north": -20.124347521714363
            },
            "processing_bounds_lonlat": {
              "west": -40.357859806670454,
              "south": -20.36421421019537,
              "east": -40.086341775118726,
              "north": -20.106420575143357
            },
            "halo_pixels": 160,
            "valid_bbox_fraction": 1.0,
            "artifact_aspect_ratio": 2.0,
            "land_mask_info": {
              "enabled": true,
              "applied": true,
              "status": "ok",
              "stage": "cfar_water_mask",
              "resampled_shape": [
                773,
                773
              ],
              "sample_shape": [
                128,
                128
              ],
              "sample_max_dim": 128,
              "available": true,
              "method": "natural_earth_land_point_mask",
              "bounds_lonlat": {
                "west": -40.33890751420324,
                "south": -20.346518550005825,
                "east": -40.10484794515679,
                "north": -20.124347521714363
              },
              "mask_path": "/content/sismom_colab_work_v2/sources/api/copernicus_meta_1-main/copernicus-platform/frontend/public/shapes/ne_10m_land/ne_10m_land.shp",
              "land_buffer_degrees": 0.0,
              "valid_geolocation_points": 16384,
              "land_points": 6693,
              "water_points": 9691,
              "land_fraction": 0.40850830078125,
              "water_fraction": 0.59149169921875,
              "valid_pixels_before_land_mask": 597529,
              "valid_pixels_after_land_mask": 353109,
              "pixels_masked_by_land": 244420,
              "valid_water_fraction": 0.5909487238276301,
              "land_skip_threshold": 0.99,
              "min_water_fraction": 0.01,
              "skip_land_tiles": true,
              "skipped": false,
              "reason": "water_candidate",
              "message": "CFAR restrito aos pixels de água."
            },
            "land_fraction": 0.40850830078125,
            "water_fraction": 0.59149169921875,
            "valid_water_fraction": 0.5909487238276301,
            "land_mask_method": "natural_earth_land_point_mask",
            "wave_age": null,
            "wave_age_class": null,
            "wave_age_factor": 1.35,
            "wave_age_status": "fallback",
            "era5_time": null,
            "era5_lon": null,
            "era5_lat": null,
            "u10": null,
            "peak_wave_period": null,
            "friction_velocity": null,
            "phase_speed": null,
            "patch_label": "P055",
            "id": 16,
            "source": "cfar",
            "detection_method": "cfar"
          }
        ],
        "yolo_properties": {
          "detection_method": "yolo8",
          "confidence": 0.7714930772781372,
          "class": "ship-1",
          "bbox_pixel": [
            4330.900390625,
            9471.600402832031,
            4340.683166503906,
            9493.338928222656
          ],
          "bbox_geo": [
            -40.170105203079096,
            -20.294117628336302,
            -40.1686782496629,
            -20.292370463217253
          ],
          "model": "SAR-MULTI-1280p",
          "class_id": 0,
          "class_name": "ship-1",
          "tile_id": 425,
          "land_mask_checked": true,
          "center_is_water": true,
          "bbox_water_fraction": 1.0,
          "land_mask_method": "natural_earth_land_point_mask",
          "id": 29,
          "source": "yolo",
          "centroid_lon": -40.16939172374106,
          "centroid_lat": -20.293244046525484,
          "score": 0.7714930772781372,
          "patch_id": 54,
          "patch_label": "P055"
        }
      }
    },
    {
      "type": "Feature",
      "geometry": {
        "type": "Polygon",
        "coordinates": [
          [
            [
              -40.72877813957435,
              -20.85648997980546
            ],
            [
              -40.72581613344234,
              -20.85648997980546
            ],
            [
              -40.72581613344234,
              -20.854254020813475
            ],
            [
              -40.72877813957435,
              -20.854254020813475
            ],
            [
              -40.72877813957435,
              -20.85648997980546
            ]
          ]
        ]
      },
      "properties": {
        "id": 26,
        "target_id": "T0026",
        "source": "cfar_yolo",
        "detection_method": "cfar+yolo",
        "methods": [
          "cfar",
          "yolo"
        ],
        "fusion_status": "matched",
        "fusion_rule": "geometry_overlap",
        "cfar_id": 72,
        "cfar_ids": [
          72,
          71
        ],
        "cfar_fragment_count": 2,
        "yolo_id": 33,
        "cfar_patch_id": 108,
        "cfar_patch_ids": [
          108,
          108
        ],
        "yolo_patch_id": 108,
        "patch_id": 108,
        "patch_label": "P109",
        "yolo_confidence": 0.3716825842857361,
        "match_distance_m": 47.594,
        "match_distances_m": [
          47.594,
          137.198
        ],
        "nearest_match_distance_m": 47.594,
        "max_match_distance_m": 137.198,
        "geometries_overlap": true,
        "overlap_by_cfar": [
          true,
          true
        ],
        "display_geometry_source": "yolo",
        "cfar_properties": {
          "lat": -20.855742770052757,
          "lon": -40.72752857693824,
          "area_px": 4,
          "min_sigma0_dB": -5.480000019073486,
          "mean_sigma0_dB": -3.119999885559082,
          "max_sigma0_dB": -1.850000023841858,
          "threshold_cfar_dB": -5.98,
          "pixel_coords": {
            "row": 972,
            "col": 699,
            "row_resampled": 324,
            "col_resampled": 233
          },
          "bbox_pixel_coords": {
            "row_min": 969,
            "row_max": 975,
            "col_min": 696,
            "col_max": 702
          },
          "global_pixel_coords": {
            "row": 16812,
            "col": 8539
          },
          "source_product": "S1C_IW_GRDH_1SDV_20260810T081241_20260810T081306_008930_011B7A_D208",
          "source_arquivo_id": null,
          "patch_id": 108,
          "patch_name": "patch_0109_VV",
          "geotiff_name": "patch_0109_VV_sigma0_preproc.tif",
          "polarization": "VV",
          "input_scale": "linear",
          "georef_method": "snap_geolocation_grid",
          "geocoding_method": "geolocation_grid",
          "geolocation_grid_status": null,
          "snap_geolocation_grid_used": null,
          "raster_crs": "EPSG:4326",
          "raster_transform": [
            0.00010840393381716083,
            0.0,
            -41.46219140721582,
            0.0,
            -0.00012191578847949808,
            -20.919332422459163,
            0.0,
            0.0,
            1.0
          ],
          "core_bbox_pixels": {
            "x0": 8000,
            "y0": 16000,
            "x1": 10000,
            "y1": 16858
          },
          "processing_bbox_pixels": {
            "x0": 7840,
            "y0": 15840,
            "x1": 10160,
            "y1": 16858
          },
          "core_bounds_lonlat": {
            "west": -40.87209155755363,
            "south": -20.871478697669634,
            "east": -40.660159428523926,
            "north": -20.749783081722697
          },
          "processing_bounds_lonlat": {
            "west": -40.888103782389486,
            "south": -20.87495230498745,
            "east": -40.64164762337356,
            "north": -20.731847729452337
          },
          "halo_pixels": 160,
          "valid_bbox_fraction": 1.0,
          "artifact_aspect_ratio": 1.0,
          "land_mask_info": {
            "enabled": true,
            "applied": true,
            "status": "ok",
            "stage": "cfar_water_mask",
            "resampled_shape": [
              339,
              773
            ],
            "sample_shape": [
              56,
              128
            ],
            "sample_max_dim": 128,
            "available": true,
            "method": "natural_earth_land_point_mask",
            "bounds_lonlat": {
              "west": -40.87209155755363,
              "south": -20.871478697669634,
              "east": -40.660159428523926,
              "north": -20.749783081722697
            },
            "mask_path": "/content/sismom_colab_work_v2/sources/api/copernicus_meta_1-main/copernicus-platform/frontend/public/shapes/ne_10m_land/ne_10m_land.shp",
            "land_buffer_degrees": 0.0,
            "valid_geolocation_points": 7168,
            "land_points": 6094,
            "water_points": 1074,
            "land_fraction": 0.8501674107142857,
            "water_fraction": 0.14983258928571427,
            "valid_pixels_before_land_mask": 262047,
            "valid_pixels_after_land_mask": 38683,
            "pixels_masked_by_land": 223364,
            "valid_water_fraction": 0.14761855697642026,
            "land_skip_threshold": 0.99,
            "min_water_fraction": 0.01,
            "skip_land_tiles": true,
            "skipped": false,
            "reason": "water_candidate",
            "message": "CFAR restrito aos pixels de água."
          },
          "land_fraction": 0.8501674107142857,
          "water_fraction": 0.14983258928571427,
          "valid_water_fraction": 0.14761855697642026,
          "land_mask_method": "natural_earth_land_point_mask",
          "wave_age": null,
          "wave_age_class": null,
          "wave_age_factor": 1.35,
          "wave_age_status": "fallback",
          "era5_time": null,
          "era5_lon": null,
          "era5_lat": null,
          "u10": null,
          "peak_wave_period": null,
          "friction_velocity": null,
          "phase_speed": null,
          "patch_label": "P109",
          "id": 72,
          "source": "cfar",
          "detection_method": "cfar"
        },
        "cfar_properties_list": [
          {
            "lat": -20.855742770052757,
            "lon": -40.72752857693824,
            "area_px": 4,
            "min_sigma0_dB": -5.480000019073486,
            "mean_sigma0_dB": -3.119999885559082,
            "max_sigma0_dB": -1.850000023841858,
            "threshold_cfar_dB": -5.98,
            "pixel_coords": {
              "row": 972,
              "col": 699,
              "row_resampled": 324,
              "col_resampled": 233
            },
            "bbox_pixel_coords": {
              "row_min": 969,
              "row_max": 975,
              "col_min": 696,
              "col_max": 702
            },
            "global_pixel_coords": {
              "row": 16812,
              "col": 8539
            },
            "source_product": "S1C_IW_GRDH_1SDV_20260810T081241_20260810T081306_008930_011B7A_D208",
            "source_arquivo_id": null,
            "patch_id": 108,
            "patch_name": "patch_0109_VV",
            "geotiff_name": "patch_0109_VV_sigma0_preproc.tif",
            "polarization": "VV",
            "input_scale": "linear",
            "georef_method": "snap_geolocation_grid",
            "geocoding_method": "geolocation_grid",
            "geolocation_grid_status": null,
            "snap_geolocation_grid_used": null,
            "raster_crs": "EPSG:4326",
            "raster_transform": [
              0.00010840393381716083,
              0.0,
              -41.46219140721582,
              0.0,
              -0.00012191578847949808,
              -20.919332422459163,
              0.0,
              0.0,
              1.0
            ],
            "core_bbox_pixels": {
              "x0": 8000,
              "y0": 16000,
              "x1": 10000,
              "y1": 16858
            },
            "processing_bbox_pixels": {
              "x0": 7840,
              "y0": 15840,
              "x1": 10160,
              "y1": 16858
            },
            "core_bounds_lonlat": {
              "west": -40.87209155755363,
              "south": -20.871478697669634,
              "east": -40.660159428523926,
              "north": -20.749783081722697
            },
            "processing_bounds_lonlat": {
              "west": -40.888103782389486,
              "south": -20.87495230498745,
              "east": -40.64164762337356,
              "north": -20.731847729452337
            },
            "halo_pixels": 160,
            "valid_bbox_fraction": 1.0,
            "artifact_aspect_ratio": 1.0,
            "land_mask_info": {
              "enabled": true,
              "applied": true,
              "status": "ok",
              "stage": "cfar_water_mask",
              "resampled_shape": [
                339,
                773
              ],
              "sample_shape": [
                56,
                128
              ],
              "sample_max_dim": 128,
              "available": true,
              "method": "natural_earth_land_point_mask",
              "bounds_lonlat": {
                "west": -40.87209155755363,
                "south": -20.871478697669634,
                "east": -40.660159428523926,
                "north": -20.749783081722697
              },
              "mask_path": "/content/sismom_colab_work_v2/sources/api/copernicus_meta_1-main/copernicus-platform/frontend/public/shapes/ne_10m_land/ne_10m_land.shp",
              "land_buffer_degrees": 0.0,
              "valid_geolocation_points": 7168,
              "land_points": 6094,
              "water_points": 1074,
              "land_fraction": 0.8501674107142857,
              "water_fraction": 0.14983258928571427,
              "valid_pixels_before_land_mask": 262047,
              "valid_pixels_after_land_mask": 38683,
              "pixels_masked_by_land": 223364,
              "valid_water_fraction": 0.14761855697642026,
              "land_skip_threshold": 0.99,
              "min_water_fraction": 0.01,
              "skip_land_tiles": true,
              "skipped": false,
              "reason": "water_candidate",
              "message": "CFAR restrito aos pixels de água."
            },
            "land_fraction": 0.8501674107142857,
            "water_fraction": 0.14983258928571427,
            "valid_water_fraction": 0.14761855697642026,
            "land_mask_method": "natural_earth_land_point_mask",
            "wave_age": null,
            "wave_age_class": null,
            "wave_age_factor": 1.35,
            "wave_age_status": "fallback",
            "era5_time": null,
            "era5_lon": null,
            "era5_lat": null,
            "u10": null,
            "peak_wave_period": null,
            "friction_velocity": null,
            "phase_speed": null,
            "patch_label": "P109",
            "id": 72,
            "source": "cfar",
            "detection_method": "cfar"
          },
          {
            "lat": -20.85459359706941,
            "lon": -40.7263843925576,
            "area_px": 3,
            "min_sigma0_dB": -3.049999952316284,
            "mean_sigma0_dB": -2.619999885559082,
            "max_sigma0_dB": -2.0399999618530273,
            "threshold_cfar_dB": -4.74,
            "pixel_coords": {
              "row": 957,
              "col": 690,
              "row_resampled": 319,
              "col_resampled": 230
            },
            "bbox_pixel_coords": {
              "row_min": 954,
              "row_max": 960,
              "col_min": 687,
              "col_max": 690
            },
            "global_pixel_coords": {
              "row": 16797,
              "col": 8530
            },
            "source_product": "S1C_IW_GRDH_1SDV_20260810T081241_20260810T081306_008930_011B7A_D208",
            "source_arquivo_id": null,
            "patch_id": 108,
            "patch_name": "patch_0109_VV",
            "geotiff_name": "patch_0109_VV_sigma0_preproc.tif",
            "polarization": "VV",
            "input_scale": "linear",
            "georef_method": "snap_geolocation_grid",
            "geocoding_method": "geolocation_grid",
            "geolocation_grid_status": null,
            "snap_geolocation_grid_used": null,
            "raster_crs": "EPSG:4326",
            "raster_transform": [
              0.00010840393381716083,
              0.0,
              -41.46219140721582,
              0.0,
              -0.00012191578847949808,
              -20.919332422459163,
              0.0,
              0.0,
              1.0
            ],
            "core_bbox_pixels": {
              "x0": 8000,
              "y0": 16000,
              "x1": 10000,
              "y1": 16858
            },
            "processing_bbox_pixels": {
              "x0": 7840,
              "y0": 15840,
              "x1": 10160,
              "y1": 16858
            },
            "core_bounds_lonlat": {
              "west": -40.87209155755363,
              "south": -20.871478697669634,
              "east": -40.660159428523926,
              "north": -20.749783081722697
            },
            "processing_bounds_lonlat": {
              "west": -40.888103782389486,
              "south": -20.87495230498745,
              "east": -40.64164762337356,
              "north": -20.731847729452337
            },
            "halo_pixels": 160,
            "valid_bbox_fraction": 1.0,
            "artifact_aspect_ratio": 1.5,
            "land_mask_info": {
              "enabled": true,
              "applied": true,
              "status": "ok",
              "stage": "cfar_water_mask",
              "resampled_shape": [
                339,
                773
              ],
              "sample_shape": [
                56,
                128
              ],
              "sample_max_dim": 128,
              "available": true,
              "method": "natural_earth_land_point_mask",
              "bounds_lonlat": {
                "west": -40.87209155755363,
                "south": -20.871478697669634,
                "east": -40.660159428523926,
                "north": -20.749783081722697
              },
              "mask_path": "/content/sismom_colab_work_v2/sources/api/copernicus_meta_1-main/copernicus-platform/frontend/public/shapes/ne_10m_land/ne_10m_land.shp",
              "land_buffer_degrees": 0.0,
              "valid_geolocation_points": 7168,
              "land_points": 6094,
              "water_points": 1074,
              "land_fraction": 0.8501674107142857,
              "water_fraction": 0.14983258928571427,
              "valid_pixels_before_land_mask": 262047,
              "valid_pixels_after_land_mask": 38683,
              "pixels_masked_by_land": 223364,
              "valid_water_fraction": 0.14761855697642026,
              "land_skip_threshold": 0.99,
              "min_water_fraction": 0.01,
              "skip_land_tiles": true,
              "skipped": false,
              "reason": "water_candidate",
              "message": "CFAR restrito aos pixels de água."
            },
            "land_fraction": 0.8501674107142857,
            "water_fraction": 0.14983258928571427,
            "valid_water_fraction": 0.14761855697642026,
            "land_mask_method": "natural_earth_land_point_mask",
            "wave_age": null,
            "wave_age_class": null,
            "wave_age_factor": 1.35,
            "wave_age_status": "fallback",
            "era5_time": null,
            "era5_lon": null,
            "era5_lat": null,
            "u10": null,
            "peak_wave_period": null,
            "friction_velocity": null,
            "phase_speed": null,
            "patch_label": "P109",
            "id": 71,
            "source": "cfar",
            "detection_method": "cfar"
          }
        ],
        "yolo_properties": {
          "detection_method": "yolo8",
          "confidence": 0.3716825842857361,
          "class": "ship-1",
          "bbox_pixel": [
            8525.718444824219,
            16792.84326171875,
            8550.241333007812,
            16823.292114257812
          ],
          "bbox_geo": [
            -40.72877813957435,
            -20.85648997980546,
            -40.72581613344234,
            -20.854254020813475
          ],
          "model": "SAR-MULTI-1280p",
          "class_id": 0,
          "class_name": "ship-1",
          "tile_id": 781,
          "land_mask_checked": true,
          "center_is_water": true,
          "bbox_water_fraction": 1.0,
          "land_mask_method": "natural_earth_land_point_mask",
          "id": 33,
          "source": "yolo",
          "centroid_lon": -40.727260845138105,
          "centroid_lat": -20.855427625061203,
          "score": 0.3716825842857361,
          "patch_id": 108,
          "patch_label": "P109"
        }
      }
    },
    {
      "type": "Feature",
      "geometry": {
        "type": "Polygon",
        "coordinates": [
          [
            [
              -40.40770598558029,
              -20.70092765520563
            ],
            [
              -40.405442456379674,
              -20.70092765520563
            ],
            [
              -40.405442456379674,
              -20.698997007902204
            ],
            [
              -40.40770598558029,
              -20.698997007902204
            ],
            [
              -40.40770598558029,
              -20.70092765520563
            ]
          ]
        ]
      },
      "properties": {
        "id": 27,
        "target_id": "T0027",
        "source": "cfar_yolo",
        "detection_method": "cfar+yolo",
        "methods": [
          "cfar",
          "yolo"
        ],
        "fusion_status": "matched",
        "fusion_rule": "geometry_overlap",
        "cfar_id": 61,
        "cfar_ids": [
          61
        ],
        "cfar_fragment_count": 1,
        "yolo_id": 36,
        "cfar_patch_id": 93,
        "cfar_patch_ids": [
          93
        ],
        "yolo_patch_id": 80,
        "patch_id": 80,
        "patch_label": "P081",
        "yolo_confidence": 0.31036219000816345,
        "match_distance_m": 20.817,
        "match_distances_m": [
          20.817
        ],
        "nearest_match_distance_m": 20.817,
        "max_match_distance_m": 20.817,
        "geometries_overlap": true,
        "overlap_by_cfar": [
          true
        ],
        "display_geometry_source": "yolo",
        "cfar_properties": {
          "lat": -20.70018423995009,
          "lon": -40.406430725226315,
          "area_px": 18,
          "min_sigma0_dB": -8.029999732971191,
          "mean_sigma0_dB": -5.769999980926514,
          "max_sigma0_dB": -2.7300000190734863,
          "threshold_cfar_dB": -8.34,
          "pixel_coords": {
            "row": 534,
            "col": 1848,
            "row_resampled": 178,
            "col_resampled": 616
          },
          "bbox_pixel_coords": {
            "row_min": 522,
            "row_max": 543,
            "col_min": 1842,
            "col_max": 1854
          },
          "global_pixel_coords": {
            "row": 14374,
            "col": 5688
          },
          "source_product": "S1C_IW_GRDH_1SDV_20260810T081241_20260810T081306_008930_011B7A_D208",
          "source_arquivo_id": null,
          "patch_id": 93,
          "patch_name": "patch_0094_VV",
          "geotiff_name": "patch_0094_VV_sigma0_preproc.tif",
          "polarization": "VV",
          "input_scale": "linear",
          "georef_method": "snap_geolocation_grid",
          "geocoding_method": "geolocation_grid",
          "geolocation_grid_status": null,
          "snap_geolocation_grid_used": null,
          "raster_crs": "EPSG:4326",
          "raster_transform": [
            0.00010840393381716083,
            0.0,
            -41.895807142484465,
            0.0,
            -0.00012191578847949808,
            -20.675500845500167,
            0.0,
            0.0,
            1.0
          ],
          "core_bbox_pixels": {
            "x0": 4000,
            "y0": 14000,
            "x1": 6000,
            "y1": 16000
          },
          "processing_bbox_pixels": {
            "x0": 3840,
            "y0": 13840,
            "x1": 6160,
            "y1": 16160
          },
          "core_bounds_lonlat": {
            "west": -40.47193044262309,
            "south": -20.88141029739401,
            "east": -40.2401332912364,
            "north": -20.66002440811654
          },
          "processing_bounds_lonlat": {
            "west": -40.4904944301011,
            "south": -20.89910871148581,
            "east": -40.22159188854052,
            "north": -20.642240666731183
          },
          "halo_pixels": 160,
          "valid_bbox_fraction": 1.0,
          "artifact_aspect_ratio": 1.6,
          "land_mask_info": {
            "enabled": true,
            "applied": true,
            "status": "ok",
            "stage": "cfar_water_mask",
            "resampled_shape": [
              773,
              773
            ],
            "sample_shape": [
              128,
              128
            ],
            "sample_max_dim": 128,
            "available": true,
            "method": "natural_earth_land_point_mask",
            "bounds_lonlat": {
              "west": -40.47193044262309,
              "south": -20.88141029739401,
              "east": -40.2401332912364,
              "north": -20.66002440811654
            },
            "mask_path": "/content/sismom_colab_work_v2/sources/api/copernicus_meta_1-main/copernicus-platform/frontend/public/shapes/ne_10m_land/ne_10m_land.shp",
            "land_buffer_degrees": 0.0,
            "valid_geolocation_points": 16384,
            "land_points": 0,
            "water_points": 16384,
            "land_fraction": 0.0,
            "water_fraction": 1.0,
            "valid_pixels_before_land_mask": 597529,
            "valid_pixels_after_land_mask": 597529,
            "pixels_masked_by_land": 0,
            "valid_water_fraction": 1.0,
            "land_skip_threshold": 0.99,
            "min_water_fraction": 0.01,
            "skip_land_tiles": true,
            "skipped": false,
            "reason": "water_candidate",
            "message": "CFAR restrito aos pixels de água."
          },
          "land_fraction": 0.0,
          "water_fraction": 1.0,
          "valid_water_fraction": 1.0,
          "land_mask_method": "natural_earth_land_point_mask",
          "wave_age": null,
          "wave_age_class": null,
          "wave_age_factor": 1.35,
          "wave_age_status": "fallback",
          "era5_time": null,
          "era5_lon": null,
          "era5_lat": null,
          "u10": null,
          "peak_wave_period": null,
          "friction_velocity": null,
          "phase_speed": null,
          "patch_label": "P094",
          "id": 61,
          "source": "cfar",
          "detection_method": "cfar"
        },
        "cfar_properties_list": [
          {
            "lat": -20.70018423995009,
            "lon": -40.406430725226315,
            "area_px": 18,
            "min_sigma0_dB": -8.029999732971191,
            "mean_sigma0_dB": -5.769999980926514,
            "max_sigma0_dB": -2.7300000190734863,
            "threshold_cfar_dB": -8.34,
            "pixel_coords": {
              "row": 534,
              "col": 1848,
              "row_resampled": 178,
              "col_resampled": 616
            },
            "bbox_pixel_coords": {
              "row_min": 522,
              "row_max": 543,
              "col_min": 1842,
              "col_max": 1854
            },
            "global_pixel_coords": {
              "row": 14374,
              "col": 5688
            },
            "source_product": "S1C_IW_GRDH_1SDV_20260810T081241_20260810T081306_008930_011B7A_D208",
            "source_arquivo_id": null,
            "patch_id": 93,
            "patch_name": "patch_0094_VV",
            "geotiff_name": "patch_0094_VV_sigma0_preproc.tif",
            "polarization": "VV",
            "input_scale": "linear",
            "georef_method": "snap_geolocation_grid",
            "geocoding_method": "geolocation_grid",
            "geolocation_grid_status": null,
            "snap_geolocation_grid_used": null,
            "raster_crs": "EPSG:4326",
            "raster_transform": [
              0.00010840393381716083,
              0.0,
              -41.895807142484465,
              0.0,
              -0.00012191578847949808,
              -20.675500845500167,
              0.0,
              0.0,
              1.0
            ],
            "core_bbox_pixels": {
              "x0": 4000,
              "y0": 14000,
              "x1": 6000,
              "y1": 16000
            },
            "processing_bbox_pixels": {
              "x0": 3840,
              "y0": 13840,
              "x1": 6160,
              "y1": 16160
            },
            "core_bounds_lonlat": {
              "west": -40.47193044262309,
              "south": -20.88141029739401,
              "east": -40.2401332912364,
              "north": -20.66002440811654
            },
            "processing_bounds_lonlat": {
              "west": -40.4904944301011,
              "south": -20.89910871148581,
              "east": -40.22159188854052,
              "north": -20.642240666731183
            },
            "halo_pixels": 160,
            "valid_bbox_fraction": 1.0,
            "artifact_aspect_ratio": 1.6,
            "land_mask_info": {
              "enabled": true,
              "applied": true,
              "status": "ok",
              "stage": "cfar_water_mask",
              "resampled_shape": [
                773,
                773
              ],
              "sample_shape": [
                128,
                128
              ],
              "sample_max_dim": 128,
              "available": true,
              "method": "natural_earth_land_point_mask",
              "bounds_lonlat": {
                "west": -40.47193044262309,
                "south": -20.88141029739401,
                "east": -40.2401332912364,
                "north": -20.66002440811654
              },
              "mask_path": "/content/sismom_colab_work_v2/sources/api/copernicus_meta_1-main/copernicus-platform/frontend/public/shapes/ne_10m_land/ne_10m_land.shp",
              "land_buffer_degrees": 0.0,
              "valid_geolocation_points": 16384,
              "land_points": 0,
              "water_points": 16384,
              "land_fraction": 0.0,
              "water_fraction": 1.0,
              "valid_pixels_before_land_mask": 597529,
              "valid_pixels_after_land_mask": 597529,
              "pixels_masked_by_land": 0,
              "valid_water_fraction": 1.0,
              "land_skip_threshold": 0.99,
              "min_water_fraction": 0.01,
              "skip_land_tiles": true,
              "skipped": false,
              "reason": "water_candidate",
              "message": "CFAR restrito aos pixels de água."
            },
            "land_fraction": 0.0,
            "water_fraction": 1.0,
            "valid_water_fraction": 1.0,
            "land_mask_method": "natural_earth_land_point_mask",
            "wave_age": null,
            "wave_age_class": null,
            "wave_age_factor": 1.35,
            "wave_age_status": "fallback",
            "era5_time": null,
            "era5_lon": null,
            "era5_lat": null,
            "u10": null,
            "peak_wave_period": null,
            "friction_velocity": null,
            "phase_speed": null,
            "patch_label": "P094",
            "id": 61,
            "source": "cfar",
            "detection_method": "cfar"
          }
        ],
        "yolo_properties": {
          "detection_method": "yolo8",
          "confidence": 0.31036219000816345,
          "class": "ship-1",
          "bbox_pixel": [
            5681.901123046875,
            14359.667419433594,
            5699.887512207031,
            14385.139953613281
          ],
          "bbox_geo": [
            -40.40770598558029,
            -20.70092765520563,
            -40.405442456379674,
            -20.698997007902204
          ],
          "model": "SAR-MULTI-1280p",
          "class_id": 0,
          "class_name": "ship-1",
          "tile_id": 672,
          "land_mask_checked": true,
          "center_is_water": true,
          "bbox_water_fraction": 1.0,
          "land_mask_method": "natural_earth_land_point_mask",
          "id": 36,
          "source": "yolo",
          "centroid_lon": -40.4065743304554,
          "centroid_lat": -20.699962306351793,
          "score": 0.31036219000816345,
          "patch_id": 80,
          "patch_label": "P081"
        }
      }
    },
    {
      "type": "Feature",
      "geometry": {
        "type": "Polygon",
        "coordinates": [
          [
            [
              -39.743180084363466,
              -19.497235107362087
            ],
            [
              -39.743180084363466,
              -19.497235107362087
            ],
            [
              -39.74331327826038,
              -19.49777042375611
            ],
            [
              -39.74331327826038,
              -19.49777042375611
            ],
            [
              -39.743180084363466,
              -19.497235107362087
            ]
          ]
        ]
      },
      "properties": {
        "lat": -19.497502765559098,
        "lon": -39.74324668131193,
        "area_px": 3,
        "min_sigma0_dB": -9.479999542236328,
        "mean_sigma0_dB": -9.109999656677246,
        "max_sigma0_dB": -8.489999771118164,
        "threshold_cfar_dB": -10.96,
        "pixel_coords": {
          "row": 9,
          "col": 189,
          "row_resampled": 3,
          "col_resampled": 63
        },
        "bbox_pixel_coords": {
          "row_min": 6,
          "row_max": 12,
          "col_min": 189,
          "col_max": 189
        },
        "global_pixel_coords": {
          "row": 9,
          "col": 2029
        },
        "source_product": "S1C_IW_GRDH_1SDV_20260810T081241_20260810T081306_008930_011B7A_D208",
        "source_arquivo_id": null,
        "patch_id": 1,
        "patch_name": "patch_0002_VV",
        "geotiff_name": "patch_0002_VV_sigma0_preproc.tif",
        "polarization": "VV",
        "input_scale": "linear",
        "georef_method": "snap_geolocation_grid",
        "geocoding_method": "geolocation_grid",
        "geolocation_grid_status": null,
        "snap_geolocation_grid_used": null,
        "raster_crs": "EPSG:4326",
        "raster_transform": [
          0.00010840393381716083,
          0.0,
          -42.11261501011878,
          0.0,
          -0.00012191578847949808,
          -18.988186332943915,
          0.0,
          0.0,
          1.0
        ],
        "core_bbox_pixels": {
          "x0": 2000,
          "y0": 0,
          "x1": 4000,
          "y1": 2000
        },
        "processing_bbox_pixels": {
          "x0": 1840,
          "y0": 0,
          "x1": 4160,
          "y1": 2160
        },
        "core_bounds_lonlat": {
          "west": -39.97083672014812,
          "south": -19.675662881417885,
          "east": -39.74036033825008,
          "north": -19.454891898489247
        },
        "processing_bounds_lonlat": {
          "west": -39.989246632985314,
          "south": -19.69332762200284,
          "east": -39.72553798083306,
          "north": -19.45147140299252
        },
        "halo_pixels": 160,
        "valid_bbox_fraction": 1.0,
        "artifact_aspect_ratio": 3.0,
        "land_mask_info": {
          "enabled": true,
          "applied": true,
          "status": "ok",
          "stage": "cfar_water_mask",
          "resampled_shape": [
            720,
            773
          ],
          "sample_shape": [
            119,
            128
          ],
          "sample_max_dim": 128,
          "available": true,
          "method": "natural_earth_land_point_mask",
          "bounds_lonlat": {
            "west": -39.97083672014812,
            "south": -19.675662881417885,
            "east": -39.74036033825008,
            "north": -19.454891898489247
          },
          "mask_path": "/content/sismom_colab_work_v2/sources/api/copernicus_meta_1-main/copernicus-platform/frontend/public/shapes/ne_10m_land/ne_10m_land.shp",
          "land_buffer_degrees": 0.0,
          "valid_geolocation_points": 15232,
          "land_points": 12469,
          "water_points": 2763,
          "land_fraction": 0.8186055672268907,
          "water_fraction": 0.18139443277310924,
          "valid_pixels_before_land_mask": 556560,
          "valid_pixels_after_land_mask": 99473,
          "pixels_masked_by_land": 457087,
          "valid_water_fraction": 0.17872825930717262,
          "land_skip_threshold": 0.99,
          "min_water_fraction": 0.01,
          "skip_land_tiles": true,
          "skipped": false,
          "reason": "water_candidate",
          "message": "CFAR restrito aos pixels de água."
        },
        "land_fraction": 0.8186055672268907,
        "water_fraction": 0.18139443277310924,
        "valid_water_fraction": 0.17872825930717262,
        "land_mask_method": "natural_earth_land_point_mask",
        "wave_age": null,
        "wave_age_class": null,
        "wave_age_factor": 1.35,
        "wave_age_status": "fallback",
        "era5_time": null,
        "era5_lon": null,
        "era5_lat": null,
        "u10": null,
        "peak_wave_period": null,
        "friction_velocity": null,
        "phase_speed": null,
        "patch_label": "P002",
        "id": 28,
        "source": "cfar",
        "detection_method": "cfar",
        "target_id": "T0028",
        "methods": [
          "cfar"
        ],
        "fusion_status": "cfar_only",
        "cfar_id": 1,
        "cfar_ids": [
          1
        ],
        "cfar_fragment_count": 1,
        "yolo_id": null
      }
    },
    {
      "type": "Feature",
      "geometry": {
        "type": "Polygon",
        "coordinates": [
          [
            [
              -40.03938622613826,
              -19.859680316975613
            ],
            [
              -40.04023095758538,
              -19.859485974611633
            ],
            [
              -40.04043157520523,
              -19.860288802902083
            ],
            [
              -40.03958685711242,
              -19.86048314241218
            ],
            [
              -40.03938622613826,
              -19.859680316975613
            ]
          ]
        ]
      },
      "properties": {
        "lat": -19.859818364512677,
        "lon": -40.040016254460106,
        "area_px": 8,
        "min_sigma0_dB": -7.190000057220459,
        "mean_sigma0_dB": -3.5199999809265137,
        "max_sigma0_dB": 0.33000001311302185,
        "threshold_cfar_dB": -8.62,
        "pixel_coords": {
          "row": 732,
          "col": 288,
          "row_resampled": 244,
          "col_resampled": 96
        },
        "bbox_pixel_coords": {
          "row_min": 729,
          "row_max": 738,
          "col_min": 282,
          "col_max": 291
        },
        "global_pixel_coords": {
          "row": 4572,
          "col": 4128
        },
        "source_product": "S1C_IW_GRDH_1SDV_20260810T081241_20260810T081306_008930_011B7A_D208",
        "source_arquivo_id": null,
        "patch_id": 28,
        "patch_name": "patch_0029_VV",
        "geotiff_name": "patch_0029_VV_sigma0_preproc.tif",
        "polarization": "VV",
        "input_scale": "linear",
        "georef_method": "snap_geolocation_grid",
        "geocoding_method": "geolocation_grid",
        "geolocation_grid_status": null,
        "snap_geolocation_grid_used": null,
        "raster_crs": "EPSG:4326",
        "raster_transform": [
          0.00010840393381716083,
          0.0,
          -41.895807142484465,
          0.0,
          -0.00012191578847949808,
          -19.456342960705186,
          0.0,
          0.0,
          1.0
        ],
        "core_bbox_pixels": {
          "x0": 4000,
          "y0": 4000,
          "x1": 6000,
          "y1": 6000
        },
        "processing_bbox_pixels": {
          "x0": 3840,
          "y0": 3840,
          "x1": 6160,
          "y1": 6160
        },
        "core_bounds_lonlat": {
          "west": -40.24867455889004,
          "south": -19.989858068438405,
          "east": -40.01523964288236,
          "north": -19.76848314973889
        },
        "processing_bounds_lonlat": {
          "west": -40.26783602792352,
          "south": -20.00756917747202,
          "east": -39.99663298120265,
          "north": -19.750810603778547
        },
        "halo_pixels": 160,
        "valid_bbox_fraction": 1.0,
        "artifact_aspect_ratio": 1.0,
        "land_mask_info": {
          "enabled": true,
          "applied": true,
          "status": "ok",
          "stage": "cfar_water_mask",
          "resampled_shape": [
            773,
            773
          ],
          "sample_shape": [
            128,
            128
          ],
          "sample_max_dim": 128,
          "available": true,
          "method": "natural_earth_land_point_mask",
          "bounds_lonlat": {
            "west": -40.24867455889004,
            "south": -19.989858068438405,
            "east": -40.01523964288236,
            "north": -19.76848314973889
          },
          "mask_path": "/content/sismom_colab_work_v2/sources/api/copernicus_meta_1-main/copernicus-platform/frontend/public/shapes/ne_10m_land/ne_10m_land.shp",
          "land_buffer_degrees": 0.0,
          "valid_geolocation_points": 16384,
          "land_points": 11495,
          "water_points": 4889,
          "land_fraction": 0.70159912109375,
          "water_fraction": 0.29840087890625,
          "valid_pixels_before_land_mask": 597529,
          "valid_pixels_after_land_mask": 177518,
          "pixels_masked_by_land": 420011,
          "valid_water_fraction": 0.297086835952732,
          "land_skip_threshold": 0.99,
          "min_water_fraction": 0.01,
          "skip_land_tiles": true,
          "skipped": false,
          "reason": "water_candidate",
          "message": "CFAR restrito aos pixels de água."
        },
        "land_fraction": 0.70159912109375,
        "water_fraction": 0.29840087890625,
        "valid_water_fraction": 0.297086835952732,
        "land_mask_method": "natural_earth_land_point_mask",
        "wave_age": null,
        "wave_age_class": null,
        "wave_age_factor": 1.35,
        "wave_age_status": "fallback",
        "era5_time": null,
        "era5_lon": null,
        "era5_lat": null,
        "u10": null,
        "peak_wave_period": null,
        "friction_velocity": null,
        "phase_speed": null,
        "patch_label": "P029",
        "id": 29,
        "source": "cfar",
        "detection_method": "cfar",
        "target_id": "T0029",
        "methods": [
          "cfar"
        ],
        "fusion_status": "cfar_only",
        "cfar_id": 2,
        "cfar_ids": [
          2
        ],
        "cfar_fragment_count": 1,
        "yolo_id": null
      }
    },
    {
      "type": "Feature",
      "geometry": {
        "type": "Polygon",
        "coordinates": [
          [
            [
              -40.044225726868184,
              -19.859981892129856
            ],
            [
              -40.04535200590011,
              -19.85972277531985
            ],
            [
              -40.04575308979082,
              -19.86132846424479
            ],
            [
              -40.04462684637046,
              -19.86158757344443
            ],
            [
              -40.044225726868184,
              -19.859981892129856
            ]
          ]
        ]
      },
      "properties": {
        "lat": -19.860655176284734,
        "lon": -40.044989417232394,
        "area_px": 8,
        "min_sigma0_dB": -6.369999885559082,
        "mean_sigma0_dB": -5.28000020980835,
        "max_sigma0_dB": -2.8499999046325684,
        "threshold_cfar_dB": -7.04,
        "pixel_coords": {
          "row": 753,
          "col": 336,
          "row_resampled": 251,
          "col_resampled": 112
        },
        "bbox_pixel_coords": {
          "row_min": 744,
          "row_max": 762,
          "col_min": 330,
          "col_max": 342
        },
        "global_pixel_coords": {
          "row": 4593,
          "col": 4176
        },
        "source_product": "S1C_IW_GRDH_1SDV_20260810T081241_20260810T081306_008930_011B7A_D208",
        "source_arquivo_id": null,
        "patch_id": 28,
        "patch_name": "patch_0029_VV",
        "geotiff_name": "patch_0029_VV_sigma0_preproc.tif",
        "polarization": "VV",
        "input_scale": "linear",
        "georef_method": "snap_geolocation_grid",
        "geocoding_method": "geolocation_grid",
        "geolocation_grid_status": null,
        "snap_geolocation_grid_used": null,
        "raster_crs": "EPSG:4326",
        "raster_transform": [
          0.00010840393381716083,
          0.0,
          -41.895807142484465,
          0.0,
          -0.00012191578847949808,
          -19.456342960705186,
          0.0,
          0.0,
          1.0
        ],
        "core_bbox_pixels": {
          "x0": 4000,
          "y0": 4000,
          "x1": 6000,
          "y1": 6000
        },
        "processing_bbox_pixels": {
          "x0": 3840,
          "y0": 3840,
          "x1": 6160,
          "y1": 6160
        },
        "core_bounds_lonlat": {
          "west": -40.24867455889004,
          "south": -19.989858068438405,
          "east": -40.01523964288236,
          "north": -19.76848314973889
        },
        "processing_bounds_lonlat": {
          "west": -40.26783602792352,
          "south": -20.00756917747202,
          "east": -39.99663298120265,
          "north": -19.750810603778547
        },
        "halo_pixels": 160,
        "valid_bbox_fraction": 1.0,
        "artifact_aspect_ratio": 1.4,
        "land_mask_info": {
          "enabled": true,
          "applied": true,
          "status": "ok",
          "stage": "cfar_water_mask",
          "resampled_shape": [
            773,
            773
          ],
          "sample_shape": [
            128,
            128
          ],
          "sample_max_dim": 128,
          "available": true,
          "method": "natural_earth_land_point_mask",
          "bounds_lonlat": {
            "west": -40.24867455889004,
            "south": -19.989858068438405,
            "east": -40.01523964288236,
            "north": -19.76848314973889
          },
          "mask_path": "/content/sismom_colab_work_v2/sources/api/copernicus_meta_1-main/copernicus-platform/frontend/public/shapes/ne_10m_land/ne_10m_land.shp",
          "land_buffer_degrees": 0.0,
          "valid_geolocation_points": 16384,
          "land_points": 11495,
          "water_points": 4889,
          "land_fraction": 0.70159912109375,
          "water_fraction": 0.29840087890625,
          "valid_pixels_before_land_mask": 597529,
          "valid_pixels_after_land_mask": 177518,
          "pixels_masked_by_land": 420011,
          "valid_water_fraction": 0.297086835952732,
          "land_skip_threshold": 0.99,
          "min_water_fraction": 0.01,
          "skip_land_tiles": true,
          "skipped": false,
          "reason": "water_candidate",
          "message": "CFAR restrito aos pixels de água."
        },
        "land_fraction": 0.70159912109375,
        "water_fraction": 0.29840087890625,
        "valid_water_fraction": 0.297086835952732,
        "land_mask_method": "natural_earth_land_point_mask",
        "wave_age": null,
        "wave_age_class": null,
        "wave_age_factor": 1.35,
        "wave_age_status": "fallback",
        "era5_time": null,
        "era5_lon": null,
        "era5_lat": null,
        "u10": null,
        "peak_wave_period": null,
        "friction_velocity": null,
        "phase_speed": null,
        "patch_label": "P029",
        "id": 30,
        "source": "cfar",
        "detection_method": "cfar",
        "target_id": "T0030",
        "methods": [
          "cfar"
        ],
        "fusion_status": "cfar_only",
        "cfar_id": 3,
        "cfar_ids": [
          3
        ],
        "cfar_fragment_count": 1,
        "yolo_id": null
      }
    },
    {
      "type": "Feature",
      "geometry": {
        "type": "Polygon",
        "coordinates": [
          [
            [
              -40.04476055287122,
              -19.86212280054929
            ],
            [
              -40.0456052265336,
              -19.861928470552147
            ],
            [
              -40.04573892413136,
              -19.862463699559598
            ],
            [
              -40.044894259371866,
              -19.862658027654152
            ],
            [
              -40.04476055287122,
              -19.86212280054929
            ]
          ]
        ]
      },
      "properties": {
        "lat": -19.862260861404494,
        "lon": -40.04539051892883,
        "area_px": 5,
        "min_sigma0_dB": -7.559999942779541,
        "mean_sigma0_dB": -6.039999961853027,
        "max_sigma0_dB": -5.010000228881836,
        "threshold_cfar_dB": -7.03,
        "pixel_coords": {
          "row": 771,
          "col": 336,
          "row_resampled": 257,
          "col_resampled": 112
        },
        "bbox_pixel_coords": {
          "row_min": 768,
          "row_max": 774,
          "col_min": 330,
          "col_max": 339
        },
        "global_pixel_coords": {
          "row": 4611,
          "col": 4176
        },
        "source_product": "S1C_IW_GRDH_1SDV_20260810T081241_20260810T081306_008930_011B7A_D208",
        "source_arquivo_id": null,
        "patch_id": 28,
        "patch_name": "patch_0029_VV",
        "geotiff_name": "patch_0029_VV_sigma0_preproc.tif",
        "polarization": "VV",
        "input_scale": "linear",
        "georef_method": "snap_geolocation_grid",
        "geocoding_method": "geolocation_grid",
        "geolocation_grid_status": null,
        "snap_geolocation_grid_used": null,
        "raster_crs": "EPSG:4326",
        "raster_transform": [
          0.00010840393381716083,
          0.0,
          -41.895807142484465,
          0.0,
          -0.00012191578847949808,
          -19.456342960705186,
          0.0,
          0.0,
          1.0
        ],
        "core_bbox_pixels": {
          "x0": 4000,
          "y0": 4000,
          "x1": 6000,
          "y1": 6000
        },
        "processing_bbox_pixels": {
          "x0": 3840,
          "y0": 3840,
          "x1": 6160,
          "y1": 6160
        },
        "core_bounds_lonlat": {
          "west": -40.24867455889004,
          "south": -19.989858068438405,
          "east": -40.01523964288236,
          "north": -19.76848314973889
        },
        "processing_bounds_lonlat": {
          "west": -40.26783602792352,
          "south": -20.00756917747202,
          "east": -39.99663298120265,
          "north": -19.750810603778547
        },
        "halo_pixels": 160,
        "valid_bbox_fraction": 1.0,
        "artifact_aspect_ratio": 1.3333,
        "land_mask_info": {
          "enabled": true,
          "applied": true,
          "status": "ok",
          "stage": "cfar_water_mask",
          "resampled_shape": [
            773,
            773
          ],
          "sample_shape": [
            128,
            128
          ],
          "sample_max_dim": 128,
          "available": true,
          "method": "natural_earth_land_point_mask",
          "bounds_lonlat": {
            "west": -40.24867455889004,
            "south": -19.989858068438405,
            "east": -40.01523964288236,
            "north": -19.76848314973889
          },
          "mask_path": "/content/sismom_colab_work_v2/sources/api/copernicus_meta_1-main/copernicus-platform/frontend/public/shapes/ne_10m_land/ne_10m_land.shp",
          "land_buffer_degrees": 0.0,
          "valid_geolocation_points": 16384,
          "land_points": 11495,
          "water_points": 4889,
          "land_fraction": 0.70159912109375,
          "water_fraction": 0.29840087890625,
          "valid_pixels_before_land_mask": 597529,
          "valid_pixels_after_land_mask": 177518,
          "pixels_masked_by_land": 420011,
          "valid_water_fraction": 0.297086835952732,
          "land_skip_threshold": 0.99,
          "min_water_fraction": 0.01,
          "skip_land_tiles": true,
          "skipped": false,
          "reason": "water_candidate",
          "message": "CFAR restrito aos pixels de água."
        },
        "land_fraction": 0.70159912109375,
        "water_fraction": 0.29840087890625,
        "valid_water_fraction": 0.297086835952732,
        "land_mask_method": "natural_earth_land_point_mask",
        "wave_age": null,
        "wave_age_class": null,
        "wave_age_factor": 1.35,
        "wave_age_status": "fallback",
        "era5_time": null,
        "era5_lon": null,
        "era5_lat": null,
        "u10": null,
        "peak_wave_period": null,
        "friction_velocity": null,
        "phase_speed": null,
        "patch_label": "P029",
        "id": 31,
        "source": "cfar",
        "detection_method": "cfar",
        "target_id": "T0031",
        "methods": [
          "cfar"
        ],
        "fusion_status": "cfar_only",
        "cfar_id": 4,
        "cfar_ids": [
          4
        ],
        "cfar_fragment_count": 1,
        "yolo_id": null
      }
    },
    {
      "type": "Feature",
      "geometry": {
        "type": "Polygon",
        "coordinates": [
          [
            [
              -40.04719935812878,
              -19.863542674294123
            ],
            [
              -40.04832554813181,
              -19.863283576510025
            ],
            [
              -40.0486597327736,
              -19.864621661712583
            ],
            [
              -40.04753357244687,
              -19.864880753154715
            ],
            [
              -40.04719935812878,
              -19.863542674294123
            ]
          ]
        ]
      },
      "properties": {
        "lat": -19.86421597462102,
        "lon": -40.04796297281826,
        "area_px": 7,
        "min_sigma0_dB": -6.369999885559082,
        "mean_sigma0_dB": -4.360000133514404,
        "max_sigma0_dB": -0.9100000262260437,
        "threshold_cfar_dB": -7.15,
        "pixel_coords": {
          "row": 798,
          "col": 357,
          "row_resampled": 266,
          "col_resampled": 119
        },
        "bbox_pixel_coords": {
          "row_min": 789,
          "row_max": 804,
          "col_min": 351,
          "col_max": 363
        },
        "global_pixel_coords": {
          "row": 4638,
          "col": 4197
        },
        "source_product": "S1C_IW_GRDH_1SDV_20260810T081241_20260810T081306_008930_011B7A_D208",
        "source_arquivo_id": null,
        "patch_id": 28,
        "patch_name": "patch_0029_VV",
        "geotiff_name": "patch_0029_VV_sigma0_preproc.tif",
        "polarization": "VV",
        "input_scale": "linear",
        "georef_method": "snap_geolocation_grid",
        "geocoding_method": "geolocation_grid",
        "geolocation_grid_status": null,
        "snap_geolocation_grid_used": null,
        "raster_crs": "EPSG:4326",
        "raster_transform": [
          0.00010840393381716083,
          0.0,
          -41.895807142484465,
          0.0,
          -0.00012191578847949808,
          -19.456342960705186,
          0.0,
          0.0,
          1.0
        ],
        "core_bbox_pixels": {
          "x0": 4000,
          "y0": 4000,
          "x1": 6000,
          "y1": 6000
        },
        "processing_bbox_pixels": {
          "x0": 3840,
          "y0": 3840,
          "x1": 6160,
          "y1": 6160
        },
        "core_bounds_lonlat": {
          "west": -40.24867455889004,
          "south": -19.989858068438405,
          "east": -40.01523964288236,
          "north": -19.76848314973889
        },
        "processing_bounds_lonlat": {
          "west": -40.26783602792352,
          "south": -20.00756917747202,
          "east": -39.99663298120265,
          "north": -19.750810603778547
        },
        "halo_pixels": 160,
        "valid_bbox_fraction": 1.0,
        "artifact_aspect_ratio": 1.2,
        "land_mask_info": {
          "enabled": true,
          "applied": true,
          "status": "ok",
          "stage": "cfar_water_mask",
          "resampled_shape": [
            773,
            773
          ],
          "sample_shape": [
            128,
            128
          ],
          "sample_max_dim": 128,
          "available": true,
          "method": "natural_earth_land_point_mask",
          "bounds_lonlat": {
            "west": -40.24867455889004,
            "south": -19.989858068438405,
            "east": -40.01523964288236,
            "north": -19.76848314973889
          },
          "mask_path": "/content/sismom_colab_work_v2/sources/api/copernicus_meta_1-main/copernicus-platform/frontend/public/shapes/ne_10m_land/ne_10m_land.shp",
          "land_buffer_degrees": 0.0,
          "valid_geolocation_points": 16384,
          "land_points": 11495,
          "water_points": 4889,
          "land_fraction": 0.70159912109375,
          "water_fraction": 0.29840087890625,
          "valid_pixels_before_land_mask": 597529,
          "valid_pixels_after_land_mask": 177518,
          "pixels_masked_by_land": 420011,
          "valid_water_fraction": 0.297086835952732,
          "land_skip_threshold": 0.99,
          "min_water_fraction": 0.01,
          "skip_land_tiles": true,
          "skipped": false,
          "reason": "water_candidate",
          "message": "CFAR restrito aos pixels de água."
        },
        "land_fraction": 0.70159912109375,
        "water_fraction": 0.29840087890625,
        "valid_water_fraction": 0.297086835952732,
        "land_mask_method": "natural_earth_land_point_mask",
        "wave_age": null,
        "wave_age_class": null,
        "wave_age_factor": 1.35,
        "wave_age_status": "fallback",
        "era5_time": null,
        "era5_lon": null,
        "era5_lat": null,
        "u10": null,
        "peak_wave_period": null,
        "friction_velocity": null,
        "phase_speed": null,
        "patch_label": "P029",
        "id": 32,
        "source": "cfar",
        "detection_method": "cfar",
        "target_id": "T0032",
        "methods": [
          "cfar"
        ],
        "fusion_status": "cfar_only",
        "cfar_id": 5,
        "cfar_ids": [
          5
        ],
        "cfar_fragment_count": 1,
        "yolo_id": null
      }
    },
    {
      "type": "Feature",
      "geometry": {
        "type": "Polygon",
        "coordinates": [
          [
            [
              -40.06352911463753,
              -19.859785756424678
            ],
            [
              -40.06409220973262,
              -19.859656207532627
            ],
            [
              -40.06415896356719,
              -19.85992384233066
            ],
            [
              -40.063595871439745,
              -19.860053390588508
            ],
            [
              -40.06352911463753,
              -19.859785756424678
            ]
          ]
        ]
      },
      "properties": {
        "lat": -19.85998861645958,
        "lon": -40.06387741750347,
        "area_px": 4,
        "min_sigma0_dB": 5.320000171661377,
        "mean_sigma0_dB": 11.010000228881836,
        "max_sigma0_dB": 15.4399995803833,
        "threshold_cfar_dB": 2.24,
        "pixel_coords": {
          "row": 792,
          "col": 528,
          "row_resampled": 264,
          "col_resampled": 176
        },
        "bbox_pixel_coords": {
          "row_min": 789,
          "row_max": 792,
          "col_min": 525,
          "col_max": 531
        },
        "global_pixel_coords": {
          "row": 4632,
          "col": 4368
        },
        "source_product": "S1C_IW_GRDH_1SDV_20260810T081241_20260810T081306_008930_011B7A_D208",
        "source_arquivo_id": null,
        "patch_id": 28,
        "patch_name": "patch_0029_VV",
        "geotiff_name": "patch_0029_VV_sigma0_preproc.tif",
        "polarization": "VV",
        "input_scale": "linear",
        "georef_method": "snap_geolocation_grid",
        "geocoding_method": "geolocation_grid",
        "geolocation_grid_status": null,
        "snap_geolocation_grid_used": null,
        "raster_crs": "EPSG:4326",
        "raster_transform": [
          0.00010840393381716083,
          0.0,
          -41.895807142484465,
          0.0,
          -0.00012191578847949808,
          -19.456342960705186,
          0.0,
          0.0,
          1.0
        ],
        "core_bbox_pixels": {
          "x0": 4000,
          "y0": 4000,
          "x1": 6000,
          "y1": 6000
        },
        "processing_bbox_pixels": {
          "x0": 3840,
          "y0": 3840,
          "x1": 6160,
          "y1": 6160
        },
        "core_bounds_lonlat": {
          "west": -40.24867455889004,
          "south": -19.989858068438405,
          "east": -40.01523964288236,
          "north": -19.76848314973889
        },
        "processing_bounds_lonlat": {
          "west": -40.26783602792352,
          "south": -20.00756917747202,
          "east": -39.99663298120265,
          "north": -19.750810603778547
        },
        "halo_pixels": 160,
        "valid_bbox_fraction": 1.0,
        "artifact_aspect_ratio": 1.5,
        "land_mask_info": {
          "enabled": true,
          "applied": true,
          "status": "ok",
          "stage": "cfar_water_mask",
          "resampled_shape": [
            773,
            773
          ],
          "sample_shape": [
            128,
            128
          ],
          "sample_max_dim": 128,
          "available": true,
          "method": "natural_earth_land_point_mask",
          "bounds_lonlat": {
            "west": -40.24867455889004,
            "south": -19.989858068438405,
            "east": -40.01523964288236,
            "north": -19.76848314973889
          },
          "mask_path": "/content/sismom_colab_work_v2/sources/api/copernicus_meta_1-main/copernicus-platform/frontend/public/shapes/ne_10m_land/ne_10m_land.shp",
          "land_buffer_degrees": 0.0,
          "valid_geolocation_points": 16384,
          "land_points": 11495,
          "water_points": 4889,
          "land_fraction": 0.70159912109375,
          "water_fraction": 0.29840087890625,
          "valid_pixels_before_land_mask": 597529,
          "valid_pixels_after_land_mask": 177518,
          "pixels_masked_by_land": 420011,
          "valid_water_fraction": 0.297086835952732,
          "land_skip_threshold": 0.99,
          "min_water_fraction": 0.01,
          "skip_land_tiles": true,
          "skipped": false,
          "reason": "water_candidate",
          "message": "CFAR restrito aos pixels de água."
        },
        "land_fraction": 0.70159912109375,
        "water_fraction": 0.29840087890625,
        "valid_water_fraction": 0.297086835952732,
        "land_mask_method": "natural_earth_land_point_mask",
        "wave_age": null,
        "wave_age_class": null,
        "wave_age_factor": 1.35,
        "wave_age_status": "fallback",
        "era5_time": null,
        "era5_lon": null,
        "era5_lat": null,
        "u10": null,
        "peak_wave_period": null,
        "friction_velocity": null,
        "phase_speed": null,
        "patch_label": "P029",
        "id": 33,
        "source": "cfar",
        "detection_method": "cfar",
        "target_id": "T0033",
        "methods": [
          "cfar"
        ],
        "fusion_status": "cfar_only",
        "cfar_id": 6,
        "cfar_ids": [
          6
        ],
        "cfar_fragment_count": 1,
        "yolo_id": null
      }
    },
    {
      "type": "Feature",
      "geometry": {
        "type": "Polygon",
        "coordinates": [
          [
            [
              -40.068785016934676,
              -19.871311212384242
            ],
            [
              -40.069629459261535,
              -19.87111693185446
            ],
            [
              -40.07002990214018,
              -19.872722757765935
            ],
            [
              -40.0691854865221,
              -19.872917032587942
            ],
            [
              -40.068785016934676,
              -19.871311212384242
            ]
          ]
        ]
      },
      "properties": {
        "lat": -19.872049363260793,
        "lon": -40.06926672805254,
        "area_px": 9,
        "min_sigma0_dB": -6.71999979019165,
        "mean_sigma0_dB": -4.800000190734863,
        "max_sigma0_dB": -2.930000066757202,
        "threshold_cfar_dB": -7.71,
        "pixel_coords": {
          "row": 933,
          "col": 552,
          "row_resampled": 311,
          "col_resampled": 184
        },
        "bbox_pixel_coords": {
          "row_min": 924,
          "row_max": 942,
          "col_min": 549,
          "col_max": 558
        },
        "global_pixel_coords": {
          "row": 4773,
          "col": 4392
        },
        "source_product": "S1C_IW_GRDH_1SDV_20260810T081241_20260810T081306_008930_011B7A_D208",
        "source_arquivo_id": null,
        "patch_id": 28,
        "patch_name": "patch_0029_VV",
        "geotiff_name": "patch_0029_VV_sigma0_preproc.tif",
        "polarization": "VV",
        "input_scale": "linear",
        "georef_method": "snap_geolocation_grid",
        "geocoding_method": "geolocation_grid",
        "geolocation_grid_status": null,
        "snap_geolocation_grid_used": null,
        "raster_crs": "EPSG:4326",
        "raster_transform": [
          0.00010840393381716083,
          0.0,
          -41.895807142484465,
          0.0,
          -0.00012191578847949808,
          -19.456342960705186,
          0.0,
          0.0,
          1.0
        ],
        "core_bbox_pixels": {
          "x0": 4000,
          "y0": 4000,
          "x1": 6000,
          "y1": 6000
        },
        "processing_bbox_pixels": {
          "x0": 3840,
          "y0": 3840,
          "x1": 6160,
          "y1": 6160
        },
        "core_bounds_lonlat": {
          "west": -40.24867455889004,
          "south": -19.989858068438405,
          "east": -40.01523964288236,
          "north": -19.76848314973889
        },
        "processing_bounds_lonlat": {
          "west": -40.26783602792352,
          "south": -20.00756917747202,
          "east": -39.99663298120265,
          "north": -19.750810603778547
        },
        "halo_pixels": 160,
        "valid_bbox_fraction": 1.0,
        "artifact_aspect_ratio": 1.75,
        "land_mask_info": {
          "enabled": true,
          "applied": true,
          "status": "ok",
          "stage": "cfar_water_mask",
          "resampled_shape": [
            773,
            773
          ],
          "sample_shape": [
            128,
            128
          ],
          "sample_max_dim": 128,
          "available": true,
          "method": "natural_earth_land_point_mask",
          "bounds_lonlat": {
            "west": -40.24867455889004,
            "south": -19.989858068438405,
            "east": -40.01523964288236,
            "north": -19.76848314973889
          },
          "mask_path": "/content/sismom_colab_work_v2/sources/api/copernicus_meta_1-main/copernicus-platform/frontend/public/shapes/ne_10m_land/ne_10m_land.shp",
          "land_buffer_degrees": 0.0,
          "valid_geolocation_points": 16384,
          "land_points": 11495,
          "water_points": 4889,
          "land_fraction": 0.70159912109375,
          "water_fraction": 0.29840087890625,
          "valid_pixels_before_land_mask": 597529,
          "valid_pixels_after_land_mask": 177518,
          "pixels_masked_by_land": 420011,
          "valid_water_fraction": 0.297086835952732,
          "land_skip_threshold": 0.99,
          "min_water_fraction": 0.01,
          "skip_land_tiles": true,
          "skipped": false,
          "reason": "water_candidate",
          "message": "CFAR restrito aos pixels de água."
        },
        "land_fraction": 0.70159912109375,
        "water_fraction": 0.29840087890625,
        "valid_water_fraction": 0.297086835952732,
        "land_mask_method": "natural_earth_land_point_mask",
        "wave_age": null,
        "wave_age_class": null,
        "wave_age_factor": 1.35,
        "wave_age_status": "fallback",
        "era5_time": null,
        "era5_lon": null,
        "era5_lat": null,
        "u10": null,
        "peak_wave_period": null,
        "friction_velocity": null,
        "phase_speed": null,
        "patch_label": "P029",
        "id": 34,
        "source": "cfar",
        "detection_method": "cfar",
        "target_id": "T0034",
        "methods": [
          "cfar"
        ],
        "fusion_status": "cfar_only",
        "cfar_id": 7,
        "cfar_ids": [
          7
        ],
        "cfar_fragment_count": 1,
        "yolo_id": null
      }
    },
    {
      "type": "Feature",
      "geometry": {
        "type": "Polygon",
        "coordinates": [
          [
            [
              -39.74928243205579,
              -20.285169834161774
            ],
            [
              -39.74956186199977,
              -20.285106150027442
            ],
            [
              -39.74969564350781,
              -20.285641458697953
            ],
            [
              -39.749416212486665,
              -20.285705143106142
            ],
            [
              -39.74928243205579,
              -20.285169834161774
            ]
          ]
        ]
      },
      "properties": {
        "lat": -20.28543748863396,
        "lon": -39.74934932227123,
        "area_px": 3,
        "min_sigma0_dB": -8.029999732971191,
        "mean_sigma0_dB": -7.300000190734863,
        "max_sigma0_dB": -6.440000057220459,
        "threshold_cfar_dB": -8.32,
        "pixel_coords": {
          "row": 540,
          "col": 90,
          "row_resampled": 180,
          "col_resampled": 30
        },
        "bbox_pixel_coords": {
          "row_min": 537,
          "row_max": 543,
          "col_min": 90,
          "col_max": 93
        },
        "global_pixel_coords": {
          "row": 8380,
          "col": 90
        },
        "source_product": "S1C_IW_GRDH_1SDV_20260810T081241_20260810T081306_008930_011B7A_D208",
        "source_arquivo_id": null,
        "patch_id": 52,
        "patch_name": "patch_0053_VV",
        "geotiff_name": "patch_0053_VV_sigma0_preproc.tif",
        "polarization": "VV",
        "input_scale": "linear",
        "georef_method": "snap_geolocation_grid",
        "geocoding_method": "geolocation_grid",
        "geolocation_grid_status": null,
        "snap_geolocation_grid_used": null,
        "raster_crs": "EPSG:4326",
        "raster_transform": [
          0.00010840393381716083,
          0.0,
          -42.31207824834236,
          0.0,
          -0.00012191578847949808,
          -19.94400611462318,
          0.0,
          0.0,
          1.0
        ],
        "core_bbox_pixels": {
          "x0": 0,
          "y0": 8000,
          "x1": 2000,
          "y1": 10000
        },
        "processing_bbox_pixels": {
          "x0": 0,
          "y0": 7840,
          "x1": 2160,
          "y1": 10160
        },
        "core_bounds_lonlat": {
          "west": -39.963433563233295,
          "south": -20.431789918116365,
          "east": -39.73249569505467,
          "north": -20.210977297751395
        },
        "processing_bounds_lonlat": {
          "west": -39.981936079601034,
          "south": -20.446063901721693,
          "east": -39.728929078809855,
          "north": -20.19330230897556
        },
        "halo_pixels": 160,
        "valid_bbox_fraction": 1.0,
        "artifact_aspect_ratio": 1.5,
        "land_mask_info": {
          "enabled": true,
          "applied": true,
          "status": "ok",
          "stage": "cfar_water_mask",
          "resampled_shape": [
            773,
            720
          ],
          "sample_shape": [
            128,
            119
          ],
          "sample_max_dim": 128,
          "available": true,
          "method": "natural_earth_land_point_mask",
          "bounds_lonlat": {
            "west": -39.963433563233295,
            "south": -20.431789918116365,
            "east": -39.73249569505467,
            "north": -20.210977297751395
          },
          "mask_path": "/content/sismom_colab_work_v2/sources/api/copernicus_meta_1-main/copernicus-platform/frontend/public/shapes/ne_10m_land/ne_10m_land.shp",
          "land_buffer_degrees": 0.0,
          "valid_geolocation_points": 15232,
          "land_points": 0,
          "water_points": 15232,
          "land_fraction": 0.0,
          "water_fraction": 1.0,
          "valid_pixels_before_land_mask": 542646,
          "valid_pixels_after_land_mask": 542646,
          "pixels_masked_by_land": 0,
          "valid_water_fraction": 1.0,
          "land_skip_threshold": 0.99,
          "min_water_fraction": 0.01,
          "skip_land_tiles": true,
          "skipped": false,
          "reason": "water_candidate",
          "message": "CFAR restrito aos pixels de água."
        },
        "land_fraction": 0.0,
        "water_fraction": 1.0,
        "valid_water_fraction": 1.0,
        "land_mask_method": "natural_earth_land_point_mask",
        "wave_age": null,
        "wave_age_class": null,
        "wave_age_factor": 1.35,
        "wave_age_status": "fallback",
        "era5_time": null,
        "era5_lon": null,
        "era5_lat": null,
        "u10": null,
        "peak_wave_period": null,
        "friction_velocity": null,
        "phase_speed": null,
        "patch_label": "P053",
        "id": 35,
        "source": "cfar",
        "detection_method": "cfar",
        "target_id": "T0035",
        "methods": [
          "cfar"
        ],
        "fusion_status": "cfar_only",
        "cfar_id": 9,
        "cfar_ids": [
          9
        ],
        "cfar_fragment_count": 1,
        "yolo_id": null
      }
    },
    {
      "type": "Feature",
      "geometry": {
        "type": "Polygon",
        "coordinates": [
          [
            [
              -40.18106025802959,
              -20.154329225077372
            ],
            [
              -40.18133970322895,
              -20.154264911742285
            ],
            [
              -40.181474523216025,
              -20.154799927163264
            ],
            [
              -40.18119507882227,
              -20.1548642403398
            ],
            [
              -40.18106025802959,
              -20.154329225077372
            ]
          ]
        ]
      },
      "properties": {
        "lat": -20.154532419452778,
        "lon": -40.18140711322249,
        "area_px": 4,
        "min_sigma0_dB": -9.819999694824219,
        "mean_sigma0_dB": -7.019999980926514,
        "max_sigma0_dB": -4.340000152587891,
        "threshold_cfar_dB": -9.92,
        "pixel_coords": {
          "row": 201,
          "col": 972,
          "row_resampled": 67,
          "col_resampled": 324
        },
        "bbox_pixel_coords": {
          "row_min": 198,
          "row_max": 204,
          "col_min": 969,
          "col_max": 972
        },
        "global_pixel_coords": {
          "row": 8041,
          "col": 4812
        },
        "source_product": "S1C_IW_GRDH_1SDV_20260810T081241_20260810T081306_008930_011B7A_D208",
        "source_arquivo_id": null,
        "patch_id": 54,
        "patch_name": "patch_0055_VV",
        "geotiff_name": "patch_0055_VV_sigma0_preproc.tif",
        "polarization": "VV",
        "input_scale": "linear",
        "georef_method": "snap_geolocation_grid",
        "geocoding_method": "geolocation_grid",
        "geolocation_grid_status": null,
        "snap_geolocation_grid_used": null,
        "raster_crs": "EPSG:4326",
        "raster_transform": [
          0.00010840393381716083,
          0.0,
          -41.895807142484465,
          0.0,
          -0.00012191578847949808,
          -19.94400611462318,
          0.0,
          0.0,
          1.0
        ],
        "core_bbox_pixels": {
          "x0": 4000,
          "y0": 8000,
          "x1": 6000,
          "y1": 10000
        },
        "processing_bbox_pixels": {
          "x0": 3840,
          "y0": 7840,
          "x1": 6160,
          "y1": 10160
        },
        "core_bounds_lonlat": {
          "west": -40.33890751420324,
          "south": -20.346518550005825,
          "east": -40.10484794515679,
          "north": -20.124347521714363
        },
        "processing_bounds_lonlat": {
          "west": -40.357859806670454,
          "south": -20.36421421019537,
          "east": -40.086341775118726,
          "north": -20.106420575143357
        },
        "halo_pixels": 160,
        "valid_bbox_fraction": 1.0,
        "artifact_aspect_ratio": 1.5,
        "land_mask_info": {
          "enabled": true,
          "applied": true,
          "status": "ok",
          "stage": "cfar_water_mask",
          "resampled_shape": [
            773,
            773
          ],
          "sample_shape": [
            128,
            128
          ],
          "sample_max_dim": 128,
          "available": true,
          "method": "natural_earth_land_point_mask",
          "bounds_lonlat": {
            "west": -40.33890751420324,
            "south": -20.346518550005825,
            "east": -40.10484794515679,
            "north": -20.124347521714363
          },
          "mask_path": "/content/sismom_colab_work_v2/sources/api/copernicus_meta_1-main/copernicus-platform/frontend/public/shapes/ne_10m_land/ne_10m_land.shp",
          "land_buffer_degrees": 0.0,
          "valid_geolocation_points": 16384,
          "land_points": 6693,
          "water_points": 9691,
          "land_fraction": 0.40850830078125,
          "water_fraction": 0.59149169921875,
          "valid_pixels_before_land_mask": 597529,
          "valid_pixels_after_land_mask": 353109,
          "pixels_masked_by_land": 244420,
          "valid_water_fraction": 0.5909487238276301,
          "land_skip_threshold": 0.99,
          "min_water_fraction": 0.01,
          "skip_land_tiles": true,
          "skipped": false,
          "reason": "water_candidate",
          "message": "CFAR restrito aos pixels de água."
        },
        "land_fraction": 0.40850830078125,
        "water_fraction": 0.59149169921875,
        "valid_water_fraction": 0.5909487238276301,
        "land_mask_method": "natural_earth_land_point_mask",
        "wave_age": null,
        "wave_age_class": null,
        "wave_age_factor": 1.35,
        "wave_age_status": "fallback",
        "era5_time": null,
        "era5_lon": null,
        "era5_lat": null,
        "u10": null,
        "peak_wave_period": null,
        "friction_velocity": null,
        "phase_speed": null,
        "patch_label": "P055",
        "id": 36,
        "source": "cfar",
        "detection_method": "cfar",
        "target_id": "T0036",
        "methods": [
          "cfar"
        ],
        "fusion_status": "cfar_only",
        "cfar_id": 10,
        "cfar_ids": [
          10
        ],
        "cfar_fragment_count": 1,
        "yolo_id": null
      }
    },
    {
      "type": "Feature",
      "geometry": {
        "type": "Polygon",
        "coordinates": [
          [
            [
              -40.18429595706915,
              -20.167169591375647
            ],
            [
              -40.184854808798534,
              -20.167040972315842
            ],
            [
              -40.18512444716464,
              -20.16811100347489
            ],
            [
              -40.184565598657706,
              -20.1682396219005
            ],
            [
              -40.18429595706915,
              -20.167169591375647
            ]
          ]
        ]
      },
      "properties": {
        "lat": -20.16764029726672,
        "lon": -40.18471020292251,
        "area_px": 7,
        "min_sigma0_dB": -6.869999885559082,
        "mean_sigma0_dB": -5.329999923706055,
        "max_sigma0_dB": -3.309999942779541,
        "threshold_cfar_dB": -7.38,
        "pixel_coords": {
          "row": 348,
          "col": 972,
          "row_resampled": 116,
          "col_resampled": 324
        },
        "bbox_pixel_coords": {
          "row_min": 342,
          "row_max": 354,
          "col_min": 969,
          "col_max": 975
        },
        "global_pixel_coords": {
          "row": 8188,
          "col": 4812
        },
        "source_product": "S1C_IW_GRDH_1SDV_20260810T081241_20260810T081306_008930_011B7A_D208",
        "source_arquivo_id": null,
        "patch_id": 54,
        "patch_name": "patch_0055_VV",
        "geotiff_name": "patch_0055_VV_sigma0_preproc.tif",
        "polarization": "VV",
        "input_scale": "linear",
        "georef_method": "snap_geolocation_grid",
        "geocoding_method": "geolocation_grid",
        "geolocation_grid_status": null,
        "snap_geolocation_grid_used": null,
        "raster_crs": "EPSG:4326",
        "raster_transform": [
          0.00010840393381716083,
          0.0,
          -41.895807142484465,
          0.0,
          -0.00012191578847949808,
          -19.94400611462318,
          0.0,
          0.0,
          1.0
        ],
        "core_bbox_pixels": {
          "x0": 4000,
          "y0": 8000,
          "x1": 6000,
          "y1": 10000
        },
        "processing_bbox_pixels": {
          "x0": 3840,
          "y0": 7840,
          "x1": 6160,
          "y1": 10160
        },
        "core_bounds_lonlat": {
          "west": -40.33890751420324,
          "south": -20.346518550005825,
          "east": -40.10484794515679,
          "north": -20.124347521714363
        },
        "processing_bounds_lonlat": {
          "west": -40.357859806670454,
          "south": -20.36421421019537,
          "east": -40.086341775118726,
          "north": -20.106420575143357
        },
        "halo_pixels": 160,
        "valid_bbox_fraction": 1.0,
        "artifact_aspect_ratio": 1.6667,
        "land_mask_info": {
          "enabled": true,
          "applied": true,
          "status": "ok",
          "stage": "cfar_water_mask",
          "resampled_shape": [
            773,
            773
          ],
          "sample_shape": [
            128,
            128
          ],
          "sample_max_dim": 128,
          "available": true,
          "method": "natural_earth_land_point_mask",
          "bounds_lonlat": {
            "west": -40.33890751420324,
            "south": -20.346518550005825,
            "east": -40.10484794515679,
            "north": -20.124347521714363
          },
          "mask_path": "/content/sismom_colab_work_v2/sources/api/copernicus_meta_1-main/copernicus-platform/frontend/public/shapes/ne_10m_land/ne_10m_land.shp",
          "land_buffer_degrees": 0.0,
          "valid_geolocation_points": 16384,
          "land_points": 6693,
          "water_points": 9691,
          "land_fraction": 0.40850830078125,
          "water_fraction": 0.59149169921875,
          "valid_pixels_before_land_mask": 597529,
          "valid_pixels_after_land_mask": 353109,
          "pixels_masked_by_land": 244420,
          "valid_water_fraction": 0.5909487238276301,
          "land_skip_threshold": 0.99,
          "min_water_fraction": 0.01,
          "skip_land_tiles": true,
          "skipped": false,
          "reason": "water_candidate",
          "message": "CFAR restrito aos pixels de água."
        },
        "land_fraction": 0.40850830078125,
        "water_fraction": 0.59149169921875,
        "valid_water_fraction": 0.5909487238276301,
        "land_mask_method": "natural_earth_land_point_mask",
        "wave_age": null,
        "wave_age_class": null,
        "wave_age_factor": 1.35,
        "wave_age_status": "fallback",
        "era5_time": null,
        "era5_lon": null,
        "era5_lat": null,
        "u10": null,
        "peak_wave_period": null,
        "friction_velocity": null,
        "phase_speed": null,
        "patch_label": "P055",
        "id": 37,
        "source": "cfar",
        "detection_method": "cfar",
        "target_id": "T0037",
        "methods": [
          "cfar"
        ],
        "fusion_status": "cfar_only",
        "cfar_id": 11,
        "cfar_ids": [
          11
        ],
        "cfar_fragment_count": 1,
        "yolo_id": null
      }
    },
    {
      "type": "Feature",
      "geometry": {
        "type": "Polygon",
        "coordinates": [
          [
            [
              -40.18518207288283,
              -20.16951285124014
            ],
            [
              -40.18546149512226,
              -20.16944854242371
            ],
            [
              -40.185596314305315,
              -20.169983558003235
            ],
            [
              -40.1853168928715,
              -20.170047866661115
            ],
            [
              -40.18518207288283,
              -20.16951285124014
            ]
          ]
        ]
      },
      "properties": {
        "lat": -20.16978035895063,
        "lon": -40.18524948287716,
        "area_px": 3,
        "min_sigma0_dB": -6.53000020980835,
        "mean_sigma0_dB": -6.190000057220459,
        "max_sigma0_dB": -5.909999847412109,
        "threshold_cfar_dB": -6.75,
        "pixel_coords": {
          "row": 372,
          "col": 972,
          "row_resampled": 124,
          "col_resampled": 324
        },
        "bbox_pixel_coords": {
          "row_min": 369,
          "row_max": 375,
          "col_min": 972,
          "col_max": 975
        },
        "global_pixel_coords": {
          "row": 8212,
          "col": 4812
        },
        "source_product": "S1C_IW_GRDH_1SDV_20260810T081241_20260810T081306_008930_011B7A_D208",
        "source_arquivo_id": null,
        "patch_id": 54,
        "patch_name": "patch_0055_VV",
        "geotiff_name": "patch_0055_VV_sigma0_preproc.tif",
        "polarization": "VV",
        "input_scale": "linear",
        "georef_method": "snap_geolocation_grid",
        "geocoding_method": "geolocation_grid",
        "geolocation_grid_status": null,
        "snap_geolocation_grid_used": null,
        "raster_crs": "EPSG:4326",
        "raster_transform": [
          0.00010840393381716083,
          0.0,
          -41.895807142484465,
          0.0,
          -0.00012191578847949808,
          -19.94400611462318,
          0.0,
          0.0,
          1.0
        ],
        "core_bbox_pixels": {
          "x0": 4000,
          "y0": 8000,
          "x1": 6000,
          "y1": 10000
        },
        "processing_bbox_pixels": {
          "x0": 3840,
          "y0": 7840,
          "x1": 6160,
          "y1": 10160
        },
        "core_bounds_lonlat": {
          "west": -40.33890751420324,
          "south": -20.346518550005825,
          "east": -40.10484794515679,
          "north": -20.124347521714363
        },
        "processing_bounds_lonlat": {
          "west": -40.357859806670454,
          "south": -20.36421421019537,
          "east": -40.086341775118726,
          "north": -20.106420575143357
        },
        "halo_pixels": 160,
        "valid_bbox_fraction": 1.0,
        "artifact_aspect_ratio": 1.5,
        "land_mask_info": {
          "enabled": true,
          "applied": true,
          "status": "ok",
          "stage": "cfar_water_mask",
          "resampled_shape": [
            773,
            773
          ],
          "sample_shape": [
            128,
            128
          ],
          "sample_max_dim": 128,
          "available": true,
          "method": "natural_earth_land_point_mask",
          "bounds_lonlat": {
            "west": -40.33890751420324,
            "south": -20.346518550005825,
            "east": -40.10484794515679,
            "north": -20.124347521714363
          },
          "mask_path": "/content/sismom_colab_work_v2/sources/api/copernicus_meta_1-main/copernicus-platform/frontend/public/shapes/ne_10m_land/ne_10m_land.shp",
          "land_buffer_degrees": 0.0,
          "valid_geolocation_points": 16384,
          "land_points": 6693,
          "water_points": 9691,
          "land_fraction": 0.40850830078125,
          "water_fraction": 0.59149169921875,
          "valid_pixels_before_land_mask": 597529,
          "valid_pixels_after_land_mask": 353109,
          "pixels_masked_by_land": 244420,
          "valid_water_fraction": 0.5909487238276301,
          "land_skip_threshold": 0.99,
          "min_water_fraction": 0.01,
          "skip_land_tiles": true,
          "skipped": false,
          "reason": "water_candidate",
          "message": "CFAR restrito aos pixels de água."
        },
        "land_fraction": 0.40850830078125,
        "water_fraction": 0.59149169921875,
        "valid_water_fraction": 0.5909487238276301,
        "land_mask_method": "natural_earth_land_point_mask",
        "wave_age": null,
        "wave_age_class": null,
        "wave_age_factor": 1.35,
        "wave_age_status": "fallback",
        "era5_time": null,
        "era5_lon": null,
        "era5_lat": null,
        "u10": null,
        "peak_wave_period": null,
        "friction_velocity": null,
        "phase_speed": null,
        "patch_label": "P055",
        "id": 38,
        "source": "cfar",
        "detection_method": "cfar",
        "target_id": "T0038",
        "methods": [
          "cfar"
        ],
        "fusion_status": "cfar_only",
        "cfar_id": 12,
        "cfar_ids": [
          12
        ],
        "cfar_fragment_count": 1,
        "yolo_id": null
      }
    },
    {
      "type": "Feature",
      "geometry": {
        "type": "Polygon",
        "coordinates": [
          [
            [
              -40.18578876283291,
              -20.171920420634535
            ],
            [
              -40.18606818144708,
              -20.17185611253157
            ],
            [
              -40.18620300063068,
              -20.172391128111105
            ],
            [
              -40.18592358282211,
              -20.172455436055515
            ],
            [
              -40.18578876283291,
              -20.171920420634535
            ]
          ]
        ]
      },
      "properties": {
        "lat": -20.172187928345025,
        "lon": -40.185856172827506,
        "area_px": 3,
        "min_sigma0_dB": -4.989999771118164,
        "mean_sigma0_dB": -4.730000019073486,
        "max_sigma0_dB": -4.539999961853027,
        "threshold_cfar_dB": -6.72,
        "pixel_coords": {
          "row": 399,
          "col": 972,
          "row_resampled": 133,
          "col_resampled": 324
        },
        "bbox_pixel_coords": {
          "row_min": 396,
          "row_max": 402,
          "col_min": 972,
          "col_max": 975
        },
        "global_pixel_coords": {
          "row": 8239,
          "col": 4812
        },
        "source_product": "S1C_IW_GRDH_1SDV_20260810T081241_20260810T081306_008930_011B7A_D208",
        "source_arquivo_id": null,
        "patch_id": 54,
        "patch_name": "patch_0055_VV",
        "geotiff_name": "patch_0055_VV_sigma0_preproc.tif",
        "polarization": "VV",
        "input_scale": "linear",
        "georef_method": "snap_geolocation_grid",
        "geocoding_method": "geolocation_grid",
        "geolocation_grid_status": null,
        "snap_geolocation_grid_used": null,
        "raster_crs": "EPSG:4326",
        "raster_transform": [
          0.00010840393381716083,
          0.0,
          -41.895807142484465,
          0.0,
          -0.00012191578847949808,
          -19.94400611462318,
          0.0,
          0.0,
          1.0
        ],
        "core_bbox_pixels": {
          "x0": 4000,
          "y0": 8000,
          "x1": 6000,
          "y1": 10000
        },
        "processing_bbox_pixels": {
          "x0": 3840,
          "y0": 7840,
          "x1": 6160,
          "y1": 10160
        },
        "core_bounds_lonlat": {
          "west": -40.33890751420324,
          "south": -20.346518550005825,
          "east": -40.10484794515679,
          "north": -20.124347521714363
        },
        "processing_bounds_lonlat": {
          "west": -40.357859806670454,
          "south": -20.36421421019537,
          "east": -40.086341775118726,
          "north": -20.106420575143357
        },
        "halo_pixels": 160,
        "valid_bbox_fraction": 1.0,
        "artifact_aspect_ratio": 1.5,
        "land_mask_info": {
          "enabled": true,
          "applied": true,
          "status": "ok",
          "stage": "cfar_water_mask",
          "resampled_shape": [
            773,
            773
          ],
          "sample_shape": [
            128,
            128
          ],
          "sample_max_dim": 128,
          "available": true,
          "method": "natural_earth_land_point_mask",
          "bounds_lonlat": {
            "west": -40.33890751420324,
            "south": -20.346518550005825,
            "east": -40.10484794515679,
            "north": -20.124347521714363
          },
          "mask_path": "/content/sismom_colab_work_v2/sources/api/copernicus_meta_1-main/copernicus-platform/frontend/public/shapes/ne_10m_land/ne_10m_land.shp",
          "land_buffer_degrees": 0.0,
          "valid_geolocation_points": 16384,
          "land_points": 6693,
          "water_points": 9691,
          "land_fraction": 0.40850830078125,
          "water_fraction": 0.59149169921875,
          "valid_pixels_before_land_mask": 597529,
          "valid_pixels_after_land_mask": 353109,
          "pixels_masked_by_land": 244420,
          "valid_water_fraction": 0.5909487238276301,
          "land_skip_threshold": 0.99,
          "min_water_fraction": 0.01,
          "skip_land_tiles": true,
          "skipped": false,
          "reason": "water_candidate",
          "message": "CFAR restrito aos pixels de água."
        },
        "land_fraction": 0.40850830078125,
        "water_fraction": 0.59149169921875,
        "valid_water_fraction": 0.5909487238276301,
        "land_mask_method": "natural_earth_land_point_mask",
        "wave_age": null,
        "wave_age_class": null,
        "wave_age_factor": 1.35,
        "wave_age_status": "fallback",
        "era5_time": null,
        "era5_lon": null,
        "era5_lat": null,
        "u10": null,
        "peak_wave_period": null,
        "friction_velocity": null,
        "phase_speed": null,
        "patch_label": "P055",
        "id": 39,
        "source": "cfar",
        "detection_method": "cfar",
        "target_id": "T0039",
        "methods": [
          "cfar"
        ],
        "fusion_status": "cfar_only",
        "cfar_id": 13,
        "cfar_ids": [
          13
        ],
        "cfar_fragment_count": 1,
        "yolo_id": null
      }
    },
    {
      "type": "Feature",
      "geometry": {
        "type": "Polygon",
        "coordinates": [
          [
            [
              -40.20228468165445,
              -20.264351508641266
            ],
            [
              -40.20256396334659,
              -20.26428722749167
            ],
            [
              -40.20269880104501,
              -20.264822239424568
            ],
            [
              -40.20241952015849,
              -20.264886520415608
            ],
            [
              -40.20228468165445,
              -20.264351508641266
            ]
          ]
        ]
      },
      "properties": {
        "lat": -20.26455473345812,
        "lon": -40.202631382195804,
        "area_px": 4,
        "min_sigma0_dB": -6.440000057220459,
        "mean_sigma0_dB": -3.309999942779541,
        "max_sigma0_dB": 4.239999771118164,
        "threshold_cfar_dB": -9.99,
        "pixel_coords": {
          "row": 1419,
          "col": 906,
          "row_resampled": 473,
          "col_resampled": 302
        },
        "bbox_pixel_coords": {
          "row_min": 1416,
          "row_max": 1422,
          "col_min": 903,
          "col_max": 906
        },
        "global_pixel_coords": {
          "row": 9259,
          "col": 4746
        },
        "source_product": "S1C_IW_GRDH_1SDV_20260810T081241_20260810T081306_008930_011B7A_D208",
        "source_arquivo_id": null,
        "patch_id": 54,
        "patch_name": "patch_0055_VV",
        "geotiff_name": "patch_0055_VV_sigma0_preproc.tif",
        "polarization": "VV",
        "input_scale": "linear",
        "georef_method": "snap_geolocation_grid",
        "geocoding_method": "geolocation_grid",
        "geolocation_grid_status": null,
        "snap_geolocation_grid_used": null,
        "raster_crs": "EPSG:4326",
        "raster_transform": [
          0.00010840393381716083,
          0.0,
          -41.895807142484465,
          0.0,
          -0.00012191578847949808,
          -19.94400611462318,
          0.0,
          0.0,
          1.0
        ],
        "core_bbox_pixels": {
          "x0": 4000,
          "y0": 8000,
          "x1": 6000,
          "y1": 10000
        },
        "processing_bbox_pixels": {
          "x0": 3840,
          "y0": 7840,
          "x1": 6160,
          "y1": 10160
        },
        "core_bounds_lonlat": {
          "west": -40.33890751420324,
          "south": -20.346518550005825,
          "east": -40.10484794515679,
          "north": -20.124347521714363
        },
        "processing_bounds_lonlat": {
          "west": -40.357859806670454,
          "south": -20.36421421019537,
          "east": -40.086341775118726,
          "north": -20.106420575143357
        },
        "halo_pixels": 160,
        "valid_bbox_fraction": 1.0,
        "artifact_aspect_ratio": 1.5,
        "land_mask_info": {
          "enabled": true,
          "applied": true,
          "status": "ok",
          "stage": "cfar_water_mask",
          "resampled_shape": [
            773,
            773
          ],
          "sample_shape": [
            128,
            128
          ],
          "sample_max_dim": 128,
          "available": true,
          "method": "natural_earth_land_point_mask",
          "bounds_lonlat": {
            "west": -40.33890751420324,
            "south": -20.346518550005825,
            "east": -40.10484794515679,
            "north": -20.124347521714363
          },
          "mask_path": "/content/sismom_colab_work_v2/sources/api/copernicus_meta_1-main/copernicus-platform/frontend/public/shapes/ne_10m_land/ne_10m_land.shp",
          "land_buffer_degrees": 0.0,
          "valid_geolocation_points": 16384,
          "land_points": 6693,
          "water_points": 9691,
          "land_fraction": 0.40850830078125,
          "water_fraction": 0.59149169921875,
          "valid_pixels_before_land_mask": 597529,
          "valid_pixels_after_land_mask": 353109,
          "pixels_masked_by_land": 244420,
          "valid_water_fraction": 0.5909487238276301,
          "land_skip_threshold": 0.99,
          "min_water_fraction": 0.01,
          "skip_land_tiles": true,
          "skipped": false,
          "reason": "water_candidate",
          "message": "CFAR restrito aos pixels de água."
        },
        "land_fraction": 0.40850830078125,
        "water_fraction": 0.59149169921875,
        "valid_water_fraction": 0.5909487238276301,
        "land_mask_method": "natural_earth_land_point_mask",
        "wave_age": null,
        "wave_age_class": null,
        "wave_age_factor": 1.35,
        "wave_age_status": "fallback",
        "era5_time": null,
        "era5_lon": null,
        "era5_lat": null,
        "u10": null,
        "peak_wave_period": null,
        "friction_velocity": null,
        "phase_speed": null,
        "patch_label": "P055",
        "id": 40,
        "source": "cfar",
        "detection_method": "cfar",
        "target_id": "T0040",
        "methods": [
          "cfar"
        ],
        "fusion_status": "cfar_only",
        "cfar_id": 14,
        "cfar_ids": [
          14
        ],
        "cfar_fragment_count": 1,
        "yolo_id": null
      }
    },
    {
      "type": "Feature",
      "geometry": {
        "type": "Polygon",
        "coordinates": [
          [
            [
              -40.20164909794152,
              -20.265346869038083
            ],
            [
              -40.2019283784431,
              -20.265282588126315
            ],
            [
              -40.20199579850075,
              -20.265550093854937
            ],
            [
              -40.20171651840197,
              -20.26561437468743
            ],
            [
              -40.20164909794152,
              -20.265346869038083
            ]
          ]
        ]
      },
      "properties": {
        "lat": -20.26561437468743,
        "lon": -40.20171651840197,
        "area_px": 3,
        "min_sigma0_dB": -6.199999809265137,
        "mean_sigma0_dB": -3.259999990463257,
        "max_sigma0_dB": -0.46000000834465027,
        "threshold_cfar_dB": -10.03,
        "pixel_coords": {
          "row": 1428,
          "col": 894,
          "row_resampled": 476,
          "col_resampled": 298
        },
        "bbox_pixel_coords": {
          "row_min": 1425,
          "row_max": 1428,
          "col_min": 894,
          "col_max": 897
        },
        "global_pixel_coords": {
          "row": 9268,
          "col": 4734
        },
        "source_product": "S1C_IW_GRDH_1SDV_20260810T081241_20260810T081306_008930_011B7A_D208",
        "source_arquivo_id": null,
        "patch_id": 54,
        "patch_name": "patch_0055_VV",
        "geotiff_name": "patch_0055_VV_sigma0_preproc.tif",
        "polarization": "VV",
        "input_scale": "linear",
        "georef_method": "snap_geolocation_grid",
        "geocoding_method": "geolocation_grid",
        "geolocation_grid_status": null,
        "snap_geolocation_grid_used": null,
        "raster_crs": "EPSG:4326",
        "raster_transform": [
          0.00010840393381716083,
          0.0,
          -41.895807142484465,
          0.0,
          -0.00012191578847949808,
          -19.94400611462318,
          0.0,
          0.0,
          1.0
        ],
        "core_bbox_pixels": {
          "x0": 4000,
          "y0": 8000,
          "x1": 6000,
          "y1": 10000
        },
        "processing_bbox_pixels": {
          "x0": 3840,
          "y0": 7840,
          "x1": 6160,
          "y1": 10160
        },
        "core_bounds_lonlat": {
          "west": -40.33890751420324,
          "south": -20.346518550005825,
          "east": -40.10484794515679,
          "north": -20.124347521714363
        },
        "processing_bounds_lonlat": {
          "west": -40.357859806670454,
          "south": -20.36421421019537,
          "east": -40.086341775118726,
          "north": -20.106420575143357
        },
        "halo_pixels": 160,
        "valid_bbox_fraction": 1.0,
        "artifact_aspect_ratio": 1.0,
        "land_mask_info": {
          "enabled": true,
          "applied": true,
          "status": "ok",
          "stage": "cfar_water_mask",
          "resampled_shape": [
            773,
            773
          ],
          "sample_shape": [
            128,
            128
          ],
          "sample_max_dim": 128,
          "available": true,
          "method": "natural_earth_land_point_mask",
          "bounds_lonlat": {
            "west": -40.33890751420324,
            "south": -20.346518550005825,
            "east": -40.10484794515679,
            "north": -20.124347521714363
          },
          "mask_path": "/content/sismom_colab_work_v2/sources/api/copernicus_meta_1-main/copernicus-platform/frontend/public/shapes/ne_10m_land/ne_10m_land.shp",
          "land_buffer_degrees": 0.0,
          "valid_geolocation_points": 16384,
          "land_points": 6693,
          "water_points": 9691,
          "land_fraction": 0.40850830078125,
          "water_fraction": 0.59149169921875,
          "valid_pixels_before_land_mask": 597529,
          "valid_pixels_after_land_mask": 353109,
          "pixels_masked_by_land": 244420,
          "valid_water_fraction": 0.5909487238276301,
          "land_skip_threshold": 0.99,
          "min_water_fraction": 0.01,
          "skip_land_tiles": true,
          "skipped": false,
          "reason": "water_candidate",
          "message": "CFAR restrito aos pixels de água."
        },
        "land_fraction": 0.40850830078125,
        "water_fraction": 0.59149169921875,
        "valid_water_fraction": 0.5909487238276301,
        "land_mask_method": "natural_earth_land_point_mask",
        "wave_age": null,
        "wave_age_class": null,
        "wave_age_factor": 1.35,
        "wave_age_status": "fallback",
        "era5_time": null,
        "era5_lon": null,
        "era5_lat": null,
        "u10": null,
        "peak_wave_period": null,
        "friction_velocity": null,
        "phase_speed": null,
        "patch_label": "P055",
        "id": 41,
        "source": "cfar",
        "detection_method": "cfar",
        "target_id": "T0041",
        "methods": [
          "cfar"
        ],
        "fusion_status": "cfar_only",
        "cfar_id": 15,
        "cfar_ids": [
          15
        ],
        "cfar_fragment_count": 1,
        "yolo_id": null
      }
    },
    {
      "type": "Feature",
      "geometry": {
        "type": "Polygon",
        "coordinates": [
          [
            [
              -40.30224117543383,
              -20.262234920795592
            ],
            [
              -40.30253074479279,
              -20.262168023424493
            ],
            [
              -40.302731564360634,
              -20.262970886739545
            ],
            [
              -40.30244200607068,
              -20.263037781602684
            ],
            [
              -40.30224117543383,
              -20.262234920795592
            ]
          ]
        ]
      },
      "properties": {
        "lat": -20.262703265634528,
        "lon": -40.302664624504686,
        "area_px": 4,
        "min_sigma0_dB": 4.21999979019165,
        "mean_sigma0_dB": 4.929999828338623,
        "max_sigma0_dB": 5.900000095367432,
        "threshold_cfar_dB": 1.51,
        "pixel_coords": {
          "row": 1644,
          "col": 1902,
          "row_resampled": 548,
          "col_resampled": 634
        },
        "bbox_pixel_coords": {
          "row_min": 1638,
          "row_max": 1647,
          "col_min": 1899,
          "col_max": 1902
        },
        "global_pixel_coords": {
          "row": 9484,
          "col": 5742
        },
        "source_product": "S1C_IW_GRDH_1SDV_20260810T081241_20260810T081306_008930_011B7A_D208",
        "source_arquivo_id": null,
        "patch_id": 54,
        "patch_name": "patch_0055_VV",
        "geotiff_name": "patch_0055_VV_sigma0_preproc.tif",
        "polarization": "VV",
        "input_scale": "linear",
        "georef_method": "snap_geolocation_grid",
        "geocoding_method": "geolocation_grid",
        "geolocation_grid_status": null,
        "snap_geolocation_grid_used": null,
        "raster_crs": "EPSG:4326",
        "raster_transform": [
          0.00010840393381716083,
          0.0,
          -41.895807142484465,
          0.0,
          -0.00012191578847949808,
          -19.94400611462318,
          0.0,
          0.0,
          1.0
        ],
        "core_bbox_pixels": {
          "x0": 4000,
          "y0": 8000,
          "x1": 6000,
          "y1": 10000
        },
        "processing_bbox_pixels": {
          "x0": 3840,
          "y0": 7840,
          "x1": 6160,
          "y1": 10160
        },
        "core_bounds_lonlat": {
          "west": -40.33890751420324,
          "south": -20.346518550005825,
          "east": -40.10484794515679,
          "north": -20.124347521714363
        },
        "processing_bounds_lonlat": {
          "west": -40.357859806670454,
          "south": -20.36421421019537,
          "east": -40.086341775118726,
          "north": -20.106420575143357
        },
        "halo_pixels": 160,
        "valid_bbox_fraction": 1.0,
        "artifact_aspect_ratio": 2.0,
        "land_mask_info": {
          "enabled": true,
          "applied": true,
          "status": "ok",
          "stage": "cfar_water_mask",
          "resampled_shape": [
            773,
            773
          ],
          "sample_shape": [
            128,
            128
          ],
          "sample_max_dim": 128,
          "available": true,
          "method": "natural_earth_land_point_mask",
          "bounds_lonlat": {
            "west": -40.33890751420324,
            "south": -20.346518550005825,
            "east": -40.10484794515679,
            "north": -20.124347521714363
          },
          "mask_path": "/content/sismom_colab_work_v2/sources/api/copernicus_meta_1-main/copernicus-platform/frontend/public/shapes/ne_10m_land/ne_10m_land.shp",
          "land_buffer_degrees": 0.0,
          "valid_geolocation_points": 16384,
          "land_points": 6693,
          "water_points": 9691,
          "land_fraction": 0.40850830078125,
          "water_fraction": 0.59149169921875,
          "valid_pixels_before_land_mask": 597529,
          "valid_pixels_after_land_mask": 353109,
          "pixels_masked_by_land": 244420,
          "valid_water_fraction": 0.5909487238276301,
          "land_skip_threshold": 0.99,
          "min_water_fraction": 0.01,
          "skip_land_tiles": true,
          "skipped": false,
          "reason": "water_candidate",
          "message": "CFAR restrito aos pixels de água."
        },
        "land_fraction": 0.40850830078125,
        "water_fraction": 0.59149169921875,
        "valid_water_fraction": 0.5909487238276301,
        "land_mask_method": "natural_earth_land_point_mask",
        "wave_age": null,
        "wave_age_class": null,
        "wave_age_factor": 1.35,
        "wave_age_status": "fallback",
        "era5_time": null,
        "era5_lon": null,
        "era5_lat": null,
        "u10": null,
        "peak_wave_period": null,
        "friction_velocity": null,
        "phase_speed": null,
        "patch_label": "P055",
        "id": 42,
        "source": "cfar",
        "detection_method": "cfar",
        "target_id": "T0042",
        "methods": [
          "cfar"
        ],
        "fusion_status": "cfar_only",
        "cfar_id": 17,
        "cfar_ids": [
          17
        ],
        "cfar_fragment_count": 1,
        "yolo_id": null
      }
    },
    {
      "type": "Feature",
      "geometry": {
        "type": "Polygon",
        "coordinates": [
          [
            [
              -40.32786300290994,
              -20.229706282466775
            ],
            [
              -40.32873366211474,
              -20.229505143809973
            ],
            [
              -40.3287980501848,
              -20.229773343653434
            ],
            [
              -40.32792741811885,
              -20.22997447608357
            ],
            [
              -40.32786300290994,
              -20.229706282466775
            ]
          ]
        ]
      },
      "properties": {
        "lat": -20.22957219002891,
        "lon": -40.328443442379815,
        "area_px": 5,
        "min_sigma0_dB": 0.3100000023841858,
        "mean_sigma0_dB": 1.7699999809265137,
        "max_sigma0_dB": 2.859999895095825,
        "threshold_cfar_dB": 0.16,
        "pixel_coords": {
          "row": 1356,
          "col": 234,
          "row_resampled": 452,
          "col_resampled": 78
        },
        "bbox_pixel_coords": {
          "row_min": 1356,
          "row_max": 1359,
          "col_min": 228,
          "col_max": 237
        },
        "global_pixel_coords": {
          "row": 9196,
          "col": 6074
        },
        "source_product": "S1C_IW_GRDH_1SDV_20260810T081241_20260810T081306_008930_011B7A_D208",
        "source_arquivo_id": null,
        "patch_id": 55,
        "patch_name": "patch_0056_VV",
        "geotiff_name": "patch_0056_VV_sigma0_preproc.tif",
        "polarization": "VV",
        "input_scale": "linear",
        "georef_method": "snap_geolocation_grid",
        "geocoding_method": "geolocation_grid",
        "geolocation_grid_status": null,
        "snap_geolocation_grid_used": null,
        "raster_crs": "EPSG:4326",
        "raster_transform": [
          0.00010840393381716083,
          0.0,
          -41.67899927485014,
          0.0,
          -0.00012191578847949808,
          -19.94400611462318,
          0.0,
          0.0,
          1.0
        ],
        "core_bbox_pixels": {
          "x0": 6000,
          "y0": 8000,
          "x1": 8000,
          "y1": 10000
        },
        "processing_bbox_pixels": {
          "x0": 5840,
          "y0": 7840,
          "x1": 8160,
          "y1": 10160
        },
        "core_bounds_lonlat": {
          "west": -40.52911675515935,
          "south": -20.302904200490207,
          "east": -40.29552274414155,
          "north": -20.080923134281434
        },
        "processing_bounds_lonlat": {
          "west": -40.547888593649006,
          "south": -20.320738899262103,
          "east": -40.27637986468624,
          "north": -20.063217451196792
        },
        "halo_pixels": 160,
        "valid_bbox_fraction": 1.0,
        "artifact_aspect_ratio": 2.0,
        "land_mask_info": {
          "enabled": true,
          "applied": true,
          "status": "ok",
          "stage": "cfar_water_mask",
          "resampled_shape": [
            773,
            773
          ],
          "sample_shape": [
            128,
            128
          ],
          "sample_max_dim": 128,
          "available": true,
          "method": "natural_earth_land_point_mask",
          "bounds_lonlat": {
            "west": -40.52911675515935,
            "south": -20.302904200490207,
            "east": -40.29552274414155,
            "north": -20.080923134281434
          },
          "mask_path": "/content/sismom_colab_work_v2/sources/api/copernicus_meta_1-main/copernicus-platform/frontend/public/shapes/ne_10m_land/ne_10m_land.shp",
          "land_buffer_degrees": 0.0,
          "valid_geolocation_points": 16384,
          "land_points": 15334,
          "water_points": 1050,
          "land_fraction": 0.9359130859375,
          "water_fraction": 0.0640869140625,
          "valid_pixels_before_land_mask": 597529,
          "valid_pixels_after_land_mask": 38074,
          "pixels_masked_by_land": 559455,
          "valid_water_fraction": 0.06371908309052782,
          "land_skip_threshold": 0.99,
          "min_water_fraction": 0.01,
          "skip_land_tiles": true,
          "skipped": false,
          "reason": "water_candidate",
          "message": "CFAR restrito aos pixels de água."
        },
        "land_fraction": 0.9359130859375,
        "water_fraction": 0.0640869140625,
        "valid_water_fraction": 0.06371908309052782,
        "land_mask_method": "natural_earth_land_point_mask",
        "wave_age": null,
        "wave_age_class": null,
        "wave_age_factor": 1.35,
        "wave_age_status": "fallback",
        "era5_time": null,
        "era5_lon": null,
        "era5_lat": null,
        "u10": null,
        "peak_wave_period": null,
        "friction_velocity": null,
        "phase_speed": null,
        "patch_label": "P056",
        "id": 43,
        "source": "cfar",
        "detection_method": "cfar",
        "target_id": "T0043",
        "methods": [
          "cfar"
        ],
        "fusion_status": "cfar_only",
        "cfar_id": 27,
        "cfar_ids": [
          27
        ],
        "cfar_fragment_count": 1,
        "yolo_id": null
      }
    },
    {
      "type": "Feature",
      "geometry": {
        "type": "Polygon",
        "coordinates": [
          [
            [
              -40.3277660559406,
              -20.23057790330944
            ],
            [
              -40.32863663372883,
              -20.230376783332623
            ],
            [
              -40.32882982507785,
              -20.231181376636343
            ],
            [
              -40.327959328706186,
              -20.231382477933174
            ],
            [
              -40.3277660559406,
              -20.23057790330944
            ]
          ]
        ]
      },
      "properties": {
        "lat": -20.23077905693397,
        "lon": -40.32812066374558,
        "area_px": 8,
        "min_sigma0_dB": 0.46000000834465027,
        "mean_sigma0_dB": 4.070000171661377,
        "max_sigma0_dB": 7.170000076293945,
        "threshold_cfar_dB": 0.16,
        "pixel_coords": {
          "row": 1368,
          "col": 228,
          "row_resampled": 456,
          "col_resampled": 76
        },
        "bbox_pixel_coords": {
          "row_min": 1365,
          "row_max": 1374,
          "col_min": 225,
          "col_max": 234
        },
        "global_pixel_coords": {
          "row": 9208,
          "col": 6068
        },
        "source_product": "S1C_IW_GRDH_1SDV_20260810T081241_20260810T081306_008930_011B7A_D208",
        "source_arquivo_id": null,
        "patch_id": 55,
        "patch_name": "patch_0056_VV",
        "geotiff_name": "patch_0056_VV_sigma0_preproc.tif",
        "polarization": "VV",
        "input_scale": "linear",
        "georef_method": "snap_geolocation_grid",
        "geocoding_method": "geolocation_grid",
        "geolocation_grid_status": null,
        "snap_geolocation_grid_used": null,
        "raster_crs": "EPSG:4326",
        "raster_transform": [
          0.00010840393381716083,
          0.0,
          -41.67899927485014,
          0.0,
          -0.00012191578847949808,
          -19.94400611462318,
          0.0,
          0.0,
          1.0
        ],
        "core_bbox_pixels": {
          "x0": 6000,
          "y0": 8000,
          "x1": 8000,
          "y1": 10000
        },
        "processing_bbox_pixels": {
          "x0": 5840,
          "y0": 7840,
          "x1": 8160,
          "y1": 10160
        },
        "core_bounds_lonlat": {
          "west": -40.52911675515935,
          "south": -20.302904200490207,
          "east": -40.29552274414155,
          "north": -20.080923134281434
        },
        "processing_bounds_lonlat": {
          "west": -40.547888593649006,
          "south": -20.320738899262103,
          "east": -40.27637986468624,
          "north": -20.063217451196792
        },
        "halo_pixels": 160,
        "valid_bbox_fraction": 1.0,
        "artifact_aspect_ratio": 1.0,
        "land_mask_info": {
          "enabled": true,
          "applied": true,
          "status": "ok",
          "stage": "cfar_water_mask",
          "resampled_shape": [
            773,
            773
          ],
          "sample_shape": [
            128,
            128
          ],
          "sample_max_dim": 128,
          "available": true,
          "method": "natural_earth_land_point_mask",
          "bounds_lonlat": {
            "west": -40.52911675515935,
            "south": -20.302904200490207,
            "east": -40.29552274414155,
            "north": -20.080923134281434
          },
          "mask_path": "/content/sismom_colab_work_v2/sources/api/copernicus_meta_1-main/copernicus-platform/frontend/public/shapes/ne_10m_land/ne_10m_land.shp",
          "land_buffer_degrees": 0.0,
          "valid_geolocation_points": 16384,
          "land_points": 15334,
          "water_points": 1050,
          "land_fraction": 0.9359130859375,
          "water_fraction": 0.0640869140625,
          "valid_pixels_before_land_mask": 597529,
          "valid_pixels_after_land_mask": 38074,
          "pixels_masked_by_land": 559455,
          "valid_water_fraction": 0.06371908309052782,
          "land_skip_threshold": 0.99,
          "min_water_fraction": 0.01,
          "skip_land_tiles": true,
          "skipped": false,
          "reason": "water_candidate",
          "message": "CFAR restrito aos pixels de água."
        },
        "land_fraction": 0.9359130859375,
        "water_fraction": 0.0640869140625,
        "valid_water_fraction": 0.06371908309052782,
        "land_mask_method": "natural_earth_land_point_mask",
        "wave_age": null,
        "wave_age_class": null,
        "wave_age_factor": 1.35,
        "wave_age_status": "fallback",
        "era5_time": null,
        "era5_lon": null,
        "era5_lat": null,
        "u10": null,
        "peak_wave_period": null,
        "friction_velocity": null,
        "phase_speed": null,
        "patch_label": "P056",
        "id": 44,
        "source": "cfar",
        "detection_method": "cfar",
        "target_id": "T0044",
        "methods": [
          "cfar"
        ],
        "fusion_status": "cfar_only",
        "cfar_id": 28,
        "cfar_ids": [
          28
        ],
        "cfar_fragment_count": 1,
        "yolo_id": null
      }
    },
    {
      "type": "Feature",
      "geometry": {
        "type": "Polygon",
        "coordinates": [
          [
            [
              -40.328668471945875,
              -20.23178480178666
            ],
            [
              -40.32895861931053,
              -20.231717772172154
            ],
            [
              -40.329087413543206,
              -20.232254167707964
            ],
            [
              -40.328797284271126,
              -20.23232119317136
            ],
            [
              -40.328668471945875,
              -20.23178480178666
            ]
          ]
        ]
      },
      "properties": {
        "lat": -20.231985969940055,
        "lon": -40.32902301642686,
        "area_px": 3,
        "min_sigma0_dB": 0.38999998569488525,
        "mean_sigma0_dB": 2.7300000190734863,
        "max_sigma0_dB": 6.409999847412109,
        "threshold_cfar_dB": 0.37,
        "pixel_coords": {
          "row": 1383,
          "col": 234,
          "row_resampled": 461,
          "col_resampled": 78
        },
        "bbox_pixel_coords": {
          "row_min": 1380,
          "row_max": 1386,
          "col_min": 231,
          "col_max": 234
        },
        "global_pixel_coords": {
          "row": 9223,
          "col": 6074
        },
        "source_product": "S1C_IW_GRDH_1SDV_20260810T081241_20260810T081306_008930_011B7A_D208",
        "source_arquivo_id": null,
        "patch_id": 55,
        "patch_name": "patch_0056_VV",
        "geotiff_name": "patch_0056_VV_sigma0_preproc.tif",
        "polarization": "VV",
        "input_scale": "linear",
        "georef_method": "snap_geolocation_grid",
        "geocoding_method": "geolocation_grid",
        "geolocation_grid_status": null,
        "snap_geolocation_grid_used": null,
        "raster_crs": "EPSG:4326",
        "raster_transform": [
          0.00010840393381716083,
          0.0,
          -41.67899927485014,
          0.0,
          -0.00012191578847949808,
          -19.94400611462318,
          0.0,
          0.0,
          1.0
        ],
        "core_bbox_pixels": {
          "x0": 6000,
          "y0": 8000,
          "x1": 8000,
          "y1": 10000
        },
        "processing_bbox_pixels": {
          "x0": 5840,
          "y0": 7840,
          "x1": 8160,
          "y1": 10160
        },
        "core_bounds_lonlat": {
          "west": -40.52911675515935,
          "south": -20.302904200490207,
          "east": -40.29552274414155,
          "north": -20.080923134281434
        },
        "processing_bounds_lonlat": {
          "west": -40.547888593649006,
          "south": -20.320738899262103,
          "east": -40.27637986468624,
          "north": -20.063217451196792
        },
        "halo_pixels": 160,
        "valid_bbox_fraction": 1.0,
        "artifact_aspect_ratio": 1.5,
        "land_mask_info": {
          "enabled": true,
          "applied": true,
          "status": "ok",
          "stage": "cfar_water_mask",
          "resampled_shape": [
            773,
            773
          ],
          "sample_shape": [
            128,
            128
          ],
          "sample_max_dim": 128,
          "available": true,
          "method": "natural_earth_land_point_mask",
          "bounds_lonlat": {
            "west": -40.52911675515935,
            "south": -20.302904200490207,
            "east": -40.29552274414155,
            "north": -20.080923134281434
          },
          "mask_path": "/content/sismom_colab_work_v2/sources/api/copernicus_meta_1-main/copernicus-platform/frontend/public/shapes/ne_10m_land/ne_10m_land.shp",
          "land_buffer_degrees": 0.0,
          "valid_geolocation_points": 16384,
          "land_points": 15334,
          "water_points": 1050,
          "land_fraction": 0.9359130859375,
          "water_fraction": 0.0640869140625,
          "valid_pixels_before_land_mask": 597529,
          "valid_pixels_after_land_mask": 38074,
          "pixels_masked_by_land": 559455,
          "valid_water_fraction": 0.06371908309052782,
          "land_skip_threshold": 0.99,
          "min_water_fraction": 0.01,
          "skip_land_tiles": true,
          "skipped": false,
          "reason": "water_candidate",
          "message": "CFAR restrito aos pixels de água."
        },
        "land_fraction": 0.9359130859375,
        "water_fraction": 0.0640869140625,
        "valid_water_fraction": 0.06371908309052782,
        "land_mask_method": "natural_earth_land_point_mask",
        "wave_age": null,
        "wave_age_class": null,
        "wave_age_factor": 1.35,
        "wave_age_status": "fallback",
        "era5_time": null,
        "era5_lon": null,
        "era5_lat": null,
        "u10": null,
        "peak_wave_period": null,
        "friction_velocity": null,
        "phase_speed": null,
        "patch_label": "P056",
        "id": 45,
        "source": "cfar",
        "detection_method": "cfar",
        "target_id": "T0045",
        "methods": [
          "cfar"
        ],
        "fusion_status": "cfar_only",
        "cfar_id": 29,
        "cfar_ids": [
          29
        ],
        "cfar_fragment_count": 1,
        "yolo_id": null
      }
    },
    {
      "type": "Feature",
      "geometry": {
        "type": "Polygon",
        "coordinates": [
          [
            [
              -40.27088010104923,
              -20.33223134347337
            ],
            [
              -40.271168852368646,
              -20.33216463141269
            ],
            [
              -40.27123638257753,
              -20.33243211875981
            ],
            [
              -40.270947634947774,
              -20.33249882998451
            ],
            [
              -40.27088010104923,
              -20.33223134347337
            ]
          ]
        ]
      },
      "properties": {
        "lat": -20.33243211875981,
        "lon": -40.27123638257753,
        "area_px": 3,
        "min_sigma0_dB": -4.769999980926514,
        "mean_sigma0_dB": -4.159999847412109,
        "max_sigma0_dB": -3.009999990463257,
        "threshold_cfar_dB": -5.14,
        "pixel_coords": {
          "row": 306,
          "col": 1422,
          "row_resampled": 102,
          "col_resampled": 474
        },
        "bbox_pixel_coords": {
          "row_min": 303,
          "row_max": 306,
          "col_min": 1419,
          "col_max": 1422
        },
        "global_pixel_coords": {
          "row": 10146,
          "col": 5262
        },
        "source_product": "S1C_IW_GRDH_1SDV_20260810T081241_20260810T081306_008930_011B7A_D208",
        "source_arquivo_id": null,
        "patch_id": 67,
        "patch_name": "patch_0068_VV",
        "geotiff_name": "patch_0068_VV_sigma0_preproc.tif",
        "polarization": "VV",
        "input_scale": "linear",
        "georef_method": "snap_geolocation_grid",
        "geocoding_method": "geolocation_grid",
        "geolocation_grid_status": null,
        "snap_geolocation_grid_used": null,
        "raster_crs": "EPSG:4326",
        "raster_transform": [
          0.00010840393381716083,
          0.0,
          -41.895807142484465,
          0.0,
          -0.00012191578847949808,
          -20.187837691582175,
          0.0,
          0.0,
          1.0
        ],
        "core_bbox_pixels": {
          "x0": 4000,
          "y0": 10000,
          "x1": 6000,
          "y1": 12000
        },
        "processing_bbox_pixels": {
          "x0": 3840,
          "y0": 9840,
          "x1": 6160,
          "y1": 12160
        },
        "core_bounds_lonlat": {
          "west": -40.38336288736142,
          "south": -20.52483668443298,
          "east": -40.14987550258101,
          "north": -20.303015682126635
        },
        "processing_bounds_lonlat": {
          "west": -40.40219382895642,
          "south": -20.54253588609984,
          "east": -40.131372880068135,
          "north": -20.28517625724242
        },
        "halo_pixels": 160,
        "valid_bbox_fraction": 1.0,
        "artifact_aspect_ratio": 1.0,
        "land_mask_info": {
          "enabled": true,
          "applied": true,
          "status": "ok",
          "stage": "cfar_water_mask",
          "resampled_shape": [
            773,
            773
          ],
          "sample_shape": [
            128,
            128
          ],
          "sample_max_dim": 128,
          "available": true,
          "method": "natural_earth_land_point_mask",
          "bounds_lonlat": {
            "west": -40.38336288736142,
            "south": -20.52483668443298,
            "east": -40.14987550258101,
            "north": -20.303015682126635
          },
          "mask_path": "/content/sismom_colab_work_v2/sources/api/copernicus_meta_1-main/copernicus-platform/frontend/public/shapes/ne_10m_land/ne_10m_land.shp",
          "land_buffer_degrees": 0.0,
          "valid_geolocation_points": 16384,
          "land_points": 4454,
          "water_points": 11930,
          "land_fraction": 0.2718505859375,
          "water_fraction": 0.7281494140625,
          "valid_pixels_before_land_mask": 597529,
          "valid_pixels_after_land_mask": 435567,
          "pixels_masked_by_land": 161962,
          "valid_water_fraction": 0.728947046921572,
          "land_skip_threshold": 0.99,
          "min_water_fraction": 0.01,
          "skip_land_tiles": true,
          "skipped": false,
          "reason": "water_candidate",
          "message": "CFAR restrito aos pixels de água."
        },
        "land_fraction": 0.2718505859375,
        "water_fraction": 0.7281494140625,
        "valid_water_fraction": 0.728947046921572,
        "land_mask_method": "natural_earth_land_point_mask",
        "wave_age": null,
        "wave_age_class": null,
        "wave_age_factor": 1.35,
        "wave_age_status": "fallback",
        "era5_time": null,
        "era5_lon": null,
        "era5_lat": null,
        "u10": null,
        "peak_wave_period": null,
        "friction_velocity": null,
        "phase_speed": null,
        "patch_label": "P068",
        "id": 46,
        "source": "cfar",
        "detection_method": "cfar",
        "target_id": "T0046",
        "methods": [
          "cfar"
        ],
        "fusion_status": "cfar_only",
        "cfar_id": 32,
        "cfar_ids": [
          32
        ],
        "cfar_fragment_count": 1,
        "yolo_id": null
      }
    },
    {
      "type": "Feature",
      "geometry": {
        "type": "Polygon",
        "coordinates": [
          [
            [
              -40.27050522224402,
              -20.333167222112223
            ],
            [
              -40.270793962494444,
              -20.333100512559504
            ],
            [
              -40.27086150008266,
              -20.33336799823465
            ],
            [
              -40.27057276352189,
              -20.333434706951387
            ],
            [
              -40.27050522224402,
              -20.333167222112223
            ]
          ]
        ]
      },
      "properties": {
        "lat": -20.333100512559504,
        "lon": -40.270793962494444,
        "area_px": 3,
        "min_sigma0_dB": -5.0,
        "mean_sigma0_dB": -3.9800000190734863,
        "max_sigma0_dB": -3.240000009536743,
        "threshold_cfar_dB": -5.3,
        "pixel_coords": {
          "row": 312,
          "col": 1416,
          "row_resampled": 104,
          "col_resampled": 472
        },
        "bbox_pixel_coords": {
          "row_min": 312,
          "row_max": 315,
          "col_min": 1413,
          "col_max": 1416
        },
        "global_pixel_coords": {
          "row": 10152,
          "col": 5256
        },
        "source_product": "S1C_IW_GRDH_1SDV_20260810T081241_20260810T081306_008930_011B7A_D208",
        "source_arquivo_id": null,
        "patch_id": 67,
        "patch_name": "patch_0068_VV",
        "geotiff_name": "patch_0068_VV_sigma0_preproc.tif",
        "polarization": "VV",
        "input_scale": "linear",
        "georef_method": "snap_geolocation_grid",
        "geocoding_method": "geolocation_grid",
        "geolocation_grid_status": null,
        "snap_geolocation_grid_used": null,
        "raster_crs": "EPSG:4326",
        "raster_transform": [
          0.00010840393381716083,
          0.0,
          -41.895807142484465,
          0.0,
          -0.00012191578847949808,
          -20.187837691582175,
          0.0,
          0.0,
          1.0
        ],
        "core_bbox_pixels": {
          "x0": 4000,
          "y0": 10000,
          "x1": 6000,
          "y1": 12000
        },
        "processing_bbox_pixels": {
          "x0": 3840,
          "y0": 9840,
          "x1": 6160,
          "y1": 12160
        },
        "core_bounds_lonlat": {
          "west": -40.38336288736142,
          "south": -20.52483668443298,
          "east": -40.14987550258101,
          "north": -20.303015682126635
        },
        "processing_bounds_lonlat": {
          "west": -40.40219382895642,
          "south": -20.54253588609984,
          "east": -40.131372880068135,
          "north": -20.28517625724242
        },
        "halo_pixels": 160,
        "valid_bbox_fraction": 1.0,
        "artifact_aspect_ratio": 1.0,
        "land_mask_info": {
          "enabled": true,
          "applied": true,
          "status": "ok",
          "stage": "cfar_water_mask",
          "resampled_shape": [
            773,
            773
          ],
          "sample_shape": [
            128,
            128
          ],
          "sample_max_dim": 128,
          "available": true,
          "method": "natural_earth_land_point_mask",
          "bounds_lonlat": {
            "west": -40.38336288736142,
            "south": -20.52483668443298,
            "east": -40.14987550258101,
            "north": -20.303015682126635
          },
          "mask_path": "/content/sismom_colab_work_v2/sources/api/copernicus_meta_1-main/copernicus-platform/frontend/public/shapes/ne_10m_land/ne_10m_land.shp",
          "land_buffer_degrees": 0.0,
          "valid_geolocation_points": 16384,
          "land_points": 4454,
          "water_points": 11930,
          "land_fraction": 0.2718505859375,
          "water_fraction": 0.7281494140625,
          "valid_pixels_before_land_mask": 597529,
          "valid_pixels_after_land_mask": 435567,
          "pixels_masked_by_land": 161962,
          "valid_water_fraction": 0.728947046921572,
          "land_skip_threshold": 0.99,
          "min_water_fraction": 0.01,
          "skip_land_tiles": true,
          "skipped": false,
          "reason": "water_candidate",
          "message": "CFAR restrito aos pixels de água."
        },
        "land_fraction": 0.2718505859375,
        "water_fraction": 0.7281494140625,
        "valid_water_fraction": 0.728947046921572,
        "land_mask_method": "natural_earth_land_point_mask",
        "wave_age": null,
        "wave_age_class": null,
        "wave_age_factor": 1.35,
        "wave_age_status": "fallback",
        "era5_time": null,
        "era5_lon": null,
        "era5_lat": null,
        "u10": null,
        "peak_wave_period": null,
        "friction_velocity": null,
        "phase_speed": null,
        "patch_label": "P068",
        "id": 47,
        "source": "cfar",
        "detection_method": "cfar",
        "target_id": "T0047",
        "methods": [
          "cfar"
        ],
        "fusion_status": "cfar_only",
        "cfar_id": 33,
        "cfar_ids": [
          33
        ],
        "cfar_fragment_count": 1,
        "yolo_id": null
      }
    },
    {
      "type": "Feature",
      "geometry": {
        "type": "Polygon",
        "coordinates": [
          [
            [
              -40.24984708424435,
              -20.350672546868296
            ],
            [
              -40.25096467945705,
              -20.350415283463022
            ],
            [
              -40.25137109018424,
              -20.35201993253923
            ],
            [
              -40.25025348464735,
              -20.352277198884877
            ],
            [
              -40.24984708424435,
              -20.350672546868296
            ]
          ]
        ]
      },
      "properties": {
        "lat": -20.351346240438854,
        "lon": -40.25060908463325,
        "area_px": 13,
        "min_sigma0_dB": -8.579999923706055,
        "mean_sigma0_dB": -6.130000114440918,
        "max_sigma0_dB": -1.590000033378601,
        "threshold_cfar_dB": -8.75,
        "pixel_coords": {
          "row": 456,
          "col": 1170,
          "row_resampled": 152,
          "col_resampled": 390
        },
        "bbox_pixel_coords": {
          "row_min": 447,
          "row_max": 465,
          "col_min": 1164,
          "col_max": 1176
        },
        "global_pixel_coords": {
          "row": 10296,
          "col": 5010
        },
        "source_product": "S1C_IW_GRDH_1SDV_20260810T081241_20260810T081306_008930_011B7A_D208",
        "source_arquivo_id": null,
        "patch_id": 67,
        "patch_name": "patch_0068_VV",
        "geotiff_name": "patch_0068_VV_sigma0_preproc.tif",
        "polarization": "VV",
        "input_scale": "linear",
        "georef_method": "snap_geolocation_grid",
        "geocoding_method": "geolocation_grid",
        "geolocation_grid_status": null,
        "snap_geolocation_grid_used": null,
        "raster_crs": "EPSG:4326",
        "raster_transform": [
          0.00010840393381716083,
          0.0,
          -41.895807142484465,
          0.0,
          -0.00012191578847949808,
          -20.187837691582175,
          0.0,
          0.0,
          1.0
        ],
        "core_bbox_pixels": {
          "x0": 4000,
          "y0": 10000,
          "x1": 6000,
          "y1": 12000
        },
        "processing_bbox_pixels": {
          "x0": 3840,
          "y0": 9840,
          "x1": 6160,
          "y1": 12160
        },
        "core_bounds_lonlat": {
          "west": -40.38336288736142,
          "south": -20.52483668443298,
          "east": -40.14987550258101,
          "north": -20.303015682126635
        },
        "processing_bounds_lonlat": {
          "west": -40.40219382895642,
          "south": -20.54253588609984,
          "east": -40.131372880068135,
          "north": -20.28517625724242
        },
        "halo_pixels": 160,
        "valid_bbox_fraction": 1.0,
        "artifact_aspect_ratio": 1.4,
        "land_mask_info": {
          "enabled": true,
          "applied": true,
          "status": "ok",
          "stage": "cfar_water_mask",
          "resampled_shape": [
            773,
            773
          ],
          "sample_shape": [
            128,
            128
          ],
          "sample_max_dim": 128,
          "available": true,
          "method": "natural_earth_land_point_mask",
          "bounds_lonlat": {
            "west": -40.38336288736142,
            "south": -20.52483668443298,
            "east": -40.14987550258101,
            "north": -20.303015682126635
          },
          "mask_path": "/content/sismom_colab_work_v2/sources/api/copernicus_meta_1-main/copernicus-platform/frontend/public/shapes/ne_10m_land/ne_10m_land.shp",
          "land_buffer_degrees": 0.0,
          "valid_geolocation_points": 16384,
          "land_points": 4454,
          "water_points": 11930,
          "land_fraction": 0.2718505859375,
          "water_fraction": 0.7281494140625,
          "valid_pixels_before_land_mask": 597529,
          "valid_pixels_after_land_mask": 435567,
          "pixels_masked_by_land": 161962,
          "valid_water_fraction": 0.728947046921572,
          "land_skip_threshold": 0.99,
          "min_water_fraction": 0.01,
          "skip_land_tiles": true,
          "skipped": false,
          "reason": "water_candidate",
          "message": "CFAR restrito aos pixels de água."
        },
        "land_fraction": 0.2718505859375,
        "water_fraction": 0.7281494140625,
        "valid_water_fraction": 0.728947046921572,
        "land_mask_method": "natural_earth_land_point_mask",
        "wave_age": null,
        "wave_age_class": null,
        "wave_age_factor": 1.35,
        "wave_age_status": "fallback",
        "era5_time": null,
        "era5_lon": null,
        "era5_lat": null,
        "u10": null,
        "peak_wave_period": null,
        "friction_velocity": null,
        "phase_speed": null,
        "patch_label": "P068",
        "id": 48,
        "source": "cfar",
        "detection_method": "cfar",
        "target_id": "T0048",
        "methods": [
          "cfar"
        ],
        "fusion_status": "cfar_only",
        "cfar_id": 38,
        "cfar_ids": [
          38
        ],
        "cfar_fragment_count": 1,
        "yolo_id": null
      }
    },
    {
      "type": "Feature",
      "geometry": {
        "type": "Polygon",
        "coordinates": [
          [
            [
              -40.2524125035721,
              -20.352629306215466
            ],
            [
              -40.25269190624685,
              -20.35256498926151
            ],
            [
              -40.25282737993065,
              -20.35309987130679
            ],
            [
              -40.252547976395554,
              -20.35316418850578
            ],
            [
              -40.2524125035721,
              -20.352629306215466
            ]
          ]
        ]
      },
      "properties": {
        "lat": -20.352832430284153,
        "lon": -40.25275964308875,
        "area_px": 4,
        "min_sigma0_dB": -8.539999961853027,
        "mean_sigma0_dB": -4.25,
        "max_sigma0_dB": -1.9700000286102295,
        "threshold_cfar_dB": -8.8,
        "pixel_coords": {
          "row": 477,
          "col": 1188,
          "row_resampled": 159,
          "col_resampled": 396
        },
        "bbox_pixel_coords": {
          "row_min": 474,
          "row_max": 480,
          "col_min": 1185,
          "col_max": 1188
        },
        "global_pixel_coords": {
          "row": 10317,
          "col": 5028
        },
        "source_product": "S1C_IW_GRDH_1SDV_20260810T081241_20260810T081306_008930_011B7A_D208",
        "source_arquivo_id": null,
        "patch_id": 67,
        "patch_name": "patch_0068_VV",
        "geotiff_name": "patch_0068_VV_sigma0_preproc.tif",
        "polarization": "VV",
        "input_scale": "linear",
        "georef_method": "snap_geolocation_grid",
        "geocoding_method": "geolocation_grid",
        "geolocation_grid_status": null,
        "snap_geolocation_grid_used": null,
        "raster_crs": "EPSG:4326",
        "raster_transform": [
          0.00010840393381716083,
          0.0,
          -41.895807142484465,
          0.0,
          -0.00012191578847949808,
          -20.187837691582175,
          0.0,
          0.0,
          1.0
        ],
        "core_bbox_pixels": {
          "x0": 4000,
          "y0": 10000,
          "x1": 6000,
          "y1": 12000
        },
        "processing_bbox_pixels": {
          "x0": 3840,
          "y0": 9840,
          "x1": 6160,
          "y1": 12160
        },
        "core_bounds_lonlat": {
          "west": -40.38336288736142,
          "south": -20.52483668443298,
          "east": -40.14987550258101,
          "north": -20.303015682126635
        },
        "processing_bounds_lonlat": {
          "west": -40.40219382895642,
          "south": -20.54253588609984,
          "east": -40.131372880068135,
          "north": -20.28517625724242
        },
        "halo_pixels": 160,
        "valid_bbox_fraction": 1.0,
        "artifact_aspect_ratio": 1.5,
        "land_mask_info": {
          "enabled": true,
          "applied": true,
          "status": "ok",
          "stage": "cfar_water_mask",
          "resampled_shape": [
            773,
            773
          ],
          "sample_shape": [
            128,
            128
          ],
          "sample_max_dim": 128,
          "available": true,
          "method": "natural_earth_land_point_mask",
          "bounds_lonlat": {
            "west": -40.38336288736142,
            "south": -20.52483668443298,
            "east": -40.14987550258101,
            "north": -20.303015682126635
          },
          "mask_path": "/content/sismom_colab_work_v2/sources/api/copernicus_meta_1-main/copernicus-platform/frontend/public/shapes/ne_10m_land/ne_10m_land.shp",
          "land_buffer_degrees": 0.0,
          "valid_geolocation_points": 16384,
          "land_points": 4454,
          "water_points": 11930,
          "land_fraction": 0.2718505859375,
          "water_fraction": 0.7281494140625,
          "valid_pixels_before_land_mask": 597529,
          "valid_pixels_after_land_mask": 435567,
          "pixels_masked_by_land": 161962,
          "valid_water_fraction": 0.728947046921572,
          "land_skip_threshold": 0.99,
          "min_water_fraction": 0.01,
          "skip_land_tiles": true,
          "skipped": false,
          "reason": "water_candidate",
          "message": "CFAR restrito aos pixels de água."
        },
        "land_fraction": 0.2718505859375,
        "water_fraction": 0.7281494140625,
        "valid_water_fraction": 0.728947046921572,
        "land_mask_method": "natural_earth_land_point_mask",
        "wave_age": null,
        "wave_age_class": null,
        "wave_age_factor": 1.35,
        "wave_age_status": "fallback",
        "era5_time": null,
        "era5_lon": null,
        "era5_lat": null,
        "u10": null,
        "peak_wave_period": null,
        "friction_velocity": null,
        "phase_speed": null,
        "patch_label": "P068",
        "id": 49,
        "source": "cfar",
        "detection_method": "cfar",
        "target_id": "T0049",
        "methods": [
          "cfar"
        ],
        "fusion_status": "cfar_only",
        "cfar_id": 40,
        "cfar_ids": [
          40
        ],
        "cfar_fragment_count": 1,
        "yolo_id": null
      }
    },
    {
      "type": "Feature",
      "geometry": {
        "type": "Polygon",
        "coordinates": [
          [
            [
              -40.2950987814618,
              -20.379856611760626
            ],
            [
              -40.29769130114424,
              -20.37925761770423
            ],
            [
              -40.29816277286935,
              -20.381130310025668
            ],
            [
              -40.29557048563581,
              -20.38172925141489
            ],
            [
              -40.2950987814618,
              -20.379856611760626
            ]
          ]
        ]
      },
      "properties": {
        "lat": -20.38032640967648,
        "lon": -40.29674117376101,
        "area_px": 35,
        "min_sigma0_dB": -9.770000457763672,
        "mean_sigma0_dB": -7.309999942779541,
        "max_sigma0_dB": -4.039999961853027,
        "threshold_cfar_dB": -10.04,
        "pixel_coords": {
          "row": 876,
          "col": 1554,
          "row_resampled": 292,
          "col_resampled": 518
        },
        "bbox_pixel_coords": {
          "row_min": 867,
          "row_max": 888,
          "col_min": 1539,
          "col_max": 1566
        },
        "global_pixel_coords": {
          "row": 10716,
          "col": 5394
        },
        "source_product": "S1C_IW_GRDH_1SDV_20260810T081241_20260810T081306_008930_011B7A_D208",
        "source_arquivo_id": null,
        "patch_id": 67,
        "patch_name": "patch_0068_VV",
        "geotiff_name": "patch_0068_VV_sigma0_preproc.tif",
        "polarization": "VV",
        "input_scale": "linear",
        "georef_method": "snap_geolocation_grid",
        "geocoding_method": "geolocation_grid",
        "geolocation_grid_status": null,
        "snap_geolocation_grid_used": null,
        "raster_crs": "EPSG:4326",
        "raster_transform": [
          0.00010840393381716083,
          0.0,
          -41.895807142484465,
          0.0,
          -0.00012191578847949808,
          -20.187837691582175,
          0.0,
          0.0,
          1.0
        ],
        "core_bbox_pixels": {
          "x0": 4000,
          "y0": 10000,
          "x1": 6000,
          "y1": 12000
        },
        "processing_bbox_pixels": {
          "x0": 3840,
          "y0": 9840,
          "x1": 6160,
          "y1": 12160
        },
        "core_bounds_lonlat": {
          "west": -40.38336288736142,
          "south": -20.52483668443298,
          "east": -40.14987550258101,
          "north": -20.303015682126635
        },
        "processing_bounds_lonlat": {
          "west": -40.40219382895642,
          "south": -20.54253588609984,
          "east": -40.131372880068135,
          "north": -20.28517625724242
        },
        "halo_pixels": 160,
        "valid_bbox_fraction": 1.0,
        "artifact_aspect_ratio": 1.25,
        "land_mask_info": {
          "enabled": true,
          "applied": true,
          "status": "ok",
          "stage": "cfar_water_mask",
          "resampled_shape": [
            773,
            773
          ],
          "sample_shape": [
            128,
            128
          ],
          "sample_max_dim": 128,
          "available": true,
          "method": "natural_earth_land_point_mask",
          "bounds_lonlat": {
            "west": -40.38336288736142,
            "south": -20.52483668443298,
            "east": -40.14987550258101,
            "north": -20.303015682126635
          },
          "mask_path": "/content/sismom_colab_work_v2/sources/api/copernicus_meta_1-main/copernicus-platform/frontend/public/shapes/ne_10m_land/ne_10m_land.shp",
          "land_buffer_degrees": 0.0,
          "valid_geolocation_points": 16384,
          "land_points": 4454,
          "water_points": 11930,
          "land_fraction": 0.2718505859375,
          "water_fraction": 0.7281494140625,
          "valid_pixels_before_land_mask": 597529,
          "valid_pixels_after_land_mask": 435567,
          "pixels_masked_by_land": 161962,
          "valid_water_fraction": 0.728947046921572,
          "land_skip_threshold": 0.99,
          "min_water_fraction": 0.01,
          "skip_land_tiles": true,
          "skipped": false,
          "reason": "water_candidate",
          "message": "CFAR restrito aos pixels de água."
        },
        "land_fraction": 0.2718505859375,
        "water_fraction": 0.7281494140625,
        "valid_water_fraction": 0.728947046921572,
        "land_mask_method": "natural_earth_land_point_mask",
        "wave_age": null,
        "wave_age_class": null,
        "wave_age_factor": 1.35,
        "wave_age_status": "fallback",
        "era5_time": null,
        "era5_lon": null,
        "era5_lat": null,
        "u10": null,
        "peak_wave_period": null,
        "friction_velocity": null,
        "phase_speed": null,
        "patch_label": "P068",
        "id": 50,
        "source": "cfar",
        "detection_method": "cfar",
        "target_id": "T0050",
        "methods": [
          "cfar"
        ],
        "fusion_status": "cfar_only",
        "cfar_id": 49,
        "cfar_ids": [
          49
        ],
        "cfar_fragment_count": 1,
        "yolo_id": null
      }
    },
    {
      "type": "Feature",
      "geometry": {
        "type": "Polygon",
        "coordinates": [
          [
            [
              -40.2977214300055,
              -20.381798459717196
            ],
            [
              -40.29829747907651,
              -20.38166536497465
            ],
            [
              -40.29836483217991,
              -20.38193289244914
            ],
            [
              -40.29778879048822,
              -20.38206598551971
            ],
            [
              -40.2977214300055,
              -20.381798459717196
            ]
          ]
        ]
      },
      "properties": {
        "lat": -20.38173191234592,
        "lon": -40.298009454541,
        "area_px": 3,
        "min_sigma0_dB": -9.850000381469727,
        "mean_sigma0_dB": -9.0,
        "max_sigma0_dB": -8.130000114440918,
        "threshold_cfar_dB": -10.14,
        "pixel_coords": {
          "row": 894,
          "col": 1563,
          "row_resampled": 298,
          "col_resampled": 521
        },
        "bbox_pixel_coords": {
          "row_min": 894,
          "row_max": 897,
          "col_min": 1560,
          "col_max": 1566
        },
        "global_pixel_coords": {
          "row": 10734,
          "col": 5403
        },
        "source_product": "S1C_IW_GRDH_1SDV_20260810T081241_20260810T081306_008930_011B7A_D208",
        "source_arquivo_id": null,
        "patch_id": 67,
        "patch_name": "patch_0068_VV",
        "geotiff_name": "patch_0068_VV_sigma0_preproc.tif",
        "polarization": "VV",
        "input_scale": "linear",
        "georef_method": "snap_geolocation_grid",
        "geocoding_method": "geolocation_grid",
        "geolocation_grid_status": null,
        "snap_geolocation_grid_used": null,
        "raster_crs": "EPSG:4326",
        "raster_transform": [
          0.00010840393381716083,
          0.0,
          -41.895807142484465,
          0.0,
          -0.00012191578847949808,
          -20.187837691582175,
          0.0,
          0.0,
          1.0
        ],
        "core_bbox_pixels": {
          "x0": 4000,
          "y0": 10000,
          "x1": 6000,
          "y1": 12000
        },
        "processing_bbox_pixels": {
          "x0": 3840,
          "y0": 9840,
          "x1": 6160,
          "y1": 12160
        },
        "core_bounds_lonlat": {
          "west": -40.38336288736142,
          "south": -20.52483668443298,
          "east": -40.14987550258101,
          "north": -20.303015682126635
        },
        "processing_bounds_lonlat": {
          "west": -40.40219382895642,
          "south": -20.54253588609984,
          "east": -40.131372880068135,
          "north": -20.28517625724242
        },
        "halo_pixels": 160,
        "valid_bbox_fraction": 1.0,
        "artifact_aspect_ratio": 1.5,
        "land_mask_info": {
          "enabled": true,
          "applied": true,
          "status": "ok",
          "stage": "cfar_water_mask",
          "resampled_shape": [
            773,
            773
          ],
          "sample_shape": [
            128,
            128
          ],
          "sample_max_dim": 128,
          "available": true,
          "method": "natural_earth_land_point_mask",
          "bounds_lonlat": {
            "west": -40.38336288736142,
            "south": -20.52483668443298,
            "east": -40.14987550258101,
            "north": -20.303015682126635
          },
          "mask_path": "/content/sismom_colab_work_v2/sources/api/copernicus_meta_1-main/copernicus-platform/frontend/public/shapes/ne_10m_land/ne_10m_land.shp",
          "land_buffer_degrees": 0.0,
          "valid_geolocation_points": 16384,
          "land_points": 4454,
          "water_points": 11930,
          "land_fraction": 0.2718505859375,
          "water_fraction": 0.7281494140625,
          "valid_pixels_before_land_mask": 597529,
          "valid_pixels_after_land_mask": 435567,
          "pixels_masked_by_land": 161962,
          "valid_water_fraction": 0.728947046921572,
          "land_skip_threshold": 0.99,
          "min_water_fraction": 0.01,
          "skip_land_tiles": true,
          "skipped": false,
          "reason": "water_candidate",
          "message": "CFAR restrito aos pixels de água."
        },
        "land_fraction": 0.2718505859375,
        "water_fraction": 0.7281494140625,
        "valid_water_fraction": 0.728947046921572,
        "land_mask_method": "natural_earth_land_point_mask",
        "wave_age": null,
        "wave_age_class": null,
        "wave_age_factor": 1.35,
        "wave_age_status": "fallback",
        "era5_time": null,
        "era5_lon": null,
        "era5_lat": null,
        "u10": null,
        "peak_wave_period": null,
        "friction_velocity": null,
        "phase_speed": null,
        "patch_label": "P068",
        "id": 51,
        "source": "cfar",
        "detection_method": "cfar",
        "target_id": "T0051",
        "methods": [
          "cfar"
        ],
        "fusion_status": "cfar_only",
        "cfar_id": 50,
        "cfar_ids": [
          50
        ],
        "cfar_fragment_count": 1,
        "yolo_id": null
      }
    },
    {
      "type": "Feature",
      "geometry": {
        "type": "Polygon",
        "coordinates": [
          [
            [
              -40.31171547956693,
              -20.420462347456674
            ],
            [
              -40.31257791505154,
              -20.420263076521014
            ],
            [
              -40.312779848792395,
              -20.421065691610075
            ],
            [
              -40.31191744643386,
              -20.421264955034435
            ],
            [
              -40.31171547956693,
              -20.420462347456674
            ]
          ]
        ]
      },
      "properties": {
        "lat": -20.420864578522846,
        "lon": -40.31242503944142,
        "area_px": 7,
        "min_sigma0_dB": -7.909999847412109,
        "mean_sigma0_dB": -6.130000114440918,
        "max_sigma0_dB": -4.460000038146973,
        "threshold_cfar_dB": -8.22,
        "pixel_coords": {
          "row": 1344,
          "col": 1608,
          "row_resampled": 448,
          "col_resampled": 536
        },
        "bbox_pixel_coords": {
          "row_min": 1338,
          "row_max": 1347,
          "col_min": 1602,
          "col_max": 1611
        },
        "global_pixel_coords": {
          "row": 11184,
          "col": 5448
        },
        "source_product": "S1C_IW_GRDH_1SDV_20260810T081241_20260810T081306_008930_011B7A_D208",
        "source_arquivo_id": null,
        "patch_id": 67,
        "patch_name": "patch_0068_VV",
        "geotiff_name": "patch_0068_VV_sigma0_preproc.tif",
        "polarization": "VV",
        "input_scale": "linear",
        "georef_method": "snap_geolocation_grid",
        "geocoding_method": "geolocation_grid",
        "geolocation_grid_status": null,
        "snap_geolocation_grid_used": null,
        "raster_crs": "EPSG:4326",
        "raster_transform": [
          0.00010840393381716083,
          0.0,
          -41.895807142484465,
          0.0,
          -0.00012191578847949808,
          -20.187837691582175,
          0.0,
          0.0,
          1.0
        ],
        "core_bbox_pixels": {
          "x0": 4000,
          "y0": 10000,
          "x1": 6000,
          "y1": 12000
        },
        "processing_bbox_pixels": {
          "x0": 3840,
          "y0": 9840,
          "x1": 6160,
          "y1": 12160
        },
        "core_bounds_lonlat": {
          "west": -40.38336288736142,
          "south": -20.52483668443298,
          "east": -40.14987550258101,
          "north": -20.303015682126635
        },
        "processing_bounds_lonlat": {
          "west": -40.40219382895642,
          "south": -20.54253588609984,
          "east": -40.131372880068135,
          "north": -20.28517625724242
        },
        "halo_pixels": 160,
        "valid_bbox_fraction": 1.0,
        "artifact_aspect_ratio": 1.0,
        "land_mask_info": {
          "enabled": true,
          "applied": true,
          "status": "ok",
          "stage": "cfar_water_mask",
          "resampled_shape": [
            773,
            773
          ],
          "sample_shape": [
            128,
            128
          ],
          "sample_max_dim": 128,
          "available": true,
          "method": "natural_earth_land_point_mask",
          "bounds_lonlat": {
            "west": -40.38336288736142,
            "south": -20.52483668443298,
            "east": -40.14987550258101,
            "north": -20.303015682126635
          },
          "mask_path": "/content/sismom_colab_work_v2/sources/api/copernicus_meta_1-main/copernicus-platform/frontend/public/shapes/ne_10m_land/ne_10m_land.shp",
          "land_buffer_degrees": 0.0,
          "valid_geolocation_points": 16384,
          "land_points": 4454,
          "water_points": 11930,
          "land_fraction": 0.2718505859375,
          "water_fraction": 0.7281494140625,
          "valid_pixels_before_land_mask": 597529,
          "valid_pixels_after_land_mask": 435567,
          "pixels_masked_by_land": 161962,
          "valid_water_fraction": 0.728947046921572,
          "land_skip_threshold": 0.99,
          "min_water_fraction": 0.01,
          "skip_land_tiles": true,
          "skipped": false,
          "reason": "water_candidate",
          "message": "CFAR restrito aos pixels de água."
        },
        "land_fraction": 0.2718505859375,
        "water_fraction": 0.7281494140625,
        "valid_water_fraction": 0.728947046921572,
        "land_mask_method": "natural_earth_land_point_mask",
        "wave_age": null,
        "wave_age_class": null,
        "wave_age_factor": 1.35,
        "wave_age_status": "fallback",
        "era5_time": null,
        "era5_lon": null,
        "era5_lat": null,
        "u10": null,
        "peak_wave_period": null,
        "friction_velocity": null,
        "phase_speed": null,
        "patch_label": "P068",
        "id": 52,
        "source": "cfar",
        "detection_method": "cfar",
        "target_id": "T0052",
        "methods": [
          "cfar"
        ],
        "fusion_status": "cfar_only",
        "cfar_id": 51,
        "cfar_ids": [
          51
        ],
        "cfar_fragment_count": 1,
        "yolo_id": null
      }
    },
    {
      "type": "Feature",
      "geometry": {
        "type": "Polygon",
        "coordinates": [
          [
            [
              -40.33574161596804,
              -20.45312971796966
            ],
            [
              -40.33574161596804,
              -20.45312971796966
            ],
            [
              -40.33587613719838,
              -20.453664844467344
            ],
            [
              -40.33587613719838,
              -20.453664844467344
            ],
            [
              -40.33574161596804,
              -20.45312971796966
            ]
          ]
        ]
      },
      "properties": {
        "lat": -20.4533972812185,
        "lon": -40.335808876583215,
        "area_px": 3,
        "min_sigma0_dB": -8.5,
        "mean_sigma0_dB": -6.880000114440918,
        "max_sigma0_dB": -6.050000190734863,
        "threshold_cfar_dB": -10.04,
        "pixel_coords": {
          "row": 1746,
          "col": 1758,
          "row_resampled": 582,
          "col_resampled": 586
        },
        "bbox_pixel_coords": {
          "row_min": 1743,
          "row_max": 1749,
          "col_min": 1758,
          "col_max": 1758
        },
        "global_pixel_coords": {
          "row": 11586,
          "col": 5598
        },
        "source_product": "S1C_IW_GRDH_1SDV_20260810T081241_20260810T081306_008930_011B7A_D208",
        "source_arquivo_id": null,
        "patch_id": 67,
        "patch_name": "patch_0068_VV",
        "geotiff_name": "patch_0068_VV_sigma0_preproc.tif",
        "polarization": "VV",
        "input_scale": "linear",
        "georef_method": "snap_geolocation_grid",
        "geocoding_method": "geolocation_grid",
        "geolocation_grid_status": null,
        "snap_geolocation_grid_used": null,
        "raster_crs": "EPSG:4326",
        "raster_transform": [
          0.00010840393381716083,
          0.0,
          -41.895807142484465,
          0.0,
          -0.00012191578847949808,
          -20.187837691582175,
          0.0,
          0.0,
          1.0
        ],
        "core_bbox_pixels": {
          "x0": 4000,
          "y0": 10000,
          "x1": 6000,
          "y1": 12000
        },
        "processing_bbox_pixels": {
          "x0": 3840,
          "y0": 9840,
          "x1": 6160,
          "y1": 12160
        },
        "core_bounds_lonlat": {
          "west": -40.38336288736142,
          "south": -20.52483668443298,
          "east": -40.14987550258101,
          "north": -20.303015682126635
        },
        "processing_bounds_lonlat": {
          "west": -40.40219382895642,
          "south": -20.54253588609984,
          "east": -40.131372880068135,
          "north": -20.28517625724242
        },
        "halo_pixels": 160,
        "valid_bbox_fraction": 1.0,
        "artifact_aspect_ratio": 3.0,
        "land_mask_info": {
          "enabled": true,
          "applied": true,
          "status": "ok",
          "stage": "cfar_water_mask",
          "resampled_shape": [
            773,
            773
          ],
          "sample_shape": [
            128,
            128
          ],
          "sample_max_dim": 128,
          "available": true,
          "method": "natural_earth_land_point_mask",
          "bounds_lonlat": {
            "west": -40.38336288736142,
            "south": -20.52483668443298,
            "east": -40.14987550258101,
            "north": -20.303015682126635
          },
          "mask_path": "/content/sismom_colab_work_v2/sources/api/copernicus_meta_1-main/copernicus-platform/frontend/public/shapes/ne_10m_land/ne_10m_land.shp",
          "land_buffer_degrees": 0.0,
          "valid_geolocation_points": 16384,
          "land_points": 4454,
          "water_points": 11930,
          "land_fraction": 0.2718505859375,
          "water_fraction": 0.7281494140625,
          "valid_pixels_before_land_mask": 597529,
          "valid_pixels_after_land_mask": 435567,
          "pixels_masked_by_land": 161962,
          "valid_water_fraction": 0.728947046921572,
          "land_skip_threshold": 0.99,
          "min_water_fraction": 0.01,
          "skip_land_tiles": true,
          "skipped": false,
          "reason": "water_candidate",
          "message": "CFAR restrito aos pixels de água."
        },
        "land_fraction": 0.2718505859375,
        "water_fraction": 0.7281494140625,
        "valid_water_fraction": 0.728947046921572,
        "land_mask_method": "natural_earth_land_point_mask",
        "wave_age": null,
        "wave_age_class": null,
        "wave_age_factor": 1.35,
        "wave_age_status": "fallback",
        "era5_time": null,
        "era5_lon": null,
        "era5_lat": null,
        "u10": null,
        "peak_wave_period": null,
        "friction_velocity": null,
        "phase_speed": null,
        "patch_label": "P068",
        "id": 53,
        "source": "cfar",
        "detection_method": "cfar",
        "target_id": "T0053",
        "methods": [
          "cfar"
        ],
        "fusion_status": "cfar_only",
        "cfar_id": 52,
        "cfar_ids": [
          52
        ],
        "cfar_fragment_count": 1,
        "yolo_id": null
      }
    },
    {
      "type": "Feature",
      "geometry": {
        "type": "Polygon",
        "coordinates": [
          [
            [
              -40.3595523337072,
              -20.51774349186715
            ],
            [
              -40.36098283471368,
              -20.517412947053984
            ],
            [
              -40.361452903662205,
              -20.51928606232627
            ],
            [
              -40.36002252855103,
              -20.519616578384376
            ],
            [
              -40.3595523337072,
              -20.51774349186715
            ]
          ]
        ]
      },
      "properties": {
        "lat": -20.51861550999083,
        "lon": -40.36067927391489,
        "area_px": 28,
        "min_sigma0_dB": -8.930000305175781,
        "mean_sigma0_dB": -6.340000152587891,
        "max_sigma0_dB": -2.119999885559082,
        "threshold_cfar_dB": -9.13,
        "pixel_coords": {
          "row": 498,
          "col": 1842,
          "row_resampled": 166,
          "col_resampled": 614
        },
        "bbox_pixel_coords": {
          "row_min": 486,
          "row_max": 507,
          "col_min": 1833,
          "col_max": 1848
        },
        "global_pixel_coords": {
          "row": 12338,
          "col": 5682
        },
        "source_product": "S1C_IW_GRDH_1SDV_20260810T081241_20260810T081306_008930_011B7A_D208",
        "source_arquivo_id": null,
        "patch_id": 80,
        "patch_name": "patch_0081_VV",
        "geotiff_name": "patch_0081_VV_sigma0_preproc.tif",
        "polarization": "VV",
        "input_scale": "linear",
        "georef_method": "snap_geolocation_grid",
        "geocoding_method": "geolocation_grid",
        "geolocation_grid_status": null,
        "snap_geolocation_grid_used": null,
        "raster_crs": "EPSG:4326",
        "raster_transform": [
          0.00010840393381716083,
          0.0,
          -41.895807142484465,
          0.0,
          -0.00012191578847949808,
          -20.43166926854117,
          0.0,
          0.0,
          1.0
        ],
        "core_bbox_pixels": {
          "x0": 4000,
          "y0": 12000,
          "x1": 6000,
          "y1": 14000
        },
        "processing_bbox_pixels": {
          "x0": 3840,
          "y0": 11840,
          "x1": 6160,
          "y1": 14160
        },
        "core_bounds_lonlat": {
          "west": -40.42745732687454,
          "south": -20.703148897802347,
          "east": -40.19496920218373,
          "north": -20.481472511443513
        },
        "processing_bounds_lonlat": {
          "west": -40.445993838206896,
          "south": -20.72085212418322,
          "east": -40.17644430946244,
          "north": -20.463663704866974
        },
        "halo_pixels": 160,
        "valid_bbox_fraction": 1.0,
        "artifact_aspect_ratio": 1.3333,
        "land_mask_info": {
          "enabled": true,
          "applied": true,
          "status": "ok",
          "stage": "cfar_water_mask",
          "resampled_shape": [
            773,
            773
          ],
          "sample_shape": [
            128,
            128
          ],
          "sample_max_dim": 128,
          "available": true,
          "method": "natural_earth_land_point_mask",
          "bounds_lonlat": {
            "west": -40.42745732687454,
            "south": -20.703148897802347,
            "east": -40.19496920218373,
            "north": -20.481472511443513
          },
          "mask_path": "/content/sismom_colab_work_v2/sources/api/copernicus_meta_1-main/copernicus-platform/frontend/public/shapes/ne_10m_land/ne_10m_land.shp",
          "land_buffer_degrees": 0.0,
          "valid_geolocation_points": 16384,
          "land_points": 1882,
          "water_points": 14502,
          "land_fraction": 0.1148681640625,
          "water_fraction": 0.8851318359375,
          "valid_pixels_before_land_mask": 597529,
          "valid_pixels_after_land_mask": 530031,
          "pixels_masked_by_land": 67498,
          "valid_water_fraction": 0.8870381186519818,
          "land_skip_threshold": 0.99,
          "min_water_fraction": 0.01,
          "skip_land_tiles": true,
          "skipped": false,
          "reason": "water_candidate",
          "message": "CFAR restrito aos pixels de água."
        },
        "land_fraction": 0.1148681640625,
        "water_fraction": 0.8851318359375,
        "valid_water_fraction": 0.8870381186519818,
        "land_mask_method": "natural_earth_land_point_mask",
        "wave_age": null,
        "wave_age_class": null,
        "wave_age_factor": 1.35,
        "wave_age_status": "fallback",
        "era5_time": null,
        "era5_lon": null,
        "era5_lat": null,
        "u10": null,
        "peak_wave_period": null,
        "friction_velocity": null,
        "phase_speed": null,
        "patch_label": "P081",
        "id": 54,
        "source": "cfar",
        "detection_method": "cfar",
        "target_id": "T0054",
        "methods": [
          "cfar"
        ],
        "fusion_status": "cfar_only",
        "cfar_id": 53,
        "cfar_ids": [
          53
        ],
        "cfar_fragment_count": 1,
        "yolo_id": null
      }
    },
    {
      "type": "Feature",
      "geometry": {
        "type": "Polygon",
        "coordinates": [
          [
            [
              -40.35781664692922,
              -20.524089760224363
            ],
            [
              -40.35838869625745,
              -20.523957576805174
            ],
            [
              -40.35845589932215,
              -20.52422515319919
            ],
            [
              -40.35788385718796,
              -20.524357334975228
            ],
            [
              -40.35781664692922,
              -20.524089760224363
            ]
          ]
        ]
      },
      "properties": {
        "lat": -20.52429124408721,
        "lon": -40.358169878255055,
        "area_px": 3,
        "min_sigma0_dB": -9.84000015258789,
        "mean_sigma0_dB": -8.350000381469727,
        "max_sigma0_dB": -5.559999942779541,
        "threshold_cfar_dB": -10.48,
        "pixel_coords": {
          "row": 552,
          "col": 1803,
          "row_resampled": 184,
          "col_resampled": 601
        },
        "bbox_pixel_coords": {
          "row_min": 549,
          "row_max": 552,
          "col_min": 1800,
          "col_max": 1806
        },
        "global_pixel_coords": {
          "row": 12392,
          "col": 5643
        },
        "source_product": "S1C_IW_GRDH_1SDV_20260810T081241_20260810T081306_008930_011B7A_D208",
        "source_arquivo_id": null,
        "patch_id": 80,
        "patch_name": "patch_0081_VV",
        "geotiff_name": "patch_0081_VV_sigma0_preproc.tif",
        "polarization": "VV",
        "input_scale": "linear",
        "georef_method": "snap_geolocation_grid",
        "geocoding_method": "geolocation_grid",
        "geolocation_grid_status": null,
        "snap_geolocation_grid_used": null,
        "raster_crs": "EPSG:4326",
        "raster_transform": [
          0.00010840393381716083,
          0.0,
          -41.895807142484465,
          0.0,
          -0.00012191578847949808,
          -20.43166926854117,
          0.0,
          0.0,
          1.0
        ],
        "core_bbox_pixels": {
          "x0": 4000,
          "y0": 12000,
          "x1": 6000,
          "y1": 14000
        },
        "processing_bbox_pixels": {
          "x0": 3840,
          "y0": 11840,
          "x1": 6160,
          "y1": 14160
        },
        "core_bounds_lonlat": {
          "west": -40.42745732687454,
          "south": -20.703148897802347,
          "east": -40.19496920218373,
          "north": -20.481472511443513
        },
        "processing_bounds_lonlat": {
          "west": -40.445993838206896,
          "south": -20.72085212418322,
          "east": -40.17644430946244,
          "north": -20.463663704866974
        },
        "halo_pixels": 160,
        "valid_bbox_fraction": 1.0,
        "artifact_aspect_ratio": 1.5,
        "land_mask_info": {
          "enabled": true,
          "applied": true,
          "status": "ok",
          "stage": "cfar_water_mask",
          "resampled_shape": [
            773,
            773
          ],
          "sample_shape": [
            128,
            128
          ],
          "sample_max_dim": 128,
          "available": true,
          "method": "natural_earth_land_point_mask",
          "bounds_lonlat": {
            "west": -40.42745732687454,
            "south": -20.703148897802347,
            "east": -40.19496920218373,
            "north": -20.481472511443513
          },
          "mask_path": "/content/sismom_colab_work_v2/sources/api/copernicus_meta_1-main/copernicus-platform/frontend/public/shapes/ne_10m_land/ne_10m_land.shp",
          "land_buffer_degrees": 0.0,
          "valid_geolocation_points": 16384,
          "land_points": 1882,
          "water_points": 14502,
          "land_fraction": 0.1148681640625,
          "water_fraction": 0.8851318359375,
          "valid_pixels_before_land_mask": 597529,
          "valid_pixels_after_land_mask": 530031,
          "pixels_masked_by_land": 67498,
          "valid_water_fraction": 0.8870381186519818,
          "land_skip_threshold": 0.99,
          "min_water_fraction": 0.01,
          "skip_land_tiles": true,
          "skipped": false,
          "reason": "water_candidate",
          "message": "CFAR restrito aos pixels de água."
        },
        "land_fraction": 0.1148681640625,
        "water_fraction": 0.8851318359375,
        "valid_water_fraction": 0.8870381186519818,
        "land_mask_method": "natural_earth_land_point_mask",
        "wave_age": null,
        "wave_age_class": null,
        "wave_age_factor": 1.35,
        "wave_age_status": "fallback",
        "era5_time": null,
        "era5_lon": null,
        "era5_lat": null,
        "u10": null,
        "peak_wave_period": null,
        "friction_velocity": null,
        "phase_speed": null,
        "patch_label": "P081",
        "id": 55,
        "source": "cfar",
        "detection_method": "cfar",
        "target_id": "T0055",
        "methods": [
          "cfar"
        ],
        "fusion_status": "cfar_only",
        "cfar_id": 54,
        "cfar_ids": [
          54
        ],
        "cfar_fragment_count": 1,
        "yolo_id": null
      }
    },
    {
      "type": "Feature",
      "geometry": {
        "type": "Polygon",
        "coordinates": [
          [
            [
              -40.35902794145636,
              -20.524092971423144
            ],
            [
              -40.35988600465767,
              -20.52389469875908
            ],
            [
              -40.36008755989667,
              -20.524697440264724
            ],
            [
              -40.359229529068436,
              -20.524895705534632
            ],
            [
              -40.35902794145636,
              -20.524092971423144
            ]
          ]
        ]
      },
      "properties": {
        "lat": -20.52449594900772,
        "lon": -40.35973436094392,
        "area_px": 10,
        "min_sigma0_dB": -9.699999809265137,
        "mean_sigma0_dB": -7.980000019073486,
        "max_sigma0_dB": -5.230000019073486,
        "threshold_cfar_dB": -10.25,
        "pixel_coords": {
          "row": 558,
          "col": 1818,
          "row_resampled": 186,
          "col_resampled": 606
        },
        "bbox_pixel_coords": {
          "row_min": 552,
          "row_max": 561,
          "col_min": 1812,
          "col_max": 1821
        },
        "global_pixel_coords": {
          "row": 12398,
          "col": 5658
        },
        "source_product": "S1C_IW_GRDH_1SDV_20260810T081241_20260810T081306_008930_011B7A_D208",
        "source_arquivo_id": null,
        "patch_id": 80,
        "patch_name": "patch_0081_VV",
        "geotiff_name": "patch_0081_VV_sigma0_preproc.tif",
        "polarization": "VV",
        "input_scale": "linear",
        "georef_method": "snap_geolocation_grid",
        "geocoding_method": "geolocation_grid",
        "geolocation_grid_status": null,
        "snap_geolocation_grid_used": null,
        "raster_crs": "EPSG:4326",
        "raster_transform": [
          0.00010840393381716083,
          0.0,
          -41.895807142484465,
          0.0,
          -0.00012191578847949808,
          -20.43166926854117,
          0.0,
          0.0,
          1.0
        ],
        "core_bbox_pixels": {
          "x0": 4000,
          "y0": 12000,
          "x1": 6000,
          "y1": 14000
        },
        "processing_bbox_pixels": {
          "x0": 3840,
          "y0": 11840,
          "x1": 6160,
          "y1": 14160
        },
        "core_bounds_lonlat": {
          "west": -40.42745732687454,
          "south": -20.703148897802347,
          "east": -40.19496920218373,
          "north": -20.481472511443513
        },
        "processing_bounds_lonlat": {
          "west": -40.445993838206896,
          "south": -20.72085212418322,
          "east": -40.17644430946244,
          "north": -20.463663704866974
        },
        "halo_pixels": 160,
        "valid_bbox_fraction": 1.0,
        "artifact_aspect_ratio": 1.0,
        "land_mask_info": {
          "enabled": true,
          "applied": true,
          "status": "ok",
          "stage": "cfar_water_mask",
          "resampled_shape": [
            773,
            773
          ],
          "sample_shape": [
            128,
            128
          ],
          "sample_max_dim": 128,
          "available": true,
          "method": "natural_earth_land_point_mask",
          "bounds_lonlat": {
            "west": -40.42745732687454,
            "south": -20.703148897802347,
            "east": -40.19496920218373,
            "north": -20.481472511443513
          },
          "mask_path": "/content/sismom_colab_work_v2/sources/api/copernicus_meta_1-main/copernicus-platform/frontend/public/shapes/ne_10m_land/ne_10m_land.shp",
          "land_buffer_degrees": 0.0,
          "valid_geolocation_points": 16384,
          "land_points": 1882,
          "water_points": 14502,
          "land_fraction": 0.1148681640625,
          "water_fraction": 0.8851318359375,
          "valid_pixels_before_land_mask": 597529,
          "valid_pixels_after_land_mask": 530031,
          "pixels_masked_by_land": 67498,
          "valid_water_fraction": 0.8870381186519818,
          "land_skip_threshold": 0.99,
          "min_water_fraction": 0.01,
          "skip_land_tiles": true,
          "skipped": false,
          "reason": "water_candidate",
          "message": "CFAR restrito aos pixels de água."
        },
        "land_fraction": 0.1148681640625,
        "water_fraction": 0.8851318359375,
        "valid_water_fraction": 0.8870381186519818,
        "land_mask_method": "natural_earth_land_point_mask",
        "wave_age": null,
        "wave_age_class": null,
        "wave_age_factor": 1.35,
        "wave_age_status": "fallback",
        "era5_time": null,
        "era5_lon": null,
        "era5_lat": null,
        "u10": null,
        "peak_wave_period": null,
        "friction_velocity": null,
        "phase_speed": null,
        "patch_label": "P081",
        "id": 56,
        "source": "cfar",
        "detection_method": "cfar",
        "target_id": "T0056",
        "methods": [
          "cfar"
        ],
        "fusion_status": "cfar_only",
        "cfar_id": 55,
        "cfar_ids": [
          55
        ],
        "cfar_fragment_count": 1,
        "yolo_id": null
      }
    },
    {
      "type": "Feature",
      "geometry": {
        "type": "Polygon",
        "coordinates": [
          [
            [
              -40.39132605386587,
              -20.596465994393526
            ],
            [
              -40.3927500765575,
              -20.596136932435385
            ],
            [
              -40.393145336195104,
              -20.59774432254095
            ],
            [
              -40.391721566140795,
              -20.59807332634035
            ],
            [
              -40.39132605386587,
              -20.596465994393526
            ]
          ]
        ]
      },
      "properties": {
        "lat": -20.597072240639676,
        "lon": -40.392378147825845,
        "area_px": 20,
        "min_sigma0_dB": -9.34000015258789,
        "mean_sigma0_dB": -7.679999828338623,
        "max_sigma0_dB": -4.730000019073486,
        "threshold_cfar_dB": -9.68,
        "pixel_coords": {
          "row": 1407,
          "col": 1962,
          "row_resampled": 469,
          "col_resampled": 654
        },
        "bbox_pixel_coords": {
          "row_min": 1398,
          "row_max": 1416,
          "col_min": 1953,
          "col_max": 1968
        },
        "global_pixel_coords": {
          "row": 13247,
          "col": 5802
        },
        "source_product": "S1C_IW_GRDH_1SDV_20260810T081241_20260810T081306_008930_011B7A_D208",
        "source_arquivo_id": null,
        "patch_id": 80,
        "patch_name": "patch_0081_VV",
        "geotiff_name": "patch_0081_VV_sigma0_preproc.tif",
        "polarization": "VV",
        "input_scale": "linear",
        "georef_method": "snap_geolocation_grid",
        "geocoding_method": "geolocation_grid",
        "geolocation_grid_status": null,
        "snap_geolocation_grid_used": null,
        "raster_crs": "EPSG:4326",
        "raster_transform": [
          0.00010840393381716083,
          0.0,
          -41.895807142484465,
          0.0,
          -0.00012191578847949808,
          -20.43166926854117,
          0.0,
          0.0,
          1.0
        ],
        "core_bbox_pixels": {
          "x0": 4000,
          "y0": 12000,
          "x1": 6000,
          "y1": 14000
        },
        "processing_bbox_pixels": {
          "x0": 3840,
          "y0": 11840,
          "x1": 6160,
          "y1": 14160
        },
        "core_bounds_lonlat": {
          "west": -40.42745732687454,
          "south": -20.703148897802347,
          "east": -40.19496920218373,
          "north": -20.481472511443513
        },
        "processing_bounds_lonlat": {
          "west": -40.445993838206896,
          "south": -20.72085212418322,
          "east": -40.17644430946244,
          "north": -20.463663704866974
        },
        "halo_pixels": 160,
        "valid_bbox_fraction": 1.0,
        "artifact_aspect_ratio": 1.1667,
        "land_mask_info": {
          "enabled": true,
          "applied": true,
          "status": "ok",
          "stage": "cfar_water_mask",
          "resampled_shape": [
            773,
            773
          ],
          "sample_shape": [
            128,
            128
          ],
          "sample_max_dim": 128,
          "available": true,
          "method": "natural_earth_land_point_mask",
          "bounds_lonlat": {
            "west": -40.42745732687454,
            "south": -20.703148897802347,
            "east": -40.19496920218373,
            "north": -20.481472511443513
          },
          "mask_path": "/content/sismom_colab_work_v2/sources/api/copernicus_meta_1-main/copernicus-platform/frontend/public/shapes/ne_10m_land/ne_10m_land.shp",
          "land_buffer_degrees": 0.0,
          "valid_geolocation_points": 16384,
          "land_points": 1882,
          "water_points": 14502,
          "land_fraction": 0.1148681640625,
          "water_fraction": 0.8851318359375,
          "valid_pixels_before_land_mask": 597529,
          "valid_pixels_after_land_mask": 530031,
          "pixels_masked_by_land": 67498,
          "valid_water_fraction": 0.8870381186519818,
          "land_skip_threshold": 0.99,
          "min_water_fraction": 0.01,
          "skip_land_tiles": true,
          "skipped": false,
          "reason": "water_candidate",
          "message": "CFAR restrito aos pixels de água."
        },
        "land_fraction": 0.1148681640625,
        "water_fraction": 0.8851318359375,
        "valid_water_fraction": 0.8870381186519818,
        "land_mask_method": "natural_earth_land_point_mask",
        "wave_age": null,
        "wave_age_class": null,
        "wave_age_factor": 1.35,
        "wave_age_status": "fallback",
        "era5_time": null,
        "era5_lon": null,
        "era5_lat": null,
        "u10": null,
        "peak_wave_period": null,
        "friction_velocity": null,
        "phase_speed": null,
        "patch_label": "P081",
        "id": 57,
        "source": "cfar",
        "detection_method": "cfar",
        "target_id": "T0057",
        "methods": [
          "cfar"
        ],
        "fusion_status": "cfar_only",
        "cfar_id": 56,
        "cfar_ids": [
          56
        ],
        "cfar_fragment_count": 1,
        "yolo_id": null
      }
    },
    {
      "type": "Feature",
      "geometry": {
        "type": "Polygon",
        "coordinates": [
          [
            [
              -40.374020577384435,
              -20.609241698795362
            ],
            [
              -40.374589664326614,
              -20.609110194206835
            ],
            [
              -40.37465613884274,
              -20.609377954915413
            ],
            [
              -40.374087068743066,
              -20.60950945562669
            ],
            [
              -40.374020577384435,
              -20.609241698795362
            ]
          ]
        ]
      },
      "properties": {
        "lat": -20.609443705271048,
        "lon": -40.374371603792895,
        "area_px": 3,
        "min_sigma0_dB": -3.6600000858306885,
        "mean_sigma0_dB": -2.890000104904175,
        "max_sigma0_dB": -2.069999933242798,
        "threshold_cfar_dB": -4.1,
        "pixel_coords": {
          "row": 1494,
          "col": 1752,
          "row_resampled": 498,
          "col_resampled": 584
        },
        "bbox_pixel_coords": {
          "row_min": 1491,
          "row_max": 1494,
          "col_min": 1749,
          "col_max": 1755
        },
        "global_pixel_coords": {
          "row": 13334,
          "col": 5592
        },
        "source_product": "S1C_IW_GRDH_1SDV_20260810T081241_20260810T081306_008930_011B7A_D208",
        "source_arquivo_id": null,
        "patch_id": 80,
        "patch_name": "patch_0081_VV",
        "geotiff_name": "patch_0081_VV_sigma0_preproc.tif",
        "polarization": "VV",
        "input_scale": "linear",
        "georef_method": "snap_geolocation_grid",
        "geocoding_method": "geolocation_grid",
        "geolocation_grid_status": null,
        "snap_geolocation_grid_used": null,
        "raster_crs": "EPSG:4326",
        "raster_transform": [
          0.00010840393381716083,
          0.0,
          -41.895807142484465,
          0.0,
          -0.00012191578847949808,
          -20.43166926854117,
          0.0,
          0.0,
          1.0
        ],
        "core_bbox_pixels": {
          "x0": 4000,
          "y0": 12000,
          "x1": 6000,
          "y1": 14000
        },
        "processing_bbox_pixels": {
          "x0": 3840,
          "y0": 11840,
          "x1": 6160,
          "y1": 14160
        },
        "core_bounds_lonlat": {
          "west": -40.42745732687454,
          "south": -20.703148897802347,
          "east": -40.19496920218373,
          "north": -20.481472511443513
        },
        "processing_bounds_lonlat": {
          "west": -40.445993838206896,
          "south": -20.72085212418322,
          "east": -40.17644430946244,
          "north": -20.463663704866974
        },
        "halo_pixels": 160,
        "valid_bbox_fraction": 1.0,
        "artifact_aspect_ratio": 1.5,
        "land_mask_info": {
          "enabled": true,
          "applied": true,
          "status": "ok",
          "stage": "cfar_water_mask",
          "resampled_shape": [
            773,
            773
          ],
          "sample_shape": [
            128,
            128
          ],
          "sample_max_dim": 128,
          "available": true,
          "method": "natural_earth_land_point_mask",
          "bounds_lonlat": {
            "west": -40.42745732687454,
            "south": -20.703148897802347,
            "east": -40.19496920218373,
            "north": -20.481472511443513
          },
          "mask_path": "/content/sismom_colab_work_v2/sources/api/copernicus_meta_1-main/copernicus-platform/frontend/public/shapes/ne_10m_land/ne_10m_land.shp",
          "land_buffer_degrees": 0.0,
          "valid_geolocation_points": 16384,
          "land_points": 1882,
          "water_points": 14502,
          "land_fraction": 0.1148681640625,
          "water_fraction": 0.8851318359375,
          "valid_pixels_before_land_mask": 597529,
          "valid_pixels_after_land_mask": 530031,
          "pixels_masked_by_land": 67498,
          "valid_water_fraction": 0.8870381186519818,
          "land_skip_threshold": 0.99,
          "min_water_fraction": 0.01,
          "skip_land_tiles": true,
          "skipped": false,
          "reason": "water_candidate",
          "message": "CFAR restrito aos pixels de água."
        },
        "land_fraction": 0.1148681640625,
        "water_fraction": 0.8851318359375,
        "valid_water_fraction": 0.8870381186519818,
        "land_mask_method": "natural_earth_land_point_mask",
        "wave_age": null,
        "wave_age_class": null,
        "wave_age_factor": 1.35,
        "wave_age_status": "fallback",
        "era5_time": null,
        "era5_lon": null,
        "era5_lat": null,
        "u10": null,
        "peak_wave_period": null,
        "friction_velocity": null,
        "phase_speed": null,
        "patch_label": "P081",
        "id": 58,
        "source": "cfar",
        "detection_method": "cfar",
        "target_id": "T0058",
        "methods": [
          "cfar"
        ],
        "fusion_status": "cfar_only",
        "cfar_id": 57,
        "cfar_ids": [
          57
        ],
        "cfar_fragment_count": 1,
        "yolo_id": null
      }
    },
    {
      "type": "Feature",
      "geometry": {
        "type": "Polygon",
        "coordinates": [
          [
            [
              -40.367530506739044,
              -20.675765161096663
            ],
            [
              -40.36781311602951,
              -20.675699854039863
            ],
            [
              -40.36801451016183,
              -20.676502682527417
            ],
            [
              -40.3677319261351,
              -20.67656798376834
            ],
            [
              -40.367530506739044,
              -20.675765161096663
            ]
          ]
        ]
      },
      "properties": {
        "lat": -20.676300376211113,
        "lon": -40.36766478633642,
        "area_px": 4,
        "min_sigma0_dB": -7.389999866485596,
        "mean_sigma0_dB": -5.690000057220459,
        "max_sigma0_dB": -3.809999942779541,
        "threshold_cfar_dB": -7.76,
        "pixel_coords": {
          "row": 186,
          "col": 1518,
          "row_resampled": 62,
          "col_resampled": 506
        },
        "bbox_pixel_coords": {
          "row_min": 180,
          "row_max": 189,
          "col_min": 1518,
          "col_max": 1521
        },
        "global_pixel_coords": {
          "row": 14026,
          "col": 5358
        },
        "source_product": "S1C_IW_GRDH_1SDV_20260810T081241_20260810T081306_008930_011B7A_D208",
        "source_arquivo_id": null,
        "patch_id": 93,
        "patch_name": "patch_0094_VV",
        "geotiff_name": "patch_0094_VV_sigma0_preproc.tif",
        "polarization": "VV",
        "input_scale": "linear",
        "georef_method": "snap_geolocation_grid",
        "geocoding_method": "geolocation_grid",
        "geolocation_grid_status": null,
        "snap_geolocation_grid_used": null,
        "raster_crs": "EPSG:4326",
        "raster_transform": [
          0.00010840393381716083,
          0.0,
          -41.895807142484465,
          0.0,
          -0.00012191578847949808,
          -20.675500845500167,
          0.0,
          0.0,
          1.0
        ],
        "core_bbox_pixels": {
          "x0": 4000,
          "y0": 14000,
          "x1": 6000,
          "y1": 16000
        },
        "processing_bbox_pixels": {
          "x0": 3840,
          "y0": 13840,
          "x1": 6160,
          "y1": 16160
        },
        "core_bounds_lonlat": {
          "west": -40.47193044262309,
          "south": -20.88141029739401,
          "east": -40.2401332912364,
          "north": -20.66002440811654
        },
        "processing_bounds_lonlat": {
          "west": -40.4904944301011,
          "south": -20.89910871148581,
          "east": -40.22159188854052,
          "north": -20.642240666731183
        },
        "halo_pixels": 160,
        "valid_bbox_fraction": 1.0,
        "artifact_aspect_ratio": 2.0,
        "land_mask_info": {
          "enabled": true,
          "applied": true,
          "status": "ok",
          "stage": "cfar_water_mask",
          "resampled_shape": [
            773,
            773
          ],
          "sample_shape": [
            128,
            128
          ],
          "sample_max_dim": 128,
          "available": true,
          "method": "natural_earth_land_point_mask",
          "bounds_lonlat": {
            "west": -40.47193044262309,
            "south": -20.88141029739401,
            "east": -40.2401332912364,
            "north": -20.66002440811654
          },
          "mask_path": "/content/sismom_colab_work_v2/sources/api/copernicus_meta_1-main/copernicus-platform/frontend/public/shapes/ne_10m_land/ne_10m_land.shp",
          "land_buffer_degrees": 0.0,
          "valid_geolocation_points": 16384,
          "land_points": 0,
          "water_points": 16384,
          "land_fraction": 0.0,
          "water_fraction": 1.0,
          "valid_pixels_before_land_mask": 597529,
          "valid_pixels_after_land_mask": 597529,
          "pixels_masked_by_land": 0,
          "valid_water_fraction": 1.0,
          "land_skip_threshold": 0.99,
          "min_water_fraction": 0.01,
          "skip_land_tiles": true,
          "skipped": false,
          "reason": "water_candidate",
          "message": "CFAR restrito aos pixels de água."
        },
        "land_fraction": 0.0,
        "water_fraction": 1.0,
        "valid_water_fraction": 1.0,
        "land_mask_method": "natural_earth_land_point_mask",
        "wave_age": null,
        "wave_age_class": null,
        "wave_age_factor": 1.35,
        "wave_age_status": "fallback",
        "era5_time": null,
        "era5_lon": null,
        "era5_lat": null,
        "u10": null,
        "peak_wave_period": null,
        "friction_velocity": null,
        "phase_speed": null,
        "patch_label": "P094",
        "id": 59,
        "source": "cfar",
        "detection_method": "cfar",
        "target_id": "T0059",
        "methods": [
          "cfar"
        ],
        "fusion_status": "cfar_only",
        "cfar_id": 59,
        "cfar_ids": [
          59
        ],
        "cfar_fragment_count": 1,
        "yolo_id": null
      }
    },
    {
      "type": "Feature",
      "geometry": {
        "type": "Polygon",
        "coordinates": [
          [
            [
              -40.36462350184116,
              -20.677286297418483
            ],
            [
              -40.3651886698946,
              -20.67715569493664
            ],
            [
              -40.36545753225396,
              -20.678226055375056
            ],
            [
              -40.36489243157049,
              -20.678356642347907
            ],
            [
              -40.36462350184116,
              -20.677286297418483
            ]
          ]
        ]
      },
      "properties": {
        "lat": -20.67775617251952,
        "lon": -40.365040533890095,
        "area_px": 8,
        "min_sigma0_dB": -6.889999866485596,
        "mean_sigma0_dB": -5.300000190734863,
        "max_sigma0_dB": -2.759999990463257,
        "threshold_cfar_dB": -7.09,
        "pixel_coords": {
          "row": 195,
          "col": 1488,
          "row_resampled": 65,
          "col_resampled": 496
        },
        "bbox_pixel_coords": {
          "row_min": 189,
          "row_max": 201,
          "col_min": 1485,
          "col_max": 1491
        },
        "global_pixel_coords": {
          "row": 14035,
          "col": 5328
        },
        "source_product": "S1C_IW_GRDH_1SDV_20260810T081241_20260810T081306_008930_011B7A_D208",
        "source_arquivo_id": null,
        "patch_id": 93,
        "patch_name": "patch_0094_VV",
        "geotiff_name": "patch_0094_VV_sigma0_preproc.tif",
        "polarization": "VV",
        "input_scale": "linear",
        "georef_method": "snap_geolocation_grid",
        "geocoding_method": "geolocation_grid",
        "geolocation_grid_status": null,
        "snap_geolocation_grid_used": null,
        "raster_crs": "EPSG:4326",
        "raster_transform": [
          0.00010840393381716083,
          0.0,
          -41.895807142484465,
          0.0,
          -0.00012191578847949808,
          -20.675500845500167,
          0.0,
          0.0,
          1.0
        ],
        "core_bbox_pixels": {
          "x0": 4000,
          "y0": 14000,
          "x1": 6000,
          "y1": 16000
        },
        "processing_bbox_pixels": {
          "x0": 3840,
          "y0": 13840,
          "x1": 6160,
          "y1": 16160
        },
        "core_bounds_lonlat": {
          "west": -40.47193044262309,
          "south": -20.88141029739401,
          "east": -40.2401332912364,
          "north": -20.66002440811654
        },
        "processing_bounds_lonlat": {
          "west": -40.4904944301011,
          "south": -20.89910871148581,
          "east": -40.22159188854052,
          "north": -20.642240666731183
        },
        "halo_pixels": 160,
        "valid_bbox_fraction": 1.0,
        "artifact_aspect_ratio": 1.6667,
        "land_mask_info": {
          "enabled": true,
          "applied": true,
          "status": "ok",
          "stage": "cfar_water_mask",
          "resampled_shape": [
            773,
            773
          ],
          "sample_shape": [
            128,
            128
          ],
          "sample_max_dim": 128,
          "available": true,
          "method": "natural_earth_land_point_mask",
          "bounds_lonlat": {
            "west": -40.47193044262309,
            "south": -20.88141029739401,
            "east": -40.2401332912364,
            "north": -20.66002440811654
          },
          "mask_path": "/content/sismom_colab_work_v2/sources/api/copernicus_meta_1-main/copernicus-platform/frontend/public/shapes/ne_10m_land/ne_10m_land.shp",
          "land_buffer_degrees": 0.0,
          "valid_geolocation_points": 16384,
          "land_points": 0,
          "water_points": 16384,
          "land_fraction": 0.0,
          "water_fraction": 1.0,
          "valid_pixels_before_land_mask": 597529,
          "valid_pixels_after_land_mask": 597529,
          "pixels_masked_by_land": 0,
          "valid_water_fraction": 1.0,
          "land_skip_threshold": 0.99,
          "min_water_fraction": 0.01,
          "skip_land_tiles": true,
          "skipped": false,
          "reason": "water_candidate",
          "message": "CFAR restrito aos pixels de água."
        },
        "land_fraction": 0.0,
        "water_fraction": 1.0,
        "valid_water_fraction": 1.0,
        "land_mask_method": "natural_earth_land_point_mask",
        "wave_age": null,
        "wave_age_class": null,
        "wave_age_factor": 1.35,
        "wave_age_status": "fallback",
        "era5_time": null,
        "era5_lon": null,
        "era5_lat": null,
        "u10": null,
        "peak_wave_period": null,
        "friction_velocity": null,
        "phase_speed": null,
        "patch_label": "P094",
        "id": 60,
        "source": "cfar",
        "detection_method": "cfar",
        "target_id": "T0060",
        "methods": [
          "cfar"
        ],
        "fusion_status": "cfar_only",
        "cfar_id": 60,
        "cfar_ids": [
          60
        ],
        "cfar_fragment_count": 1,
        "yolo_id": null
      }
    },
    {
      "type": "Feature",
      "geometry": {
        "type": "Polygon",
        "coordinates": [
          [
            [
              -40.548015863520334,
              -20.75743433439591
            ],
            [
              -40.548300155367066,
              -20.757368406499697
            ],
            [
              -40.54843288156624,
              -20.7579036869225
            ],
            [
              -40.54814860657404,
              -20.75796961092705
            ],
            [
              -40.548015863520334,
              -20.75743433439591
            ]
          ]
        ]
      },
      "properties": {
        "lat": -20.75770197266148,
        "lon": -40.54808223504719,
        "area_px": 4,
        "min_sigma0_dB": -7.829999923706055,
        "mean_sigma0_dB": -7.039999961853027,
        "max_sigma0_dB": -4.929999828338623,
        "threshold_cfar_dB": -8.63,
        "pixel_coords": {
          "row": 1491,
          "col": 1128,
          "row_resampled": 497,
          "col_resampled": 376
        },
        "bbox_pixel_coords": {
          "row_min": 1488,
          "row_max": 1494,
          "col_min": 1128,
          "col_max": 1131
        },
        "global_pixel_coords": {
          "row": 15331,
          "col": 6968
        },
        "source_product": "S1C_IW_GRDH_1SDV_20260810T081241_20260810T081306_008930_011B7A_D208",
        "source_arquivo_id": null,
        "patch_id": 94,
        "patch_name": "patch_0095_VV",
        "geotiff_name": "patch_0095_VV_sigma0_preproc.tif",
        "polarization": "VV",
        "input_scale": "linear",
        "georef_method": "snap_geolocation_grid",
        "geocoding_method": "geolocation_grid",
        "geolocation_grid_status": null,
        "snap_geolocation_grid_used": null,
        "raster_crs": "EPSG:4326",
        "raster_transform": [
          0.00010840393381716083,
          0.0,
          -41.67899927485014,
          0.0,
          -0.00012191578847949808,
          -20.675500845500167,
          0.0,
          0.0,
          1.0
        ],
        "core_bbox_pixels": {
          "x0": 6000,
          "y0": 14000,
          "x1": 8000,
          "y1": 16000
        },
        "processing_bbox_pixels": {
          "x0": 5840,
          "y0": 13840,
          "x1": 8160,
          "y1": 16160
        },
        "core_bounds_lonlat": {
          "west": -40.660043949340476,
          "south": -20.838335675535795,
          "east": -40.427573328858244,
          "north": -20.615911725916785
        },
        "processing_bounds_lonlat": {
          "west": -40.67848548216587,
          "south": -20.85604116087058,
          "east": -40.40898920605861,
          "north": -20.59803936898876
        },
        "halo_pixels": 160,
        "valid_bbox_fraction": 1.0,
        "artifact_aspect_ratio": 1.5,
        "land_mask_info": {
          "enabled": true,
          "applied": true,
          "status": "ok",
          "stage": "cfar_water_mask",
          "resampled_shape": [
            773,
            773
          ],
          "sample_shape": [
            128,
            128
          ],
          "sample_max_dim": 128,
          "available": true,
          "method": "natural_earth_land_point_mask",
          "bounds_lonlat": {
            "west": -40.660043949340476,
            "south": -20.838335675535795,
            "east": -40.427573328858244,
            "north": -20.615911725916785
          },
          "mask_path": "/content/sismom_colab_work_v2/sources/api/copernicus_meta_1-main/copernicus-platform/frontend/public/shapes/ne_10m_land/ne_10m_land.shp",
          "land_buffer_degrees": 0.0,
          "valid_geolocation_points": 16384,
          "land_points": 8465,
          "water_points": 7919,
          "land_fraction": 0.51666259765625,
          "water_fraction": 0.48333740234375,
          "valid_pixels_before_land_mask": 597529,
          "valid_pixels_after_land_mask": 288494,
          "pixels_masked_by_land": 309035,
          "valid_water_fraction": 0.4828117129043109,
          "land_skip_threshold": 0.99,
          "min_water_fraction": 0.01,
          "skip_land_tiles": true,
          "skipped": false,
          "reason": "water_candidate",
          "message": "CFAR restrito aos pixels de água."
        },
        "land_fraction": 0.51666259765625,
        "water_fraction": 0.48333740234375,
        "valid_water_fraction": 0.4828117129043109,
        "land_mask_method": "natural_earth_land_point_mask",
        "wave_age": null,
        "wave_age_class": null,
        "wave_age_factor": 1.35,
        "wave_age_status": "fallback",
        "era5_time": null,
        "era5_lon": null,
        "era5_lat": null,
        "u10": null,
        "peak_wave_period": null,
        "friction_velocity": null,
        "phase_speed": null,
        "patch_label": "P095",
        "id": 61,
        "source": "cfar",
        "detection_method": "cfar",
        "target_id": "T0061",
        "methods": [
          "cfar"
        ],
        "fusion_status": "cfar_only",
        "cfar_id": 62,
        "cfar_ids": [
          62
        ],
        "cfar_fragment_count": 1,
        "yolo_id": null
      }
    },
    {
      "type": "Feature",
      "geometry": {
        "type": "Polygon",
        "coordinates": [
          [
            [
              -40.54771283335238,
              -20.758636727683957
            ],
            [
              -40.54799709149006,
              -20.758570807571072
            ],
            [
              -40.548063471444166,
              -20.75883844389081
            ],
            [
              -40.54777922173374,
              -20.758904362057862
            ],
            [
              -40.54771283335238,
              -20.758636727683957
            ]
          ]
        ]
      },
      "properties": {
        "lat": -20.758636727683957,
        "lon": -40.54771283335238,
        "area_px": 3,
        "min_sigma0_dB": -7.690000057220459,
        "mean_sigma0_dB": -5.460000038146973,
        "max_sigma0_dB": -4.090000152587891,
        "threshold_cfar_dB": -8.77,
        "pixel_coords": {
          "row": 1500,
          "col": 1122,
          "row_resampled": 500,
          "col_resampled": 374
        },
        "bbox_pixel_coords": {
          "row_min": 1500,
          "row_max": 1503,
          "col_min": 1122,
          "col_max": 1125
        },
        "global_pixel_coords": {
          "row": 15340,
          "col": 6962
        },
        "source_product": "S1C_IW_GRDH_1SDV_20260810T081241_20260810T081306_008930_011B7A_D208",
        "source_arquivo_id": null,
        "patch_id": 94,
        "patch_name": "patch_0095_VV",
        "geotiff_name": "patch_0095_VV_sigma0_preproc.tif",
        "polarization": "VV",
        "input_scale": "linear",
        "georef_method": "snap_geolocation_grid",
        "geocoding_method": "geolocation_grid",
        "geolocation_grid_status": null,
        "snap_geolocation_grid_used": null,
        "raster_crs": "EPSG:4326",
        "raster_transform": [
          0.00010840393381716083,
          0.0,
          -41.67899927485014,
          0.0,
          -0.00012191578847949808,
          -20.675500845500167,
          0.0,
          0.0,
          1.0
        ],
        "core_bbox_pixels": {
          "x0": 6000,
          "y0": 14000,
          "x1": 8000,
          "y1": 16000
        },
        "processing_bbox_pixels": {
          "x0": 5840,
          "y0": 13840,
          "x1": 8160,
          "y1": 16160
        },
        "core_bounds_lonlat": {
          "west": -40.660043949340476,
          "south": -20.838335675535795,
          "east": -40.427573328858244,
          "north": -20.615911725916785
        },
        "processing_bounds_lonlat": {
          "west": -40.67848548216587,
          "south": -20.85604116087058,
          "east": -40.40898920605861,
          "north": -20.59803936898876
        },
        "halo_pixels": 160,
        "valid_bbox_fraction": 1.0,
        "artifact_aspect_ratio": 1.0,
        "land_mask_info": {
          "enabled": true,
          "applied": true,
          "status": "ok",
          "stage": "cfar_water_mask",
          "resampled_shape": [
            773,
            773
          ],
          "sample_shape": [
            128,
            128
          ],
          "sample_max_dim": 128,
          "available": true,
          "method": "natural_earth_land_point_mask",
          "bounds_lonlat": {
            "west": -40.660043949340476,
            "south": -20.838335675535795,
            "east": -40.427573328858244,
            "north": -20.615911725916785
          },
          "mask_path": "/content/sismom_colab_work_v2/sources/api/copernicus_meta_1-main/copernicus-platform/frontend/public/shapes/ne_10m_land/ne_10m_land.shp",
          "land_buffer_degrees": 0.0,
          "valid_geolocation_points": 16384,
          "land_points": 8465,
          "water_points": 7919,
          "land_fraction": 0.51666259765625,
          "water_fraction": 0.48333740234375,
          "valid_pixels_before_land_mask": 597529,
          "valid_pixels_after_land_mask": 288494,
          "pixels_masked_by_land": 309035,
          "valid_water_fraction": 0.4828117129043109,
          "land_skip_threshold": 0.99,
          "min_water_fraction": 0.01,
          "skip_land_tiles": true,
          "skipped": false,
          "reason": "water_candidate",
          "message": "CFAR restrito aos pixels de água."
        },
        "land_fraction": 0.51666259765625,
        "water_fraction": 0.48333740234375,
        "valid_water_fraction": 0.4828117129043109,
        "land_mask_method": "natural_earth_land_point_mask",
        "wave_age": null,
        "wave_age_class": null,
        "wave_age_factor": 1.35,
        "wave_age_status": "fallback",
        "era5_time": null,
        "era5_lon": null,
        "era5_lat": null,
        "u10": null,
        "peak_wave_period": null,
        "friction_velocity": null,
        "phase_speed": null,
        "patch_label": "P095",
        "id": 62,
        "source": "cfar",
        "detection_method": "cfar",
        "target_id": "T0062",
        "methods": [
          "cfar"
        ],
        "fusion_status": "cfar_only",
        "cfar_id": 63,
        "cfar_ids": [
          63
        ],
        "cfar_fragment_count": 1,
        "yolo_id": null
      }
    },
    {
      "type": "Feature",
      "geometry": {
        "type": "Polygon",
        "coordinates": [
          [
            [
              -40.55049859300278,
              -20.76138706283049
            ],
            [
              -40.550782750013354,
              -20.76132116606758
            ],
            [
              -40.5509153919409,
              -20.761856465948696
            ],
            [
              -40.55063125178485,
              -20.761922358819945
            ],
            [
              -40.55049859300278,
              -20.76138706283049
            ]
          ]
        ]
      },
      "properties": {
        "lat": -20.76158881600814,
        "lon": -40.55084907097713,
        "area_px": 4,
        "min_sigma0_dB": -6.650000095367432,
        "mean_sigma0_dB": -5.920000076293945,
        "max_sigma0_dB": -5.190000057220459,
        "threshold_cfar_dB": -8.79,
        "pixel_coords": {
          "row": 1539,
          "col": 1146,
          "row_resampled": 513,
          "col_resampled": 382
        },
        "bbox_pixel_coords": {
          "row_min": 1536,
          "row_max": 1542,
          "col_min": 1143,
          "col_max": 1146
        },
        "global_pixel_coords": {
          "row": 15379,
          "col": 6986
        },
        "source_product": "S1C_IW_GRDH_1SDV_20260810T081241_20260810T081306_008930_011B7A_D208",
        "source_arquivo_id": null,
        "patch_id": 94,
        "patch_name": "patch_0095_VV",
        "geotiff_name": "patch_0095_VV_sigma0_preproc.tif",
        "polarization": "VV",
        "input_scale": "linear",
        "georef_method": "snap_geolocation_grid",
        "geocoding_method": "geolocation_grid",
        "geolocation_grid_status": null,
        "snap_geolocation_grid_used": null,
        "raster_crs": "EPSG:4326",
        "raster_transform": [
          0.00010840393381716083,
          0.0,
          -41.67899927485014,
          0.0,
          -0.00012191578847949808,
          -20.675500845500167,
          0.0,
          0.0,
          1.0
        ],
        "core_bbox_pixels": {
          "x0": 6000,
          "y0": 14000,
          "x1": 8000,
          "y1": 16000
        },
        "processing_bbox_pixels": {
          "x0": 5840,
          "y0": 13840,
          "x1": 8160,
          "y1": 16160
        },
        "core_bounds_lonlat": {
          "west": -40.660043949340476,
          "south": -20.838335675535795,
          "east": -40.427573328858244,
          "north": -20.615911725916785
        },
        "processing_bounds_lonlat": {
          "west": -40.67848548216587,
          "south": -20.85604116087058,
          "east": -40.40898920605861,
          "north": -20.59803936898876
        },
        "halo_pixels": 160,
        "valid_bbox_fraction": 1.0,
        "artifact_aspect_ratio": 1.5,
        "land_mask_info": {
          "enabled": true,
          "applied": true,
          "status": "ok",
          "stage": "cfar_water_mask",
          "resampled_shape": [
            773,
            773
          ],
          "sample_shape": [
            128,
            128
          ],
          "sample_max_dim": 128,
          "available": true,
          "method": "natural_earth_land_point_mask",
          "bounds_lonlat": {
            "west": -40.660043949340476,
            "south": -20.838335675535795,
            "east": -40.427573328858244,
            "north": -20.615911725916785
          },
          "mask_path": "/content/sismom_colab_work_v2/sources/api/copernicus_meta_1-main/copernicus-platform/frontend/public/shapes/ne_10m_land/ne_10m_land.shp",
          "land_buffer_degrees": 0.0,
          "valid_geolocation_points": 16384,
          "land_points": 8465,
          "water_points": 7919,
          "land_fraction": 0.51666259765625,
          "water_fraction": 0.48333740234375,
          "valid_pixels_before_land_mask": 597529,
          "valid_pixels_after_land_mask": 288494,
          "pixels_masked_by_land": 309035,
          "valid_water_fraction": 0.4828117129043109,
          "land_skip_threshold": 0.99,
          "min_water_fraction": 0.01,
          "skip_land_tiles": true,
          "skipped": false,
          "reason": "water_candidate",
          "message": "CFAR restrito aos pixels de água."
        },
        "land_fraction": 0.51666259765625,
        "water_fraction": 0.48333740234375,
        "valid_water_fraction": 0.4828117129043109,
        "land_mask_method": "natural_earth_land_point_mask",
        "wave_age": null,
        "wave_age_class": null,
        "wave_age_factor": 1.35,
        "wave_age_status": "fallback",
        "era5_time": null,
        "era5_lon": null,
        "era5_lat": null,
        "u10": null,
        "peak_wave_period": null,
        "friction_velocity": null,
        "phase_speed": null,
        "patch_label": "P095",
        "id": 63,
        "source": "cfar",
        "detection_method": "cfar",
        "target_id": "T0063",
        "methods": [
          "cfar"
        ],
        "fusion_status": "cfar_only",
        "cfar_id": 64,
        "cfar_ids": [
          64
        ],
        "cfar_fragment_count": 1,
        "yolo_id": null
      }
    },
    {
      "type": "Feature",
      "geometry": {
        "type": "Polygon",
        "coordinates": [
          [
            [
              -40.57162678628134,
              -20.786205479746656
            ],
            [
              -40.57162678628134,
              -20.786205479746656
            ],
            [
              -40.571758602340005,
              -20.786740970319254
            ],
            [
              -40.571758602340005,
              -20.786740970319254
            ],
            [
              -40.57162678628134,
              -20.786205479746656
            ]
          ]
        ]
      },
      "properties": {
        "lat": -20.786473225032957,
        "lon": -40.571692694310656,
        "area_px": 3,
        "min_sigma0_dB": 5.260000228881836,
        "mean_sigma0_dB": 8.529999732971191,
        "max_sigma0_dB": 14.3100004196167,
        "threshold_cfar_dB": 4.93,
        "pixel_coords": {
          "row": 1854,
          "col": 1293,
          "row_resampled": 618,
          "col_resampled": 431
        },
        "bbox_pixel_coords": {
          "row_min": 1851,
          "row_max": 1857,
          "col_min": 1293,
          "col_max": 1293
        },
        "global_pixel_coords": {
          "row": 15694,
          "col": 7133
        },
        "source_product": "S1C_IW_GRDH_1SDV_20260810T081241_20260810T081306_008930_011B7A_D208",
        "source_arquivo_id": null,
        "patch_id": 94,
        "patch_name": "patch_0095_VV",
        "geotiff_name": "patch_0095_VV_sigma0_preproc.tif",
        "polarization": "VV",
        "input_scale": "linear",
        "georef_method": "snap_geolocation_grid",
        "geocoding_method": "geolocation_grid",
        "geolocation_grid_status": null,
        "snap_geolocation_grid_used": null,
        "raster_crs": "EPSG:4326",
        "raster_transform": [
          0.00010840393381716083,
          0.0,
          -41.67899927485014,
          0.0,
          -0.00012191578847949808,
          -20.675500845500167,
          0.0,
          0.0,
          1.0
        ],
        "core_bbox_pixels": {
          "x0": 6000,
          "y0": 14000,
          "x1": 8000,
          "y1": 16000
        },
        "processing_bbox_pixels": {
          "x0": 5840,
          "y0": 13840,
          "x1": 8160,
          "y1": 16160
        },
        "core_bounds_lonlat": {
          "west": -40.660043949340476,
          "south": -20.838335675535795,
          "east": -40.427573328858244,
          "north": -20.615911725916785
        },
        "processing_bounds_lonlat": {
          "west": -40.67848548216587,
          "south": -20.85604116087058,
          "east": -40.40898920605861,
          "north": -20.59803936898876
        },
        "halo_pixels": 160,
        "valid_bbox_fraction": 1.0,
        "artifact_aspect_ratio": 3.0,
        "land_mask_info": {
          "enabled": true,
          "applied": true,
          "status": "ok",
          "stage": "cfar_water_mask",
          "resampled_shape": [
            773,
            773
          ],
          "sample_shape": [
            128,
            128
          ],
          "sample_max_dim": 128,
          "available": true,
          "method": "natural_earth_land_point_mask",
          "bounds_lonlat": {
            "west": -40.660043949340476,
            "south": -20.838335675535795,
            "east": -40.427573328858244,
            "north": -20.615911725916785
          },
          "mask_path": "/content/sismom_colab_work_v2/sources/api/copernicus_meta_1-main/copernicus-platform/frontend/public/shapes/ne_10m_land/ne_10m_land.shp",
          "land_buffer_degrees": 0.0,
          "valid_geolocation_points": 16384,
          "land_points": 8465,
          "water_points": 7919,
          "land_fraction": 0.51666259765625,
          "water_fraction": 0.48333740234375,
          "valid_pixels_before_land_mask": 597529,
          "valid_pixels_after_land_mask": 288494,
          "pixels_masked_by_land": 309035,
          "valid_water_fraction": 0.4828117129043109,
          "land_skip_threshold": 0.99,
          "min_water_fraction": 0.01,
          "skip_land_tiles": true,
          "skipped": false,
          "reason": "water_candidate",
          "message": "CFAR restrito aos pixels de água."
        },
        "land_fraction": 0.51666259765625,
        "water_fraction": 0.48333740234375,
        "valid_water_fraction": 0.4828117129043109,
        "land_mask_method": "natural_earth_land_point_mask",
        "wave_age": null,
        "wave_age_class": null,
        "wave_age_factor": 1.35,
        "wave_age_status": "fallback",
        "era5_time": null,
        "era5_lon": null,
        "era5_lat": null,
        "u10": null,
        "peak_wave_period": null,
        "friction_velocity": null,
        "phase_speed": null,
        "patch_label": "P095",
        "id": 64,
        "source": "cfar",
        "detection_method": "cfar",
        "target_id": "T0064",
        "methods": [
          "cfar"
        ],
        "fusion_status": "cfar_only",
        "cfar_id": 65,
        "cfar_ids": [
          65
        ],
        "cfar_fragment_count": 1,
        "yolo_id": null
      }
    },
    {
      "type": "Feature",
      "geometry": {
        "type": "Polygon",
        "coordinates": [
          [
            [
              -40.58554873251594,
              -20.803921080242432
            ],
            [
              -40.58583138100759,
              -20.80385553178336
            ],
            [
              -40.58602827079752,
              -20.804658960279575
            ],
            [
              -40.585745647587615,
              -20.804724502901156
            ],
            [
              -40.58554873251594,
              -20.803921080242432
            ]
          ]
        ]
      },
      "properties": {
        "lat": -20.8041233412821,
        "lon": -40.585897010937565,
        "area_px": 4,
        "min_sigma0_dB": -3.240000009536743,
        "mean_sigma0_dB": -2.130000114440918,
        "max_sigma0_dB": -1.309999942779541,
        "threshold_cfar_dB": -3.45,
        "pixel_coords": {
          "row": 2076,
          "col": 1392,
          "row_resampled": 692,
          "col_resampled": 464
        },
        "bbox_pixel_coords": {
          "row_min": 2073,
          "row_max": 2082,
          "col_min": 1389,
          "col_max": 1392
        },
        "global_pixel_coords": {
          "row": 15916,
          "col": 7232
        },
        "source_product": "S1C_IW_GRDH_1SDV_20260810T081241_20260810T081306_008930_011B7A_D208",
        "source_arquivo_id": null,
        "patch_id": 94,
        "patch_name": "patch_0095_VV",
        "geotiff_name": "patch_0095_VV_sigma0_preproc.tif",
        "polarization": "VV",
        "input_scale": "linear",
        "georef_method": "snap_geolocation_grid",
        "geocoding_method": "geolocation_grid",
        "geolocation_grid_status": null,
        "snap_geolocation_grid_used": null,
        "raster_crs": "EPSG:4326",
        "raster_transform": [
          0.00010840393381716083,
          0.0,
          -41.67899927485014,
          0.0,
          -0.00012191578847949808,
          -20.675500845500167,
          0.0,
          0.0,
          1.0
        ],
        "core_bbox_pixels": {
          "x0": 6000,
          "y0": 14000,
          "x1": 8000,
          "y1": 16000
        },
        "processing_bbox_pixels": {
          "x0": 5840,
          "y0": 13840,
          "x1": 8160,
          "y1": 16160
        },
        "core_bounds_lonlat": {
          "west": -40.660043949340476,
          "south": -20.838335675535795,
          "east": -40.427573328858244,
          "north": -20.615911725916785
        },
        "processing_bounds_lonlat": {
          "west": -40.67848548216587,
          "south": -20.85604116087058,
          "east": -40.40898920605861,
          "north": -20.59803936898876
        },
        "halo_pixels": 160,
        "valid_bbox_fraction": 1.0,
        "artifact_aspect_ratio": 2.0,
        "land_mask_info": {
          "enabled": true,
          "applied": true,
          "status": "ok",
          "stage": "cfar_water_mask",
          "resampled_shape": [
            773,
            773
          ],
          "sample_shape": [
            128,
            128
          ],
          "sample_max_dim": 128,
          "available": true,
          "method": "natural_earth_land_point_mask",
          "bounds_lonlat": {
            "west": -40.660043949340476,
            "south": -20.838335675535795,
            "east": -40.427573328858244,
            "north": -20.615911725916785
          },
          "mask_path": "/content/sismom_colab_work_v2/sources/api/copernicus_meta_1-main/copernicus-platform/frontend/public/shapes/ne_10m_land/ne_10m_land.shp",
          "land_buffer_degrees": 0.0,
          "valid_geolocation_points": 16384,
          "land_points": 8465,
          "water_points": 7919,
          "land_fraction": 0.51666259765625,
          "water_fraction": 0.48333740234375,
          "valid_pixels_before_land_mask": 597529,
          "valid_pixels_after_land_mask": 288494,
          "pixels_masked_by_land": 309035,
          "valid_water_fraction": 0.4828117129043109,
          "land_skip_threshold": 0.99,
          "min_water_fraction": 0.01,
          "skip_land_tiles": true,
          "skipped": false,
          "reason": "water_candidate",
          "message": "CFAR restrito aos pixels de água."
        },
        "land_fraction": 0.51666259765625,
        "water_fraction": 0.48333740234375,
        "valid_water_fraction": 0.4828117129043109,
        "land_mask_method": "natural_earth_land_point_mask",
        "wave_age": null,
        "wave_age_class": null,
        "wave_age_factor": 1.35,
        "wave_age_status": "fallback",
        "era5_time": null,
        "era5_lon": null,
        "era5_lat": null,
        "u10": null,
        "peak_wave_period": null,
        "friction_velocity": null,
        "phase_speed": null,
        "patch_label": "P095",
        "id": 65,
        "source": "cfar",
        "detection_method": "cfar",
        "target_id": "T0065",
        "methods": [
          "cfar"
        ],
        "fusion_status": "cfar_only",
        "cfar_id": 66,
        "cfar_ids": [
          66
        ],
        "cfar_fragment_count": 1,
        "yolo_id": null
      }
    },
    {
      "type": "Feature",
      "geometry": {
        "type": "Polygon",
        "coordinates": [
          [
            [
              -40.599355883394615,
              -20.80666270460241
            ],
            [
              -40.60105071213028,
              -20.806269659022714
            ],
            [
              -40.60118114612014,
              -20.806805468711673
            ],
            [
              -40.59948641851133,
              -20.80719849094139
            ],
            [
              -40.599355883394615,
              -20.80666270460241
            ]
          ]
        ]
      },
      "properties": {
        "lat": -20.806734080819545,
        "lon": -40.600268540058075,
        "area_px": 8,
        "min_sigma0_dB": -6.590000152587891,
        "mean_sigma0_dB": -5.090000152587891,
        "max_sigma0_dB": -2.200000047683716,
        "threshold_cfar_dB": -6.85,
        "pixel_coords": {
          "row": 2139,
          "col": 1530,
          "row_resampled": 713,
          "col_resampled": 510
        },
        "bbox_pixel_coords": {
          "row_min": 2136,
          "row_max": 2142,
          "col_min": 1521,
          "col_max": 1539
        },
        "global_pixel_coords": {
          "row": 15979,
          "col": 7370
        },
        "source_product": "S1C_IW_GRDH_1SDV_20260810T081241_20260810T081306_008930_011B7A_D208",
        "source_arquivo_id": null,
        "patch_id": 94,
        "patch_name": "patch_0095_VV",
        "geotiff_name": "patch_0095_VV_sigma0_preproc.tif",
        "polarization": "VV",
        "input_scale": "linear",
        "georef_method": "snap_geolocation_grid",
        "geocoding_method": "geolocation_grid",
        "geolocation_grid_status": null,
        "snap_geolocation_grid_used": null,
        "raster_crs": "EPSG:4326",
        "raster_transform": [
          0.00010840393381716083,
          0.0,
          -41.67899927485014,
          0.0,
          -0.00012191578847949808,
          -20.675500845500167,
          0.0,
          0.0,
          1.0
        ],
        "core_bbox_pixels": {
          "x0": 6000,
          "y0": 14000,
          "x1": 8000,
          "y1": 16000
        },
        "processing_bbox_pixels": {
          "x0": 5840,
          "y0": 13840,
          "x1": 8160,
          "y1": 16160
        },
        "core_bounds_lonlat": {
          "west": -40.660043949340476,
          "south": -20.838335675535795,
          "east": -40.427573328858244,
          "north": -20.615911725916785
        },
        "processing_bounds_lonlat": {
          "west": -40.67848548216587,
          "south": -20.85604116087058,
          "east": -40.40898920605861,
          "north": -20.59803936898876
        },
        "halo_pixels": 160,
        "valid_bbox_fraction": 1.0,
        "artifact_aspect_ratio": 2.3333,
        "land_mask_info": {
          "enabled": true,
          "applied": true,
          "status": "ok",
          "stage": "cfar_water_mask",
          "resampled_shape": [
            773,
            773
          ],
          "sample_shape": [
            128,
            128
          ],
          "sample_max_dim": 128,
          "available": true,
          "method": "natural_earth_land_point_mask",
          "bounds_lonlat": {
            "west": -40.660043949340476,
            "south": -20.838335675535795,
            "east": -40.427573328858244,
            "north": -20.615911725916785
          },
          "mask_path": "/content/sismom_colab_work_v2/sources/api/copernicus_meta_1-main/copernicus-platform/frontend/public/shapes/ne_10m_land/ne_10m_land.shp",
          "land_buffer_degrees": 0.0,
          "valid_geolocation_points": 16384,
          "land_points": 8465,
          "water_points": 7919,
          "land_fraction": 0.51666259765625,
          "water_fraction": 0.48333740234375,
          "valid_pixels_before_land_mask": 597529,
          "valid_pixels_after_land_mask": 288494,
          "pixels_masked_by_land": 309035,
          "valid_water_fraction": 0.4828117129043109,
          "land_skip_threshold": 0.99,
          "min_water_fraction": 0.01,
          "skip_land_tiles": true,
          "skipped": false,
          "reason": "water_candidate",
          "message": "CFAR restrito aos pixels de água."
        },
        "land_fraction": 0.51666259765625,
        "water_fraction": 0.48333740234375,
        "valid_water_fraction": 0.4828117129043109,
        "land_mask_method": "natural_earth_land_point_mask",
        "wave_age": null,
        "wave_age_class": null,
        "wave_age_factor": 1.35,
        "wave_age_status": "fallback",
        "era5_time": null,
        "era5_lon": null,
        "era5_lat": null,
        "u10": null,
        "peak_wave_period": null,
        "friction_velocity": null,
        "phase_speed": null,
        "patch_label": "P095",
        "id": 66,
        "source": "cfar",
        "detection_method": "cfar",
        "target_id": "T0066",
        "methods": [
          "cfar"
        ],
        "fusion_status": "cfar_only",
        "cfar_id": 67,
        "cfar_ids": [
          67
        ],
        "cfar_fragment_count": 1,
        "yolo_id": null
      }
    },
    {
      "type": "Feature",
      "geometry": {
        "type": "Polygon",
        "coordinates": [
          [
            [
              -40.66705987236646,
              -20.8157448100108
            ],
            [
              -40.66790726366851,
              -20.815547624720992
            ],
            [
              -40.66803298196244,
              -20.816084532309564
            ],
            [
              -40.667185665245555,
              -20.816281700173363
            ],
            [
              -40.66705987236646,
              -20.8157448100108
            ]
          ]
        ]
      },
      "properties": {
        "lat": -20.81588180404088,
        "lon": -40.66768767147899,
        "area_px": 8,
        "min_sigma0_dB": -7.550000190734863,
        "mean_sigma0_dB": -5.78000020980835,
        "max_sigma0_dB": -3.740000009536743,
        "threshold_cfar_dB": -7.55,
        "pixel_coords": {
          "row": 402,
          "col": 186,
          "row_resampled": 134,
          "col_resampled": 62
        },
        "bbox_pixel_coords": {
          "row_min": 399,
          "row_max": 405,
          "col_min": 180,
          "col_max": 189
        },
        "global_pixel_coords": {
          "row": 16242,
          "col": 8026
        },
        "source_product": "S1C_IW_GRDH_1SDV_20260810T081241_20260810T081306_008930_011B7A_D208",
        "source_arquivo_id": null,
        "patch_id": 108,
        "patch_name": "patch_0109_VV",
        "geotiff_name": "patch_0109_VV_sigma0_preproc.tif",
        "polarization": "VV",
        "input_scale": "linear",
        "georef_method": "snap_geolocation_grid",
        "geocoding_method": "geolocation_grid",
        "geolocation_grid_status": null,
        "snap_geolocation_grid_used": null,
        "raster_crs": "EPSG:4326",
        "raster_transform": [
          0.00010840393381716083,
          0.0,
          -41.46219140721582,
          0.0,
          -0.00012191578847949808,
          -20.919332422459163,
          0.0,
          0.0,
          1.0
        ],
        "core_bbox_pixels": {
          "x0": 8000,
          "y0": 16000,
          "x1": 10000,
          "y1": 16858
        },
        "processing_bbox_pixels": {
          "x0": 7840,
          "y0": 15840,
          "x1": 10160,
          "y1": 16858
        },
        "core_bounds_lonlat": {
          "west": -40.87209155755363,
          "south": -20.871478697669634,
          "east": -40.660159428523926,
          "north": -20.749783081722697
        },
        "processing_bounds_lonlat": {
          "west": -40.888103782389486,
          "south": -20.87495230498745,
          "east": -40.64164762337356,
          "north": -20.731847729452337
        },
        "halo_pixels": 160,
        "valid_bbox_fraction": 1.0,
        "artifact_aspect_ratio": 1.3333,
        "land_mask_info": {
          "enabled": true,
          "applied": true,
          "status": "ok",
          "stage": "cfar_water_mask",
          "resampled_shape": [
            339,
            773
          ],
          "sample_shape": [
            56,
            128
          ],
          "sample_max_dim": 128,
          "available": true,
          "method": "natural_earth_land_point_mask",
          "bounds_lonlat": {
            "west": -40.87209155755363,
            "south": -20.871478697669634,
            "east": -40.660159428523926,
            "north": -20.749783081722697
          },
          "mask_path": "/content/sismom_colab_work_v2/sources/api/copernicus_meta_1-main/copernicus-platform/frontend/public/shapes/ne_10m_land/ne_10m_land.shp",
          "land_buffer_degrees": 0.0,
          "valid_geolocation_points": 7168,
          "land_points": 6094,
          "water_points": 1074,
          "land_fraction": 0.8501674107142857,
          "water_fraction": 0.14983258928571427,
          "valid_pixels_before_land_mask": 262047,
          "valid_pixels_after_land_mask": 38683,
          "pixels_masked_by_land": 223364,
          "valid_water_fraction": 0.14761855697642026,
          "land_skip_threshold": 0.99,
          "min_water_fraction": 0.01,
          "skip_land_tiles": true,
          "skipped": false,
          "reason": "water_candidate",
          "message": "CFAR restrito aos pixels de água."
        },
        "land_fraction": 0.8501674107142857,
        "water_fraction": 0.14983258928571427,
        "valid_water_fraction": 0.14761855697642026,
        "land_mask_method": "natural_earth_land_point_mask",
        "wave_age": null,
        "wave_age_class": null,
        "wave_age_factor": 1.35,
        "wave_age_status": "fallback",
        "era5_time": null,
        "era5_lon": null,
        "era5_lat": null,
        "u10": null,
        "peak_wave_period": null,
        "friction_velocity": null,
        "phase_speed": null,
        "patch_label": "P109",
        "id": 67,
        "source": "cfar",
        "detection_method": "cfar",
        "target_id": "T0067",
        "methods": [
          "cfar"
        ],
        "fusion_status": "cfar_only",
        "cfar_id": 68,
        "cfar_ids": [
          68
        ],
        "cfar_fragment_count": 1,
        "yolo_id": null
      }
    },
    {
      "type": "Feature",
      "geometry": {
        "type": "Polygon",
        "coordinates": [
          [
            [
              -40.6727078487414,
              -20.819526003043
            ],
            [
              -40.67327232881082,
              -20.81939465073914
            ],
            [
              -40.6734603468613,
              -20.820200142817008
            ],
            [
              -40.67289594137706,
              -20.82033147769486
            ],
            [
              -40.6727078487414,
              -20.819526003043
            ]
          ]
        ]
      },
      "properties": {
        "lat": -20.819728821346025,
        "lon": -40.67305277389047,
        "area_px": 8,
        "min_sigma0_dB": -5.849999904632568,
        "mean_sigma0_dB": -3.390000104904175,
        "max_sigma0_dB": 0.5600000023841858,
        "threshold_cfar_dB": -5.9,
        "pixel_coords": {
          "row": 456,
          "col": 231,
          "row_resampled": 152,
          "col_resampled": 77
        },
        "bbox_pixel_coords": {
          "row_min": 453,
          "row_max": 462,
          "col_min": 228,
          "col_max": 234
        },
        "global_pixel_coords": {
          "row": 16296,
          "col": 8071
        },
        "source_product": "S1C_IW_GRDH_1SDV_20260810T081241_20260810T081306_008930_011B7A_D208",
        "source_arquivo_id": null,
        "patch_id": 108,
        "patch_name": "patch_0109_VV",
        "geotiff_name": "patch_0109_VV_sigma0_preproc.tif",
        "polarization": "VV",
        "input_scale": "linear",
        "georef_method": "snap_geolocation_grid",
        "geocoding_method": "geolocation_grid",
        "geolocation_grid_status": null,
        "snap_geolocation_grid_used": null,
        "raster_crs": "EPSG:4326",
        "raster_transform": [
          0.00010840393381716083,
          0.0,
          -41.46219140721582,
          0.0,
          -0.00012191578847949808,
          -20.919332422459163,
          0.0,
          0.0,
          1.0
        ],
        "core_bbox_pixels": {
          "x0": 8000,
          "y0": 16000,
          "x1": 10000,
          "y1": 16858
        },
        "processing_bbox_pixels": {
          "x0": 7840,
          "y0": 15840,
          "x1": 10160,
          "y1": 16858
        },
        "core_bounds_lonlat": {
          "west": -40.87209155755363,
          "south": -20.871478697669634,
          "east": -40.660159428523926,
          "north": -20.749783081722697
        },
        "processing_bounds_lonlat": {
          "west": -40.888103782389486,
          "south": -20.87495230498745,
          "east": -40.64164762337356,
          "north": -20.731847729452337
        },
        "halo_pixels": 160,
        "valid_bbox_fraction": 1.0,
        "artifact_aspect_ratio": 1.3333,
        "land_mask_info": {
          "enabled": true,
          "applied": true,
          "status": "ok",
          "stage": "cfar_water_mask",
          "resampled_shape": [
            339,
            773
          ],
          "sample_shape": [
            56,
            128
          ],
          "sample_max_dim": 128,
          "available": true,
          "method": "natural_earth_land_point_mask",
          "bounds_lonlat": {
            "west": -40.87209155755363,
            "south": -20.871478697669634,
            "east": -40.660159428523926,
            "north": -20.749783081722697
          },
          "mask_path": "/content/sismom_colab_work_v2/sources/api/copernicus_meta_1-main/copernicus-platform/frontend/public/shapes/ne_10m_land/ne_10m_land.shp",
          "land_buffer_degrees": 0.0,
          "valid_geolocation_points": 7168,
          "land_points": 6094,
          "water_points": 1074,
          "land_fraction": 0.8501674107142857,
          "water_fraction": 0.14983258928571427,
          "valid_pixels_before_land_mask": 262047,
          "valid_pixels_after_land_mask": 38683,
          "pixels_masked_by_land": 223364,
          "valid_water_fraction": 0.14761855697642026,
          "land_skip_threshold": 0.99,
          "min_water_fraction": 0.01,
          "skip_land_tiles": true,
          "skipped": false,
          "reason": "water_candidate",
          "message": "CFAR restrito aos pixels de água."
        },
        "land_fraction": 0.8501674107142857,
        "water_fraction": 0.14983258928571427,
        "valid_water_fraction": 0.14761855697642026,
        "land_mask_method": "natural_earth_land_point_mask",
        "wave_age": null,
        "wave_age_class": null,
        "wave_age_factor": 1.35,
        "wave_age_status": "fallback",
        "era5_time": null,
        "era5_lon": null,
        "era5_lat": null,
        "u10": null,
        "peak_wave_period": null,
        "friction_velocity": null,
        "phase_speed": null,
        "patch_label": "P109",
        "id": 68,
        "source": "cfar",
        "detection_method": "cfar",
        "target_id": "T0068",
        "methods": [
          "cfar"
        ],
        "fusion_status": "cfar_only",
        "cfar_id": 69,
        "cfar_ids": [
          69
        ],
        "cfar_fragment_count": 1,
        "yolo_id": null
      }
    },
    {
      "type": "Feature",
      "geometry": {
        "type": "Polygon",
        "coordinates": [
          [
            [
              -40.69373106371798,
              -20.833317377429275
            ],
            [
              -40.694012483346775,
              -20.83325189296336
            ],
            [
              -40.69407442260727,
              -20.833520561678334
            ],
            [
              -40.69379301540935,
              -20.83358604323991
            ],
            [
              -40.69373106371798,
              -20.833317377429275
            ]
          ]
        ]
      },
      "properties": {
        "lat": -20.83358604323991,
        "lon": -40.69379301540935,
        "area_px": 3,
        "min_sigma0_dB": -0.9900000095367432,
        "mean_sigma0_dB": -0.6600000262260437,
        "max_sigma0_dB": -0.10999999940395355,
        "threshold_cfar_dB": -1.5,
        "pixel_coords": {
          "row": 654,
          "col": 408,
          "row_resampled": 218,
          "col_resampled": 136
        },
        "bbox_pixel_coords": {
          "row_min": 651,
          "row_max": 654,
          "col_min": 408,
          "col_max": 411
        },
        "global_pixel_coords": {
          "row": 16494,
          "col": 8248
        },
        "source_product": "S1C_IW_GRDH_1SDV_20260810T081241_20260810T081306_008930_011B7A_D208",
        "source_arquivo_id": null,
        "patch_id": 108,
        "patch_name": "patch_0109_VV",
        "geotiff_name": "patch_0109_VV_sigma0_preproc.tif",
        "polarization": "VV",
        "input_scale": "linear",
        "georef_method": "snap_geolocation_grid",
        "geocoding_method": "geolocation_grid",
        "geolocation_grid_status": null,
        "snap_geolocation_grid_used": null,
        "raster_crs": "EPSG:4326",
        "raster_transform": [
          0.00010840393381716083,
          0.0,
          -41.46219140721582,
          0.0,
          -0.00012191578847949808,
          -20.919332422459163,
          0.0,
          0.0,
          1.0
        ],
        "core_bbox_pixels": {
          "x0": 8000,
          "y0": 16000,
          "x1": 10000,
          "y1": 16858
        },
        "processing_bbox_pixels": {
          "x0": 7840,
          "y0": 15840,
          "x1": 10160,
          "y1": 16858
        },
        "core_bounds_lonlat": {
          "west": -40.87209155755363,
          "south": -20.871478697669634,
          "east": -40.660159428523926,
          "north": -20.749783081722697
        },
        "processing_bounds_lonlat": {
          "west": -40.888103782389486,
          "south": -20.87495230498745,
          "east": -40.64164762337356,
          "north": -20.731847729452337
        },
        "halo_pixels": 160,
        "valid_bbox_fraction": 1.0,
        "artifact_aspect_ratio": 1.0,
        "land_mask_info": {
          "enabled": true,
          "applied": true,
          "status": "ok",
          "stage": "cfar_water_mask",
          "resampled_shape": [
            339,
            773
          ],
          "sample_shape": [
            56,
            128
          ],
          "sample_max_dim": 128,
          "available": true,
          "method": "natural_earth_land_point_mask",
          "bounds_lonlat": {
            "west": -40.87209155755363,
            "south": -20.871478697669634,
            "east": -40.660159428523926,
            "north": -20.749783081722697
          },
          "mask_path": "/content/sismom_colab_work_v2/sources/api/copernicus_meta_1-main/copernicus-platform/frontend/public/shapes/ne_10m_land/ne_10m_land.shp",
          "land_buffer_degrees": 0.0,
          "valid_geolocation_points": 7168,
          "land_points": 6094,
          "water_points": 1074,
          "land_fraction": 0.8501674107142857,
          "water_fraction": 0.14983258928571427,
          "valid_pixels_before_land_mask": 262047,
          "valid_pixels_after_land_mask": 38683,
          "pixels_masked_by_land": 223364,
          "valid_water_fraction": 0.14761855697642026,
          "land_skip_threshold": 0.99,
          "min_water_fraction": 0.01,
          "skip_land_tiles": true,
          "skipped": false,
          "reason": "water_candidate",
          "message": "CFAR restrito aos pixels de água."
        },
        "land_fraction": 0.8501674107142857,
        "water_fraction": 0.14983258928571427,
        "valid_water_fraction": 0.14761855697642026,
        "land_mask_method": "natural_earth_land_point_mask",
        "wave_age": null,
        "wave_age_class": null,
        "wave_age_factor": 1.35,
        "wave_age_status": "fallback",
        "era5_time": null,
        "era5_lon": null,
        "era5_lat": null,
        "u10": null,
        "peak_wave_period": null,
        "friction_velocity": null,
        "phase_speed": null,
        "patch_label": "P109",
        "id": 69,
        "source": "cfar",
        "detection_method": "cfar",
        "target_id": "T0069",
        "methods": [
          "cfar"
        ],
        "fusion_status": "cfar_only",
        "cfar_id": 70,
        "cfar_ids": [
          70
        ],
        "cfar_fragment_count": 1,
        "yolo_id": null
      }
    },
    {
      "type": "Feature",
      "geometry": {
        "type": "Polygon",
        "coordinates": [
          [
            [
              -40.23752470799509,
              -20.29501545644165
            ],
            [
              -40.23655409881358,
              -20.29501545644165
            ],
            [
              -40.23655409881358,
              -20.29429542587769
            ],
            [
              -40.23752470799509,
              -20.29429542587769
            ],
            [
              -40.23752470799509,
              -20.29501545644165
            ]
          ]
        ]
      },
      "properties": {
        "detection_method": "yolo8",
        "confidence": 0.9855983853340149,
        "class": "ship-1",
        "bbox_pixel": [
          5014.2618408203125,
          9657.030418395996,
          5022.98388671875,
          9667.566452026367
        ],
        "bbox_geo": [
          -40.23752470799509,
          -20.29501545644165,
          -40.23655409881358,
          -20.29429542587769
        ],
        "model": "SAR-MULTI-1280p",
        "class_id": 0,
        "class_name": "ship-1",
        "tile_id": 461,
        "land_mask_checked": true,
        "center_is_water": true,
        "bbox_water_fraction": 1.0,
        "land_mask_method": "natural_earth_land_point_mask",
        "id": 70,
        "source": "yolo",
        "centroid_lon": -40.237039402450556,
        "centroid_lat": -20.294655441431928,
        "score": 0.9855983853340149,
        "patch_id": 54,
        "patch_label": "P055",
        "target_id": "T0070",
        "methods": [
          "yolo"
        ],
        "fusion_status": "yolo_only",
        "cfar_id": null,
        "cfar_ids": [],
        "cfar_fragment_count": 0,
        "yolo_id": 1
      }
    },
    {
      "type": "Feature",
      "geometry": {
        "type": "Polygon",
        "coordinates": [
          [
            [
              -40.342564751864586,
              -20.324162147374167
            ],
            [
              -40.34159508332335,
              -20.324162147374167
            ],
            [
              -40.34159508332335,
              -20.323536921223713
            ],
            [
              -40.342564751864586,
              -20.323536921223713
            ],
            [
              -40.342564751864586,
              -20.324162147374167
            ]
          ]
        ]
      },
      "properties": {
        "detection_method": "yolo8",
        "confidence": 0.9646745324134827,
        "class": "ship-1",
        "bbox_pixel": [
          5975.712173461914,
          10224.842895507812,
          5983.028999328613,
          10233.947998046875
        ],
        "bbox_geo": [
          -40.342564751864586,
          -20.324162147374167,
          -40.34159508332335,
          -20.323536921223713
        ],
        "model": "SAR-MULTI-1280p",
        "class_id": 0,
        "class_name": "ship-1",
        "tile_id": 463,
        "land_mask_checked": true,
        "center_is_water": true,
        "bbox_water_fraction": 1.0,
        "land_mask_method": "natural_earth_land_point_mask",
        "id": 71,
        "source": "yolo",
        "centroid_lon": -40.342091033037576,
        "centroid_lat": -20.323894147151627,
        "score": 0.9646745324134827,
        "patch_id": 67,
        "patch_label": "P068",
        "target_id": "T0071",
        "methods": [
          "yolo"
        ],
        "fusion_status": "yolo_only",
        "cfar_id": null,
        "cfar_ids": [],
        "cfar_fragment_count": 0,
        "yolo_id": 2
      }
    },
    {
      "type": "Feature",
      "geometry": {
        "type": "Polygon",
        "coordinates": [
          [
            [
              -40.20021069052791,
              -20.31926557792103
            ],
            [
              -40.19819921963082,
              -20.31926557792103
            ],
            [
              -40.19819921963082,
              -20.317936016194203
            ],
            [
              -40.20021069052791,
              -20.317936016194203
            ],
            [
              -40.20021069052791,
              -20.31926557792103
            ]
          ]
        ]
      },
      "properties": {
        "detection_method": "yolo8",
        "confidence": 0.8718297481536865,
        "class": "ship-1",
        "bbox_pixel": [
          4564.918380737305,
          9814.727645874023,
          4581.230010986328,
          9833.033660888672
        ],
        "bbox_geo": [
          -40.20021069052791,
          -20.31926557792103,
          -40.19819921963082,
          -20.317936016194203
        ],
        "model": "SAR-MULTI-1280p",
        "class_id": 0,
        "class_name": "ship-1",
        "tile_id": 461,
        "land_mask_checked": true,
        "center_is_water": true,
        "bbox_water_fraction": 1.0,
        "land_mask_method": "natural_earth_land_point_mask",
        "id": 72,
        "source": "yolo",
        "centroid_lon": -40.1992402280511,
        "centroid_lat": -20.31854550540238,
        "score": 0.8718297481536865,
        "patch_id": 54,
        "patch_label": "P055",
        "target_id": "T0072",
        "methods": [
          "yolo"
        ],
        "fusion_status": "yolo_only",
        "cfar_id": null,
        "cfar_ids": [],
        "cfar_fragment_count": 0,
        "yolo_id": 14
      }
    },
    {
      "type": "Feature",
      "geometry": {
        "type": "Polygon",
        "coordinates": [
          [
            [
              -40.33061690918956,
              -20.322770624059885
            ],
            [
              -40.32978743912882,
              -20.322770624059885
            ],
            [
              -40.32978743912882,
              -20.322301728354574
            ],
            [
              -40.33061690918956,
              -20.322301728354574
            ],
            [
              -40.33061690918956,
              -20.322770624059885
            ]
          ]
        ]
      },
      "properties": {
        "detection_method": "yolo8",
        "confidence": 0.793505847454071,
        "class": "ship-1",
        "bbox_pixel": [
          5862.204406738281,
          10182.302673339844,
          5869.84619140625,
          10189.611389160156
        ],
        "bbox_geo": [
          -40.33061690918956,
          -20.322770624059885,
          -40.32978743912882,
          -20.322301728354574
        ],
        "model": "SAR-MULTI-1280p",
        "class_id": 0,
        "class_name": "ship-1",
        "tile_id": 462,
        "land_mask_checked": true,
        "center_is_water": true,
        "bbox_water_fraction": 1.0,
        "land_mask_method": "natural_earth_land_point_mask",
        "id": 73,
        "source": "yolo",
        "centroid_lon": -40.33023916448852,
        "centroid_lat": -20.322480449089912,
        "score": 0.793505847454071,
        "patch_id": 54,
        "patch_label": "P055",
        "target_id": "T0073",
        "methods": [
          "yolo"
        ],
        "fusion_status": "yolo_only",
        "cfar_id": null,
        "cfar_ids": [],
        "cfar_fragment_count": 0,
        "yolo_id": 27
      }
    },
    {
      "type": "Feature",
      "geometry": {
        "type": "Polygon",
        "coordinates": [
          [
            [
              -40.24985365984833,
              -20.290190663693743
            ],
            [
              -40.24921350291925,
              -20.290190663693743
            ],
            [
              -40.24921350291925,
              -20.28967801566684
            ],
            [
              -40.24985365984833,
              -20.28967801566684
            ],
            [
              -40.24985365984833,
              -20.290190663693743
            ]
          ]
        ]
      },
      "properties": {
        "detection_method": "yolo8",
        "confidence": 0.5806635022163391,
        "class": "ship-1",
        "bbox_pixel": [
          5152.0,
          9639.94051361084,
          5157.942685127258,
          9646.769508361816
        ],
        "bbox_geo": [
          -40.24985365984833,
          -20.290190663693743,
          -40.24921350291925,
          -20.28967801566684
        ],
        "model": "SAR-MULTI-1280p",
        "class_id": 0,
        "class_name": "ship-1",
        "tile_id": 462,
        "land_mask_checked": true,
        "center_is_water": true,
        "bbox_water_fraction": 1.0,
        "land_mask_method": "natural_earth_land_point_mask",
        "id": 74,
        "source": "yolo",
        "centroid_lon": -40.24949663434654,
        "centroid_lat": -20.289990056997983,
        "score": 0.5806635022163391,
        "patch_id": 54,
        "patch_label": "P055",
        "target_id": "T0074",
        "methods": [
          "yolo"
        ],
        "fusion_status": "yolo_only",
        "cfar_id": null,
        "cfar_ids": [],
        "cfar_fragment_count": 0,
        "yolo_id": 30
      }
    },
    {
      "type": "Feature",
      "geometry": {
        "type": "Polygon",
        "coordinates": [
          [
            [
              -40.332734604787035,
              -20.323508063281256
            ],
            [
              -40.33159428152566,
              -20.323508063281256
            ],
            [
              -40.33159428152566,
              -20.323016624671713
            ],
            [
              -40.332734604787035,
              -20.323016624671713
            ],
            [
              -40.332734604787035,
              -20.323508063281256
            ]
          ]
        ]
      },
      "properties": {
        "detection_method": "yolo8",
        "confidence": 0.4444859027862549,
        "class": "ship-1",
        "bbox_pixel": [
          5878.8326416015625,
          10194.474182128906,
          5888.692199707031,
          10202.586791992188
        ],
        "bbox_geo": [
          -40.332734604787035,
          -20.323508063281256,
          -40.33159428152566,
          -20.323016624671713
        ],
        "model": "SAR-MULTI-1280p",
        "class_id": 0,
        "class_name": "ship-1",
        "tile_id": 462,
        "land_mask_checked": true,
        "center_is_water": true,
        "bbox_water_fraction": 1.0,
        "land_mask_method": "natural_earth_land_point_mask",
        "id": 75,
        "source": "yolo",
        "centroid_lon": -40.332164451356654,
        "centroid_lat": -20.323262342118735,
        "score": 0.4444859027862549,
        "patch_id": 54,
        "patch_label": "P055",
        "target_id": "T0075",
        "methods": [
          "yolo"
        ],
        "fusion_status": "yolo_only",
        "cfar_id": null,
        "cfar_ids": [],
        "cfar_fragment_count": 0,
        "yolo_id": 31
      }
    },
    {
      "type": "Feature",
      "geometry": {
        "type": "Polygon",
        "coordinates": [
          [
            [
              -40.47795549287568,
              -20.653349480299063
            ],
            [
              -40.473474325124386,
              -20.653349480299063
            ],
            [
              -40.473474325124386,
              -20.65184005535345
            ],
            [
              -40.47795549287568,
              -20.65184005535345
            ],
            [
              -40.47795549287568,
              -20.653349480299063
            ]
          ]
        ]
      },
      "properties": {
        "detection_method": "yolo8",
        "confidence": 0.43706008791923523,
        "class": "ship-1",
        "bbox_pixel": [
          6480.847900390625,
          14026.646186828613,
          6521.3519287109375,
          14053.301223754883
        ],
        "bbox_geo": [
          -40.47795549287568,
          -20.653349480299063,
          -40.473474325124386,
          -20.65184005535345
        ],
        "model": "SAR-MULTI-1280p",
        "class_id": 0,
        "class_name": "ship-1",
        "tile_id": 673,
        "land_mask_checked": true,
        "center_is_water": true,
        "bbox_water_fraction": 1.0,
        "land_mask_method": "natural_earth_land_point_mask",
        "id": 76,
        "source": "yolo",
        "centroid_lon": -40.4757518168717,
        "centroid_lat": -20.652539014704058,
        "score": 0.43706008791923523,
        "patch_id": 81,
        "patch_label": "P082",
        "target_id": "T0076",
        "methods": [
          "yolo"
        ],
        "fusion_status": "yolo_only",
        "cfar_id": null,
        "cfar_ids": [],
        "cfar_fragment_count": 0,
        "yolo_id": 32
      }
    },
    {
      "type": "Feature",
      "geometry": {
        "type": "Polygon",
        "coordinates": [
          [
            [
              -40.234404122178226,
              -20.292809070310014
            ],
            [
              -40.23294545367302,
              -20.292809070310014
            ],
            [
              -40.23294545367302,
              -20.2921070333058
            ],
            [
              -40.234404122178226,
              -20.2921070333058
            ],
            [
              -40.234404122178226,
              -20.292809070310014
            ]
          ]
        ]
      },
      "properties": {
        "detection_method": "yolo8",
        "confidence": 0.36109501123428345,
        "class": "ship-1",
        "bbox_pixel": [
          4983.939697265625,
          9625.927368164062,
          4996.2451171875,
          9636.6293258667
        ],
        "bbox_geo": [
          -40.234404122178226,
          -20.292809070310014,
          -40.23294545367302,
          -20.2921070333058
        ],
        "model": "SAR-MULTI-1280p",
        "class_id": 0,
        "class_name": "ship-1",
        "tile_id": 461,
        "land_mask_checked": true,
        "center_is_water": true,
        "bbox_water_fraction": 1.0,
        "land_mask_method": "natural_earth_land_point_mask",
        "id": 77,
        "source": "yolo",
        "centroid_lon": -40.233732625569544,
        "centroid_lat": -20.292491911216835,
        "score": 0.36109501123428345,
        "patch_id": 54,
        "patch_label": "P055",
        "target_id": "T0077",
        "methods": [
          "yolo"
        ],
        "fusion_status": "yolo_only",
        "cfar_id": null,
        "cfar_ids": [],
        "cfar_fragment_count": 0,
        "yolo_id": 34
      }
    },
    {
      "type": "Feature",
      "geometry": {
        "type": "Polygon",
        "coordinates": [
          [
            [
              -40.24750778949498,
              -20.29261988577601
            ],
            [
              -40.2450535260161,
              -20.29261988577601
            ],
            [
              -40.2450535260161,
              -20.291393987675853
            ],
            [
              -40.24750778949498,
              -20.291393987675853
            ],
            [
              -40.24750778949498,
              -20.29261988577601
            ]
          ]
        ]
      },
      "properties": {
        "detection_method": "yolo8",
        "confidence": 0.32606834173202515,
        "class": "ship-1",
        "bbox_pixel": [
          5107.4676513671875,
          9647.080657958984,
          5128.685363769531,
          9666.685806274414
        ],
        "bbox_geo": [
          -40.24750778949498,
          -20.29261988577601,
          -40.2450535260161,
          -20.291393987675853
        ],
        "model": "SAR-MULTI-1280p",
        "class_id": 0,
        "class_name": "ship-1",
        "tile_id": 461,
        "land_mask_checked": true,
        "center_is_water": true,
        "bbox_water_fraction": 1.0,
        "land_mask_method": "natural_earth_land_point_mask",
        "id": 78,
        "source": "yolo",
        "centroid_lon": -40.24631763899903,
        "centroid_lat": -20.291951211652137,
        "score": 0.32606834173202515,
        "patch_id": 54,
        "patch_label": "P055",
        "target_id": "T0078",
        "methods": [
          "yolo"
        ],
        "fusion_status": "yolo_only",
        "cfar_id": null,
        "cfar_ids": [],
        "cfar_fragment_count": 0,
        "yolo_id": 35
      }
    },
    {
      "type": "Feature",
      "geometry": {
        "type": "Polygon",
        "coordinates": [
          [
            [
              -40.349773292972564,
              -20.322874147019114
            ],
            [
              -40.345658468551996,
              -20.322874147019114
            ],
            [
              -40.345658468551996,
              -20.321465784595617
            ],
            [
              -40.349773292972564,
              -20.321465784595617
            ],
            [
              -40.349773292972564,
              -20.322874147019114
            ]
          ]
        ]
      },
      "properties": {
        "detection_method": "yolo8",
        "confidence": 0.26538321375846863,
        "class": "ship-1",
        "bbox_pixel": [
          6020.170333862305,
          10212.465698242188,
          6057.525421142578,
          10237.776794433594
        ],
        "bbox_geo": [
          -40.349773292972564,
          -20.322874147019114,
          -40.345658468551996,
          -20.321465784595617
        ],
        "model": "SAR-MULTI-1280p",
        "class_id": 0,
        "class_name": "ship-1",
        "tile_id": 463,
        "land_mask_checked": true,
        "center_is_water": true,
        "bbox_water_fraction": 1.0,
        "land_mask_method": "natural_earth_land_point_mask",
        "id": 79,
        "source": "yolo",
        "centroid_lon": -40.347678963036046,
        "centroid_lat": -20.32222567648361,
        "score": 0.26538321375846863,
        "patch_id": 67,
        "patch_label": "P068",
        "target_id": "T0079",
        "methods": [
          "yolo"
        ],
        "fusion_status": "yolo_only",
        "cfar_id": null,
        "cfar_ids": [],
        "cfar_fragment_count": 0,
        "yolo_id": 37
      }
    }
  ]
}