{
  "type": "FeatureCollection",
  "features": [
    {
      "type": "Feature",
      "geometry": {
        "type": "Polygon",
        "coordinates": [
          [
            [
              -41.608665630974144,
              -20.65226844297091
            ],
            [
              -41.61016197839866,
              -20.651910995035482
            ],
            [
              -41.61165991803451,
              -20.651553057635113
            ],
            [
              -41.614655925981495,
              -20.650837152181737
            ],
            [
              -41.61615373747058,
              -20.65047924543401
            ],
            [
              -41.616697993181894,
              -20.650349193848246
            ],
            [
              -41.617651677370695,
              -20.65012130803364
            ],
            [
              -41.62064770395222,
              -20.64940539824203
            ],
            [
              -41.622145497534014,
              -20.649047495832537
            ],
            [
              -41.622696782269486,
              -20.648915764658625
            ],
            [
              -41.62364343766562,
              -20.648689558432167
            ],
            [
              -41.626639547319634,
              -20.64797362888903
            ],
            [
              -41.628137258457876,
              -20.647615746231068
            ],
            [
              -41.628698151349965,
              -20.647481719175055
            ],
            [
              -41.62963519878821,
              -20.647257808830698
            ],
            [
              -41.63263101557116,
              -20.64654194935322
            ],
            [
              -41.63412902011112,
              -20.646183996629595
            ],
            [
              -41.63553333932639,
              -20.64584843031675
            ],
            [
              -41.63562696060741,
              -20.64582605922923
            ],
            [
              -41.6416187229922,
              -20.644394309627753
            ],
            [
              -41.6476104858115,
              -20.642962560026284
            ],
            [
              -41.65360224893426,
              -20.64153081042481
            ],
            [
              -41.659594012229434,
              -20.64009906082334
            ],
            [
              -41.66558577556596,
              -20.638667311221866
            ],
            [
              -41.67157753881279,
              -20.637235561620393
            ],
            [
              -41.67756930183888,
              -20.63580381201892
            ],
            [
              -41.68356106451316,
              -20.63437206241745
            ],
            [
              -41.68955282670457,
              -20.632940312815983
            ],
            [
              -41.695544588282075,
              -20.631508563214506
            ],
            [
              -41.701536349114626,
              -20.630076813613037
            ],
            [
              -41.70752810907115,
              -20.628645064011565
            ],
            [
              -41.71351986802061,
              -20.627213314410092
            ],
            [
              -41.71951162583194,
              -20.62578156480862
            ],
            [
              -41.72550568714059,
              -20.624346025848347
            ],
            [
              -41.731500640511676,
              -20.622909021045576
            ],
            [
              -41.737495636043626,
              -20.621471948668507
            ],
            [
              -41.743490632521656,
              -20.620034876291435
            ],
            [
              -41.7494856298145,
              -20.618597803914362
            ],
            [
              -41.75548062779088,
              -20.617160731537293
            ],
            [
              -41.76147562631955,
              -20.61572365916022
            ],
            [
              -41.76747062526924,
              -20.61428658678315
            ],
            [
              -41.77346562450866,
              -20.61284951440608
            ],
            [
              -41.77946062390657,
              -20.611412442029007
            ],
            [
              -41.78545562333169,
              -20.609975369651938
            ],
            [
              -41.79145062265277,
              -20.608538297274865
            ],
            [
              -41.79294937247448,
              -20.608179029180597
            ],
            [
              -41.79744529036811,
              -20.607101304331216
            ],
            [
              -41.797445621738525,
              -20.607101224897796
            ],
            [
              -41.797445695886246,
              -20.60710120712371
            ],
            [
              -41.79894437149321,
              -20.60674195680353
            ],
            [
              -41.80344062045769,
              -20.605664152520724
            ],
            [
              -41.80493937011252,
              -20.605304884426456
            ],
            [
              -41.809435531512555,
              -20.604227101038497
            ],
            [
              -41.809435618679025,
              -20.604227080143655
            ],
            [
              -41.809435641970126,
              -20.6042270745605
            ],
            [
              -41.810934368201195,
              -20.603867812049387
            ],
            [
              -41.815430487573515,
              -20.602790038616963
            ],
            [
              -41.81543061627124,
              -20.602790007766583
            ],
            [
              -41.815430652072955,
              -20.602789999184484
            ],
            [
              -41.81692936562792,
              -20.602430739672315
            ],
            [
              -41.82142561310307,
              -20.60135293538951
            ],
            [
              -41.821732600659956,
              -20.60127934680138
            ],
            [
              -41.822830690439055,
              -20.601016121551137
            ],
            [
              -41.82292436226145,
              -20.600993667295242
            ],
            [
              -41.82891935797053,
              -20.599556594918173
            ],
            [
              -41.83491435262387,
              -20.5981195225411
            ],
            [
              -41.84091515932754,
              -20.596680654115165
            ],
            [
              -41.84698310334669,
              -20.595221043085655
            ],
            [
              -41.85305104858419,
              -20.593761432056144
            ],
            [
              -41.859118994903945,
              -20.592301821026638
            ],
            [
              -41.86518694216983,
              -20.590842209997128
            ],
            [
              -41.871254890245716,
              -20.589382598967617
            ],
            [
              -41.8773228389955,
              -20.587922987938107
            ],
            [
              -41.883390788283066,
              -20.586463376908597
            ],
            [
              -41.8894587379723,
              -20.585003765879087
            ],
            [
              -41.89552668792708,
              -20.583544154849577
            ],
            [
              -41.90159463801128,
              -20.58208454382007
            ],
            [
              -41.90766258808881,
              -20.58062493279056
            ],
            [
              -41.91373053802352,
              -20.57916532176105
            ],
            [
              -41.91979848767933,
              -20.57770571073154
            ],
            [
              -41.925866436920096,
              -20.576246099702033
            ],
            [
              -41.93193438560971,
              -20.574786488672522
            ],
            [
              -41.93800233361205,
              -20.573326877643012
            ],
            [
              -41.94407028079102,
              -20.571867266613502
            ],
            [
              -41.95013822701047,
              -20.570407655583995
            ],
            [
              -41.95620617213432,
              -20.56894804455448
            ],
            [
              -41.962250428426074,
              -20.567493226633875
            ],
            [
              -41.9682056583083,
              -20.566056422962692
            ],
            [
              -41.97416088932009,
              -20.564619619291513
            ],
            [
              -41.98011612133276,
              -20.56318281562033
            ],
            [
              -41.981604986463445,
              -20.562823600972138
            ],
            [
              -41.98756010434365,
              -20.56138682509269
            ],
            [
              -41.98756037406046,
              -20.56138676001882
            ],
            [
              -41.993515325928385,
              -20.55995002436435
            ],
            [
              -41.993515663794575,
              -20.559949942848263
            ],
            [
              -41.99947057275114,
              -20.55851321768749
            ],
            [
              -41.99947086746637,
              -20.558513146582328
            ],
            [
              -42.00542586559075,
              -20.55707640001781
            ],
            [
              -42.01138110073504,
              -20.555639596346627
            ],
            [
              -42.01733633607604,
              -20.554202792675447
            ],
            [
              -42.023291571485046,
              -20.552765989004264
            ],
            [
              -42.02924680683341,
              -20.551329185333085
            ],
            [
              -42.035202041992456,
              -20.549892381661902
            ],
            [
              -42.04115727683353,
              -20.54845557799072
            ],
            [
              -42.04711251122794,
              -20.54701877431954
            ],
            [
              -42.05306774504702,
              -20.545581970648357
            ],
            [
              -42.05902297816209,
              -20.544145166977177
            ],
            [
              -42.064978210444494,
              -20.542708363305994
            ],
            [
              -42.07093344176556,
              -20.541271559634815
            ],
            [
              -42.07688164290357,
              -20.539836094624057
            ],
            [
              -42.082795149186126,
              -20.53840723694641
            ],
            [
              -42.08866783567417,
              -20.53698615332425
            ],
            [
              -42.09454052319071,
              -20.535565069702088
            ],
            [
              -42.10041321161234,
              -20.534143986079933
            ],
            [
              -42.10628590081568,
              -20.532722902457778
            ],
            [
              -42.11215859067731,
              -20.53130181883562
            ],
            [
              -42.118031281073854,
              -20.52988073521346
            ],
            [
              -42.123903971881916,
              -20.5284596515913
            ],
            [
              -42.1297766629781,
              -20.527038567969143
            ],
            [
              -42.13564935423901,
              -20.525617484346988
            ],
            [
              -42.14152204554125,
              -20.52419640072483
            ],
            [
              -42.14739473676143,
              -20.52277531710267
            ],
            [
              -42.15326742777615,
              -20.521354233480512
            ],
            [
              -42.15914011846201,
              -20.519933149858353
            ],
            [
              -42.16501280869562,
              -20.518512066236198
            ],
            [
              -42.16648098114915,
              -20.518156795321215
            ],
            [
              -42.16794908693434,
              -20.51780154053875
            ],
            [
              -42.1708854983536,
              -20.51709098261404
            ],
            [
              -42.171807524369875,
              -20.516867869133982
            ],
            [
              -42.17235367064281,
              -20.5167357117085
            ],
            [
              -42.17382189555033,
              -20.516380428046343
            ],
            [
              -42.17675818731255,
              -20.51566989899188
            ],
            [
              -42.17768853223369,
              -20.515444772457037
            ],
            [
              -42.178226359403865,
              -20.515314628086344
            ],
            [
              -42.179694719834615,
              -20.514959311578412
            ],
            [
              -42.182630875449064,
              -20.514248815369722
            ],
            [
              -42.1835675557051,
              -20.514022155762657
            ],
            [
              -42.18409904731163,
              -20.51389354446418
            ],
            [
              -42.18556729942185,
              -20.51353825410876
            ],
            [
              -42.18850356263974,
              -20.512827731747564
            ],
            [
              -42.18850392576617,
              -20.512827643846155
            ],
            [
              -42.18997173424272,
              -20.512472460842027
            ],
            [
              -42.19143846409665,
              -20.512117285048454
            ],
            [
              -42.19437336553304,
              -20.51140683835431
            ],
            [
              -42.19574707311213,
              -20.511073950219963
            ],
            [
              -42.195747068813816,
              -20.511073935384907
            ],
            [
              -42.1958386536174,
              -20.511051757677674
            ],
            [
              -42.201693332087395,
              -20.50963186211861
            ],
            [
              -42.20754153719557,
              -20.508212393707034
            ],
            [
              -42.21338974325408,
              -20.506792925295457
            ],
            [
              -42.219237950141064,
              -20.50537345688388
            ],
            [
              -42.22508615773467,
              -20.503953988472304
            ],
            [
              -42.230934365913036,
              -20.50253452006073
            ],
            [
              -42.236782574554304,
              -20.501115051649155
            ],
            [
              -42.24263078353661,
              -20.49969558323758
            ],
            [
              -42.248478992738114,
              -20.498276114826
            ],
            [
              -42.25432720203695,
              -20.496856646414425
            ],
            [
              -42.260175411311245,
              -20.495437178002852
            ],
            [
              -42.26602362043916,
              -20.494017709591276
            ],
            [
              -42.27187182929883,
              -20.4925982411797
            ],
            [
              -42.27772003776839,
              -20.491178772768123
            ],
            [
              -42.283568245726,
              -20.489759304356546
            ],
            [
              -42.289416453049796,
              -20.48833983594497
            ],
            [
              -42.295264659617914,
              -20.486920367533394
            ],
            [
              -42.3011128653085,
              -20.485500899121817
            ],
            [
              -42.30696106999969,
              -20.48408143071024
            ],
            [
              -42.31207824834236,
              -20.482839395850114
            ],
            [
              -42.310653938586945,
              -20.477799107190854
            ],
            [
              -42.30905471356674,
              -20.47213983571379
            ],
            [
              -42.30745548850918,
              -20.466480564236726
            ],
            [
              -42.30585626341677,
              -20.460821292759658
            ],
            [
              -42.304257038291986,
              -20.455162021282593
            ],
            [
              -42.30265781313733,
              -20.44950274980553
            ],
            [
              -42.301058587955296,
              -20.443843478328464
            ],
            [
              -42.299459362748365,
              -20.4381842068514
            ],
            [
              -42.29786013751904,
              -20.43252493537433
            ],
            [
              -42.2962609122698,
              -20.426865663897267
            ],
            [
              -42.29466168700314,
              -20.421206392420203
            ],
            [
              -42.294636699108125,
              -20.4211179663034
            ],
            [
              -42.29426188068446,
              -20.41979157455094
            ],
            [
              -42.2934639274758,
              -20.416967811147373
            ],
            [
              -42.293062461721576,
              -20.41554712094314
            ],
            [
              -42.292910036005004,
              -20.415007723202628
            ],
            [
              -42.29266265539947,
              -20.41413230307387
            ],
            [
              -42.29186405970434,
              -20.411306266086974
            ],
            [
              -42.29146323642757,
              -20.409887849466074
            ],
            [
              -42.29130657408434,
              -20.409333459332053
            ],
            [
              -42.29106343010267,
              -20.40847303159681
            ],
            [
              -42.290263817449606,
              -20.405643395858277
            ],
            [
              -42.28986401112362,
              -20.40422857798901
            ],
            [
              -42.28969946065668,
              -20.403646273696143
            ],
            [
              -42.289464204796545,
              -20.40281376011974
            ],
            [
              -42.288662239912526,
              -20.399975800417003
            ],
            [
              -42.28826478581222,
              -20.398569306511945
            ],
            [
              -42.28808384518656,
              -20.397929001414628
            ],
            [
              -42.287864979483594,
              -20.397154488642677
            ],
            [
              -42.28705965670017,
              -20.394304646154055
            ],
            [
              -42.28666556049586,
              -20.392910035034877
            ],
            [
              -42.286265754166315,
              -20.391495217165613
            ],
            [
              -42.28466652884719,
              -20.38583594568854
            ],
            [
              -42.283067303528725,
              -20.38017667421148
            ],
            [
              -42.2814680782134,
              -20.37451740273442
            ],
            [
              -42.279868852903704,
              -20.36885813125735
            ],
            [
              -42.278269627602135,
              -20.363198859780283
            ],
            [
              -42.276670402311176,
              -20.357539588303222
            ],
            [
              -42.27507117703333,
              -20.351880316826154
            ],
            [
              -42.2734719517711,
              -20.34622104534909
            ],
            [
              -42.271872726526944,
              -20.340561773872025
            ],
            [
              -42.27027350130337,
              -20.33490250239496
            ],
            [
              -42.268674276102885,
              -20.329243230917896
            ],
            [
              -42.267075050927964,
              -20.323583959440832
            ],
            [
              -42.26548071937121,
              -20.31792316542481
            ],
            [
              -42.26391648291481,
              -20.312253007944385
            ],
            [
              -42.26236173440239,
              -20.306579898480148
            ],
            [
              -42.26080698586299,
              -20.30090678901591
            ],
            [
              -42.25925223729891,
              -20.29523367955168
            ],
            [
              -42.257697488712424,
              -20.289560570087446
            ],
            [
              -42.25614274010585,
              -20.283887460623212
            ],
            [
              -42.254587991481465,
              -20.278214351158976
            ],
            [
              -42.253033242841546,
              -20.272541241694746
            ],
            [
              -42.25147849418839,
              -20.26686813223051
            ],
            [
              -42.2499237455243,
              -20.261195022766273
            ],
            [
              -42.248368996851546,
              -20.25552191330204
            ],
            [
              -42.24681424817243,
              -20.249848803837807
            ],
            [
              -42.24525949948923,
              -20.244175694373574
            ],
            [
              -42.245235206541025,
              -20.2440870520382
            ],
            [
              -42.24487081231821,
              -20.242757417007514
            ],
            [
              -42.243695456597834,
              -20.238468671357346
            ],
            [
              -42.24215143629461,
              -20.232834708593703
            ],
            [
              -42.242150002119764,
              -20.232829475445104
            ],
            [
              -42.24214985251024,
              -20.232828929536158
            ],
            [
              -42.240597627307615,
              -20.227165027973562
            ],
            [
              -42.24059525343808,
              -20.227156365980868
            ],
            [
              -42.24059477921087,
              -20.22715463557718
            ],
            [
              -42.23904050476147,
              -20.221483256516635
            ],
            [
              -42.23748575609224,
              -20.2158101470524
            ],
            [
              -42.23709706892543,
              -20.214391869686345
            ],
            [
              -42.23554232026841,
              -20.20871876022211
            ],
            [
              -42.23398757162392,
              -20.203045650757876
            ],
            [
              -42.23243282299425,
              -20.197372541293642
            ],
            [
              -42.230878074381664,
              -20.191699431829406
            ],
            [
              -42.229323325788485,
              -20.186026322365173
            ],
            [
              -42.227768577216985,
              -20.18035321290094
            ],
            [
              -42.22621382866945,
              -20.174680103436703
            ],
            [
              -42.224659080148186,
              -20.16900699397247
            ],
            [
              -42.22310433165546,
              -20.163333884508237
            ],
            [
              -42.22154958319359,
              -20.157660775044004
            ],
            [
              -42.21999483476484,
              -20.151987665579767
            ],
            [
              -42.2184968802868,
              -20.146300924549234
            ],
            [
              -42.217006718828976,
              -20.14061231304711
            ],
            [
              -42.21551655734477,
              -20.134923701544988
            ],
            [
              -42.21402639583621,
              -20.129235090042865
            ],
            [
              -42.21253623430528,
              -20.123546478540742
            ],
            [
              -42.21104607275403,
              -20.117857867038616
            ],
            [
              -42.20955591118446,
              -20.112169255536493
            ],
            [
              -42.20806574959858,
              -20.10648064403437
            ],
            [
              -42.20657558799842,
              -20.100792032532247
            ],
            [
              -42.20508542638599,
              -20.095103421030124
            ],
            [
              -42.203595264763294,
              -20.089414809528
            ],
            [
              -42.202105103132375,
              -20.08372619802588
            ],
            [
              -42.200614941495225,
              -20.078037586523756
            ],
            [
              -42.19912477985387,
              -20.072348975021633
            ],
            [
              -42.19763461821032,
              -20.066660363519507
            ],
            [
              -42.19761133443464,
              -20.066571478964786
            ],
            [
              -42.197262077799394,
              -20.065238210643976
            ],
            [
              -42.19577191615614,
              -20.059549599141853
            ],
            [
              -42.19428175451523,
              -20.05386098763973
            ],
            [
              -42.19279159287868,
              -20.048172376137607
            ],
            [
              -42.19130143124849,
              -20.042483764635485
            ],
            [
              -42.189811269626716,
              -20.03679515313336
            ],
            [
              -42.18832110801535,
              -20.03110654163124
            ],
            [
              -42.18683094641639,
              -20.025417930129116
            ],
            [
              -42.185340784831894,
              -20.019729318626993
            ],
            [
              -42.183850623263844,
              -20.014040707124867
            ],
            [
              -42.18236046171427,
              -20.008352095622744
            ],
            [
              -42.180870300185184,
              -20.00266348412062
            ],
            [
              -42.179380138678596,
              -19.996974872618498
            ],
            [
              -42.17788997719654,
              -19.991286261116375
            ],
            [
              -42.176392810283694,
              -19.985599426246942
            ],
            [
              -42.17487018525739,
              -19.979919047736296
            ],
            [
              -42.17333423493662,
              -19.974242048607827
            ],
            [
              -42.171798284589016,
              -19.96856504947936
            ],
            [
              -42.17026233421679,
              -19.962888050350887
            ],
            [
              -42.16872638382215,
              -19.95721105122242
            ],
            [
              -42.1671904334073,
              -19.951534052093947
            ],
            [
              -42.16565448297446,
              -19.945857052965483
            ],
            [
              -42.164118532525826,
              -19.940180053837015
            ],
            [
              -42.16258258206362,
              -19.934503054708543
            ],
            [
              -42.16104663159003,
              -19.928826055580075
            ],
            [
              -42.15951068110728,
              -19.923149056451603
            ],
            [
              -42.157974730617575,
              -19.91747205732314
            ],
            [
              -42.15643878012311,
              -19.911795058194667
            ],
            [
              -42.1549028296261,
              -19.906118059066195
            ],
            [
              -42.15336687912876,
              -19.900441059937727
            ],
            [
              -42.15183092863329,
              -19.89476406080926
            ],
            [
              -42.150294978141886,
              -19.88908706168079
            ],
            [
              -42.1495242502999,
              -19.886238388282994
            ],
            [
              -42.14852595220237,
              -19.882548596527368
            ],
            [
              -42.147988907236254,
              -19.880563634218355
            ],
            [
              -42.14698407558784,
              -19.876849693900198
            ],
            [
              -42.14645674799323,
              -19.874900647780898
            ],
            [
              -42.14544485607207,
              -19.871160612087337
            ],
            [
              -42.14492075247188,
              -19.86922348210005
            ],
            [
              -42.14390728571486,
              -19.865477625650904
            ],
            [
              -42.14338337716819,
              -19.86354121657839
            ],
            [
              -42.14223123821705,
              -19.859282816256325
            ],
            [
              -42.140695287801236,
              -19.853605817127857
            ],
            [
              -42.1391593374055,
              -19.84792881799939
            ],
            [
              -42.137623387032065,
              -19.84225181887092
            ],
            [
              -42.13608743668311,
              -19.836574819742452
            ],
            [
              -42.13455148636088,
              -19.83089782061398
            ],
            [
              -42.13301553606756,
              -19.825220821485512
            ],
            [
              -42.1314721170674,
              -19.819545719719514
            ],
            [
              -42.129907025567746,
              -19.813876123650154
            ],
            [
              -42.1283277302736,
              -19.808210135914962
            ],
            [
              -42.12674843494698,
              -19.80254414817977
            ],
            [
              -42.12516913959029,
              -19.796878160444578
            ],
            [
              -42.123589844205924,
              -19.79121217270939
            ],
            [
              -42.12201054879629,
              -19.785546184974198
            ],
            [
              -42.120431253363776,
              -19.77988019723901
            ],
            [
              -42.11885195791079,
              -19.774214209503818
            ],
            [
              -42.117272662439724,
              -19.768548221768626
            ],
            [
              -42.11569336695299,
              -19.762882234033434
            ],
            [
              -42.11411407145298,
              -19.757216246298242
            ],
            [
              -42.112534775942095,
              -19.75155025856305
            ],
            [
              -42.11095548042274,
              -19.745884270827865
            ],
            [
              -42.1093761848973,
              -19.740218283092673
            ],
            [
              -42.107796889368196,
              -19.73455229535748
            ],
            [
              -42.10621759383781,
              -19.72888630762229
            ],
            [
              -42.104638298308544,
              -19.7232203198871
            ],
            [
              -42.103059002782814,
              -19.71755433215191
            ],
            [
              -42.101479707262996,
              -19.71188834441672
            ],
            [
              -42.10029438555896,
              -19.707635803845008
            ],
            [
              -42.09978799162835,
              -19.705819030616993
            ],
            [
              -42.09871594012594,
              -19.701972865880133
            ],
            [
              -42.098204878662074,
              -19.700139347079954
            ],
            [
              -42.09713799304268,
              -19.696311715783825
            ],
            [
              -42.096623029934804,
              -19.694464199164717
            ],
            [
              -42.09555792704801,
              -19.690642963683565
            ],
            [
              -42.09504238085357,
              -19.688793355124613
            ],
            [
              -42.09397789017839,
              -19.684974316012063
            ],
            [
              -42.09318840597564,
              -19.68214190880697
            ],
            [
              -42.09160911054714,
              -19.676475921071777
            ],
            [
              -42.09002981514196,
              -19.670809933336585
            ],
            [
              -42.08845051976251,
              -19.665143945601397
            ],
            [
              -42.0868712244112,
              -19.659477957866205
            ],
            [
              -42.085294355478354,
              -19.653811395435376
            ],
            [
              -42.0837472756893,
              -19.648137777377936
            ],
            [
              -42.082209855990584,
              -19.64246187130003
            ],
            [
              -42.08067243626288,
              -19.636785965222124
            ],
            [
              -42.07913501650836,
              -19.631110059144216
            ],
            [
              -42.07759759672928,
              -19.62543415306631
            ],
            [
              -42.076060176927825,
              -19.619758246988404
            ],
            [
              -42.074522757106216,
              -19.614082340910496
            ],
            [
              -42.07298533726667,
              -19.608406434832588
            ],
            [
              -42.0714479174114,
              -19.602730528754684
            ],
            [
              -42.06991049754262,
              -19.597054622676776
            ],
            [
              -42.06837307766254,
              -19.591378716598868
            ],
            [
              -42.06683565777339,
              -19.585702810520964
            ],
            [
              -42.065298237877364,
              -19.580026904443056
            ],
            [
              -42.06376081797669,
              -19.574350998365148
            ],
            [
              -42.06222339807357,
              -19.568675092287243
            ],
            [
              -42.06068597817023,
              -19.562999186209336
            ],
            [
              -42.05914855826887,
              -19.55732328013143
            ],
            [
              -42.05761113837171,
              -19.551647374053523
            ],
            [
              -42.056073718480974,
              -19.545971467975615
            ],
            [
              -42.054536298598855,
              -19.540295561897707
            ],
            [
              -42.05299887872759,
              -19.534619655819803
            ],
            [
              -42.05297485654215,
              -19.534530969787337
            ],
            [
              -42.05261452376049,
              -19.53320067930033
            ],
            [
              -42.05146236969671,
              -19.52894711236943
            ],
            [
              -42.05146145886938,
              -19.5289437497419
            ],
            [
              -42.051461197368454,
              -19.528942784322634
            ],
            [
              -42.05107710390568,
              -19.52752477322242
            ],
            [
              -42.04992629607175,
              -19.523276176311246
            ],
            [
              -42.049924039026436,
              -19.523267843663994
            ],
            [
              -42.04992337953242,
              -19.52326540891844
            ],
            [
              -42.049539684066694,
              -19.521848867144517
            ],
            [
              -42.04838661920099,
              -19.517591937586083
            ],
            [
              -42.04800226424575,
              -19.516172961066605
            ],
            [
              -42.046849592521234,
              -19.511917482866004
            ],
            [
              -42.04684919939523,
              -19.511916031508175
            ],
            [
              -42.04684908119802,
              -19.51191559514311
            ],
            [
              -42.04646484444506,
              -19.5104970549887
            ],
            [
              -42.04531184549209,
              -19.5062403686512
            ],
            [
              -42.04531177961139,
              -19.50624012543027
            ],
            [
              -42.04492742466683,
              -19.504821148910793
            ],
            [
              -42.04339000491329,
              -19.49914524283289
            ],
            [
              -42.04185258518664,
              -19.49346933675498
            ],
            [
              -42.04031516548909,
              -19.487793430677073
            ],
            [
              -42.03880271386561,
              -19.482111774359673
            ],
            [
              -42.03729612288864,
              -19.4764287683076
            ],
            [
              -42.03578953188876,
              -19.470745762255525
            ],
            [
              -42.03428294086801,
              -19.46506275620345
            ],
            [
              -42.03277634982852,
              -19.459379750151378
            ],
            [
              -42.03126975877235,
              -19.453696744099304
            ],
            [
              -42.029763167701596,
              -19.44801373804723
            ],
            [
              -42.02825657661831,
              -19.442330731995153
            ],
            [
              -42.02674998552462,
              -19.436647725943082
            ],
            [
              -42.025243394422574,
              -19.43096471989101
            ],
            [
              -42.023736803314286,
              -19.425281713838935
            ],
            [
              -42.0222302122018,
              -19.41959870778686
            ],
            [
              -42.02072362108724,
              -19.413915701734787
            ],
            [
              -42.019217029972666,
              -19.408232695682713
            ],
            [
              -42.017710438860156,
              -19.402549689630636
            ],
            [
              -42.01620384775181,
              -19.396866683578565
            ],
            [
              -42.01469725664971,
              -19.39118367752649
            ],
            [
              -42.01319066555593,
              -19.385500671474418
            ],
            [
              -42.01168407447257,
              -19.379817665422344
            ],
            [
              -42.01017748340169,
              -19.37413465937027
            ],
            [
              -42.00867089234538,
              -19.368451653318193
            ],
            [
              -42.00716430130574,
              -19.36276864726612
            ],
            [
              -42.00565771028484,
              -19.35708564121405
            ],
            [
              -42.00563416980046,
              -19.356996844244485
            ],
            [
              -42.00544098043683,
              -19.356268115397263
            ],
            [
              -42.00528106253482,
              -19.355664889701032
            ],
            [
              -42.004151119284764,
              -19.351402635161975
            ],
            [
              -42.00377466868519,
              -19.349982627297802
            ],
            [
              -42.00377447154047,
              -19.349981883648958
            ],
            [
              -42.003773930064575,
              -19.349979841149803
            ],
            [
              -42.002644528307584,
              -19.3457196291099
            ],
            [
              -42.00226791840624,
              -19.344299020320545
            ],
            [
              -42.00226788056954,
              -19.344298877596884
            ],
            [
              -42.00226777579405,
              -19.344298482373656
            ],
            [
              -42.00113793735541,
              -19.340036623057827
            ],
            [
              -42.00076128962414,
              -19.33861587154481
            ],
            [
              -41.999631346430306,
              -19.334353617005753
            ],
            [
              -41.99925469870632,
              -19.332932865492733
            ],
            [
              -41.99812475553437,
              -19.328670610953676
            ],
            [
              -41.99774810781819,
              -19.327249859440656
            ],
            [
              -41.99624105983816,
              -19.321567021208693
            ],
            [
              -41.994732255061095,
              -19.31588482794297
            ],
            [
              -41.99322229392284,
              -19.310203059194993
            ],
            [
              -41.99171233275366,
              -19.304521290447017
            ],
            [
              -41.99020237155565,
              -19.29883952169904
            ],
            [
              -41.98869241033088,
              -19.293157752951064
            ],
            [
              -41.98718244908149,
              -19.287475984203088
            ],
            [
              -41.98567248780953,
              -19.28179421545511
            ],
            [
              -41.98416252651714,
              -19.27611244670713
            ],
            [
              -41.98265256520638,
              -19.270430677959155
            ],
            [
              -41.98114260387938,
              -19.264748909211182
            ],
            [
              -41.97963264253823,
              -19.259067140463202
            ],
            [
              -41.978122681185006,
              -19.253385371715225
            ],
            [
              -41.97661271982183,
              -19.24770360296725
            ],
            [
              -41.975102758450795,
              -19.242021834219273
            ],
            [
              -41.973592797073984,
              -19.236340065471296
            ],
            [
              -41.972082835693506,
              -19.230658296723316
            ],
            [
              -41.97057287431147,
              -19.224976527975343
            ],
            [
              -41.96906291292996,
              -19.219294759227363
            ],
            [
              -41.967552951551056,
              -19.213612990479387
            ],
            [
              -41.966042990176874,
              -19.20793122173141
            ],
            [
              -41.96453302880952,
              -19.202249452983434
            ],
            [
              -41.96302306745109,
              -19.196567684235458
            ],
            [
              -41.96151310610365,
              -19.190885915487478
            ],
            [
              -41.96000314476933,
              -19.185204146739505
            ],
            [
              -41.958493183450216,
              -19.17952237799153
            ],
            [
              -41.9584695903048,
              -19.17943360035484
            ],
            [
              -41.95736071247032,
              -19.175261051430542
            ],
            [
              -41.95698322214841,
              -19.17384060924355
            ],
            [
              -41.95585075118267,
              -19.169579282682566
            ],
            [
              -41.955473601869,
              -19.16816012364118
            ],
            [
              -41.955473260866,
              -19.168158840495572
            ],
            [
              -41.95547233223054,
              -19.16815534617285
            ],
            [
              -41.954340789915996,
              -19.16389751393459
            ],
            [
              -41.9539632996051,
              -19.162477071747595
            ],
            [
              -41.952830828672404,
              -19.158215745186613
            ],
            [
              -41.95244937130739,
              -19.156796298530473
            ],
            [
              -41.95130499921235,
              -19.152537958562053
            ],
            [
              -41.95091309233192,
              -19.151121134203276
            ],
            [
              -41.94973737169064,
              -19.146870661126943
            ],
            [
              -41.94816974413703,
              -19.141203363691837
            ],
            [
              -41.94660211655386,
              -19.13553606625673
            ],
            [
              -41.945034488943485,
              -19.129868768821623
            ],
            [
              -41.94346686130824,
              -19.124201471386513
            ],
            [
              -41.94189923365046,
              -19.118534173951407
            ],
            [
              -41.94033160597254,
              -19.112866876516296
            ],
            [
              -41.938763978276775,
              -19.107199579081186
            ],
            [
              -41.937196350565536,
              -19.10153228164608
            ],
            [
              -41.93562872284118,
              -19.09586498421097
            ],
            [
              -41.93406109510603,
              -19.090197686775863
            ],
            [
              -41.93249346736245,
              -19.084530389340753
            ],
            [
              -41.93092583961278,
              -19.078863091905646
            ],
            [
              -41.929358211859366,
              -19.073195794470536
            ],
            [
              -41.927790584104564,
              -19.06752849703543
            ],
            [
              -41.926222956350706,
              -19.061861199600322
            ],
            [
              -41.92465532860015,
              -19.056193902165216
            ],
            [
              -41.92308770085524,
              -19.050526604730106
            ],
            [
              -41.92152007311833,
              -19.044859307295
            ],
            [
              -41.919952445391765,
              -19.03919200985989
            ],
            [
              -41.918384817677875,
              -19.033524712424782
            ],
            [
              -41.91681718997902,
              -19.027857414989672
            ],
            [
              -41.915249562297554,
              -19.022190117554565
            ],
            [
              -41.91368193463582,
              -19.016522820119455
            ],
            [
              -41.912114306996145,
              -19.01085552268435
            ],
            [
              -41.91054667938091,
              -19.00518822524924
            ],
            [
              -41.90897905179243,
              -18.99952092781413
            ],
            [
              -41.907411424233075,
              -18.993853630379025
            ],
            [
              -41.90584379670519,
              -18.988186332943915
            ],
            [
              -41.90069539672466,
              -18.989428862734954
            ],
            [
              -41.89481151016966,
              -18.99084889678185
            ],
            [
              -41.888927622627136,
              -18.992268930828743
            ],
            [
              -41.88304373422122,
              -18.993688964875645
            ],
            [
              -41.877159845075994,
              -18.99510899892254
            ],
            [
              -41.87127595531557,
              -18.996529032969438
            ],
            [
              -41.86539206506403,
              -18.997949067016336
            ],
            [
              -41.85950817444548,
              -18.999369101063234
            ],
            [
              -41.85362428358405,
              -19.000789135110132
            ],
            [
              -41.84774039260381,
              -19.00220916915703
            ],
            [
              -41.84185650162888,
              -19.00362920320393
            ],
            [
              -41.83597261078336,
              -19.005049237250823
            ],
            [
              -41.83008872019134,
              -19.006469271297725
            ],
            [
              -41.824204829976935,
              -19.00788930534462
            ],
            [
              -41.81832094026424,
              -19.009309339391514
            ],
            [
              -41.81243705117737,
              -19.010729373438416
            ],
            [
              -41.8065531628404,
              -19.01214940748531
            ],
            [
              -41.800669275377444,
              -19.01356944153221
            ],
            [
              -41.79478538891262,
              -19.014989475579107
            ],
            [
              -41.78889881675426,
              -19.016409051807123
            ],
            [
              -41.78448007789256,
              -19.017473084782733
            ],
            [
              -41.78153403250887,
              -19.018182246952726
            ],
            [
              -41.7815336536366,
              -19.01818233815359
            ],
            [
              -41.778586465116184,
              -19.018891529408307
            ],
            [
              -41.777113119184165,
              -19.019246065295484
            ],
            [
              -41.77657980660854,
              -19.019374397964206
            ],
            [
              -41.77563960761239,
              -19.01960064100945
            ],
            [
              -41.77269277189425,
              -19.02030974725299
            ],
            [
              -41.77121907243367,
              -19.02066436815135
            ],
            [
              -41.77067939412716,
              -19.020794232606708
            ],
            [
              -41.76974556063019,
              -19.021018943865315
            ],
            [
              -41.76679843228075,
              -19.02172812042538
            ],
            [
              -41.765325024818736,
              -19.02208267100721
            ],
            [
              -41.764777127072726,
              -19.022214513315102
            ],
            [
              -41.76385151281475,
              -19.02243724672118
            ],
            [
              -41.76090423641208,
              -19.0231464588225
            ],
            [
              -41.75943097646413,
              -19.023500973863076
            ],
            [
              -41.75795746429082,
              -19.023855549577043
            ],
            [
              -41.752063415183144,
              -19.025273852432903
            ],
            [
              -41.74616936561646,
              -19.026692155288767
            ],
            [
              -41.74027531571552,
              -19.02811045814463
            ],
            [
              -41.73438126560507,
              -19.0295287610005
            ],
            [
              -41.72848721540986,
              -19.03094706385636
            ],
            [
              -41.72259316525462,
              -19.032365366712224
            ],
            [
              -41.71669911526412,
              -19.033783669568088
            ],
            [
              -41.71080506556308,
              -19.035201972423952
            ],
            [
              -41.70491101627627,
              -19.036620275279816
            ],
            [
              -41.69901696752842,
              -19.038038578135676
            ],
            [
              -41.69312291944428,
              -19.03945688099154
            ],
            [
              -41.68722887214859,
              -19.040875183847405
            ],
            [
              -41.6813348257661,
              -19.04229348670327
            ],
            [
              -41.67544078042157,
              -19.04371178955913
            ],
            [
              -41.66954686729491,
              -19.045127957803533
            ],
            [
              -41.6636530653128,
              -19.046542311796802
            ],
            [
              -41.65775928495677,
              -19.047956298218747
            ],
            [
              -41.65186550367975,
              -19.04937028464069
            ],
            [
              -41.645971721606465,
              -19.050784271062632
            ],
            [
              -41.64007793886164,
              -19.052198257484577
            ],
            [
              -41.63418415557,
              -19.05361224390652
            ],
            [
              -41.628290371856295,
              -19.055026230328465
            ],
            [
              -41.62239658784523,
              -19.05644021675041
            ],
            [
              -41.61650280366155,
              -19.057854203172354
            ],
            [
              -41.61060901942997,
              -19.059268189594295
            ],
            [
              -41.60471523527522,
              -19.060682176016236
            ],
            [
              -41.60462314489839,
              -19.060704269554694
            ],
            [
              -41.60462314489823,
              -19.06070426955408
            ],
            [
              -41.60324178924329,
              -19.061035672621724
            ],
            [
              -41.5973480053483,
              -19.06244965904367
            ],
            [
              -41.59292839009036,
              -19.06350997554922
            ],
            [
              -41.59292766769517,
              -19.063510148860125
            ],
            [
              -41.5929274891392,
              -19.06351019169776
            ],
            [
              -41.5914542218108,
              -19.063863645465613
            ],
            [
              -41.58556043875549,
              -19.065277631887557
            ],
            [
              -41.57966665630712,
              -19.0666916183095
            ],
            [
              -41.57377287459041,
              -19.068105604731443
            ],
            [
              -41.56787909373009,
              -19.069519591153387
            ],
            [
              -41.5619853138509,
              -19.07093357757533
            ],
            [
              -41.55609153507755,
              -19.072347563997276
            ],
            [
              -41.550195735424495,
              -19.07375882126436
            ],
            [
              -41.54429939686131,
              -19.07516935237649
            ],
            [
              -41.53840305727966,
              -19.076579883488627
            ],
            [
              -41.53250671680443,
              -19.07799041460076
            ],
            [
              -41.52661037556051,
              -19.07940094571289
            ],
            [
              -41.5207140336728,
              -19.080811476825023
            ],
            [
              -41.514817691266195,
              -19.082222007937155
            ],
            [
              -41.50892134846558,
              -19.083632539049287
            ],
            [
              -41.503025005395834,
              -19.08504307016142
            ],
            [
              -41.49712866218187,
              -19.08645360127355
            ],
            [
              -41.491232318948576,
              -19.087864132385683
            ],
            [
              -41.485335975820824,
              -19.089274663497815
            ],
            [
              -41.47943963292354,
              -19.090685194609947
            ],
            [
              -41.473543290381585,
              -19.09209572572208
            ],
            [
              -41.46764694831985,
              -19.09350625683421
            ],
            [
              -41.46175060686324,
              -19.094916787946342
            ],
            [
              -41.45585426613665,
              -19.096327319058474
            ],
            [
              -41.449957926264965,
              -19.097737850170606
            ],
            [
              -41.44406158737307,
              -19.09914838128274
            ],
            [
              -41.438165249585865,
              -19.100558912394874
            ],
            [
              -41.43226776999128,
              -19.10196573314716
            ],
            [
              -41.426370190387175,
              -19.1033722326289
            ],
            [
              -41.42047260977192,
              -19.104778732110645
            ],
            [
              -41.41899815402981,
              -19.105130371377797
            ],
            [
              -41.413100671177176,
              -19.10653684728765
            ],
            [
              -41.4131004946342,
              -19.106536889390938
            ],
            [
              -41.40720305028313,
              -19.107943355944563
            ],
            [
              -41.401305467256435,
              -19.109349855426306
            ],
            [
              -41.39540803187767,
              -19.110756319581398
            ],
            [
              -41.39540722709951,
              -19.110756511510857
            ],
            [
              -41.38951029988795,
              -19.11216285438979
            ],
            [
              -41.38361271579609,
              -19.113569353871533
            ],
            [
              -41.37771513159912,
              -19.114975853353275
            ],
            [
              -41.371817547422005,
              -19.11638235283502
            ],
            [
              -41.36591996338972,
              -19.11778885231676
            ],
            [
              -41.36002237962724,
              -19.119195351798503
            ],
            [
              -41.354124796259526,
              -19.120601851280245
            ],
            [
              -41.34822721341154,
              -19.12200835076199
            ],
            [
              -41.342329631208266,
              -19.12341485024373
            ],
            [
              -41.33643204977468,
              -19.124821349725472
            ],
            [
              -41.33053446923573,
              -19.126227849207215
            ],
            [
              -41.32463696862352,
              -19.127634277874392
            ],
            [
              -41.31874118051013,
              -19.129039170410213
            ],
            [
              -41.31284981694916,
              -19.13044009188306
            ],
            [
              -41.30695845232001,
              -19.131841013355903
            ],
            [
              -41.30106708674728,
              -19.133241934828753
            ],
            [
              -41.29517572035553,
              -19.134642856301596
            ],
            [
              -41.289284353269345,
              -19.13604377777444
            ],
            [
              -41.28339298561329,
              -19.13744469924729
            ],
            [
              -41.27750161751194,
              -19.138845620720133
            ],
            [
              -41.27161024908988,
              -19.140246542192976
            ],
            [
              -41.26571888047169,
              -19.141647463665826
            ],
            [
              -41.25982751178193,
              -19.14304838513867
            ],
            [
              -41.25393614314518,
              -19.144449306611513
            ],
            [
              -41.24804477468602,
              -19.145850228084363
            ],
            [
              -41.242153406529034,
              -19.14725114955721
            ],
            [
              -41.23626203879878,
              -19.14865207103005
            ],
            [
              -41.236169986184244,
              -19.148673960428624
            ],
            [
              -41.236169986184095,
              -19.148673960428063
            ],
            [
              -41.234789196963746,
              -19.149002301398262
            ],
            [
              -41.23331629028351,
              -19.14935254720533
            ],
            [
              -41.230370671619845,
              -19.1500529925029
            ],
            [
              -41.229448182161065,
              -19.150272353374543
            ],
            [
              -41.228897829946,
              -19.150403222871113
            ],
            [
              -41.22742493395145,
              -19.150753466179236
            ],
            [
              -41.2244793051168,
              -19.151453913975747
            ],
            [
              -41.223547761360194,
              -19.15167542791961
            ],
            [
              -41.223006463635286,
              -19.151804144343956
            ],
            [
              -41.22153362226551,
              -19.152154374712165
            ],
            [
              -41.21858793941422,
              -19.152854835448586
            ],
            [
              -41.21764958955333,
              -19.15307796786676
            ],
            [
              -41.217115098156185,
              -19.1532050658168
            ],
            [
              -41.21564225702545,
              -19.15355529618501
            ],
            [
              -41.21269657463669,
              -19.154255756921437
            ],
            [
              -41.209750501097524,
              -19.15495621352138
            ],
            [
              -41.205330803444376,
              -19.1560068922275
            ],
            [
              -41.19942922960322,
              -19.157407705937793
            ],
            [
              -41.193520577732485,
              -19.158808444955532
            ],
            [
              -41.18761192481958,
              -19.16020918397327
            ],
            [
              -41.181703270990155,
              -19.161609922991005
            ],
            [
              -41.1757946163699,
              -19.163010662008745
            ],
            [
              -41.16988596108449,
              -19.164411401026484
            ],
            [
              -41.1639773052596,
              -19.165812140044217
            ],
            [
              -41.158068649020905,
              -19.167212879061957
            ],
            [
              -41.15215999249408,
              -19.16861361807969
            ],
            [
              -41.14625133580479,
              -19.17001435709743
            ],
            [
              -41.14034267907873,
              -19.17141509611517
            ],
            [
              -41.13443402244157,
              -19.17281583513291
            ],
            [
              -41.12852536601898,
              -19.17421657415064
            ],
            [
              -41.12261670993662,
              -19.17561731316838
            ],
            [
              -41.1167080543202,
              -19.177018052186114
            ],
            [
              -41.110799399295374,
              -19.178418791203853
            ],
            [
              -41.10489074498782,
              -19.179819530221593
            ],
            [
              -41.09898209152321,
              -19.181220269239333
            ],
            [
              -41.093073439027236,
              -19.182621008257065
            ],
            [
              -41.087186520329624,
              -19.18401591096046
            ],
            [
              -41.08136932100849,
              -19.18539209065042
            ],
            [
              -41.075600107271654,
              -19.18675538364129
            ],
            [
              -41.06983089257423,
              -19.188118676632165
            ],
            [
              -41.06406167703321,
              -19.18948196962303
            ],
            [
              -41.05829246076557,
              -19.190845262613905
            ],
            [
              -41.05252324388829,
              -19.192208555604775
            ],
            [
              -41.04819594222591,
              -19.193231117184176
            ],
            [
              -41.04616817212391,
              -19.193710288714364
            ],
            [
              -41.04242656629336,
              -19.194594447577547
            ],
            [
              -41.04034737265737,
              -19.19508577069909
            ],
            [
              -41.03665835224275,
              -19.195957503344786
            ],
            [
              -41.03442764075235,
              -19.19648463081872
            ],
            [
              -41.030888734297875,
              -19.19732089081837
            ],
            [
              -41.02800406807569,
              -19.198002550815975
            ],
            [
              -41.02512202568142,
              -19.19868359079142
            ],
            [
              -41.02367715445193,
              -19.199025020559127
            ],
            [
              -41.022234849913495,
              -19.199365843806845
            ],
            [
              -41.016465631872826,
              -19.20072913679772
            ],
            [
              -41.010696414070686,
              -19.202092429788586
            ],
            [
              -41.004927196624045,
              -19.203455722779456
            ],
            [
              -40.99915797964989,
              -19.20481901577033
            ],
            [
              -40.993388763265216,
              -19.2061823087612
            ],
            [
              -40.98761954758701,
              -19.207545601752066
            ],
            [
              -40.98185033273225,
              -19.208908894742937
            ],
            [
              -40.97608111881793,
              -19.21027218773381
            ],
            [
              -40.97026390209251,
              -19.21164557572182
            ],
            [
              -40.96437012785691,
              -19.21303506338725
            ],
            [
              -40.95845616734714,
              -19.214428795945466
            ],
            [
              -40.95254220589625,
              -19.215822528503686
            ],
            [
              -40.946628243630265,
              -19.217216261061907
            ],
            [
              -40.9407142806752,
              -19.218609993620124
            ],
            [
              -40.93480031715707,
              -19.220003726178344
            ],
            [
              -40.92888635320189,
              -19.221397458736565
            ],
            [
              -40.92297238893567,
              -19.222791191294785
            ],
            [
              -40.91705842448442,
              -19.224184923853002
            ],
            [
              -40.911144459974174,
              -19.22557865641122
            ],
            [
              -40.90523049553094,
              -19.22697238896944
            ],
            [
              -40.899316531280704,
              -19.228366121527657
            ],
            [
              -40.89340256734952,
              -19.229759854085877
            ],
            [
              -40.88748860386339,
              -19.231153586644098
            ],
            [
              -40.8815746409483,
              -19.232547319202318
            ],
            [
              -40.87566067873031,
              -19.233941051760535
            ],
            [
              -40.86974671733542,
              -19.235334784318752
            ],
            [
              -40.86965431169258,
              -19.235356561392535
            ],
            [
              -40.86965431169196,
              -19.235356561389978
            ],
            [
              -40.868268227040105,
              -19.23568321745831
            ],
            [
              -40.86383281016743,
              -19.236728504321086
            ],
            [
              -40.86383275688962,
              -19.236728516876973
            ],
            [
              -40.86383274115336,
              -19.236728520585512
            ],
            [
              -40.86235426683945,
              -19.23707695001653
            ],
            [
              -40.85791892066957,
              -19.2381222204125
            ],
            [
              -40.85791879751895,
              -19.238122249435193
            ],
            [
              -40.85196110537679,
              -19.23952455937416
            ],
            [
              -40.84595619863521,
              -19.240936129293015
            ],
            [
              -40.845956173394455,
              -19.240936135224565
            ],
            [
              -40.83994044505884,
              -19.24234982507818
            ],
            [
              -40.83843646533183,
              -19.242703258721075
            ],
            [
              -40.83242067747584,
              -19.244116962261298
            ],
            [
              -40.826404888755626,
              -19.245530665801525
            ],
            [
              -40.8203890993038,
              -19.246944369341744
            ],
            [
              -40.81437330925303,
              -19.248358072881967
            ],
            [
              -40.80835751873593,
              -19.24977177642219
            ],
            [
              -40.80234172788514,
              -19.251185479962416
            ],
            [
              -40.796325936833306,
              -19.252599183502635
            ],
            [
              -40.79031014571306,
              -19.254012887042858
            ],
            [
              -40.784294354657035,
              -19.25542659058308
            ],
            [
              -40.778278563797855,
              -19.256840294123304
            ],
            [
              -40.77226277326818,
              -19.258253997663527
            ],
            [
              -40.766246983200645,
              -19.25966770120375
            ],
            [
              -40.76023119372787,
              -19.26108140474397
            ],
            [
              -40.754215404982496,
              -19.262495108284195
            ],
            [
              -40.748199617097164,
              -19.263908811824418
            ],
            [
              -40.74218383020452,
              -19.26532251536464
            ],
            [
              -40.73616804443718,
              -19.26673621890486
            ],
            [
              -40.73021392801827,
              -19.268132167661904
            ],
            [
              -40.72428584844635,
              -19.269520619954935
            ],
            [
              -40.71835776783031,
              -19.270909072247967
            ],
            [
              -40.71242968629711,
              -19.272297524541
            ],
            [
              -40.70650160397365,
              -19.27368597683403
            ],
            [
              -40.700573520986865,
              -19.275074429127063
            ],
            [
              -40.69464543746365,
              -19.27646288142009
            ],
            [
              -40.68871735353095,
              -19.277851333713123
            ],
            [
              -40.68278926931567,
              -19.279239786006155
            ],
            [
              -40.68269664299737,
              -19.279261480573233
            ],
            [
              -40.681307248222936,
              -19.279586899079412
            ],
            [
              -40.676861184944734,
              -19.280628238299187
            ],
            [
              -40.675379163844816,
              -19.280975351372444
            ],
            [
              -40.675378676939765,
              -19.280975465413405
            ],
            [
              -40.67093310054506,
              -19.28201669059222
            ],
            [
              -40.66945167067405,
              -19.282363665195945
            ],
            [
              -40.66945107946968,
              -19.282363803665476
            ],
            [
              -40.66945030575337,
              -19.282363984882227
            ],
            [
              -40.66500501624357,
              -19.28340514288525
            ],
            [
              -40.66352312839186,
              -19.28375222476857
            ],
            [
              -40.66352299522447,
              -19.283752255958508
            ],
            [
              -40.66352273979166,
              -19.283752315784966
            ],
            [
              -40.65907693216717,
              -19.284793595178282
            ],
            [
              -40.65759503626128,
              -19.28514067896863
            ],
            [
              -40.657594911236075,
              -19.28514070825154
            ],
            [
              -40.657594635571556,
              -19.285140772816593
            ],
            [
              -40.653148848442804,
              -19.286182047471314
            ],
            [
              -40.651666827631445,
              -19.286529160544575
            ],
            [
              -40.64573874453748,
              -19.287917612837607
            ],
            [
              -40.639810662081096,
              -19.28930606513064
            ],
            [
              -40.633882580389226,
              -19.29069451742367
            ],
            [
              -40.62795449958878,
              -19.292082969716702
            ],
            [
              -40.62202641980667,
              -19.293471422009734
            ],
            [
              -40.61611672267653,
              -19.29485467193834
            ],
            [
              -40.610265840182905,
              -19.29622127625106
            ],
            [
              -40.60442596500238,
              -19.297584764995957
            ],
            [
              -40.59858608887109,
              -19.298948253740853
            ],
            [
              -40.592746211910374,
              -19.30031174248575
            ],
            [
              -40.586906334241576,
              -19.301675231230647
            ],
            [
              -40.58106645598602,
              -19.303038719975543
            ],
            [
              -40.57522657726506,
              -19.30440220872044
            ],
            [
              -40.569386698200034,
              -19.305765697465336
            ],
            [
              -40.563546818912265,
              -19.307129186210233
            ],
            [
              -40.5577069395231,
              -19.30849267495513
            ],
            [
              -40.55186706015389,
              -19.309856163700022
            ],
            [
              -40.54602718092594,
              -19.31121965244492
            ],
            [
              -40.54018730196062,
              -19.312583141189815
            ],
            [
              -40.53434742337926,
              -19.313946629934716
            ],
            [
              -40.528507545303164,
              -19.31531011867961
            ],
            [
              -40.522667667853725,
              -19.316673607424505
            ],
            [
              -40.516827791152245,
              -19.3180370961694
            ],
            [
              -40.510987915320065,
              -19.3194005849143
            ],
            [
              -40.50514804047853,
              -19.320764073659195
            ],
            [
              -40.49926446922578,
              -19.322136819057484
            ],
            [
              -40.496256322778876,
              -19.32283724935703
            ],
            [
              -40.49174423079424,
              -19.323887839365806
            ],
            [
              -40.49023758709862,
              -19.3242386272801
            ],
            [
              -40.48617941309122,
              -19.32518348128745
            ],
            [
              -40.48421655246521,
              -19.325640488919756
            ],
            [
              -40.48015172060704,
              -19.32658689290149
            ],
            [
              -40.47819504670701,
              -19.32704246002747
            ],
            [
              -40.474121454137084,
              -19.327990903607457
            ],
            [
              -40.47217403321185,
              -19.328444316331186
            ],
            [
              -40.467658155687246,
              -19.32949573579888
            ],
            [
              -40.46163697225848,
              -19.330897631403886
            ],
            [
              -40.45561578837206,
              -19.332299527008892
            ],
            [
              -40.449594604160936,
              -19.333701422613906
            ],
            [
              -40.443573419758124,
              -19.335103318218913
            ],
            [
              -40.437552235296636,
              -19.33650521382392
            ],
            [
              -40.43153105090943,
              -19.337907109428933
            ],
            [
              -40.42550986672951,
              -19.33930900503394
            ],
            [
              -40.41948868288989,
              -19.340710900638946
            ],
            [
              -40.41346749952354,
              -19.342112796243956
            ],
            [
              -40.40744631676346,
              -19.343514691848963
            ],
            [
              -40.40142513474265,
              -19.344916587453973
            ],
            [
              -40.3954039535941,
              -19.34631848305898
            ],
            [
              -40.38938277345079,
              -19.34772037866399
            ],
            [
              -40.38336553044563,
              -19.34912114421083
            ],
            [
              -40.377389925023294,
              -19.350509955423334
            ],
            [
              -40.37145202001378,
              -19.35188794235966
            ],
            [
              -40.36551411393256,
              -19.353265929295983
            ],
            [
              -40.35957620690721,
              -19.35464391623231
            ],
            [
              -40.35363829906525,
              -19.35602190316863
            ],
            [
              -40.34770039053426,
              -19.357399890104958
            ],
            [
              -40.34176248144177,
              -19.358777877041287
            ],
            [
              -40.33582457191533,
              -19.36015586397761
            ],
            [
              -40.329886662082515,
              -19.361533850913936
            ],
            [
              -40.323948752070876,
              -19.362911837850262
            ],
            [
              -40.31801084200793,
              -19.36428982478659
            ],
            [
              -40.31207293202125,
              -19.365667811722915
            ],
            [
              -40.31198015217892,
              -19.365689342769254
            ],
            [
              -40.31058845454209,
              -19.366012308456998
            ],
            [
              -40.307619341959736,
              -19.366701338527623
            ],
            [
              -40.3061350222384,
              -19.36704579865924
            ],
            [
              -40.305759723264195,
              -19.367132892793617
            ],
            [
              -40.30465054482613,
              -19.36739029539332
            ],
            [
              -40.30168126987776,
              -19.368079363185736
            ],
            [
              -40.30019711278692,
              -19.368423785595567
            ],
            [
              -40.29978991703538,
              -19.368518281894996
            ],
            [
              -40.298712635473436,
              -19.36876828232965
            ],
            [
              -40.29574351958839,
              -19.369457313265823
            ],
            [
              -40.294259203794354,
              -19.369801772531893
            ],
            [
              -40.29383369907821,
              -19.36990051772971
            ],
            [
              -40.29277472661155,
              -19.370146269265973
            ],
            [
              -40.289805912272655,
              -19.370835230295278
            ],
            [
              -40.28832129538826,
              -19.371179759468216
            ],
            [
              -40.287883615145766,
              -19.37128133020453
            ],
            [
              -40.286836818368016,
              -19.3715242562023
            ],
            [
              -40.283867747735314,
              -19.37221327679525
            ],
            [
              -40.282383387696186,
              -19.372557746404546
            ],
            [
              -40.28089891087039,
              -19.372902243138626
            ],
            [
              -40.274961004246244,
              -19.374280230074955
            ],
            [
              -40.269023098623094,
              -19.375658217011278
            ],
            [
              -40.263083024338755,
              -19.377035993966924
            ],
            [
              -40.257134753161594,
              -19.37841297766223
            ],
            [
              -40.25118398983728,
              -19.37978972026861
            ],
            [
              -40.245233225488455,
              -19.38116646287499
            ],
            [
              -40.2392824602435,
              -19.382543205481372
            ],
            [
              -40.233331694230785,
              -19.383919948087755
            ],
            [
              -40.22738092757871,
              -19.385296690694133
            ],
            [
              -40.22143016041565,
              -19.386673433300516
            ],
            [
              -40.21547939286999,
              -19.388050175906894
            ],
            [
              -40.20952862507009,
              -19.389426918513273
            ],
            [
              -40.20357785714436,
              -19.39080366111965
            ],
            [
              -40.19762708922118,
              -19.392180403726034
            ],
            [
              -40.191676321428915,
              -19.393557146332416
            ],
            [
              -40.18572555389595,
              -19.394933888938795
            ],
            [
              -40.17977478675068,
              -19.396310631545177
            ],
            [
              -40.173824020121465,
              -19.397687374151555
            ],
            [
              -40.167873254136715,
              -19.399064116757938
            ],
            [
              -40.161922488924795,
              -19.400440859364316
            ],
            [
              -40.15597172461408,
              -19.401817601970695
            ],
            [
              -40.15002096133296,
              -19.403194344577077
            ],
            [
              -40.144073987562194,
              -19.404569064844146
            ],
            [
              -40.13813514555447,
              -19.40593944411914
            ],
            [
              -40.13219859227655,
              -19.40730860110115
            ],
            [
              -40.12626203798669,
              -19.408677758083154
            ],
            [
              -40.12032548281237,
              -19.41004691506516
            ],
            [
              -40.114388926881034,
              -19.411416072047164
            ],
            [
              -40.10845238217467,
              -19.41278522629515
            ],
            [
              -40.108452365297985,
              -19.412785230187446
            ],
            [
              -40.102515813257206,
              -19.41415438601118
            ],
            [
              -40.096579255819634,
              -19.41552354299319
            ],
            [
              -40.09509511643882,
              -19.41586583223869
            ],
            [
              -40.0891585587003,
              -19.417234989220695
            ],
            [
              -40.083222000873945,
              -19.418604146202703
            ],
            [
              -40.07728544308723,
              -19.419973303184708
            ],
            [
              -40.071348885467636,
              -19.421342460166713
            ],
            [
              -40.06541232814261,
              -19.42271161714872
            ],
            [
              -40.05947577123963,
              -19.424080774130726
            ],
            [
              -40.05353921488615,
              -19.425449931112734
            ],
            [
              -40.04760265920964,
              -19.42681908809474
            ],
            [
              -40.04166610433755,
              -19.42818824507675
            ],
            [
              -40.035729550397356,
              -19.429557402058755
            ],
            [
              -40.02979299751653,
              -19.43092655904076
            ],
            [
              -40.02384940807251,
              -19.432295250114002
            ],
            [
              -40.01789837298924,
              -19.433663448312693
            ],
            [
              -40.01194733682626,
              -19.435031646511383
            ],
            [
              -40.005996299711995,
              -19.436399844710074
            ],
            [
              -40.00004526177484,
              -19.43776804290876
            ],
            [
              -39.994094223143186,
              -19.43913624110745
            ],
            [
              -39.988143183945425,
              -19.440504439306142
            ],
            [
              -39.98219214430997,
              -19.441872637504833
            ],
            [
              -39.97624110436521,
              -19.443240835703524
            ],
            [
              -39.97029006423955,
              -19.444609033902214
            ],
            [
              -39.96433902406139,
              -19.445977232100905
            ],
            [
              -39.958387983959135,
              -19.447345430299595
            ],
            [
              -39.95243694406117,
              -19.448713628498286
            ],
            [
              -39.94648590449591,
              -19.450081826696977
            ],
            [
              -39.94053486539174,
              -19.451450024895667
            ],
            [
              -39.940441880414944,
              -19.45147140299252
            ],
            [
              -39.93904710576307,
              -19.45179207444534
            ],
            [
              -39.93458382687707,
              -19.452818223094358
            ],
            [
              -39.93309606742788,
              -19.45316027264403
            ],
            [
              -39.9286327890803,
              -19.454186421293045
            ],
            [
              -39.92714502984268,
              -19.454528470842718
            ],
            [
              -39.922681752129805,
              -19.455554619491735
            ],
            [
              -39.92119400759627,
              -19.45589666571683
            ],
            [
              -39.92119399313586,
              -19.455896669041408
            ],
            [
              -39.921193954802426,
              -19.455896677854618
            ],
            [
              -39.91673071615403,
              -19.456922817690426
            ],
            [
              -39.91524298299125,
              -19.457264861364674
            ],
            [
              -39.91524295743585,
              -19.4572648672401
            ],
            [
              -39.909295686123755,
              -19.45863154121092
            ],
            [
              -39.90336204721532,
              -19.459992693960903
            ],
            [
              -39.89743543320647,
              -19.46135100109916
            ],
            [
              -39.89150881816485,
              -19.462709308237418
            ],
            [
              -39.885582202217286,
              -19.464067615375676
            ],
            [
              -39.87965558549059,
              -19.465425922513933
            ],
            [
              -39.87372896811159,
              -19.46678422965219
            ],
            [
              -39.86780235020713,
              -19.46814253679045
            ],
            [
              -39.86187573190401,
              -19.469500843928707
            ],
            [
              -39.85594911332906,
              -19.470859151066964
            ],
            [
              -39.85002249460912,
              -19.472217458205222
            ],
            [
              -39.844095875871,
              -19.47357576534348
            ],
            [
              -39.83816925724153,
              -19.474934072481734
            ],
            [
              -39.83224263884753,
              -19.47629237961999
            ],
            [
              -39.82631602081585,
              -19.477650686758253
            ],
            [
              -39.82038940327328,
              -19.479008993896507
            ],
            [
              -39.81446278634667,
              -19.480367301034764
            ],
            [
              -39.80853617016284,
              -19.481725608173022
            ],
            [
              -39.8026095548486,
              -19.48308391531128
            ],
            [
              -39.79668294053079,
              -19.484442222449537
            ],
            [
              -39.79075589314789,
              -19.48579981308982
            ],
            [
              -39.78482739675649,
              -19.48715501140633
            ],
            [
              -39.77889845804106,
              -19.488509481233272
            ],
            [
              -39.77296951834811,
              -19.489863951060215
            ],
            [
              -39.767040577804615,
              -19.491218420887158
            ],
            [
              -39.761111636537535,
              -19.4925728907141
            ],
            [
              -39.75518269467385,
              -19.493927360541043
            ],
            [
              -39.75509005495135,
              -19.493948524132094
            ],
            [
              -39.75073598799407,
              -19.494943212911252
            ],
            [
              -39.74925375234054,
              -19.495281830367986
            ],
            [
              -39.74480704537996,
              -19.496297682738195
            ],
            [
              -39.74332480966458,
              -19.49663630019493
            ],
            [
              -39.73887810251844,
              -19.497652152565138
            ],
            [
              -39.73739586677295,
              -19.49799077002187
            ],
            [
              -39.73738824584689,
              -19.497992511026034
            ],
            [
              -39.73294915953647,
              -19.499006622392077
            ],
            [
              -39.7314669237926,
              -19.499345239848815
            ],
            [
              -39.72702021656102,
              -19.500361092219023
            ],
            [
              -39.72553823093877,
              -19.500699652542984
            ],
            [
              -39.72553798085054,
              -19.500699709675757
            ],
            [
              -39.721091273719075,
              -19.501715562045966
            ],
            [
              -39.7151623311376,
              -19.50307003187291
            ],
            [
              -39.709233388943595,
              -19.504424501699848
            ],
            [
              -39.703304447263996,
              -19.505778971526794
            ],
            [
              -39.697375506225804,
              -19.507133441353737
            ],
            [
              -39.691446565955985,
              -19.508487911180676
            ],
            [
              -39.685517626581515,
              -19.50984238100762
            ],
            [
              -39.679588688229366,
              -19.511196850834565
            ],
            [
              -39.67365975102652,
              -19.512551320661505
            ],
            [
              -39.66772905133447,
              -19.51390242173412
            ],
            [
              -39.66179810405776,
              -19.515253051841082
            ],
            [
              -39.65586715574788,
              -19.51660368194804
            ],
            [
              -39.649936206531954,
              -19.517954312055004
            ],
            [
              -39.644005256537085,
              -19.519304942161963
            ],
            [
              -39.63807430589036,
              -19.52065557226892
            ],
            [
              -39.6321433547189,
              -19.522006202375884
            ],
            [
              -39.62621240314981,
              -19.523356832482847
            ],
            [
              -39.62028145131017,
              -19.524707462589806
            ],
            [
              -39.6143504993271,
              -19.526058092696765
            ],
            [
              -39.60841954732771,
              -19.527408722803727
            ],
            [
              -39.6024885954391,
              -19.52875935291069
            ],
            [
              -39.59655764378835,
              -19.53010998301765
            ],
            [
              -39.590626692502596,
              -19.531460613124608
            ],
            [
              -39.58469574170893,
              -19.532811243231567
            ],
            [
              -39.57876479153446,
              -19.534161873338533
            ],
            [
              -39.57283384210627,
              -19.535512503445492
            ],
            [
              -39.566902893551486,
              -19.53686313355245
            ],
            [
              -39.560971945997196,
              -19.53821376365941
            ],
            [
              -39.55504099957051,
              -19.53956439376637
            ],
            [
              -39.55645559996403,
              -19.54527613781254
            ],
            [
              -39.55787020038381,
              -19.550987881858706
            ],
            [
              -39.55928480082812,
              -19.556699625904876
            ],
            [
              -39.56069940129526,
              -19.562411369951043
            ],
            [
              -39.56211400178347,
              -19.56812311399721
            ],
            [
              -39.563528602291065,
              -19.573834858043377
            ],
            [
              -39.5649432028163,
              -19.579546602089547
            ],
            [
              -39.56635780335745,
              -19.585258346135713
            ],
            [
              -39.567772403912784,
              -19.590970090181877
            ],
            [
              -39.5691870044806,
              -19.596681834228047
            ],
            [
              -39.570601605059146,
              -19.602393578274214
            ],
            [
              -39.572016205646726,
              -19.608105322320384
            ],
            [
              -39.57343080624159,
              -19.613817066366547
            ],
            [
              -39.57484540684203,
              -19.619528810412717
            ],
            [
              -39.5762600074463,
              -19.625240554458884
            ],
            [
              -39.57767460805271,
              -19.630952298505054
            ],
            [
              -39.5790892086595,
              -19.636664042551217
            ],
            [
              -39.580503809264975,
              -19.642375786597388
            ],
            [
              -39.581918409867384,
              -19.648087530643554
            ],
            [
              -39.583333010465026,
              -19.653799274689725
            ],
            [
              -39.58474761105616,
              -19.65951101873589
            ],
            [
              -39.58616221163907,
              -19.665222762782054
            ],
            [
              -39.58757681221203,
              -19.670934506828225
            ],
            [
              -39.588991412773304,
              -19.67664625087439
            ],
            [
              -39.590406013321186,
              -19.68235799492056
            ],
            [
              -39.59182061385394,
              -19.688069738966725
            ],
            [
              -39.59323521436985,
              -19.693781483012895
            ],
            [
              -39.594649814867175,
              -19.69949322705906
            ],
            [
              -39.59571076522495,
              -19.70377703509369
            ],
            [
              -39.59606441534421,
              -19.705204971105232
            ],
            [
              -39.59712707760452,
              -19.709488566602094
            ],
            [
              -39.597481298357955,
              -19.710916431767714
            ],
            [
              -39.59889904793761,
              -19.716627784846214
            ],
            [
              -39.599961375961946,
              -19.72090733494633
            ],
            [
              -39.59996236013578,
              -19.72091129965509
            ],
            [
              -39.599962723655416,
              -19.720912764080815
            ],
            [
              -39.60031679753517,
              -19.722339137924717
            ],
            [
              -39.60173454714891,
              -19.728050491003216
            ],
            [
              -39.60277570703208,
              -19.732244765920242
            ],
            [
              -39.60279785937002,
              -19.732334005812092
            ],
            [
              -39.60421560900771,
              -19.738045358890595
            ],
            [
              -39.605633358656796,
              -19.74375671196909
            ],
            [
              -39.607051108315524,
              -19.749468065047594
            ],
            [
              -39.60846885798219,
              -19.755179418126094
            ],
            [
              -39.60988660765503,
              -19.760890771204593
            ],
            [
              -39.61130435733232,
              -19.766602124283096
            ],
            [
              -39.612722107012324,
              -19.772313477361596
            ],
            [
              -39.614139856693306,
              -19.778024830440096
            ],
            [
              -39.615557606373535,
              -19.783736183518595
            ],
            [
              -39.61697535605127,
              -19.789447536597095
            ],
            [
              -39.61839310572476,
              -19.795158889675594
            ],
            [
              -39.61981085539229,
              -19.800870242754097
            ],
            [
              -39.62122860505211,
              -19.806581595832597
            ],
            [
              -39.622646354702496,
              -19.812292948911097
            ],
            [
              -39.62406410434171,
              -19.8180043019896
            ],
            [
              -39.625481853968004,
              -19.8237156550681
            ],
            [
              -39.62689960357966,
              -19.8294270081466
            ],
            [
              -39.62831735317492,
              -19.8351383612251
            ],
            [
              -39.62973510275207,
              -19.8408497143036
            ],
            [
              -39.631152852309356,
              -19.8465610673821
            ],
            [
              -39.63257060184505,
              -19.8522724204606
            ],
            [
              -39.63398835135742,
              -19.857983773539104
            ],
            [
              -39.63540610084472,
              -19.863695126617603
            ],
            [
              -39.63682385030522,
              -19.869406479696103
            ],
            [
              -39.63824255702616,
              -19.875117676265518
            ],
            [
              -39.6396627181497,
              -19.880828635051987
            ],
            [
              -39.64001785304004,
              -19.882256359280834
            ],
            [
              -39.641083257730344,
              -19.886539531967376
            ],
            [
              -39.64143839262711,
              -19.887967256196223
            ],
            [
              -39.64250374487873,
              -19.89225021799506
            ],
            [
              -39.64250379733535,
              -19.892250428882768
            ],
            [
              -39.64250381620976,
              -19.892250504762263
            ],
            [
              -39.6428589322381,
              -19.893678153111615
            ],
            [
              -39.6439229728084,
              -19.89795584158217
            ],
            [
              -39.64392433696297,
              -19.897961325798157
            ],
            [
              -39.64392483043436,
              -19.89796330966693
            ],
            [
              -39.644279471871265,
              -19.899389050027004
            ],
            [
              -39.645344876611475,
              -19.903672222713546
            ],
            [
              -39.64570001152487,
              -19.905099946942393
            ],
            [
              -39.6467654162791,
              -19.909383119628934
            ],
            [
              -39.6469864402084,
              -19.910271686770475
            ],
            [
              -39.647098355264795,
              -19.910721611093482
            ],
            [
              -39.647120551197176,
              -19.910810843857785
            ],
            [
              -39.64854109088642,
              -19.916521740773174
            ],
            [
              -39.649961630590866,
              -19.922232637688566
            ],
            [
              -39.651382170308764,
              -19.927943534603955
            ],
            [
              -39.65280271003836,
              -19.933654431519344
            ],
            [
              -39.65422324977792,
              -19.939365328434736
            ],
            [
              -39.6556437895257,
              -19.945076225350125
            ],
            [
              -39.65706432927994,
              -19.950787122265517
            ],
            [
              -39.6584848690389,
              -19.956498019180906
            ],
            [
              -39.65990540880084,
              -19.96220891609629
            ],
            [
              -39.661325948564,
              -19.967919813011683
            ],
            [
              -39.66274648832665,
              -19.973630709927072
            ],
            [
              -39.664167028087014,
              -19.979341606842464
            ],
            [
              -39.66558756784339,
              -19.985052503757853
            ],
            [
              -39.66700810759399,
              -19.990763400673245
            ],
            [
              -39.668428647337095,
              -19.996474297588634
            ],
            [
              -39.669849187070945,
              -20.002185194504023
            ],
            [
              -39.6712697267938,
              -20.007896091419415
            ],
            [
              -39.67269026650392,
              -20.013606988334804
            ],
            [
              -39.67411080619953,
              -20.019317885250196
            ],
            [
              -39.67553134587892,
              -20.025028782165585
            ],
            [
              -39.676951885540326,
              -20.030739679080973
            ],
            [
              -39.678372425182,
              -20.036450575996366
            ],
            [
              -39.67979357783147,
              -20.042161386198117
            ],
            [
              -39.68121734215888,
              -20.04787182697602
            ],
            [
              -39.68264110650912,
              -20.053582267753924
            ],
            [
              -39.684064870880434,
              -20.059292708531828
            ],
            [
              -39.68442081197809,
              -20.060720318726304
            ],
            [
              -39.68548863527107,
              -20.06500314930973
            ],
            [
              -39.686912399679265,
              -20.070713590087635
            ],
            [
              -39.68726812764688,
              -20.07214034542571
            ],
            [
              -39.687268340785266,
              -20.07214120028211
            ],
            [
              -39.68726906131382,
              -20.07214409018129
            ],
            [
              -39.688336164103276,
              -20.07642403086554
            ],
            [
              -39.6886918650366,
              -20.07785067776029
            ],
            [
              -39.68869210521279,
              -20.077851641060015
            ],
            [
              -39.688692927247686,
              -20.07785493808125
            ],
            [
              -39.68975992854133,
              -20.082134471643442
            ],
            [
              -39.691183692991665,
              -20.087844912421346
            ],
            [
              -39.69151738778718,
              -20.089183296978668
            ],
            [
              -39.69153963410688,
              -20.089272522615822
            ],
            [
              -39.69296339856994,
              -20.094982963393726
            ],
            [
              -39.69438716304133,
              -20.10069340417163
            ],
            [
              -39.69581092751929,
              -20.106403844949533
            ],
            [
              -39.69723469200206,
              -20.112114285727436
            ],
            [
              -39.69865845648789,
              -20.11782472650534
            ],
            [
              -39.70008222097502,
              -20.123535167283244
            ],
            [
              -39.701505985461694,
              -20.129245608061147
            ],
            [
              -39.702929749946136,
              -20.13495604883905
            ],
            [
              -39.704353514426614,
              -20.140666489616954
            ],
            [
              -39.70577727890135,
              -20.146376930394858
            ],
            [
              -39.7072010433686,
              -20.15208737117276
            ],
            [
              -39.70862480782658,
              -20.157797811950665
            ],
            [
              -39.71004857227356,
              -20.163508252728573
            ],
            [
              -39.71147233670777,
              -20.169218693506473
            ],
            [
              -39.712896101127455,
              -20.17492913428438
            ],
            [
              -39.71431986553085,
              -20.18063957506228
            ],
            [
              -39.715743629916204,
              -20.186350015840187
            ],
            [
              -39.71716739428175,
              -20.192060456618087
            ],
            [
              -39.71859115862574,
              -20.197770897395994
            ],
            [
              -39.72001492294641,
              -20.203481338173894
            ],
            [
              -39.72143935209896,
              -20.209191688737484
            ],
            [
              -39.722865831473996,
              -20.214901761104883
            ],
            [
              -39.72429247786936,
              -20.220611810812624
            ],
            [
              -39.725719124288815,
              -20.226321860520365
            ],
            [
              -39.72714577073061,
              -20.232031910228102
            ],
            [
              -39.72857241719296,
              -20.237741959935843
            ],
            [
              -39.72892907881318,
              -20.23916947236254
            ],
            [
              -39.729286755618475,
              -20.240601047994307
            ],
            [
              -39.729999063674086,
              -20.243452009643583
            ],
            [
              -39.730245085587995,
              -20.244436694608957
            ],
            [
              -39.73035572529764,
              -20.24487952207052
            ],
            [
              -39.730712548356706,
              -20.246307680623584
            ],
            [
              -39.73142571017223,
              -20.24916205935132
            ],
            [
              -39.73167256095696,
              -20.250150061801786
            ],
            [
              -39.73178237179971,
              -20.250589571778256
            ],
            [
              -39.73213976130981,
              -20.25201999749586
            ],
            [
              -39.73285235668563,
              -20.254872109059065
            ],
            [
              -39.73310050219955,
              -20.255865293560284
            ],
            [
              -39.73320901831659,
              -20.256299621486
            ],
            [
              -39.733566514977916,
              -20.25773047605559
            ],
            [
              -39.734279003212514,
              -20.260582158766805
            ],
            [
              -39.73452821726068,
              -20.261579619991036
            ],
            [
              -39.73463566484651,
              -20.262009671193738
            ],
            [
              -39.734994276117945,
              -20.263444986898463
            ],
            [
              -39.735705649751104,
              -20.26629220847454
            ],
            [
              -39.73604002003541,
              -20.267630501374796
            ],
            [
              -39.7360623113877,
              -20.267719720901475
            ],
            [
              -39.73748895793838,
              -20.27342977060922
            ],
            [
              -39.738915604496796,
              -20.279139820316956
            ],
            [
              -39.74034225106117,
              -20.2848498700247
            ],
            [
              -39.74176889762974,
              -20.290559919732438
            ],
            [
              -39.74319554420073,
              -20.296269969440175
            ],
            [
              -39.74462219077239,
              -20.30198001914792
            ],
            [
              -39.74604883734292,
              -20.307690068855656
            ],
            [
              -39.74747548391057,
              -20.3134001185634
            ],
            [
              -39.74890213047357,
              -20.319110168271138
            ],
            [
              -39.75032877703015,
              -20.324820217978875
            ],
            [
              -39.75175542357854,
              -20.33053026768662
            ],
            [
              -39.753182070116964,
              -20.336240317394356
            ],
            [
              -39.75460871664366,
              -20.3419503671021
            ],
            [
              -39.75603536315686,
              -20.347660416809838
            ],
            [
              -39.7574620096548,
              -20.35337046651758
            ],
            [
              -39.758888656135696,
              -20.35908051622532
            ],
            [
              -39.76031530259779,
              -20.364790565933056
            ],
            [
              -39.76174194903931,
              -20.3705006156408
            ],
            [
              -39.763169652840006,
              -20.376210515834416
            ],
            [
              -39.7645989700185,
              -20.381920187895233
            ],
            [
              -39.76602884321538,
              -20.387629781337363
            ],
            [
              -39.76745871643239,
              -20.393339374779497
            ],
            [
              -39.76888858966771,
              -20.39904896822163
            ],
            [
              -39.77031846291959,
              -20.404758561663762
            ],
            [
              -39.77174833618624,
              -20.410468155105896
            ],
            [
              -39.77317820946588,
              -20.41617774854803
            ],
            [
              -39.77353567778852,
              -20.417605146908286
            ],
            [
              -39.77425061443402,
              -20.42045994362963
            ],
            [
              -39.77460808275673,
              -20.421887341990164
            ],
            [
              -39.77474217968282,
              -20.422422801271527
            ],
            [
              -39.774965551080726,
              -20.423314740350698
            ],
            [
              -39.77568167533434,
              -20.42617427925901
            ],
            [
              -39.776037956057,
              -20.427596935432298
            ],
            [
              -39.77617630853965,
              -20.428149387473482
            ],
            [
              -39.77639542438314,
              -20.42902433379283
            ],
            [
              -39.77711205820817,
              -20.43188590744438
            ],
            [
              -39.77746782936492,
              -20.43330652887443
            ],
            [
              -39.77761125746712,
              -20.433879248250232
            ],
            [
              -39.77782529769274,
              -20.434733927234962
            ],
            [
              -39.77854431970258,
              -20.43760503708015
            ],
            [
              -39.778897702678705,
              -20.439016122316563
            ],
            [
              -39.779052695212535,
              -20.439635019350078
            ],
            [
              -39.77925517100777,
              -20.440443520677096
            ],
            [
              -39.7799701076671,
              -20.443298317398163
            ],
            [
              -39.780327575996566,
              -20.444725715758697
            ],
            [
              -39.780662702555816,
              -20.446063901721697
            ],
            [
              -39.78068504432643,
              -20.44615311411923
            ],
            [
              -39.782114917646965,
              -20.451862707561364
            ],
            [
              -39.78354479096756,
              -20.457572301003495
            ],
            [
              -39.78497466428645,
              -20.46328189444563
            ],
            [
              -39.786404537601854,
              -20.468991487887763
            ],
            [
              -39.78783441091199,
              -20.474701081329897
            ],
            [
              -39.78926428421509,
              -20.480410674772024
            ],
            [
              -39.79069415750936,
              -20.486120268214158
            ],
            [
              -39.79212403079301,
              -20.491829861656292
            ],
            [
              -39.793553904064275,
              -20.497539455098426
            ],
            [
              -39.79498377732136,
              -20.50324904854056
            ],
            [
              -39.79641365056249,
              -20.50895864198269
            ],
            [
              -39.79784352378591,
              -20.514668235424825
            ],
            [
              -39.79927339698978,
              -20.52037782886696
            ],
            [
              -39.80070327017238,
              -20.526087422309093
            ],
            [
              -39.80213314333189,
              -20.531797015751224
            ],
            [
              -39.80356301646655,
              -20.537506609193358
            ],
            [
              -39.80499377652657,
              -20.543216069869985
            ],
            [
              -39.806426231121634,
              -20.54892527689618
            ],
            [
              -39.80785915203217,
              -20.554634414123957
            ],
            [
              -39.80929207296595,
              -20.56034355135173
            ],
            [
              -39.81072499392116,
              -20.566052688579504
            ],
            [
              -39.812157914896034,
              -20.57176182580728
            ],
            [
              -39.81359083588875,
              -20.577470963035054
            ],
            [
              -39.81502375689753,
              -20.58318010026283
            ],
            [
              -39.81645667792059,
              -20.588889237490598
            ],
            [
              -39.81788959895613,
              -20.594598374718377
            ],
            [
              -39.818247829217576,
              -20.596025659024907
            ],
            [
              -39.81931941848874,
              -20.600295154693928
            ],
            [
              -39.819322520002345,
              -20.60030751194615
            ],
            [
              -39.81932377538795,
              -20.6003125137351
            ],
            [
              -39.819680750264546,
              -20.60173479625309
            ],
            [
              -39.82111367132177,
              -20.60744393348087
            ],
            [
              -39.82218512378024,
              -20.611712883999243
            ],
            [
              -39.822188362119675,
              -20.6117257864017
            ],
            [
              -39.82218984383584,
              -20.611731689951515
            ],
            [
              -39.82254659238565,
              -20.61315307070864
            ],
            [
              -39.82397951345439,
              -20.618862207936417
            ],
            [
              -39.82541243452619,
              -20.62457134516419
            ],
            [
              -39.82684535559928,
              -20.630280482391967
            ],
            [
              -39.82827827667185,
              -20.63598961961974
            ],
            [
              -39.829711197742114,
              -20.641698756847514
            ],
            [
              -39.831144118808275,
              -20.647407894075286
            ],
            [
              -39.83257703986853,
              -20.65311703130306
            ],
            [
              -39.83400996092111,
              -20.658826168530837
            ],
            [
              -39.83544288196421,
              -20.664535305758612
            ],
            [
              -39.83687580299603,
              -20.670244442986384
            ],
            [
              -39.83830872401481,
              -20.67595358021416
            ],
            [
              -39.839741645018705,
              -20.681662717441935
            ],
            [
              -39.84117456600596,
              -20.68737185466971
            ],
            [
              -39.842607486974785,
              -20.69308099189748
            ],
            [
              -39.84404040792336,
              -20.698790129125257
            ],
            [
              -39.84547332884992,
              -20.704499266353032
            ],
            [
              -39.84690664828501,
              -20.710208348527924
            ],
            [
              -39.8483428721358,
              -20.715917029490093
            ],
            [
              -39.84977909601143,
              -20.72162571045226
            ],
            [
              -39.85121531991009,
              -20.72733439141443
            ],
            [
              -39.85265154382998,
              -20.733043072376596
            ],
            [
              -39.85408776776929,
              -20.738751753338764
            ],
            [
              -39.85552399172622,
              -20.744460434300933
            ],
            [
              -39.85696021569895,
              -20.7501691152631
            ],
            [
              -39.85839643968569,
              -20.755877796225267
            ],
            [
              -39.859832663684635,
              -20.761586477187432
            ],
            [
              -39.86126888769398,
              -20.7672951581496
            ],
            [
              -39.862705111711904,
              -20.77300383911177
            ],
            [
              -39.863064167718086,
              -20.774431009352313
            ],
            [
              -39.863068761158225,
              -20.7744492672869
            ],
            [
              -39.86414133573662,
              -20.778712520073935
            ],
            [
              -39.8645003058552,
              -20.78013934892484
            ],
            [
              -39.864500391744045,
              -20.780139690314478
            ],
            [
              -39.86450079456596,
              -20.78014129144477
            ],
            [
              -39.86557755976632,
              -20.784421201036103
            ],
            [
              -39.867013783799194,
              -20.79012988199827
            ],
            [
              -39.867372530446616,
              -20.791555822594948
            ],
            [
              -39.86737283980776,
              -20.79155705223881
            ],
            [
              -39.86880224016187,
              -20.79723861054367
            ],
            [
              -39.868812987457915,
              -20.797281328728936
            ],
            [
              -39.87024528787515,
              -20.80297441416315
            ],
            [
              -39.87168151190571,
              -20.808683095125318
            ],
            [
              -39.87311773593179,
              -20.814391776087483
            ],
            [
              -39.874553959951555,
              -20.82010045704965
            ],
            [
              -39.875990183963225,
              -20.82580913801182
            ],
            [
              -39.87742640796499,
              -20.831517818973985
            ],
            [
              -39.87886263195503,
              -20.83722649993615
            ],
            [
              -39.88029885593156,
              -20.84293518089832
            ],
            [
              -39.88173507989276,
              -20.848643861860488
            ],
            [
              -39.88317130383684,
              -20.854352542822653
            ],
            [
              -39.884607527761986,
              -20.86006122378482
            ],
            [
              -39.88604375166639,
              -20.865769904746987
            ],
            [
              -39.88747997554826,
              -20.871478585709156
            ],
            [
              -39.888916569418576,
              -20.877186543750216
            ],
            [
              -39.89035433692621,
              -20.882892208741396
            ],
            [
              -39.89179229529328,
              -20.888597500872965
            ],
            [
              -39.8932302536799,
              -20.894302793004535
            ],
            [
              -39.894668212084284,
              -20.9000080851361
            ],
            [
              -39.89610617050461,
              -20.90571337726767
            ],
            [
              -39.89754412893905,
              -20.911418669399236
            ],
            [
              -39.89898208738581,
              -20.917123961530805
            ],
            [
              -39.90042004584307,
              -20.922829253662375
            ],
            [
              -39.90185800430902,
              -20.92853454579394
            ],
            [
              -39.90329596278185,
              -20.93423983792551
            ],
            [
              -39.90473392125975,
              -20.939945130057072
            ],
            [
              -39.90617187974091,
              -20.945650422188642
            ],
            [
              -39.90760983822351,
              -20.951355714320208
            ],
            [
              -39.90833323452535,
              -20.954225885663742
            ],
            [
              -39.909224528300705,
              -20.957762212635444
            ],
            [
              -39.90976713836799,
              -20.95991509047604
            ],
            [
              -39.91069136848857,
              -20.963582096798596
            ],
            [
              -39.911204492326156,
              -20.965617984094262
            ],
            [
              -39.91213768031577,
              -20.969320531968854
            ],
            [
              -39.91264517782521,
              -20.971334096064936
            ],
            [
              -39.91358316695647,
              -20.975055693125917
            ],
            [
              -39.91407837611275,
              -20.977020501551298
            ],
            [
              -39.915159120208784,
              -20.98130849801094
            ],
            [
              -39.91659707865933,
              -20.98701379014251
            ],
            [
              -39.91803503709818,
              -20.99271908227408
            ],
            [
              -39.919472995523535,
              -20.998424374405644
            ],
            [
              -39.92091095393358,
              -21.004129666537214
            ],
            [
              -39.9223489123265,
              -21.009834958668783
            ],
            [
              -39.92378687070049,
              -21.01554025080035
            ],
            [
              -39.92522482905373,
              -21.021245542931915
            ],
            [
              -39.926662787384416,
              -21.026950835063484
            ],
            [
              -39.92810074569074,
              -21.032656127195054
            ],
            [
              -39.92953870397088,
              -21.03836141932662
            ],
            [
              -39.93081938554433,
              -21.043442695131294
            ],
            [
              -39.93680400155725,
              -21.042077858478077
            ],
            [
              -39.94278861873767,
              -21.040713021824853
            ],
            [
              -39.948773236955006,
              -21.039348185171633
            ],
            [
              -39.95475785607867,
              -21.03798334851841
            ],
            [
              -39.96074247597808,
              -21.03661851186519
            ],
            [
              -39.966727096522646,
              -21.035253675211973
            ],
            [
              -39.97271171758179,
              -21.03388883855875
            ],
            [
              -39.97869633902492,
              -21.03252400190553
            ],
            [
              -39.984680960721455,
              -21.031159165252305
            ],
            [
              -39.99066558254081,
              -21.02979432859909
            ],
            [
              -39.996650204352385,
              -21.028429491945868
            ],
            [
              -40.00263482602562,
              -21.027064655292644
            ],
            [
              -40.00861944742991,
              -21.025699818639424
            ],
            [
              -40.01460406843467,
              -21.024334981986204
            ],
            [
              -40.02058868890932,
              -21.022970145332984
            ],
            [
              -40.026573308723286,
              -21.021605308679764
            ],
            [
              -40.03255792774596,
              -21.02024047202654
            ],
            [
              -40.038542545846774,
              -21.01887563537332
            ],
            [
              -40.044527162895136,
              -21.0175107987201
            ],
            [
              -40.05051152618019,
              -21.016145467549645
            ],
            [
              -40.056494082945186,
              -21.01477659916354
            ],
            [
              -40.06247664087872,
              -21.01340773077743
            ],
            [
              -40.068459199850345,
              -21.01203886239132
            ],
            [
              -40.074441759729616,
              -21.010669994005216
            ],
            [
              -40.08042432038607,
              -21.00930112561911
            ],
            [
              -40.08640688168928,
              -21.007932257233
            ],
            [
              -40.09238944350877,
              -21.006563388846896
            ],
            [
              -40.0983720057141,
              -21.005194520460787
            ],
            [
              -40.10285892755964,
              -21.004167869171205
            ],
            [
              -40.10884149011406,
              -21.0027990007851
            ],
            [
              -40.10885220858685,
              -21.00279654829449
            ],
            [
              -40.11033713076047,
              -21.002456783688572
            ],
            [
              -40.11631969334061,
              -21.001087915302467
            ],
            [
              -40.12230225578479,
              -20.999719046916358
            ],
            [
              -40.12678917741811,
              -20.998692395626776
            ],
            [
              -40.12828481796255,
              -20.99835017853025
            ],
            [
              -40.132678261770394,
              -20.997344915809204
            ],
            [
              -40.13277173929822,
              -20.99732352724067
            ],
            [
              -40.13875430068364,
              -20.995954658854565
            ],
            [
              -40.14473686144389,
              -20.994585790468456
            ],
            [
              -40.15071942144854,
              -20.99321692208235
            ],
            [
              -40.15670198056714,
              -20.99184805369624
            ],
            [
              -40.162684538669225,
              -20.990479185310136
            ],
            [
              -40.16866662160416,
              -20.98910953331554
            ],
            [
              -40.174647147802666,
              -20.987737307989363
            ],
            [
              -40.18062720869111,
              -20.9863643119536
            ],
            [
              -40.186607270594976,
              -20.98499131591784
            ],
            [
              -40.19258733338401,
              -20.98361831988208
            ],
            [
              -40.1985673969279,
              -20.982245323846314
            ],
            [
              -40.20454746109636,
              -20.980872327810555
            ],
            [
              -40.21052752575912,
              -20.979499331774793
            ],
            [
              -40.216507590785874,
              -20.978126335739034
            ],
            [
              -40.22248765604635,
              -20.976753339703272
            ],
            [
              -40.22846772141025,
              -20.97538034366751
            ],
            [
              -40.23444778674728,
              -20.974007347631748
            ],
            [
              -40.24042785192718,
              -20.972634351595985
            ],
            [
              -40.246407916819635,
              -20.971261355560227
            ],
            [
              -40.25238798129436,
              -20.96988835952446
            ],
            [
              -40.25836804522109,
              -20.968515363488702
            ],
            [
              -40.2643481084695,
              -20.96714236745294
            ],
            [
              -40.270328170909345,
              -20.96576937141718
            ],
            [
              -40.27630823241031,
              -20.96439637538142
            ],
            [
              -40.28228829284211,
              -20.963023379345657
            ],
            [
              -40.288267704975254,
              -20.961649223377123
            ],
            [
              -40.28976237799417,
              -20.961305090921897
            ],
            [
              -40.2897625040066,
              -20.961305587723928
            ],
            [
              -40.294245861592486,
              -20.960272816839787
            ],
            [
              -40.294245886969904,
              -20.960272810993935
            ],
            [
              -40.30022367254385,
              -20.95889578899427
            ],
            [
              -40.30171812535142,
              -20.95855153203289
            ],
            [
              -40.30620148451338,
              -20.957518761148748
            ],
            [
              -40.30769593756737,
              -20.957174504187368
            ],
            [
              -40.312179297370946,
              -20.95614173330323
            ],
            [
              -40.313673750638806,
              -20.95579747634185
            ],
            [
              -40.318157110986405,
              -20.95476470545771
            ],
            [
              -40.31844266016561,
              -20.954698927368195
            ],
            [
              -40.31955816109503,
              -20.954441964556413
            ],
            [
              -40.3196515644356,
              -20.95442044849633
            ],
            [
              -40.32562937882761,
              -20.953043420650808
            ],
            [
              -40.33160719368468,
              -20.951666392805286
            ],
            [
              -40.3375850088767,
              -20.95028936495977
            ],
            [
              -40.34356282427352,
              -20.948912337114248
            ],
            [
              -40.34954063974498,
              -20.947535309268726
            ],
            [
              -40.35551845516096,
              -20.946158281423205
            ],
            [
              -40.36149627039131,
              -20.944781253577684
            ],
            [
              -40.36747408530589,
              -20.943404225732166
            ],
            [
              -40.37345189977457,
              -20.942027197886645
            ],
            [
              -40.3794297136672,
              -20.940650170041124
            ],
            [
              -40.38540752685363,
              -20.939273142195603
            ],
            [
              -40.391385339203744,
              -20.937896114350085
            ],
            [
              -40.39736315058739,
              -20.936519086504568
            ],
            [
              -40.40334096087442,
              -20.935142058659046
            ],
            [
              -40.4093176943007,
              -20.93376285963641
            ],
            [
              -40.41529341154236,
              -20.932381608224468
            ],
            [
              -40.42126912988218,
              -20.931000356812525
            ],
            [
              -40.427244849190174,
              -20.929619105400583
            ],
            [
              -40.43322056933634,
              -20.92823785398864
            ],
            [
              -40.43919629019067,
              -20.9268566025767
            ],
            [
              -40.44517201162316,
              -20.925475351164756
            ],
            [
              -40.4511477335038,
              -20.924094099752814
            ],
            [
              -40.4571234557026,
              -20.922712848340872
            ],
            [
              -40.46309917808955,
              -20.921331596928933
            ],
            [
              -40.469074900534636,
              -20.919950345516988
            ],
            [
              -40.47505062290788,
              -20.918569094105045
            ],
            [
              -40.47654455345072,
              -20.91822378125206
            ],
            [
              -40.48102634507925,
              -20.917187842693103
            ],
            [
              -40.482520239848874,
              -20.9168425380897
            ],
            [
              -40.48252027553913,
              -20.916842529840117
            ],
            [
              -40.48252035245881,
              -20.916842512060605
            ],
            [
              -40.48700206691875,
              -20.915806591281164
            ],
            [
              -40.492977788296386,
              -20.91442533986922
            ],
            [
              -40.49895350908215,
              -20.913044088457276
            ],
            [
              -40.50492922914603,
              -20.911662837045334
            ],
            [
              -40.506329788336345,
              -20.911339106245663
            ],
            [
              -40.50642315894903,
              -20.91131752419235
            ],
            [
              -40.51239887791556,
              -20.909936272780406
            ],
            [
              -40.518374595867705,
              -20.908555021368464
            ],
            [
              -40.52434991669355,
              -20.907173116794254
            ],
            [
              -40.53032383043901,
              -20.905788892504344
            ],
            [
              -40.53629708984357,
              -20.904403587527764
            ],
            [
              -40.54227035029098,
              -20.903018282551187
            ],
            [
              -40.5482436116514,
              -20.901632977574607
            ],
            [
              -40.55421687379497,
              -20.900247672598034
            ],
            [
              -40.56019013659186,
              -20.898862367621458
            ],
            [
              -40.56616339991223,
              -20.897477062644878
            ],
            [
              -40.57213666362623,
              -20.8960917576683
            ],
            [
              -40.578109927604025,
              -20.89470645269172
            ],
            [
              -40.58408319171576,
              -20.893321147715145
            ],
            [
              -40.5900564558316,
              -20.89193584273857
            ],
            [
              -40.5960297198217,
              -20.890550537761992
            ],
            [
              -40.60200298355622,
              -20.889165232785416
            ],
            [
              -40.60797624690531,
              -20.88777992780884
            ],
            [
              -40.61394950973912,
              -20.886394622832263
            ],
            [
              -40.61992277192782,
              -20.885009317855683
            ],
            [
              -40.62589603334157,
              -20.883624012879107
            ],
            [
              -40.63186929385051,
              -20.88223870790253
            ],
            [
              -40.637842553324816,
              -20.880853402925954
            ],
            [
              -40.64381542456104,
              -20.879467296221456
            ],
            [
              -40.64978702147953,
              -20.878078551573488
            ],
            [
              -40.65575828221217,
              -20.87668910864636
            ],
            [
              -40.661729543975966,
              -20.875299665719233
            ],
            [
              -40.66471528867236,
              -20.874604917877242
            ],
            [
              -40.66875263726163,
              -20.873665474150293
            ],
            [
              -40.670686168004906,
              -20.873215564236922
            ],
            [
              -40.67473551646073,
              -20.872273328398236
            ],
            [
              -40.676657702117645,
              -20.871826058401414
            ],
            [
              -40.68072427524947,
              -20.870879814679473
            ],
            [
              -40.682628966452775,
              -20.870436615474286
            ],
            [
              -40.68672557004494,
              -20.869483384094156
            ],
            [
              -40.68860069961387,
              -20.869047063561005
            ],
            [
              -40.69307868001925,
              -20.86800509035182
            ],
            [
              -40.699049945284884,
              -20.866615647424688
            ],
            [
              -40.70502121064126,
              -20.86522620449756
            ],
            [
              -40.71099247595866,
              -20.863836761570436
            ],
            [
              -40.71696374110738,
              -20.86244731864331
            ],
            [
              -40.72293500595768,
              -20.861057875716185
            ],
            [
              -40.728906270379866,
              -20.859668432789057
            ],
            [
              -40.73487753424422,
              -20.85827898986193
            ],
            [
              -40.74084879742104,
              -20.856889546934802
            ],
            [
              -40.7468200597806,
              -20.855500104007675
            ],
            [
              -40.752791321193186,
              -20.854110661080547
            ],
            [
              -40.75876258152909,
              -20.85272121815342
            ],
            [
              -40.76493015990461,
              -20.851283266537628
            ],
            [
              -40.77131455334194,
              -20.84979174190932
            ],
            [
              -40.777719443872726,
              -20.84829515295718
            ],
            [
              -40.78412433560757,
              -20.846798564005038
            ],
            [
              -40.7905292283864,
              -20.845301975052898
            ],
            [
              -40.79693412204912,
              -20.843805386100755
            ],
            [
              -40.80333901643567,
              -20.84230879714861
            ],
            [
              -40.80974391138597,
              -20.84081220819647
            ],
            [
              -40.81614880673996,
              -20.839315619244328
            ],
            [
              -40.822553702337544,
              -20.837819030292188
            ],
            [
              -40.82895859801867,
              -20.836322441340045
            ],
            [
              -40.83536349362325,
              -20.8348258523879
            ],
            [
              -40.84176838899121,
              -20.83332926343576
            ],
            [
              -40.848173283962495,
              -20.83183267448362
            ],
            [
              -40.854578178377004,
              -20.830336085531478
            ],
            [
              -40.85617940189567,
              -20.82996193827142
            ],
            [
              -40.85617940190103,
              -20.829961938293444
            ],
            [
              -40.85938203594857,
              -20.82921360005262
            ],
            [
              -40.860983072074674,
              -20.828839496579334
            ],
            [
              -40.86145374448615,
              -20.828729517669334
            ],
            [
              -40.86258429539948,
              -20.8284653493413
            ],
            [
              -40.86578659237635,
              -20.82771708975442
            ],
            [
              -40.867387964895435,
              -20.827342907627195
            ],
            [
              -40.86786823225243,
              -20.827230686711555
            ],
            [
              -40.86898918798101,
              -20.826968760389157
            ],
            [
              -40.872191505804885,
              -20.826220495805273
            ],
            [
              -40.873792856679216,
              -20.825846318675055
            ],
            [
              -40.87428005382903,
              -20.825732478499013
            ],
            [
              -40.87539407948553,
              -20.82547217143702
            ],
            [
              -40.87859645335267,
              -20.824723893613346
            ],
            [
              -40.88019774726594,
              -20.82434972972291
            ],
            [
              -40.880199628013855,
              -20.824349290242154
            ],
            [
              -40.88179896975298,
              -20.823975582484874
            ],
            [
              -40.88499476150502,
              -20.823228795105017
            ],
            [
              -40.88659376648998,
              -20.822855150176633
            ],
            [
              -40.88809075441965,
              -20.822505329049974
            ],
            [
              -40.888090754302,
              -20.822505328581446
            ],
            [
              -40.88819055361496,
              -20.82248200764153
            ],
            [
              -40.894220780710256,
              -20.821070294245892
            ],
            [
              -40.90013203483385,
              -20.81968553309851
            ],
            [
              -40.906043289969496,
              -20.81830077195113
            ],
            [
              -40.91195454599135,
              -20.81691601080375
            ],
            [
              -40.917865802773576,
              -20.81553124965637
            ],
            [
              -40.92377706019032,
              -20.814146488508992
            ],
            [
              -40.92968831811575,
              -20.81276172736161
            ],
            [
              -40.93559957642402,
              -20.81137696621423
            ],
            [
              -40.94151083498929,
              -20.809992205066848
            ],
            [
              -40.94742209368573,
              -20.80860744391947
            ],
            [
              -40.953333352387475,
              -20.80722268277209
            ],
            [
              -40.9592446109687,
              -20.80583792162471
            ],
            [
              -40.96515586930356,
              -20.80445316047733
            ],
            [
              -40.97106712726621,
              -20.80306839932995
            ],
            [
              -40.97697838473082,
              -20.80168363818257
            ],
            [
              -40.98288964157154,
              -20.80029887703519
            ],
            [
              -40.988800897662514,
              -20.79891411588781
            ],
            [
              -40.99471215287792,
              -20.797529354740426
            ],
            [
              -41.000623407091915,
              -20.79614459359305
            ],
            [
              -41.00651633514616,
              -20.79476361955545
            ],
            [
              -41.01231135743989,
              -20.793402878996382
            ],
            [
              -41.0180757814652,
              -20.792048462140187
            ],
            [
              -41.02384020643471,
              -20.790694045283992
            ],
            [
              -41.029604632231724,
              -20.789339628427797
            ],
            [
              -41.03536905873955,
              -20.7879852115716
            ],
            [
              -41.04113348584149,
              -20.7866307947154
            ],
            [
              -41.04689783373539,
              -20.785276396582198
            ],
            [
              -41.04689794932545,
              -20.78527636942302
            ],
            [
              -41.05266234136094,
              -20.78392196100301
            ],
            [
              -41.05842676954508,
              -20.782567544146815
            ],
            [
              -41.06419119785652,
              -20.781213127290616
            ],
            [
              -41.06419202935773,
              -20.781212931920116
            ],
            [
              -41.06563230494052,
              -20.780874523076566
            ],
            [
              -41.071160575638736,
              -20.7795755940923
            ],
            [
              -41.071306664065524,
              -20.77954126898375
            ],
            [
              -41.071396733257984,
              -20.77952010622037
            ],
            [
              -41.07716116144022,
              -20.778165689364172
            ],
            [
              -41.082925589370525,
              -20.776811272507977
            ],
            [
              -41.08869001693221,
              -20.775456855651782
            ],
            [
              -41.09445444400858,
              -20.774102438795584
            ],
            [
              -41.10021887048294,
              -20.77274802193939
            ],
            [
              -41.1059832962386,
              -20.77139360508319
            ],
            [
              -41.11174772115886,
              -20.770039188226992
            ],
            [
              -41.11751214512702,
              -20.768684771370797
            ],
            [
              -41.12343119228963,
              -20.767292175585776
            ],
            [
              -41.12971645533548,
              -20.765809156021966
            ],
            [
              -41.136001719687386,
              -20.764326136458156
            ],
            [
              -41.142286985194055,
              -20.762843116894345
            ],
            [
              -41.14857225170423,
              -20.761360097330535
            ],
            [
              -41.154857519066645,
              -20.759877077766724
            ],
            [
              -41.16114278713001,
              -20.758394058202914
            ],
            [
              -41.16742805574307,
              -20.756911038639103
            ],
            [
              -41.17371332475456,
              -20.755428019075293
            ],
            [
              -41.17999859401319,
              -20.753944999511482
            ],
            [
              -41.18628386336769,
              -20.75246197994767
            ],
            [
              -41.19256913266681,
              -20.75097896038386
            ],
            [
              -41.19885440175926,
              -20.749495940820047
            ],
            [
              -41.20513967049377,
              -20.748012921256237
            ],
            [
              -41.21142493871909,
              -20.746529901692426
            ],
            [
              -41.21771020628392,
              -20.745046882128616
            ],
            [
              -41.22399547303699,
              -20.743563862564805
            ],
            [
              -41.23028073882704,
              -20.742080843000995
            ],
            [
              -41.23185205499598,
              -20.741710088110043
            ],
            [
              -41.231852059198,
              -20.74171008711857
            ],
            [
              -41.23656600350282,
              -20.740597823437184
            ],
            [
              -41.23813729442957,
              -20.740227074427523
            ],
            [
              -41.238137319355374,
              -20.740227068546233
            ],
            [
              -41.24285126691303,
              -20.739114803873374
            ],
            [
              -41.24905698501086,
              -20.737648662494166
            ],
            [
              -41.25058176672008,
              -20.737287781496185
            ],
            [
              -41.25668089386176,
              -20.735844257500773
            ],
            [
              -41.2627800221259,
              -20.73440073350606
            ],
            [
              -41.268879151377234,
              -20.73295720951134
            ],
            [
              -41.274978281477544,
              -20.731513685516628
            ],
            [
              -41.281077412288596,
              -20.730070161521912
            ],
            [
              -41.28717654367216,
              -20.728626637527196
            ],
            [
              -41.29327567549002,
              -20.72718311353248
            ],
            [
              -41.299374807603954,
              -20.725739589537763
            ],
            [
              -41.30547393987574,
              -20.72429606554305
            ],
            [
              -41.311573072167135,
              -20.722852541548335
            ],
            [
              -41.31767220433992,
              -20.72140901755362
            ],
            [
              -41.32377133625587,
              -20.719965493558902
            ],
            [
              -41.32987046777675,
              -20.718521969564186
            ],
            [
              -41.335969598764365,
              -20.71707844556947
            ],
            [
              -41.34206872908046,
              -20.715634921574757
            ],
            [
              -41.34816785858681,
              -20.714191397580038
            ],
            [
              -41.354266987145216,
              -20.712747873585325
            ],
            [
              -41.36036611461742,
              -20.71130434959061
            ],
            [
              -41.36643561507785,
              -20.709867260043637
            ],
            [
              -41.37239275246464,
              -20.708454574536564
            ],
            [
              -41.3782794359733,
              -20.707057191119503
            ],
            [
              -41.38416612052352,
              -20.705659807702435
            ],
            [
              -41.39005280599104,
              -20.704262424285375
            ],
            [
              -41.39593949225157,
              -20.702865040868307
            ],
            [
              -41.40182617918083,
              -20.701467657451246
            ],
            [
              -41.40771286665455,
              -20.70007027403419
            ],
            [
              -41.41359955454845,
              -20.69867289061712
            ],
            [
              -41.419486242738245,
              -20.69727550720006
            ],
            [
              -41.42243011991983,
              -20.696576688967657
            ],
            [
              -41.426844603204714,
              -20.69552877792873
            ],
            [
              -41.428316275304034,
              -20.69517943207446
            ],
            [
              -41.43125961950841,
              -20.694480740365933
            ],
            [
              -41.431775872723556,
              -20.69435819206013
            ],
            [
              -41.432731291601996,
              -20.694131394511665
            ],
            [
              -41.434202199835795,
              -20.69378222997756
            ],
            [
              -41.43714630784022,
              -20.69308335694887
            ],
            [
              -41.437935208171126,
              -20.69289608760222
            ],
            [
              -41.43861797989127,
              -20.692734011094604
            ],
            [
              -41.440090108317136,
              -20.692384556897238
            ],
            [
              -41.44303299597081,
              -20.691685973531804
            ],
            [
              -41.44389297429231,
              -20.691481831663697
            ],
            [
              -41.44450466794825,
              -20.69133662767754
            ],
            [
              -41.44597656090889,
              -20.6909872293538
            ],
            [
              -41.44891968377591,
              -20.69028859011474
            ],
            [
              -41.45029937615662,
              -20.689961078376367
            ],
            [
              -41.45039135564868,
              -20.689939244260476
            ],
            [
              -41.45627804286825,
              -20.68854186084341
            ],
            [
              -41.462164729482694,
              -20.68714447742635
            ],
            [
              -41.46805141536774,
              -20.685747094009287
            ],
            [
              -41.473938100399096,
              -20.684349710592222
            ],
            [
              -41.479824784452504,
              -20.68295232717516
            ],
            [
              -41.48572344496476,
              -20.681550551807717
            ],
            [
              -41.49163950741516,
              -20.68014239539999
            ],
            [
              -41.49756099534072,
              -20.67873224990236
            ],
            [
              -41.50348248423495,
              -20.67732210440473
            ],
            [
              -41.50940397397136,
              -20.6759119589071
            ],
            [
              -41.515325464423455,
              -20.674501813409478
            ],
            [
              -41.52124695546472,
              -20.673091667911848
            ],
            [
              -41.52716844696868,
              -20.671681522414218
            ],
            [
              -41.53308993880882,
              -20.67027137691659
            ],
            [
              -41.53901143085866,
              -20.668861231418965
            ],
            [
              -41.54493292299169,
              -20.667451085921336
            ],
            [
              -41.55085441508143,
              -20.666040940423706
            ],
            [
              -41.556775907001374,
              -20.664630794926076
            ],
            [
              -41.56269739862502,
              -20.663220649428453
            ],
            [
              -41.56861888982587,
              -20.661810503930823
            ],
            [
              -41.574540380477444,
              -20.660400358433193
            ],
            [
              -41.580461870453234,
              -20.658990212935564
            ],
            [
              -41.58638335962675,
              -20.657580067437937
            ],
            [
              -41.592304847871496,
              -20.65616992194031
            ],
            [
              -41.59822633506097,
              -20.65475977644268
            ],
            [
              -41.604176588751514,
              -20.653340786765042
            ],
            [
              -41.60567131742336,
              -20.65298372551775
            ],
            [
              -41.605671343939235,
              -20.65298382830063
            ],
            [
              -41.608665630974144,
              -20.65226844297091
            ]
          ]
        ]
      },
      "properties": {
        "product_id": "S1C_IW_GRDH_1SDV_20260810T081241_20260810T081306_008930_011B7A_D208"
      }
    }
  ]
}