{
  "type": "FeatureCollection",
  "features": [
    {
      "type": "Feature",
      "geometry": {
        "type": "Polygon",
        "coordinates": [
          [
            [
              -39.55504099957051,
              -19.53956439376637
            ],
            [
              -39.59923133299954,
              -19.717966383223988
            ],
            [
              -39.784647857102804,
              -19.675684072220946
            ],
            [
              -39.74026769850161,
              -19.497334698699447
            ],
            [
              -39.55504099957051,
              -19.53956439376637
            ]
          ]
        ]
      },
      "properties": {
        "patch_id": 0,
        "tile_id": 0,
        "patch_number": 1,
        "patch_label": "P001",
        "name": "patch_0001_VV",
        "x_start": 0,
        "y_start": 0,
        "valid_x_end": 2000,
        "valid_y_end": 2000,
        "width": 2000,
        "height": 2000,
        "target_width": 2000,
        "target_height": 2000,
        "requires_padding": false,
        "processing_bbox_pixels": {
          "x0": 0,
          "y0": 0,
          "x1": 2160,
          "y1": 2160
        },
        "processing_requested_bbox_pixels": {
          "x0": -160,
          "y0": -160,
          "x1": 2160,
          "y1": 2160
        },
        "processing_width": 2160,
        "processing_height": 2160,
        "processing_target_width": 2160,
        "processing_target_height": 2160,
        "processing_requires_padding": false,
        "core_bbox_pixels": {
          "x0": 0,
          "y0": 0,
          "x1": 2000,
          "y1": 2000
        },
        "requested_bbox_pixels": {
          "x0": 0,
          "y0": 0,
          "x1": 2000,
          "y1": 2000
        },
        "halo_pixels": 160,
        "polarization": "VV",
        "display_bounds_lonlat": {
          "west": -39.80304737514453,
          "south": -19.732244765920242,
          "east": -39.55504099957051,
          "north": -19.493948524132094
        },
        "cfar_detection_count": 0,
        "yolo_detection_count": 0
      }
    },
    {
      "type": "Feature",
      "geometry": {
        "type": "Polygon",
        "coordinates": [
          [
            [
              -39.740360338218764,
              -19.4973135351084
            ],
            [
              -39.7847405907485,
              -19.675662881417885
            ],
            [
              -39.970836720325195,
              -19.633026158421373
            ],
            [
              -39.92556428571743,
              -19.454891898489244
            ],
            [
              -39.740360338218764,
              -19.4973135351084
            ]
          ]
        ]
      },
      "properties": {
        "patch_id": 1,
        "tile_id": 1,
        "patch_number": 2,
        "patch_label": "P002",
        "name": "patch_0002_VV",
        "x_start": 2000,
        "y_start": 0,
        "valid_x_end": 4000,
        "valid_y_end": 2000,
        "width": 2000,
        "height": 2000,
        "target_width": 2000,
        "target_height": 2000,
        "requires_padding": false,
        "processing_bbox_pixels": {
          "x0": 1840,
          "y0": 0,
          "x1": 4160,
          "y1": 2160
        },
        "processing_requested_bbox_pixels": {
          "x0": 1840,
          "y0": -160,
          "x1": 4160,
          "y1": 2160
        },
        "processing_width": 2320,
        "processing_height": 2160,
        "processing_target_width": 2320,
        "processing_target_height": 2160,
        "processing_requires_padding": false,
        "core_bbox_pixels": {
          "x0": 2000,
          "y0": 0,
          "x1": 4000,
          "y1": 2000
        },
        "requested_bbox_pixels": {
          "x0": 2000,
          "y0": 0,
          "x1": 4000,
          "y1": 2000
        },
        "halo_pixels": 160,
        "polarization": "VV",
        "display_bounds_lonlat": {
          "west": -39.98924663299224,
          "south": -19.693327622002837,
          "east": -39.72553798085054,
          "north": -19.45147140299252
        },
        "cfar_detection_count": 1,
        "yolo_detection_count": 0
      }
    },
    {
      "type": "Feature",
      "geometry": {
        "type": "Polygon",
        "coordinates": [
          [
            [
              -39.92565727060505,
              -19.45487052039239
            ],
            [
              -39.97092955734203,
              -19.633004810154954
            ],
            [
              -40.156483377299125,
              -19.590272252988143
            ],
            [
              -40.11132788997671,
              -19.412122043616012
            ],
            [
              -39.92565727060505,
              -19.45487052039239
            ]
          ]
        ]
      },
      "properties": {
        "patch_id": 2,
        "tile_id": 2,
        "patch_number": 3,
        "patch_label": "P003",
        "name": "patch_0003_VV",
        "x_start": 4000,
        "y_start": 0,
        "valid_x_end": 6000,
        "valid_y_end": 2000,
        "width": 2000,
        "height": 2000,
        "target_width": 2000,
        "target_height": 2000,
        "requires_padding": false,
        "processing_bbox_pixels": {
          "x0": 3840,
          "y0": 0,
          "x1": 6160,
          "y1": 2160
        },
        "processing_requested_bbox_pixels": {
          "x0": 3840,
          "y0": -160,
          "x1": 6160,
          "y1": 2160
        },
        "processing_width": 2320,
        "processing_height": 2160,
        "processing_target_width": 2320,
        "processing_target_height": 2160,
        "processing_requires_padding": false,
        "core_bbox_pixels": {
          "x0": 4000,
          "y0": 0,
          "x1": 6000,
          "y1": 2000
        },
        "requested_bbox_pixels": {
          "x0": 4000,
          "y0": 0,
          "x1": 6000,
          "y1": 2000
        },
        "halo_pixels": 160,
        "polarization": "VV",
        "display_bounds_lonlat": {
          "west": -40.17498542520032,
          "south": -19.650702696797772,
          "east": -39.91077968128133,
          "north": -19.408699151161
        },
        "cfar_detection_count": 0,
        "yolo_detection_count": 0
      }
    },
    {
      "type": "Feature",
      "geometry": {
        "type": "Polygon",
        "coordinates": [
          [
            [
              -40.11142064860059,
              -19.41210065053817
            ],
            [
              -40.15657618413083,
              -19.59025084180628
            ],
            [
              -40.34193457680294,
              -19.547354790692765
            ],
            [
              -40.297135378431996,
              -19.36913431010961
            ],
            [
              -40.11142064860059,
              -19.41210065053817
            ]
          ]
        ]
      },
      "properties": {
        "patch_id": 3,
        "tile_id": 3,
        "patch_number": 4,
        "patch_label": "P004",
        "name": "patch_0004_VV",
        "x_start": 6000,
        "y_start": 0,
        "valid_x_end": 8000,
        "valid_y_end": 2000,
        "width": 2000,
        "height": 2000,
        "target_width": 2000,
        "target_height": 2000,
        "requires_padding": false,
        "processing_bbox_pixels": {
          "x0": 5840,
          "y0": 0,
          "x1": 8160,
          "y1": 2160
        },
        "processing_requested_bbox_pixels": {
          "x0": 5840,
          "y0": -160,
          "x1": 8160,
          "y1": 2160
        },
        "processing_width": 2320,
        "processing_height": 2160,
        "processing_target_width": 2320,
        "processing_target_height": 2160,
        "processing_requires_padding": false,
        "core_bbox_pixels": {
          "x0": 6000,
          "y0": 0,
          "x1": 8000,
          "y1": 2000
        },
        "requested_bbox_pixels": {
          "x0": 6000,
          "y0": 0,
          "x1": 8000,
          "y1": 2000
        },
        "halo_pixels": 160,
        "polarization": "VV",
        "display_bounds_lonlat": {
          "west": -40.36063516906978,
          "south": -19.607927381736676,
          "east": -40.096579255819634,
          "north": -19.365689342768796
        },
        "cfar_detection_count": 0,
        "yolo_detection_count": 0
      }
    },
    {
      "type": "Feature",
      "geometry": {
        "type": "Polygon",
        "coordinates": [
          [
            [
              -40.297228158290636,
              -19.36911277906373
            ],
            [
              -40.34202784796038,
              -19.547333136145397
            ],
            [
              -40.52796154305799,
              -19.504093971168167
            ],
            [
              -40.48412232562593,
              -19.325662427503932
            ],
            [
              -40.297228158290636,
              -19.36911277906373
            ]
          ]
        ]
      },
      "properties": {
        "patch_id": 4,
        "tile_id": 4,
        "patch_number": 5,
        "patch_label": "P005",
        "name": "patch_0005_VV",
        "x_start": 8000,
        "y_start": 0,
        "valid_x_end": 10000,
        "valid_y_end": 2000,
        "width": 2000,
        "height": 2000,
        "target_width": 2000,
        "target_height": 2000,
        "requires_padding": false,
        "processing_bbox_pixels": {
          "x0": 7840,
          "y0": 0,
          "x1": 10160,
          "y1": 2160
        },
        "processing_requested_bbox_pixels": {
          "x0": 7840,
          "y0": -160,
          "x1": 10160,
          "y1": 2160
        },
        "processing_width": 2320,
        "processing_height": 2160,
        "processing_target_width": 2320,
        "processing_target_height": 2160,
        "processing_requires_padding": false,
        "core_bbox_pixels": {
          "x0": 8000,
          "y0": 0,
          "x1": 10000,
          "y1": 2000
        },
        "requested_bbox_pixels": {
          "x0": 8000,
          "y0": 0,
          "x1": 10000,
          "y1": 2000
        },
        "halo_pixels": 160,
        "polarization": "VV",
        "display_bounds_lonlat": {
          "west": -40.54644653347465,
          "south": -19.56502642290458,
          "east": -40.282383387696186,
          "north": -19.32215870210996
        },
        "cfar_detection_count": 0,
        "yolo_detection_count": 0
      }
    },
    {
      "type": "Feature",
      "geometry": {
        "type": "Polygon",
        "coordinates": [
          [
            [
              -40.48421640658309,
              -19.325640522885106
            ],
            [
              -40.52805434442322,
              -19.504072360629383
            ],
            [
              -40.71295456660714,
              -19.460855033333385
            ],
            [
              -40.667876432092044,
              -19.28273261130581
            ],
            [
              -40.48421640658309,
              -19.325640522885106
            ]
          ]
        ]
      },
      "properties": {
        "patch_id": 5,
        "tile_id": 5,
        "patch_number": 6,
        "patch_label": "P006",
        "name": "patch_0006_VV",
        "x_start": 10000,
        "y_start": 0,
        "valid_x_end": 12000,
        "valid_y_end": 2000,
        "width": 2000,
        "height": 2000,
        "target_width": 2000,
        "target_height": 2000,
        "requires_padding": false,
        "processing_bbox_pixels": {
          "x0": 9840,
          "y0": 0,
          "x1": 12160,
          "y1": 2160
        },
        "processing_requested_bbox_pixels": {
          "x0": 9840,
          "y0": -160,
          "x1": 12160,
          "y1": 2160
        },
        "processing_width": 2320,
        "processing_height": 2160,
        "processing_target_width": 2320,
        "processing_target_height": 2160,
        "processing_requires_padding": false,
        "core_bbox_pixels": {
          "x0": 10000,
          "y0": 0,
          "x1": 12000,
          "y1": 2000
        },
        "requested_bbox_pixels": {
          "x0": 10000,
          "y0": 0,
          "x1": 12000,
          "y1": 2000
        },
        "halo_pixels": 160,
        "polarization": "VV",
        "display_bounds_lonlat": {
          "west": -40.731404783064875,
          "south": -19.52176926159423,
          "east": -40.46916345147891,
          "north": -19.279261480573233
        },
        "cfar_detection_count": 0,
        "yolo_detection_count": 0
      }
    },
    {
      "type": "Feature",
      "geometry": {
        "type": "Polygon",
        "coordinates": [
          [
            [
              -40.66796905839431,
              -19.282710916738736
            ],
            [
              -40.71304708560036,
              -19.460833354566773
            ],
            [
              -40.89818030614134,
              -19.41736577694116
            ],
            [
              -40.85485392357321,
              -19.238843930607874
            ],
            [
              -40.66796905839431,
              -19.282710916738736
            ]
          ]
        ]
      },
      "properties": {
        "patch_id": 6,
        "tile_id": 6,
        "patch_number": 7,
        "patch_label": "P007",
        "name": "patch_0007_VV",
        "x_start": 12000,
        "y_start": 0,
        "valid_x_end": 14000,
        "valid_y_end": 2000,
        "width": 2000,
        "height": 2000,
        "target_width": 2000,
        "target_height": 2000,
        "requires_padding": false,
        "processing_bbox_pixels": {
          "x0": 11840,
          "y0": 0,
          "x1": 14160,
          "y1": 2160
        },
        "processing_requested_bbox_pixels": {
          "x0": 11840,
          "y0": -160,
          "x1": 14160,
          "y1": 2160
        },
        "processing_width": 2320,
        "processing_height": 2160,
        "processing_target_width": 2320,
        "processing_target_height": 2160,
        "processing_requires_padding": false,
        "core_bbox_pixels": {
          "x0": 12000,
          "y0": 0,
          "x1": 14000,
          "y1": 2000
        },
        "requested_bbox_pixels": {
          "x0": 12000,
          "y0": 0,
          "x1": 14000,
          "y1": 2000
        },
        "halo_pixels": 160,
        "polarization": "VV",
        "display_bounds_lonlat": {
          "west": -40.91656402572559,
          "south": -19.478550495484306,
          "east": -40.653148848442804,
          "north": -19.235356561389978
        },
        "cfar_detection_count": 0,
        "yolo_detection_count": 0
      }
    },
    {
      "type": "Feature",
      "geometry": {
        "type": "Polygon",
        "coordinates": [
          [
            [
              -40.85493995144787,
              -19.238823404404677
            ],
            [
              -40.898270441589986,
              -19.417344260892506
            ],
            [
              -41.0825757969713,
              -19.373844116829734
            ],
            [
              -41.03801005575106,
              -19.19563808953493
            ],
            [
              -40.85493995144787,
              -19.238823404404677
            ]
          ]
        ]
      },
      "properties": {
        "patch_id": 7,
        "tile_id": 7,
        "patch_number": 8,
        "patch_label": "P008",
        "name": "patch_0008_VV",
        "x_start": 14000,
        "y_start": 0,
        "valid_x_end": 16000,
        "valid_y_end": 2000,
        "width": 2000,
        "height": 2000,
        "target_width": 2000,
        "target_height": 2000,
        "requires_padding": false,
        "processing_bbox_pixels": {
          "x0": 13840,
          "y0": 0,
          "x1": 16160,
          "y1": 2160
        },
        "processing_requested_bbox_pixels": {
          "x0": 13840,
          "y0": -160,
          "x1": 16160,
          "y1": 2160
        },
        "processing_width": 2320,
        "processing_height": 2160,
        "processing_target_width": 2320,
        "processing_target_height": 2160,
        "processing_requires_padding": false,
        "core_bbox_pixels": {
          "x0": 14000,
          "y0": 0,
          "x1": 16000,
          "y1": 2000
        },
        "requested_bbox_pixels": {
          "x0": 14000,
          "y0": 0,
          "x1": 16000,
          "y1": 2000
        },
        "halo_pixels": 160,
        "polarization": "VV",
        "display_bounds_lonlat": {
          "west": -41.101006843319595,
          "south": -19.435079019418477,
          "east": -40.839940412046616,
          "north": -19.192229857057757
        },
        "cfar_detection_count": 0,
        "yolo_detection_count": 0
      }
    },
    {
      "type": "Feature",
      "geometry": {
        "type": "Polygon",
        "coordinates": [
          [
            [
              -41.038100199770646,
              -19.19561678808195
            ],
            [
              -41.08266804112295,
              -19.37382230265808
            ],
            [
              -41.26756715512378,
              -19.32998402365319
            ],
            [
              -41.2214415696799,
              -19.15217626411018
            ],
            [
              -41.038100199770646,
              -19.19561678808195
            ]
          ]
        ]
      },
      "properties": {
        "patch_id": 8,
        "tile_id": 8,
        "patch_number": 9,
        "patch_label": "P009",
        "name": "patch_0009_VV",
        "x_start": 16000,
        "y_start": 0,
        "valid_x_end": 18000,
        "valid_y_end": 2000,
        "width": 2000,
        "height": 2000,
        "target_width": 2000,
        "target_height": 2000,
        "requires_padding": false,
        "processing_bbox_pixels": {
          "x0": 15840,
          "y0": 0,
          "x1": 18160,
          "y1": 2160
        },
        "processing_requested_bbox_pixels": {
          "x0": 15840,
          "y0": -160,
          "x1": 18160,
          "y1": 2160
        },
        "processing_width": 2320,
        "processing_height": 2160,
        "processing_target_width": 2320,
        "processing_target_height": 2160,
        "processing_requires_padding": false,
        "core_bbox_pixels": {
          "x0": 16000,
          "y0": 0,
          "x1": 18000,
          "y1": 2000
        },
        "requested_bbox_pixels": {
          "x0": 16000,
          "y0": 0,
          "x1": 18000,
          "y1": 2000
        },
        "halo_pixels": 160,
        "polarization": "VV",
        "display_bounds_lonlat": {
          "west": -41.286328632995534,
          "south": -19.391553366529795,
          "east": -41.02367715445193,
          "north": -19.148673960428063
        },
        "cfar_detection_count": 0,
        "yolo_detection_count": 0
      }
    },
    {
      "type": "Feature",
      "geometry": {
        "type": "Polygon",
        "coordinates": [
          [
            [
              -41.22153362226551,
              -19.15215437471217
            ],
            [
              -41.26766148332432,
              -19.329961574577194
            ],
            [
              -41.453986811449326,
              -19.285563219948592
            ],
            [
              -41.40563650479166,
              -19.1083169573694
            ],
            [
              -41.22153362226551,
              -19.15215437471217
            ]
          ]
        ]
      },
      "properties": {
        "patch_id": 9,
        "tile_id": 9,
        "patch_number": 10,
        "patch_label": "P010",
        "name": "patch_0010_VV",
        "x_start": 18000,
        "y_start": 0,
        "valid_x_end": 20000,
        "valid_y_end": 2000,
        "width": 2000,
        "height": 2000,
        "target_width": 2000,
        "target_height": 2000,
        "requires_padding": false,
        "processing_bbox_pixels": {
          "x0": 17840,
          "y0": 0,
          "x1": 20160,
          "y1": 2160
        },
        "processing_requested_bbox_pixels": {
          "x0": 17840,
          "y0": -160,
          "x1": 20160,
          "y1": 2160
        },
        "processing_width": 2320,
        "processing_height": 2160,
        "processing_target_width": 2320,
        "processing_target_height": 2160,
        "processing_requires_padding": false,
        "core_bbox_pixels": {
          "x0": 18000,
          "y0": 0,
          "x1": 20000,
          "y1": 2000
        },
        "requested_bbox_pixels": {
          "x0": 18000,
          "y0": 0,
          "x1": 20000,
          "y1": 2000
        },
        "halo_pixels": 160,
        "polarization": "VV",
        "display_bounds_lonlat": {
          "west": -41.472279303060446,
          "south": -19.34778651490581,
          "east": -41.2068044275354,
          "north": -19.10480070866505
        },
        "cfar_detection_count": 0,
        "yolo_detection_count": 0
      }
    },
    {
      "type": "Feature",
      "geometry": {
        "type": "Polygon",
        "coordinates": [
          [
            [
              -41.405728654558416,
              -19.108294980815
            ],
            [
              -41.454078718280705,
              -19.28554128762311
            ],
            [
              -41.638061624285996,
              -19.241501003149423
            ],
            [
              -41.58988868568673,
              -19.064239235608945
            ],
            [
              -41.405728654558416,
              -19.108294980815
            ]
          ]
        ]
      },
      "properties": {
        "patch_id": 10,
        "tile_id": 10,
        "patch_number": 11,
        "patch_label": "P011",
        "name": "patch_0011_VV",
        "x_start": 20000,
        "y_start": 0,
        "valid_x_end": 22000,
        "valid_y_end": 2000,
        "width": 2000,
        "height": 2000,
        "target_width": 2000,
        "target_height": 2000,
        "requires_padding": false,
        "processing_bbox_pixels": {
          "x0": 19840,
          "y0": 0,
          "x1": 22160,
          "y1": 2160
        },
        "processing_requested_bbox_pixels": {
          "x0": 19840,
          "y0": -160,
          "x1": 22160,
          "y1": 2160
        },
        "processing_width": 2320,
        "processing_height": 2160,
        "processing_target_width": 2320,
        "processing_target_height": 2160,
        "processing_requires_padding": false,
        "core_bbox_pixels": {
          "x0": 20000,
          "y0": 0,
          "x1": 22000,
          "y1": 2000
        },
        "requested_bbox_pixels": {
          "x0": 20000,
          "y0": 0,
          "x1": 22000,
          "y1": 2000
        },
        "halo_pixels": 160,
        "polarization": "VV",
        "display_bounds_lonlat": {
          "west": -41.65658926237753,
          "south": -19.303304283947483,
          "east": -41.3909846959024,
          "north": -19.06070426955408
        },
        "cfar_detection_count": 0,
        "yolo_detection_count": 0
      }
    },
    {
      "type": "Feature",
      "geometry": {
        "type": "Polygon",
        "coordinates": [
          [
            [
              -41.58998077610725,
              -19.0642171420711
            ],
            [
              -41.63815363212783,
              -19.241478914709134
            ],
            [
              -41.82291557026593,
              -19.197045203082467
            ],
            [
              -41.77407400138274,
              -19.019977377705537
            ],
            [
              -41.58998077610725,
              -19.0642171420711
            ]
          ]
        ]
      },
      "properties": {
        "patch_id": 11,
        "tile_id": 11,
        "patch_number": 12,
        "patch_label": "P012",
        "name": "patch_0012_VV",
        "x_start": 22000,
        "y_start": 0,
        "valid_x_end": 24000,
        "valid_y_end": 2000,
        "width": 2000,
        "height": 2000,
        "target_width": 2000,
        "target_height": 2000,
        "requires_padding": false,
        "processing_bbox_pixels": {
          "x0": 21840,
          "y0": 0,
          "x1": 24160,
          "y1": 2160
        },
        "processing_requested_bbox_pixels": {
          "x0": 21840,
          "y0": -160,
          "x1": 24160,
          "y1": 2160
        },
        "processing_width": 2320,
        "processing_height": 2160,
        "processing_target_width": 2320,
        "processing_target_height": 2160,
        "processing_requires_padding": false,
        "core_bbox_pixels": {
          "x0": 22000,
          "y0": 0,
          "x1": 24000,
          "y1": 2000
        },
        "requested_bbox_pixels": {
          "x0": 22000,
          "y0": 0,
          "x1": 24000,
          "y1": 2000
        },
        "halo_pixels": 160,
        "polarization": "VV",
        "display_bounds_lonlat": {
          "west": -41.84149915658127,
          "south": -19.259214128036625,
          "east": -41.57524632001959,
          "north": -19.016431225532266
        },
        "cfar_detection_count": 0,
        "yolo_detection_count": 0
      }
    },
    {
      "type": "Feature",
      "geometry": {
        "type": "Polygon",
        "coordinates": [
          [
            [
              -41.774166095808916,
              -19.019955216723417
            ],
            [
              -41.82300833408101,
              -19.197022863091416
            ],
            [
              -41.95469468708787,
              -19.165229178484896
            ],
            [
              -41.90584379670519,
              -18.988186332943915
            ],
            [
              -41.774166095808916,
              -19.019955216723417
            ]
          ]
        ]
      },
      "properties": {
        "patch_id": 12,
        "tile_id": 12,
        "patch_number": 13,
        "patch_label": "P013",
        "name": "patch_0013_VV",
        "x_start": 24000,
        "y_start": 0,
        "valid_x_end": 25433,
        "valid_y_end": 2000,
        "width": 2000,
        "height": 2000,
        "target_width": 2000,
        "target_height": 2000,
        "requires_padding": true,
        "processing_bbox_pixels": {
          "x0": 23840,
          "y0": 0,
          "x1": 25433,
          "y1": 2160
        },
        "processing_requested_bbox_pixels": {
          "x0": 23840,
          "y0": -160,
          "x1": 26160,
          "y1": 2160
        },
        "processing_width": 1593,
        "processing_height": 2160,
        "processing_target_width": 1593,
        "processing_target_height": 2160,
        "processing_requires_padding": false,
        "core_bbox_pixels": {
          "x0": 24000,
          "y0": 0,
          "x1": 25433,
          "y1": 2000
        },
        "requested_bbox_pixels": {
          "x0": 24000,
          "y0": 0,
          "x1": 26000,
          "y1": 2000
        },
        "halo_pixels": 160,
        "polarization": "VV",
        "display_bounds_lonlat": {
          "west": -41.9584695903048,
          "south": -19.214805631796644,
          "east": -41.75943097646413,
          "north": -18.988186332943915
        },
        "cfar_detection_count": 0,
        "yolo_detection_count": 0
      }
    },
    {
      "type": "Feature",
      "geometry": {
        "type": "Polygon",
        "coordinates": [
          [
            [
              -39.59925348533923,
              -19.718055623115838
            ],
            [
              -39.64354700612438,
              -19.896444368805007
            ],
            [
              -39.82917166436609,
              -19.85410519259659
            ],
            [
              -39.784670111978265,
              -19.675773283882105
            ],
            [
              -39.59925348533923,
              -19.718055623115838
            ]
          ]
        ]
      },
      "properties": {
        "patch_id": 13,
        "tile_id": 13,
        "patch_number": 14,
        "patch_label": "P014",
        "name": "patch_0014_VV",
        "x_start": 0,
        "y_start": 2000,
        "valid_x_end": 2000,
        "valid_y_end": 4000,
        "width": 2000,
        "height": 2000,
        "target_width": 2000,
        "target_height": 2000,
        "requires_padding": false,
        "processing_bbox_pixels": {
          "x0": 0,
          "y0": 1840,
          "x1": 2160,
          "y1": 4160
        },
        "processing_requested_bbox_pixels": {
          "x0": -160,
          "y0": 1840,
          "x1": 2160,
          "y1": 4160
        },
        "processing_width": 2160,
        "processing_height": 2320,
        "processing_target_width": 2160,
        "processing_target_height": 2320,
        "processing_requires_padding": false,
        "core_bbox_pixels": {
          "x0": 0,
          "y0": 2000,
          "x1": 2000,
          "y1": 4000
        },
        "requested_bbox_pixels": {
          "x0": 0,
          "y0": 2000,
          "x1": 2000,
          "y1": 4000
        },
        "halo_pixels": 160,
        "polarization": "VV",
        "display_bounds_lonlat": {
          "west": -39.84759713807435,
          "south": -19.910721611093482,
          "east": -39.59571076522495,
          "north": -19.658108962113303
        },
        "cfar_detection_count": 0,
        "yolo_detection_count": 0
      }
    },
    {
      "type": "Feature",
      "geometry": {
        "type": "Polygon",
        "coordinates": [
          [
            [
              -39.78476284567682,
              -19.675752093065434
            ],
            [
              -39.82926450420128,
              -19.8540839743659
            ],
            [
              -40.015123377626836,
              -19.81149318849812
            ],
            [
              -39.97085883922031,
              -19.633115396991784
            ],
            [
              -39.78476284567682,
              -19.675752093065434
            ]
          ]
        ]
      },
      "properties": {
        "patch_id": 14,
        "tile_id": 14,
        "patch_number": 15,
        "patch_label": "P015",
        "name": "patch_0015_VV",
        "x_start": 2000,
        "y_start": 2000,
        "valid_x_end": 4000,
        "valid_y_end": 4000,
        "width": 2000,
        "height": 2000,
        "target_width": 2000,
        "target_height": 2000,
        "requires_padding": false,
        "processing_bbox_pixels": {
          "x0": 1840,
          "y0": 1840,
          "x1": 4160,
          "y1": 4160
        },
        "processing_requested_bbox_pixels": {
          "x0": 1840,
          "y0": 1840,
          "x1": 4160,
          "y1": 4160
        },
        "processing_width": 2320,
        "processing_height": 2320,
        "processing_target_width": 2320,
        "processing_target_height": 2320,
        "processing_requires_padding": false,
        "core_bbox_pixels": {
          "x0": 2000,
          "y0": 2000,
          "x1": 4000,
          "y1": 4000
        },
        "requested_bbox_pixels": {
          "x0": 2000,
          "y0": 2000,
          "x1": 4000,
          "y1": 4000
        },
        "halo_pixels": 160,
        "polarization": "VV",
        "display_bounds_lonlat": {
          "west": -40.033721656611796,
          "south": -19.871751727223216,
          "east": -39.76636790849845,
          "north": -19.615429059855813
        },
        "cfar_detection_count": 0,
        "yolo_detection_count": 0
      }
    },
    {
      "type": "Feature",
      "geometry": {
        "type": "Polygon",
        "coordinates": [
          [
            [
              -39.970951676899446,
              -19.633094048568413
            ],
            [
              -40.015217330559445,
              -19.811471574819222
            ],
            [
              -40.202205210850934,
              -19.768394131241056
            ],
            [
              -40.15650620950117,
              -19.590361320053525
            ],
            [
              -39.970951676899446,
              -19.633094048568413
            ]
          ]
        ]
      },
      "properties": {
        "patch_id": 15,
        "tile_id": 15,
        "patch_number": 16,
        "patch_label": "P016",
        "name": "patch_0016_VV",
        "x_start": 4000,
        "y_start": 2000,
        "valid_x_end": 6000,
        "valid_y_end": 4000,
        "width": 2000,
        "height": 2000,
        "target_width": 2000,
        "target_height": 2000,
        "requires_padding": false,
        "processing_bbox_pixels": {
          "x0": 3840,
          "y0": 1840,
          "x1": 6160,
          "y1": 4160
        },
        "processing_requested_bbox_pixels": {
          "x0": 3840,
          "y0": 1840,
          "x1": 6160,
          "y1": 4160
        },
        "processing_width": 2320,
        "processing_height": 2320,
        "processing_target_width": 2320,
        "processing_target_height": 2320,
        "processing_requires_padding": false,
        "core_bbox_pixels": {
          "x0": 4000,
          "y0": 2000,
          "x1": 6000,
          "y1": 4000
        },
        "requested_bbox_pixels": {
          "x0": 4000,
          "y0": 2000,
          "x1": 6000,
          "y1": 4000
        },
        "halo_pixels": 160,
        "polarization": "VV",
        "display_bounds_lonlat": {
          "west": -40.220808669671435,
          "south": -19.829200625928568,
          "east": -39.952552311613026,
          "north": -19.572682982003798
        },
        "cfar_detection_count": 0,
        "yolo_detection_count": 0
      }
    },
    {
      "type": "Feature",
      "geometry": {
        "type": "Polygon",
        "coordinates": [
          [
            [
              -40.15659901632481,
              -19.590339908870863
            ],
            [
              -40.20229825996029,
              -19.768372658258006
            ],
            [
              -40.388822772022294,
              -19.72518916047936
            ],
            [
              -40.34195807795193,
              -19.547443693850994
            ],
            [
              -40.15659901632481,
              -19.590339908870863
            ]
          ]
        ]
      },
      "properties": {
        "patch_id": 16,
        "tile_id": 16,
        "patch_number": 17,
        "patch_label": "P017",
        "name": "patch_0017_VV",
        "x_start": 6000,
        "y_start": 2000,
        "valid_x_end": 8000,
        "valid_y_end": 4000,
        "width": 2000,
        "height": 2000,
        "target_width": 2000,
        "target_height": 2000,
        "requires_padding": false,
        "processing_bbox_pixels": {
          "x0": 5840,
          "y0": 1840,
          "x1": 8160,
          "y1": 4160
        },
        "processing_requested_bbox_pixels": {
          "x0": 5840,
          "y0": 1840,
          "x1": 8160,
          "y1": 4160
        },
        "processing_width": 2320,
        "processing_height": 2320,
        "processing_target_width": 2320,
        "processing_target_height": 2320,
        "processing_requires_padding": false,
        "core_bbox_pixels": {
          "x0": 6000,
          "y0": 2000,
          "x1": 8000,
          "y1": 4000
        },
        "requested_bbox_pixels": {
          "x0": 6000,
          "y0": 2000,
          "x1": 8000,
          "y1": 4000
        },
        "halo_pixels": 160,
        "polarization": "VV",
        "display_bounds_lonlat": {
          "west": -40.40760581586771,
          "south": -19.786057386180268,
          "east": -40.138105458941084,
          "north": -19.529748930371476
        },
        "cfar_detection_count": 0,
        "yolo_detection_count": 0
      }
    },
    {
      "type": "Feature",
      "geometry": {
        "type": "Polygon",
        "coordinates": [
          [
            [
              -40.342051349774515,
              -19.54742203914428
            ],
            [
              -40.38891715153099,
              -19.725167238947193
            ],
            [
              -40.57409121389737,
              -19.682090396914017
            ],
            [
              -40.52798444913766,
              -19.504183006238836
            ],
            [
              -40.342051349774515,
              -19.54742203914428
            ]
          ]
        ]
      },
      "properties": {
        "patch_id": 17,
        "tile_id": 17,
        "patch_number": 18,
        "patch_label": "P018",
        "name": "patch_0018_VV",
        "x_start": 8000,
        "y_start": 2000,
        "valid_x_end": 10000,
        "valid_y_end": 4000,
        "width": 2000,
        "height": 2000,
        "target_width": 2000,
        "target_height": 2000,
        "requires_padding": false,
        "processing_bbox_pixels": {
          "x0": 7840,
          "y0": 1840,
          "x1": 10160,
          "y1": 4160
        },
        "processing_requested_bbox_pixels": {
          "x0": 7840,
          "y0": 1840,
          "x1": 10160,
          "y1": 4160
        },
        "processing_width": 2320,
        "processing_height": 2320,
        "processing_target_width": 2320,
        "processing_target_height": 2320,
        "processing_requires_padding": false,
        "core_bbox_pixels": {
          "x0": 8000,
          "y0": 2000,
          "x1": 10000,
          "y1": 4000
        },
        "requested_bbox_pixels": {
          "x0": 8000,
          "y0": 2000,
          "x1": 10000,
          "y1": 4000
        },
        "halo_pixels": 160,
        "polarization": "VV",
        "display_bounds_lonlat": {
          "west": -40.592581501644155,
          "south": -19.742915820277382,
          "east": -40.32342131234232,
          "north": -19.486465930542977
        },
        "cfar_detection_count": 0,
        "yolo_detection_count": 0
      }
    },
    {
      "type": "Feature",
      "geometry": {
        "type": "Polygon",
        "coordinates": [
          [
            [
              -40.52807724941283,
              -19.504161395951485
            ],
            [
              -40.57418241134479,
              -19.682069153900258
            ],
            [
              -40.75875018591364,
              -19.638912212046026
            ],
            [
              -40.71297736059353,
              -19.46094408580627
            ],
            [
              -40.52807724941283,
              -19.504161395951485
            ]
          ]
        ]
      },
      "properties": {
        "patch_id": 18,
        "tile_id": 18,
        "patch_number": 19,
        "patch_label": "P019",
        "name": "patch_0019_VV",
        "x_start": 10000,
        "y_start": 2000,
        "valid_x_end": 12000,
        "valid_y_end": 4000,
        "width": 2000,
        "height": 2000,
        "target_width": 2000,
        "target_height": 2000,
        "requires_padding": false,
        "processing_bbox_pixels": {
          "x0": 9840,
          "y0": 1840,
          "x1": 12160,
          "y1": 4160
        },
        "processing_requested_bbox_pixels": {
          "x0": 9840,
          "y0": 1840,
          "x1": 12160,
          "y1": 4160
        },
        "processing_width": 2320,
        "processing_height": 2320,
        "processing_target_width": 2320,
        "processing_target_height": 2320,
        "processing_requires_padding": false,
        "core_bbox_pixels": {
          "x0": 10000,
          "y0": 2000,
          "x1": 12000,
          "y1": 4000
        },
        "requested_bbox_pixels": {
          "x0": 10000,
          "y0": 2000,
          "x1": 12000,
          "y1": 4000
        },
        "halo_pixels": 160,
        "polarization": "VV",
        "display_bounds_lonlat": {
          "west": -40.77728017035318,
          "south": -19.699674147529393,
          "east": -40.509574048030245,
          "north": -19.443225241530634
        },
        "cfar_detection_count": 0,
        "yolo_detection_count": 0
      }
    },
    {
      "type": "Feature",
      "geometry": {
        "type": "Polygon",
        "coordinates": [
          [
            [
              -40.71306987959212,
              -19.460922407034058
            ],
            [
              -40.75884251048109,
              -19.638890570349822
            ],
            [
              -40.943767885980876,
              -19.595453620339974
            ],
            [
              -40.89820298776588,
              -19.417454846880254
            ],
            [
              -40.71306987959212,
              -19.460922407034058
            ]
          ]
        ]
      },
      "properties": {
        "patch_id": 19,
        "tile_id": 19,
        "patch_number": 20,
        "patch_label": "P020",
        "name": "patch_0020_VV",
        "x_start": 12000,
        "y_start": 2000,
        "valid_x_end": 14000,
        "valid_y_end": 4000,
        "width": 2000,
        "height": 2000,
        "target_width": 2000,
        "target_height": 2000,
        "requires_padding": false,
        "processing_bbox_pixels": {
          "x0": 11840,
          "y0": 1840,
          "x1": 14160,
          "y1": 4160
        },
        "processing_requested_bbox_pixels": {
          "x0": 11840,
          "y0": 1840,
          "x1": 14160,
          "y1": 4160
        },
        "processing_width": 2320,
        "processing_height": 2320,
        "processing_target_width": 2320,
        "processing_target_height": 2320,
        "processing_requires_padding": false,
        "core_bbox_pixels": {
          "x0": 12000,
          "y0": 2000,
          "x1": 14000,
          "y1": 4000
        },
        "requested_bbox_pixels": {
          "x0": 12000,
          "y0": 2000,
          "x1": 14000,
          "y1": 4000
        },
        "halo_pixels": 160,
        "polarization": "VV",
        "display_bounds_lonlat": {
          "west": -40.96231761057237,
          "south": -19.656566616391007,
          "east": -40.6946283380955,
          "north": -19.39971849805325
        },
        "cfar_detection_count": 0,
        "yolo_detection_count": 0
      }
    },
    {
      "type": "Feature",
      "geometry": {
        "type": "Polygon",
        "coordinates": [
          [
            [
              -40.89829312426171,
              -19.41743333057649
            ],
            [
              -40.94385925002414,
              -19.595431799726885
            ],
            [
              -41.12850954012593,
              -19.55182838316427
            ],
            [
              -41.08259872871703,
              -19.373933116587164
            ],
            [
              -40.89829312426171,
              -19.41743333057649
            ]
          ]
        ]
      },
      "properties": {
        "patch_id": 20,
        "tile_id": 20,
        "patch_number": 21,
        "patch_label": "P021",
        "name": "patch_0021_VV",
        "x_start": 14000,
        "y_start": 2000,
        "valid_x_end": 16000,
        "valid_y_end": 4000,
        "width": 2000,
        "height": 2000,
        "target_width": 2000,
        "target_height": 2000,
        "requires_padding": false,
        "processing_bbox_pixels": {
          "x0": 13840,
          "y0": 1840,
          "x1": 16160,
          "y1": 4160
        },
        "processing_requested_bbox_pixels": {
          "x0": 13840,
          "y0": 1840,
          "x1": 16160,
          "y1": 4160
        },
        "processing_width": 2320,
        "processing_height": 2320,
        "processing_target_width": 2320,
        "processing_target_height": 2320,
        "processing_requires_padding": false,
        "core_bbox_pixels": {
          "x0": 14000,
          "y0": 2000,
          "x1": 16000,
          "y1": 4000
        },
        "requested_bbox_pixels": {
          "x0": 14000,
          "y0": 2000,
          "x1": 16000,
          "y1": 4000
        },
        "halo_pixels": 160,
        "polarization": "VV",
        "display_bounds_lonlat": {
          "west": -41.14699654849107,
          "south": -19.61313697851666,
          "east": -40.879880511786965,
          "north": -19.356199705165317
        },
        "cfar_detection_count": 0,
        "yolo_detection_count": 0
      }
    },
    {
      "type": "Feature",
      "geometry": {
        "type": "Polygon",
        "coordinates": [
          [
            [
              -41.082690972982064,
              -19.37391130238268
            ],
            [
              -41.12860191588694,
              -19.551806526158213
            ],
            [
              -41.31354185309904,
              -19.507938271691444
            ],
            [
              -41.267590137230926,
              -19.330073001509966
            ],
            [
              -41.082690972982064,
              -19.37391130238268
            ]
          ]
        ]
      },
      "properties": {
        "patch_id": 21,
        "tile_id": 21,
        "patch_number": 22,
        "patch_label": "P022",
        "name": "patch_0022_VV",
        "x_start": 16000,
        "y_start": 2000,
        "valid_x_end": 18000,
        "valid_y_end": 4000,
        "width": 2000,
        "height": 2000,
        "target_width": 2000,
        "target_height": 2000,
        "requires_padding": false,
        "processing_bbox_pixels": {
          "x0": 15840,
          "y0": 1840,
          "x1": 18160,
          "y1": 4160
        },
        "processing_requested_bbox_pixels": {
          "x0": 15840,
          "y0": 1840,
          "x1": 18160,
          "y1": 4160
        },
        "processing_width": 2320,
        "processing_height": 2320,
        "processing_target_width": 2320,
        "processing_target_height": 2320,
        "processing_requires_padding": false,
        "core_bbox_pixels": {
          "x0": 16000,
          "y0": 2000,
          "x1": 18000,
          "y1": 4000
        },
        "requested_bbox_pixels": {
          "x0": 16000,
          "y0": 2000,
          "x1": 18000,
          "y1": 4000
        },
        "halo_pixels": 160,
        "polarization": "VV",
        "display_bounds_lonlat": {
          "west": -41.33219299652467,
          "south": -19.569532470646475,
          "east": -41.064293906954674,
          "north": -19.312245952554676
        },
        "cfar_detection_count": 0,
        "yolo_detection_count": 0
      }
    },
    {
      "type": "Feature",
      "geometry": {
        "type": "Polygon",
        "coordinates": [
          [
            [
              -41.26768446511217,
              -19.330050552505238
            ],
            [
              -41.313635486065024,
              -19.507915978684437
            ],
            [
              -41.499014437535166,
              -19.463721311675933
            ],
            [
              -41.45400926480096,
              -19.285652312970768
            ],
            [
              -41.26768446511217,
              -19.330050552505238
            ]
          ]
        ]
      },
      "properties": {
        "patch_id": 22,
        "tile_id": 22,
        "patch_number": 23,
        "patch_label": "P023",
        "name": "patch_0023_VV",
        "x_start": 18000,
        "y_start": 2000,
        "valid_x_end": 20000,
        "valid_y_end": 4000,
        "width": 2000,
        "height": 2000,
        "target_width": 2000,
        "target_height": 2000,
        "requires_padding": false,
        "processing_bbox_pixels": {
          "x0": 17840,
          "y0": 1840,
          "x1": 20160,
          "y1": 4160
        },
        "processing_requested_bbox_pixels": {
          "x0": 17840,
          "y0": 1840,
          "x1": 20160,
          "y1": 4160
        },
        "processing_width": 2320,
        "processing_height": 2320,
        "processing_target_width": 2320,
        "processing_target_height": 2320,
        "processing_requires_padding": false,
        "core_bbox_pixels": {
          "x0": 18000,
          "y0": 2000,
          "x1": 20000,
          "y1": 4000
        },
        "requested_bbox_pixels": {
          "x0": 18000,
          "y0": 2000,
          "x1": 20000,
          "y1": 4000
        },
        "halo_pixels": 160,
        "polarization": "VV",
        "display_bounds_lonlat": {
          "west": -41.51736801559227,
          "south": -19.52571421856539,
          "east": -41.248917586808986,
          "north": -19.267902570695174
        },
        "cfar_detection_count": 0,
        "yolo_detection_count": 0
      }
    },
    {
      "type": "Feature",
      "geometry": {
        "type": "Polygon",
        "coordinates": [
          [
            [
              -41.454101171431944,
              -19.28563038068692
            ],
            [
              -41.4991061291346,
              -19.463699418186113
            ],
            [
              -41.68550898641,
              -19.419045735168368
            ],
            [
              -41.63808541457412,
              -19.24158975864655
            ],
            [
              -41.454101171431944,
              -19.28563038068692
            ]
          ]
        ]
      },
      "properties": {
        "patch_id": 23,
        "tile_id": 23,
        "patch_number": 24,
        "patch_label": "P024",
        "name": "patch_0024_VV",
        "x_start": 20000,
        "y_start": 2000,
        "valid_x_end": 22000,
        "valid_y_end": 4000,
        "width": 2000,
        "height": 2000,
        "target_width": 2000,
        "target_height": 2000,
        "requires_padding": false,
        "processing_bbox_pixels": {
          "x0": 19840,
          "y0": 1840,
          "x1": 22160,
          "y1": 4160
        },
        "processing_requested_bbox_pixels": {
          "x0": 19840,
          "y0": 1840,
          "x1": 22160,
          "y1": 4160
        },
        "processing_width": 2320,
        "processing_height": 2320,
        "processing_target_width": 2320,
        "processing_target_height": 2320,
        "processing_requires_padding": false,
        "core_bbox_pixels": {
          "x0": 20000,
          "y0": 2000,
          "x1": 22000,
          "y1": 4000
        },
        "requested_bbox_pixels": {
          "x0": 20000,
          "y0": 2000,
          "x1": 22000,
          "y1": 4000
        },
        "halo_pixels": 160,
        "polarization": "VV",
        "display_bounds_lonlat": {
          "west": -41.7039601684238,
          "south": -19.481442954307553,
          "east": -41.43573675201195,
          "north": -19.223857734746208
        },
        "cfar_detection_count": 0,
        "yolo_detection_count": 0
      }
    },
    {
      "type": "Feature",
      "geometry": {
        "type": "Polygon",
        "coordinates": [
          [
            [
              -41.63817742241384,
              -19.241567670199057
            ],
            [
              -41.68560102331428,
              -19.41902362443603
            ],
            [
              -41.86990526695577,
              -19.3746726438675
            ],
            [
              -41.82293907257016,
              -19.19713401430821
            ],
            [
              -41.63817742241384,
              -19.241567670199057
            ]
          ]
        ]
      },
      "properties": {
        "patch_id": 24,
        "tile_id": 24,
        "patch_number": 25,
        "patch_label": "P025",
        "name": "patch_0025_VV",
        "x_start": 22000,
        "y_start": 2000,
        "valid_x_end": 24000,
        "valid_y_end": 4000,
        "width": 2000,
        "height": 2000,
        "target_width": 2000,
        "target_height": 2000,
        "requires_padding": false,
        "processing_bbox_pixels": {
          "x0": 21840,
          "y0": 1840,
          "x1": 24160,
          "y1": 4160
        },
        "processing_requested_bbox_pixels": {
          "x0": 21840,
          "y0": 1840,
          "x1": 24160,
          "y1": 4160
        },
        "processing_width": 2320,
        "processing_height": 2320,
        "processing_target_width": 2320,
        "processing_target_height": 2320,
        "processing_requires_padding": false,
        "core_bbox_pixels": {
          "x0": 22000,
          "y0": 2000,
          "x1": 24000,
          "y1": 4000
        },
        "requested_bbox_pixels": {
          "x0": 22000,
          "y0": 2000,
          "x1": 24000,
          "y1": 4000
        },
        "halo_pixels": 160,
        "polarization": "VV",
        "display_bounds_lonlat": {
          "west": -41.88842620182163,
          "south": -19.436784596181763,
          "east": -41.61963840340785,
          "north": -19.179359966094523
        },
        "cfar_detection_count": 0,
        "yolo_detection_count": 0
      }
    },
    {
      "type": "Feature",
      "geometry": {
        "type": "Polygon",
        "coordinates": [
          [
            [
              -41.82303183612721,
              -19.197111674373208
            ],
            [
              -41.86999759465629,
              -19.374650396386762
            ],
            [
              -42.00186769234967,
              -19.342789329114304
            ],
            [
              -41.954718280235554,
              -19.165317956121584
            ],
            [
              -41.82303183612721,
              -19.197111674373208
            ]
          ]
        ]
      },
      "properties": {
        "patch_id": 25,
        "tile_id": 25,
        "patch_number": 26,
        "patch_label": "P026",
        "name": "patch_0026_VV",
        "x_start": 24000,
        "y_start": 2000,
        "valid_x_end": 25433,
        "valid_y_end": 4000,
        "width": 2000,
        "height": 2000,
        "target_width": 2000,
        "target_height": 2000,
        "requires_padding": true,
        "processing_bbox_pixels": {
          "x0": 23840,
          "y0": 1840,
          "x1": 25433,
          "y1": 4160
        },
        "processing_requested_bbox_pixels": {
          "x0": 23840,
          "y0": 1840,
          "x1": 26160,
          "y1": 4160
        },
        "processing_width": 1593,
        "processing_height": 2320,
        "processing_target_width": 1593,
        "processing_target_height": 2320,
        "processing_requires_padding": false,
        "core_bbox_pixels": {
          "x0": 24000,
          "y0": 2000,
          "x1": 25433,
          "y1": 4000
        },
        "requested_bbox_pixels": {
          "x0": 24000,
          "y0": 2000,
          "x1": 26000,
          "y1": 4000
        },
        "halo_pixels": 160,
        "polarization": "VV",
        "display_bounds_lonlat": {
          "west": -42.00563416980046,
          "south": -19.392423503767432,
          "east": -41.804392728337945,
          "north": -19.151121134203276
        },
        "cfar_detection_count": 0,
        "yolo_detection_count": 0
      }
    },
    {
      "type": "Feature",
      "geometry": {
        "type": "Polygon",
        "coordinates": [
          [
            [
              -39.64356920205468,
              -19.89653360156931
            ],
            [
              -39.68795797667815,
              -20.07490719503391
            ],
            [
              -39.87381978882881,
              -20.032506700789313
            ],
            [
              -39.82919397496894,
              -19.854194395529497
            ],
            [
              -39.64356920205468,
              -19.89653360156931
            ]
          ]
        ]
      },
      "properties": {
        "patch_id": 26,
        "tile_id": 26,
        "patch_number": 27,
        "patch_label": "P027",
        "name": "patch_0027_VV",
        "x_start": 0,
        "y_start": 4000,
        "valid_x_end": 2000,
        "valid_y_end": 6000,
        "width": 2000,
        "height": 2000,
        "target_width": 2000,
        "target_height": 2000,
        "requires_padding": false,
        "processing_bbox_pixels": {
          "x0": 0,
          "y0": 3840,
          "x1": 2160,
          "y1": 6160
        },
        "processing_requested_bbox_pixels": {
          "x0": -160,
          "y0": 3840,
          "x1": 2160,
          "y1": 6160
        },
        "processing_width": 2160,
        "processing_height": 2320,
        "processing_target_width": 2160,
        "processing_target_height": 2320,
        "processing_requires_padding": false,
        "core_bbox_pixels": {
          "x0": 0,
          "y0": 4000,
          "x1": 2000,
          "y1": 6000
        },
        "requested_bbox_pixels": {
          "x0": 0,
          "y0": 4000,
          "x1": 2000,
          "y1": 6000
        },
        "halo_pixels": 160,
        "polarization": "VV",
        "display_bounds_lonlat": {
          "west": -39.89227535371158,
          "south": -20.089183296978668,
          "east": -39.64001785304004,
          "north": -19.83652737603443
        },
        "cfar_detection_count": 0,
        "yolo_detection_count": 1
      }
    },
    {
      "type": "Feature",
      "geometry": {
        "type": "Polygon",
        "coordinates": [
          [
            [
              -39.82928681485885,
              -19.854173177284387
            ],
            [
              -39.87391274348292,
              -20.032485452517008
            ],
            [
              -40.05980130929649,
              -19.989879601935165
            ],
            [
              -40.01514569023374,
              -19.811582386990725
            ],
            [
              -39.82928681485885,
              -19.854173177284387
            ]
          ]
        ]
      },
      "properties": {
        "patch_id": 27,
        "tile_id": 27,
        "patch_number": 28,
        "patch_label": "P028",
        "name": "patch_0028_VV",
        "x_start": 2000,
        "y_start": 4000,
        "valid_x_end": 4000,
        "valid_y_end": 6000,
        "width": 2000,
        "height": 2000,
        "target_width": 2000,
        "target_height": 2000,
        "requires_padding": false,
        "processing_bbox_pixels": {
          "x0": 1840,
          "y0": 3840,
          "x1": 4160,
          "y1": 6160
        },
        "processing_requested_bbox_pixels": {
          "x0": 1840,
          "y0": 3840,
          "x1": 4160,
          "y1": 6160
        },
        "processing_width": 2320,
        "processing_height": 2320,
        "processing_target_width": 2320,
        "processing_target_height": 2320,
        "processing_requires_padding": false,
        "core_bbox_pixels": {
          "x0": 2000,
          "y0": 4000,
          "x1": 4000,
          "y1": 6000
        },
        "requested_bbox_pixels": {
          "x0": 2000,
          "y0": 4000,
          "x1": 4000,
          "y1": 6000
        },
        "halo_pixels": 160,
        "polarization": "VV",
        "display_bounds_lonlat": {
          "west": -40.07835967150898,
          "south": -20.050156254697754,
          "east": -39.81086412438596,
          "north": -19.793851543218086
        },
        "cfar_detection_count": 0,
        "yolo_detection_count": 0
      }
    },
    {
      "type": "Feature",
      "geometry": {
        "type": "Polygon",
        "coordinates": [
          [
            [
              -40.015239643001486,
              -19.81156077334706
            ],
            [
              -40.059894891162685,
              -19.989858068438405
            ],
            [
              -40.248674558836704,
              -19.94635138826693
            ],
            [
              -40.202228270708524,
              -19.768483149738888
            ],
            [
              -40.015239643001486,
              -19.81156077334706
            ]
          ]
        ]
      },
      "properties": {
        "patch_id": 28,
        "tile_id": 28,
        "patch_number": 29,
        "patch_label": "P029",
        "name": "patch_0029_VV",
        "x_start": 4000,
        "y_start": 4000,
        "valid_x_end": 6000,
        "valid_y_end": 6000,
        "width": 2000,
        "height": 2000,
        "target_width": 2000,
        "target_height": 2000,
        "requires_padding": false,
        "processing_bbox_pixels": {
          "x0": 3840,
          "y0": 3840,
          "x1": 6160,
          "y1": 6160
        },
        "processing_requested_bbox_pixels": {
          "x0": 3840,
          "y0": 3840,
          "x1": 6160,
          "y1": 6160
        },
        "processing_width": 2320,
        "processing_height": 2320,
        "processing_target_width": 2320,
        "processing_target_height": 2320,
        "processing_requires_padding": false,
        "core_bbox_pixels": {
          "x0": 4000,
          "y0": 4000,
          "x1": 6000,
          "y1": 6000
        },
        "requested_bbox_pixels": {
          "x0": 4000,
          "y0": 4000,
          "x1": 6000,
          "y1": 6000
        },
        "halo_pixels": 160,
        "polarization": "VV",
        "display_bounds_lonlat": {
          "west": -40.267836027837646,
          "south": -20.00756917747202,
          "east": -39.99663298120265,
          "north": -19.75081060377855
        },
        "cfar_detection_count": 6,
        "yolo_detection_count": 0
      }
    },
    {
      "type": "Feature",
      "geometry": {
        "type": "Polygon",
        "coordinates": [
          [
            [
              -40.202321320834045,
              -19.76846167651641
            ],
            [
              -40.248770015204684,
              -19.946329348990872
            ],
            [
              -40.4352527585485,
              -19.903141816194548
            ],
            [
              -40.38884582089105,
              -19.725278174837737
            ],
            [
              -40.202321320834045,
              -19.76846167651641
            ]
          ]
        ]
      },
      "properties": {
        "patch_id": 29,
        "tile_id": 29,
        "patch_number": 30,
        "patch_label": "P030",
        "name": "patch_0030_VV",
        "x_start": 6000,
        "y_start": 4000,
        "valid_x_end": 8000,
        "valid_y_end": 6000,
        "width": 2000,
        "height": 2000,
        "target_width": 2000,
        "target_height": 2000,
        "requires_padding": false,
        "processing_bbox_pixels": {
          "x0": 5840,
          "y0": 3840,
          "x1": 8160,
          "y1": 6160
        },
        "processing_requested_bbox_pixels": {
          "x0": 5840,
          "y0": 3840,
          "x1": 8160,
          "y1": 6160
        },
        "processing_width": 2320,
        "processing_height": 2320,
        "processing_target_width": 2320,
        "processing_target_height": 2320,
        "processing_requires_padding": false,
        "core_bbox_pixels": {
          "x0": 6000,
          "y0": 4000,
          "x1": 8000,
          "y1": 6000
        },
        "requested_bbox_pixels": {
          "x0": 6000,
          "y0": 4000,
          "x1": 8000,
          "y1": 6000
        },
        "halo_pixels": 160,
        "polarization": "VV",
        "display_bounds_lonlat": {
          "west": -40.454086993717475,
          "south": -19.964076902740544,
          "east": -40.183769561448045,
          "north": -19.70752727119374
        },
        "cfar_detection_count": 0,
        "yolo_detection_count": 0
      }
    },
    {
      "type": "Feature",
      "geometry": {
        "type": "Polygon",
        "coordinates": [
          [
            [
              -40.388940200185175,
              -19.725256253351212
            ],
            [
              -40.435346619486786,
              -19.903120006898018
            ],
            [
              -40.6227866026567,
              -19.85949168514386
            ],
            [
              -40.574115378567065,
              -19.68217913978458
            ],
            [
              -40.388940200185175,
              -19.725256253351212
            ]
          ]
        ]
      },
      "properties": {
        "patch_id": 30,
        "tile_id": 30,
        "patch_number": 31,
        "patch_label": "P031",
        "name": "patch_0031_VV",
        "x_start": 8000,
        "y_start": 4000,
        "valid_x_end": 10000,
        "valid_y_end": 6000,
        "width": 2000,
        "height": 2000,
        "target_width": 2000,
        "target_height": 2000,
        "requires_padding": false,
        "processing_bbox_pixels": {
          "x0": 7840,
          "y0": 3840,
          "x1": 10160,
          "y1": 6160
        },
        "processing_requested_bbox_pixels": {
          "x0": 7840,
          "y0": 3840,
          "x1": 10160,
          "y1": 6160
        },
        "processing_width": 2320,
        "processing_height": 2320,
        "processing_target_width": 2320,
        "processing_target_height": 2320,
        "processing_requires_padding": false,
        "core_bbox_pixels": {
          "x0": 8000,
          "y0": 4000,
          "x1": 10000,
          "y1": 6000
        },
        "requested_bbox_pixels": {
          "x0": 8000,
          "y0": 4000,
          "x1": 10000,
          "y1": 6000
        },
        "halo_pixels": 160,
        "polarization": "VV",
        "display_bounds_lonlat": {
          "west": -40.64183257580127,
          "south": -19.920817128830322,
          "east": -40.370146242688335,
          "north": -19.664587933509374
        },
        "cfar_detection_count": 0,
        "yolo_detection_count": 0
      }
    },
    {
      "type": "Feature",
      "geometry": {
        "type": "Polygon",
        "coordinates": [
          [
            [
              -40.57420657720833,
              -19.682157896485755
            ],
            [
              -40.62288029219461,
              -19.859469847096708
            ],
            [
              -40.80656931024875,
              -19.816501838024543
            ],
            [
              -40.75877380299888,
              -19.639001075175784
            ],
            [
              -40.57420657720833,
              -19.682157896485755
            ]
          ]
        ]
      },
      "properties": {
        "patch_id": 31,
        "tile_id": 31,
        "patch_number": 32,
        "patch_label": "P032",
        "name": "patch_0032_VV",
        "x_start": 10000,
        "y_start": 4000,
        "valid_x_end": 12000,
        "valid_y_end": 6000,
        "width": 2000,
        "height": 2000,
        "target_width": 2000,
        "target_height": 2000,
        "requires_padding": false,
        "processing_bbox_pixels": {
          "x0": 9840,
          "y0": 3840,
          "x1": 12160,
          "y1": 6160
        },
        "processing_requested_bbox_pixels": {
          "x0": 9840,
          "y0": 3840,
          "x1": 12160,
          "y1": 6160
        },
        "processing_width": 2320,
        "processing_height": 2320,
        "processing_target_width": 2320,
        "processing_target_height": 2320,
        "processing_requires_padding": false,
        "core_bbox_pixels": {
          "x0": 10000,
          "y0": 4000,
          "x1": 12000,
          "y1": 6000
        },
        "requested_bbox_pixels": {
          "x0": 10000,
          "y0": 4000,
          "x1": 12000,
          "y1": 6000
        },
        "halo_pixels": 160,
        "polarization": "VV",
        "display_bounds_lonlat": {
          "west": -40.825052249156315,
          "south": -19.877136079237367,
          "east": -40.5557788164118,
          "north": -19.621315576909964
        },
        "cfar_detection_count": 0,
        "yolo_detection_count": 0
      }
    },
    {
      "type": "Feature",
      "geometry": {
        "type": "Polygon",
        "coordinates": [
          [
            [
              -40.7588661267584,
              -19.63897943366535
            ],
            [
              -40.80665986361262,
              -19.816480604919576
            ],
            [
              -40.99111971860974,
              -19.77313285030383
            ],
            [
              -40.943791456835505,
              -19.595542484019155
            ],
            [
              -40.7588661267584,
              -19.63897943366535
            ]
          ]
        ]
      },
      "properties": {
        "patch_id": 32,
        "tile_id": 32,
        "patch_number": 33,
        "patch_label": "P033",
        "name": "patch_0033_VV",
        "x_start": 12000,
        "y_start": 4000,
        "valid_x_end": 14000,
        "valid_y_end": 6000,
        "width": 2000,
        "height": 2000,
        "target_width": 2000,
        "target_height": 2000,
        "requires_padding": false,
        "processing_bbox_pixels": {
          "x0": 11840,
          "y0": 3840,
          "x1": 14160,
          "y1": 6160
        },
        "processing_requested_bbox_pixels": {
          "x0": 11840,
          "y0": 3840,
          "x1": 14160,
          "y1": 6160
        },
        "processing_width": 2320,
        "processing_height": 2320,
        "processing_target_width": 2320,
        "processing_target_height": 2320,
        "processing_requires_padding": false,
        "core_bbox_pixels": {
          "x0": 12000,
          "y0": 4000,
          "x1": 14000,
          "y1": 6000
        },
        "requested_bbox_pixels": {
          "x0": 12000,
          "y0": 4000,
          "x1": 14000,
          "y1": 6000
        },
        "halo_pixels": 160,
        "polarization": "VV",
        "display_bounds_lonlat": {
          "west": -41.00974678217304,
          "south": -19.83403113473154,
          "east": -40.74029503631099,
          "north": -19.57783802084267
        },
        "cfar_detection_count": 0,
        "yolo_detection_count": 0
      }
    },
    {
      "type": "Feature",
      "geometry": {
        "type": "Polygon",
        "coordinates": [
          [
            [
              -40.943882818494096,
              -19.595520663966134
            ],
            [
              -40.99120772221607,
              -19.773111816099856
            ],
            [
              -41.17538237114712,
              -19.7296008735123
            ],
            [
              -41.128532750353145,
              -19.551917322478296
            ],
            [
              -40.943882818494096,
              -19.595520663966134
            ]
          ]
        ]
      },
      "properties": {
        "patch_id": 33,
        "tile_id": 33,
        "patch_number": 34,
        "patch_label": "P034",
        "name": "patch_0034_VV",
        "x_start": 14000,
        "y_start": 4000,
        "valid_x_end": 16000,
        "valid_y_end": 6000,
        "width": 2000,
        "height": 2000,
        "target_width": 2000,
        "target_height": 2000,
        "requires_padding": false,
        "processing_bbox_pixels": {
          "x0": 13840,
          "y0": 3840,
          "x1": 16160,
          "y1": 6160
        },
        "processing_requested_bbox_pixels": {
          "x0": 13840,
          "y0": 3840,
          "x1": 16160,
          "y1": 6160
        },
        "processing_width": 2320,
        "processing_height": 2320,
        "processing_target_width": 2320,
        "processing_target_height": 2320,
        "processing_requires_padding": false,
        "core_bbox_pixels": {
          "x0": 14000,
          "y0": 4000,
          "x1": 16000,
          "y1": 6000
        },
        "requested_bbox_pixels": {
          "x0": 14000,
          "y0": 4000,
          "x1": 16000,
          "y1": 6000
        },
        "halo_pixels": 160,
        "polarization": "VV",
        "display_bounds_lonlat": {
          "west": -41.19400761379564,
          "south": -19.790815167983023,
          "east": -40.92530816420445,
          "north": -19.534188444541
        },
        "cfar_detection_count": 0,
        "yolo_detection_count": 0
      }
    },
    {
      "type": "Feature",
      "geometry": {
        "type": "Polygon",
        "coordinates": [
          [
            [
              -41.12862512585045,
              -19.55189546552989
            ],
            [
              -41.17547435895163,
              -19.72957909841667
            ],
            [
              -41.35997341318049,
              -19.68579245054961
            ],
            [
              -41.31356487677301,
              -19.508027243739075
            ],
            [
              -41.12862512585045,
              -19.55189546552989
            ]
          ]
        ]
      },
      "properties": {
        "patch_id": 34,
        "tile_id": 34,
        "patch_number": 35,
        "patch_label": "P035",
        "name": "patch_0035_VV",
        "x_start": 16000,
        "y_start": 4000,
        "valid_x_end": 18000,
        "valid_y_end": 6000,
        "width": 2000,
        "height": 2000,
        "target_width": 2000,
        "target_height": 2000,
        "requires_padding": false,
        "processing_bbox_pixels": {
          "x0": 15840,
          "y0": 3840,
          "x1": 18160,
          "y1": 6160
        },
        "processing_requested_bbox_pixels": {
          "x0": 15840,
          "y0": 3840,
          "x1": 18160,
          "y1": 6160
        },
        "processing_width": 2320,
        "processing_height": 2320,
        "processing_target_width": 2320,
        "processing_target_height": 2320,
        "processing_requires_padding": false,
        "core_bbox_pixels": {
          "x0": 16000,
          "y0": 4000,
          "x1": 18000,
          "y1": 6000
        },
        "requested_bbox_pixels": {
          "x0": 16000,
          "y0": 4000,
          "x1": 18000,
          "y1": 6000
        },
        "halo_pixels": 160,
        "polarization": "VV",
        "display_bounds_lonlat": {
          "west": -41.37867040582231,
          "south": -19.747249390290975,
          "east": -41.110124698601936,
          "north": -19.49022165709347
        },
        "cfar_detection_count": 0,
        "yolo_detection_count": 0
      }
    },
    {
      "type": "Feature",
      "geometry": {
        "type": "Polygon",
        "coordinates": [
          [
            [
              -41.31365850919516,
              -19.508004950856986
            ],
            [
              -41.360066212301724,
              -19.68577034635031
            ],
            [
              -41.545366010220164,
              -19.641570824784267
            ],
            [
              -41.49903737022079,
              -19.46381029389714
            ],
            [
              -41.31365850919516,
              -19.508004950856986
            ]
          ]
        ]
      },
      "properties": {
        "patch_id": 35,
        "tile_id": 35,
        "patch_number": 36,
        "patch_label": "P036",
        "name": "patch_0036_VV",
        "x_start": 18000,
        "y_start": 4000,
        "valid_x_end": 20000,
        "valid_y_end": 6000,
        "width": 2000,
        "height": 2000,
        "target_width": 2000,
        "target_height": 2000,
        "requires_padding": false,
        "processing_bbox_pixels": {
          "x0": 17840,
          "y0": 3840,
          "x1": 20160,
          "y1": 6160
        },
        "processing_requested_bbox_pixels": {
          "x0": 17840,
          "y0": 3840,
          "x1": 20160,
          "y1": 6160
        },
        "processing_width": 2320,
        "processing_height": 2320,
        "processing_target_width": 2320,
        "processing_target_height": 2320,
        "processing_requires_padding": false,
        "core_bbox_pixels": {
          "x0": 18000,
          "y0": 4000,
          "x1": 20000,
          "y1": 6000
        },
        "requested_bbox_pixels": {
          "x0": 18000,
          "y0": 4000,
          "x1": 20000,
          "y1": 6000
        },
        "halo_pixels": 160,
        "polarization": "VV",
        "display_bounds_lonlat": {
          "west": -41.564053826109046,
          "south": -19.70350495490117,
          "east": -41.2949835393185,
          "north": -19.44607360249009
        },
        "cfar_detection_count": 0,
        "yolo_detection_count": 0
      }
    },
    {
      "type": "Feature",
      "geometry": {
        "type": "Polygon",
        "coordinates": [
          [
            [
              -41.49912906235534,
              -19.463788400272794
            ],
            [
              -41.54545858673187,
              -19.64154870626598
            ],
            [
              -41.73211684551114,
              -19.5968065039393
            ],
            [
              -41.685532248663534,
              -19.41913462439809
            ],
            [
              -41.49912906235534,
              -19.463788400272794
            ]
          ]
        ]
      },
      "properties": {
        "patch_id": 36,
        "tile_id": 36,
        "patch_number": 37,
        "patch_label": "P037",
        "name": "patch_0037_VV",
        "x_start": 20000,
        "y_start": 4000,
        "valid_x_end": 22000,
        "valid_y_end": 6000,
        "width": 2000,
        "height": 2000,
        "target_width": 2000,
        "target_height": 2000,
        "requires_padding": false,
        "processing_bbox_pixels": {
          "x0": 19840,
          "y0": 3840,
          "x1": 22160,
          "y1": 6160
        },
        "processing_requested_bbox_pixels": {
          "x0": 19840,
          "y0": 3840,
          "x1": 22160,
          "y1": 6160
        },
        "processing_width": 2320,
        "processing_height": 2320,
        "processing_target_width": 2320,
        "processing_target_height": 2320,
        "processing_requires_padding": false,
        "core_bbox_pixels": {
          "x0": 20000,
          "y0": 4000,
          "x1": 22000,
          "y1": 6000
        },
        "requested_bbox_pixels": {
          "x0": 20000,
          "y0": 4000,
          "x1": 22000,
          "y1": 6000
        },
        "halo_pixels": 160,
        "polarization": "VV",
        "display_bounds_lonlat": {
          "west": -41.75070711884829,
          "south": -19.659276795481524,
          "east": -41.480802707936725,
          "north": -19.40137560828504
        },
        "cfar_detection_count": 0,
        "yolo_detection_count": 0
      }
    },
    {
      "type": "Feature",
      "geometry": {
        "type": "Polygon",
        "coordinates": [
          [
            [
              -41.685624285697656,
              -19.419112513627315
            ],
            [
              -41.73220941624001,
              -19.596784249538402
            ],
            [
              -41.91693064439875,
              -19.55230355137557
            ],
            [
              -41.8699287101646,
              -19.374761474870255
            ],
            [
              -41.685624285697656,
              -19.419112513627315
            ]
          ]
        ]
      },
      "properties": {
        "patch_id": 37,
        "tile_id": 37,
        "patch_number": 38,
        "patch_label": "P038",
        "name": "patch_0038_VV",
        "x_start": 22000,
        "y_start": 4000,
        "valid_x_end": 24000,
        "valid_y_end": 6000,
        "width": 2000,
        "height": 2000,
        "target_width": 2000,
        "target_height": 2000,
        "requires_padding": false,
        "processing_bbox_pixels": {
          "x0": 21840,
          "y0": 3840,
          "x1": 24160,
          "y1": 6160
        },
        "processing_requested_bbox_pixels": {
          "x0": 21840,
          "y0": 3840,
          "x1": 24160,
          "y1": 6160
        },
        "processing_width": 2320,
        "processing_height": 2320,
        "processing_target_width": 2320,
        "processing_target_height": 2320,
        "processing_requires_padding": false,
        "core_bbox_pixels": {
          "x0": 22000,
          "y0": 4000,
          "x1": 24000,
          "y1": 6000
        },
        "requested_bbox_pixels": {
          "x0": 22000,
          "y0": 4000,
          "x1": 24000,
          "y1": 6000
        },
        "halo_pixels": 160,
        "polarization": "VV",
        "display_bounds_lonlat": {
          "west": -41.93549532254406,
          "south": -19.614565224837246,
          "east": -41.667179713093546,
          "north": -19.356989442356152
        },
        "cfar_detection_count": 0,
        "yolo_detection_count": 0
      }
    },
    {
      "type": "Feature",
      "geometry": {
        "type": "Polygon",
        "coordinates": [
          [
            [
              -41.87002103792396,
              -19.374739227367897
            ],
            [
              -41.91702291958862,
              -19.552281302249952
            ],
            [
              -42.04913130692675,
              -19.52034120459257
            ],
            [
              -42.0018912328315,
              -19.342878126083864
            ],
            [
              -41.87002103792396,
              -19.374739227367897
            ]
          ]
        ]
      },
      "properties": {
        "patch_id": 38,
        "tile_id": 38,
        "patch_number": 39,
        "patch_label": "P039",
        "name": "patch_0039_VV",
        "x_start": 24000,
        "y_start": 4000,
        "valid_x_end": 25433,
        "valid_y_end": 6000,
        "width": 2000,
        "height": 2000,
        "target_width": 2000,
        "target_height": 2000,
        "requires_padding": true,
        "processing_bbox_pixels": {
          "x0": 23840,
          "y0": 3840,
          "x1": 25433,
          "y1": 6160
        },
        "processing_requested_bbox_pixels": {
          "x0": 23840,
          "y0": 3840,
          "x1": 26160,
          "y1": 6160
        },
        "processing_width": 1593,
        "processing_height": 2320,
        "processing_target_width": 1593,
        "processing_target_height": 2320,
        "processing_requires_padding": false,
        "core_bbox_pixels": {
          "x0": 24000,
          "y0": 4000,
          "x1": 25433,
          "y1": 6000
        },
        "requested_bbox_pixels": {
          "x0": 24000,
          "y0": 4000,
          "x1": 26000,
          "y1": 6000
        },
        "halo_pixels": 160,
        "polarization": "VV",
        "display_bounds_lonlat": {
          "west": -42.05297485654215,
          "south": -19.57003875928632,
          "east": -41.851499168263146,
          "north": -19.328670610953676
        },
        "cfar_detection_count": 0,
        "yolo_detection_count": 0
      }
    },
    {
      "type": "Feature",
      "geometry": {
        "type": "Polygon",
        "coordinates": [
          [
            [
              -39.68798022299903,
              -20.074996420671063
            ],
            [
              -39.73247340370551,
              -20.253355377105443
            ],
            [
              -39.91859712521948,
              -20.210888109220164
            ],
            [
              -39.873842170420936,
              -20.0325958922296
            ],
            [
              -39.68798022299903,
              -20.074996420671063
            ]
          ]
        ]
      },
      "properties": {
        "patch_id": 39,
        "tile_id": 39,
        "patch_number": 40,
        "patch_label": "P040",
        "name": "patch_0040_VV",
        "x_start": 0,
        "y_start": 6000,
        "valid_x_end": 2000,
        "valid_y_end": 8000,
        "width": 2000,
        "height": 2000,
        "target_width": 2000,
        "target_height": 2000,
        "requires_padding": false,
        "processing_bbox_pixels": {
          "x0": 0,
          "y0": 5840,
          "x1": 2160,
          "y1": 8160
        },
        "processing_requested_bbox_pixels": {
          "x0": -160,
          "y0": 5840,
          "x1": 2160,
          "y1": 8160
        },
        "processing_width": 2160,
        "processing_height": 2320,
        "processing_target_width": 2160,
        "processing_target_height": 2320,
        "processing_requires_padding": false,
        "core_bbox_pixels": {
          "x0": 0,
          "y0": 6000,
          "x1": 2000,
          "y1": 8000
        },
        "requested_bbox_pixels": {
          "x0": 0,
          "y0": 6000,
          "x1": 2000,
          "y1": 8000
        },
        "halo_pixels": 160,
        "polarization": "VV",
        "display_bounds_lonlat": {
          "west": -39.93707803873093,
          "south": -20.267630501374796,
          "east": -39.68442081197809,
          "north": -20.014925986380504
        },
        "cfar_detection_count": 1,
        "yolo_detection_count": 0
      }
    },
    {
      "type": "Feature",
      "geometry": {
        "type": "Polygon",
        "coordinates": [
          [
            [
              -39.873935125143944,
              -20.032574643939682
            ],
            [
              -39.91869021209084,
              -20.210866826525148
            ],
            [
              -40.10473228887319,
              -20.168216504598202
            ],
            [
              -40.059823760936,
              -19.98996877254617
            ],
            [
              -39.873935125143944,
              -20.032574643939682
            ]
          ]
        ]
      },
      "properties": {
        "patch_id": 40,
        "tile_id": 40,
        "patch_number": 41,
        "patch_label": "P041",
        "name": "patch_0041_VV",
        "x_start": 2000,
        "y_start": 6000,
        "valid_x_end": 4000,
        "valid_y_end": 8000,
        "width": 2000,
        "height": 2000,
        "target_width": 2000,
        "target_height": 2000,
        "requires_padding": false,
        "processing_bbox_pixels": {
          "x0": 1840,
          "y0": 5840,
          "x1": 4160,
          "y1": 8160
        },
        "processing_requested_bbox_pixels": {
          "x0": 1840,
          "y0": 5840,
          "x1": 4160,
          "y1": 8160
        },
        "processing_width": 2320,
        "processing_height": 2320,
        "processing_target_width": 2320,
        "processing_target_height": 2320,
        "processing_requires_padding": false,
        "core_bbox_pixels": {
          "x0": 2000,
          "y0": 6000,
          "x1": 4000,
          "y1": 8000
        },
        "requested_bbox_pixels": {
          "x0": 2000,
          "y0": 6000,
          "x1": 4000,
          "y1": 8000
        },
        "halo_pixels": 160,
        "polarization": "VV",
        "display_bounds_lonlat": {
          "west": -40.1232361874604,
          "south": -20.228542630147935,
          "east": -39.855483064254294,
          "north": -19.972254567094144
        },
        "cfar_detection_count": 0,
        "yolo_detection_count": 0
      }
    },
    {
      "type": "Feature",
      "geometry": {
        "type": "Polygon",
        "coordinates": [
          [
            [
              -40.05991734252834,
              -19.989947239110265
            ],
            [
              -40.10482543893589,
              -20.16819506647632
            ],
            [
              -40.29540326091362,
              -20.124258139754673
            ],
            [
              -40.24869854079637,
              -19.946440196465062
            ],
            [
              -40.05991734252834,
              -19.989947239110265
            ]
          ]
        ]
      },
      "properties": {
        "patch_id": 41,
        "tile_id": 41,
        "patch_number": 42,
        "patch_label": "P042",
        "name": "patch_0042_VV",
        "x_start": 4000,
        "y_start": 6000,
        "valid_x_end": 6000,
        "valid_y_end": 8000,
        "width": 2000,
        "height": 2000,
        "target_width": 2000,
        "target_height": 2000,
        "requires_padding": false,
        "processing_bbox_pixels": {
          "x0": 3840,
          "y0": 5840,
          "x1": 6160,
          "y1": 8160
        },
        "processing_requested_bbox_pixels": {
          "x0": 3840,
          "y0": 5840,
          "x1": 6160,
          "y1": 8160
        },
        "processing_width": 2320,
        "processing_height": 2320,
        "processing_target_width": 2320,
        "processing_target_height": 2320,
        "processing_requires_padding": false,
        "core_bbox_pixels": {
          "x0": 4000,
          "y0": 6000,
          "x1": 6000,
          "y1": 8000
        },
        "requested_bbox_pixels": {
          "x0": 4000,
          "y0": 6000,
          "x1": 6000,
          "y1": 8000
        },
        "halo_pixels": 160,
        "polarization": "VV",
        "display_bounds_lonlat": {
          "west": -40.31449499452063,
          "south": -20.185890874005256,
          "east": -40.04134505098534,
          "north": -19.92871655847341
        },
        "cfar_detection_count": 0,
        "yolo_detection_count": 0
      }
    },
    {
      "type": "Feature",
      "geometry": {
        "type": "Polygon",
        "coordinates": [
          [
            [
              -40.248793999169294,
              -19.946418156718963
            ],
            [
              -40.29550120390987,
              -20.124235514966408
            ],
            [
              -40.48283541315824,
              -20.080834192354914
            ],
            [
              -40.4352766836768,
              -19.903230629952397
            ],
            [
              -40.248793999169294,
              -19.946418156718963
            ]
          ]
        ]
      },
      "properties": {
        "patch_id": 42,
        "tile_id": 42,
        "patch_number": 43,
        "patch_label": "P043",
        "name": "patch_0043_VV",
        "x_start": 6000,
        "y_start": 6000,
        "valid_x_end": 8000,
        "valid_y_end": 8000,
        "width": 2000,
        "height": 2000,
        "target_width": 2000,
        "target_height": 2000,
        "requires_padding": false,
        "processing_bbox_pixels": {
          "x0": 5840,
          "y0": 5840,
          "x1": 8160,
          "y1": 8160
        },
        "processing_requested_bbox_pixels": {
          "x0": 5840,
          "y0": 5840,
          "x1": 8160,
          "y1": 8160
        },
        "processing_width": 2320,
        "processing_height": 2320,
        "processing_target_width": 2320,
        "processing_target_height": 2320,
        "processing_requires_padding": false,
        "core_bbox_pixels": {
          "x0": 6000,
          "y0": 6000,
          "x1": 8000,
          "y1": 8000
        },
        "requested_bbox_pixels": {
          "x0": 6000,
          "y0": 6000,
          "x1": 8000,
          "y1": 8000
        },
        "halo_pixels": 160,
        "polarization": "VV",
        "display_bounds_lonlat": {
          "west": -40.50156584351706,
          "south": -20.142150727741313,
          "east": -40.22973453902365,
          "north": -19.8855283744843
        },
        "cfar_detection_count": 0,
        "yolo_detection_count": 0
      }
    },
    {
      "type": "Feature",
      "geometry": {
        "type": "Polygon",
        "coordinates": [
          [
            [
              -40.43537054416464,
              -19.90320882075676
            ],
            [
              -40.48292896651815,
              -20.08081244626107
            ],
            [
              -40.67234410547863,
              -20.036700593629245
            ],
            [
              -40.622811732721914,
              -19.859580205281496
            ],
            [
              -40.43537054416464,
              -19.90320882075676
            ]
          ]
        ]
      },
      "properties": {
        "patch_id": 43,
        "tile_id": 43,
        "patch_number": 44,
        "patch_label": "P044",
        "name": "patch_0044_VV",
        "x_start": 8000,
        "y_start": 6000,
        "valid_x_end": 10000,
        "valid_y_end": 8000,
        "width": 2000,
        "height": 2000,
        "target_width": 2000,
        "target_height": 2000,
        "requires_padding": false,
        "processing_bbox_pixels": {
          "x0": 7840,
          "y0": 5840,
          "x1": 10160,
          "y1": 8160
        },
        "processing_requested_bbox_pixels": {
          "x0": 7840,
          "y0": 5840,
          "x1": 10160,
          "y1": 8160
        },
        "processing_width": 2320,
        "processing_height": 2320,
        "processing_target_width": 2320,
        "processing_target_height": 2320,
        "processing_requires_padding": false,
        "core_bbox_pixels": {
          "x0": 8000,
          "y0": 6000,
          "x1": 10000,
          "y1": 8000
        },
        "requested_bbox_pixels": {
          "x0": 8000,
          "y0": 6000,
          "x1": 10000,
          "y1": 8000
        },
        "halo_pixels": 160,
        "polarization": "VV",
        "display_bounds_lonlat": {
          "west": -40.69145051665902,
          "south": -20.098526929692785,
          "east": -40.41651339380606,
          "north": -19.841932214607546
        },
        "cfar_detection_count": 0,
        "yolo_detection_count": 0
      }
    },
    {
      "type": "Feature",
      "geometry": {
        "type": "Polygon",
        "coordinates": [
          [
            [
              -40.62290542372908,
              -19.85955836688362
            ],
            [
              -40.67243984853202,
              -20.036678262813183
            ],
            [
              -40.85699404052097,
              -19.99348456380115
            ],
            [
              -40.806594470065036,
              -19.816590340802126
            ],
            [
              -40.62290542372908,
              -19.85955836688362
            ]
          ]
        ]
      },
      "properties": {
        "patch_id": 44,
        "tile_id": 44,
        "patch_number": 45,
        "patch_label": "P045",
        "name": "patch_0045_VV",
        "x_start": 10000,
        "y_start": 6000,
        "valid_x_end": 12000,
        "valid_y_end": 8000,
        "width": 2000,
        "height": 2000,
        "target_width": 2000,
        "target_height": 2000,
        "requires_padding": false,
        "processing_bbox_pixels": {
          "x0": 9840,
          "y0": 5840,
          "x1": 12160,
          "y1": 8160
        },
        "processing_requested_bbox_pixels": {
          "x0": 9840,
          "y0": 5840,
          "x1": 12160,
          "y1": 8160
        },
        "processing_width": 2320,
        "processing_height": 2320,
        "processing_target_width": 2320,
        "processing_target_height": 2320,
        "processing_requires_padding": false,
        "core_bbox_pixels": {
          "x0": 10000,
          "y0": 6000,
          "x1": 12000,
          "y1": 8000
        },
        "requested_bbox_pixels": {
          "x0": 10000,
          "y0": 6000,
          "x1": 12000,
          "y1": 8000
        },
        "halo_pixels": 160,
        "polarization": "VV",
        "display_bounds_lonlat": {
          "west": -40.875355415773576,
          "south": -20.054466163722466,
          "east": -40.60393142889093,
          "north": -19.79902538819913
        },
        "cfar_detection_count": 0,
        "yolo_detection_count": 0
      }
    },
    {
      "type": "Feature",
      "geometry": {
        "type": "Polygon",
        "coordinates": [
          [
            [
              -40.806685022211255,
              -19.81656910798063
            ],
            [
              -40.85708327381079,
              -19.993463633017317
            ],
            [
              -41.03966270559343,
              -19.95053957605824
            ],
            [
              -40.991143843629544,
              -19.773221587050973
            ],
            [
              -40.806685022211255,
              -19.81656910798063
            ]
          ]
        ]
      },
      "properties": {
        "patch_id": 45,
        "tile_id": 45,
        "patch_number": 46,
        "patch_label": "P046",
        "name": "patch_0046_VV",
        "x_start": 12000,
        "y_start": 6000,
        "valid_x_end": 14000,
        "valid_y_end": 8000,
        "width": 2000,
        "height": 2000,
        "target_width": 2000,
        "target_height": 2000,
        "requires_padding": false,
        "processing_bbox_pixels": {
          "x0": 11840,
          "y0": 5840,
          "x1": 14160,
          "y1": 8160
        },
        "processing_requested_bbox_pixels": {
          "x0": 11840,
          "y0": 5840,
          "x1": 14160,
          "y1": 8160
        },
        "processing_width": 2320,
        "processing_height": 2320,
        "processing_target_width": 2320,
        "processing_target_height": 2320,
        "processing_requires_padding": false,
        "core_bbox_pixels": {
          "x0": 12000,
          "y0": 6000,
          "x1": 14000,
          "y1": 8000
        },
        "requested_bbox_pixels": {
          "x0": 12000,
          "y0": 6000,
          "x1": 14000,
          "y1": 8000
        },
        "halo_pixels": 160,
        "polarization": "VV",
        "display_bounds_lonlat": {
          "west": -41.05832487130005,
          "south": -20.01097187583781,
          "east": -40.78814012980105,
          "north": -19.755541479113543
        },
        "cfar_detection_count": 0,
        "yolo_detection_count": 0
      }
    },
    {
      "type": "Feature",
      "geometry": {
        "type": "Polygon",
        "coordinates": [
          [
            [
              -40.991231848567,
              -19.7732005525269
            ],
            [
              -41.03975281706042,
              -19.95051803380418
            ],
            [
              -41.22387527679395,
              -19.906997181212176
            ],
            [
              -41.17540677444633,
              -19.729689532902732
            ],
            [
              -40.991231848567,
              -19.7732005525269
            ]
          ]
        ]
      },
      "properties": {
        "patch_id": 46,
        "tile_id": 46,
        "patch_number": 47,
        "patch_label": "P047",
        "name": "patch_0047_VV",
        "x_start": 14000,
        "y_start": 6000,
        "valid_x_end": 16000,
        "valid_y_end": 8000,
        "width": 2000,
        "height": 2000,
        "target_width": 2000,
        "target_height": 2000,
        "requires_padding": false,
        "processing_bbox_pixels": {
          "x0": 13840,
          "y0": 5840,
          "x1": 16160,
          "y1": 8160
        },
        "processing_requested_bbox_pixels": {
          "x0": 13840,
          "y0": 5840,
          "x1": 16160,
          "y1": 8160
        },
        "processing_width": 2320,
        "processing_height": 2320,
        "processing_target_width": 2320,
        "processing_target_height": 2320,
        "processing_requires_padding": false,
        "core_bbox_pixels": {
          "x0": 14000,
          "y0": 6000,
          "x1": 16000,
          "y1": 8000
        },
        "requested_bbox_pixels": {
          "x0": 14000,
          "y0": 6000,
          "x1": 16000,
          "y1": 8000
        },
        "halo_pixels": 160,
        "polarization": "VV",
        "display_bounds_lonlat": {
          "west": -41.24243898848437,
          "south": -19.968171730171107,
          "east": -40.97247486093969,
          "north": -19.71202078923764
        },
        "cfar_detection_count": 0,
        "yolo_detection_count": 0
      }
    },
    {
      "type": "Feature",
      "geometry": {
        "type": "Polygon",
        "coordinates": [
          [
            [
              -41.17549876235496,
              -19.72966775777667
            ],
            [
              -41.223967493397545,
              -19.90697533999133
            ],
            [
              -41.40817126398584,
              -19.863234941502334
            ],
            [
              -41.35999745015342,
              -19.685881185455077
            ],
            [
              -41.17549876235496,
              -19.72966775777667
            ]
          ]
        ]
      },
      "properties": {
        "patch_id": 47,
        "tile_id": 47,
        "patch_number": 48,
        "patch_label": "P048",
        "name": "patch_0048_VV",
        "x_start": 16000,
        "y_start": 6000,
        "valid_x_end": 18000,
        "valid_y_end": 8000,
        "width": 2000,
        "height": 2000,
        "target_width": 2000,
        "target_height": 2000,
        "requires_padding": false,
        "processing_bbox_pixels": {
          "x0": 15840,
          "y0": 5840,
          "x1": 18160,
          "y1": 8160
        },
        "processing_requested_bbox_pixels": {
          "x0": 15840,
          "y0": 5840,
          "x1": 18160,
          "y1": 8160
        },
        "processing_width": 2320,
        "processing_height": 2320,
        "processing_target_width": 2320,
        "processing_target_height": 2320,
        "processing_requires_padding": false,
        "core_bbox_pixels": {
          "x0": 16000,
          "y0": 6000,
          "x1": 18000,
          "y1": 8000
        },
        "requested_bbox_pixels": {
          "x0": 16000,
          "y0": 6000,
          "x1": 18000,
          "y1": 8000
        },
        "halo_pixels": 160,
        "polarization": "VV",
        "display_bounds_lonlat": {
          "west": -41.42691481024289,
          "south": -19.924680988449246,
          "east": -41.15687881631074,
          "north": -19.6681478453951
        },
        "cfar_detection_count": 0,
        "yolo_detection_count": 0
      }
    },
    {
      "type": "Feature",
      "geometry": {
        "type": "Polygon",
        "coordinates": [
          [
            [
              -41.36009024940025,
              -19.685859081219743
            ],
            [
              -41.40826415847549,
              -19.863212802110755
            ],
            [
              -41.593724179740136,
              -19.818948900568003
            ],
            [
              -41.54539022518598,
              -19.64165950389522
            ],
            [
              -41.36009024940025,
              -19.685859081219743
            ]
          ]
        ]
      },
      "properties": {
        "patch_id": 48,
        "tile_id": 48,
        "patch_number": 49,
        "patch_label": "P049",
        "name": "patch_0049_VV",
        "x_start": 18000,
        "y_start": 6000,
        "valid_x_end": 20000,
        "valid_y_end": 8000,
        "width": 2000,
        "height": 2000,
        "target_width": 2000,
        "target_height": 2000,
        "requires_padding": false,
        "processing_bbox_pixels": {
          "x0": 17840,
          "y0": 5840,
          "x1": 20160,
          "y1": 8160
        },
        "processing_requested_bbox_pixels": {
          "x0": 17840,
          "y0": 5840,
          "x1": 20160,
          "y1": 8160
        },
        "processing_width": 2320,
        "processing_height": 2320,
        "processing_target_width": 2320,
        "processing_target_height": 2320,
        "processing_requires_padding": false,
        "core_bbox_pixels": {
          "x0": 18000,
          "y0": 6000,
          "x1": 20000,
          "y1": 8000
        },
        "requested_bbox_pixels": {
          "x0": 18000,
          "y0": 6000,
          "x1": 20000,
          "y1": 8000
        },
        "halo_pixels": 160,
        "polarization": "VV",
        "display_bounds_lonlat": {
          "west": -41.61239776627241,
          "south": -19.880942359019006,
          "east": -41.34140074309637,
          "north": -19.623932351753663
        },
        "cfar_detection_count": 0,
        "yolo_detection_count": 0
      }
    },
    {
      "type": "Feature",
      "geometry": {
        "type": "Polygon",
        "coordinates": [
          [
            [
              -41.54548280174404,
              -19.641637385358514
            ],
            [
              -41.59381681869246,
              -19.818926753319563
            ],
            [
              -41.77915985350597,
              -19.774475337241377
            ],
            [
              -41.73214032758632,
              -19.596895346512305
            ],
            [
              -41.54548280174404,
              -19.641637385358514
            ]
          ]
        ]
      },
      "properties": {
        "patch_id": 49,
        "tile_id": 49,
        "patch_number": 50,
        "patch_label": "P050",
        "name": "patch_0050_VV",
        "x_start": 20000,
        "y_start": 6000,
        "valid_x_end": 22000,
        "valid_y_end": 8000,
        "width": 2000,
        "height": 2000,
        "target_width": 2000,
        "target_height": 2000,
        "requires_padding": false,
        "processing_bbox_pixels": {
          "x0": 19840,
          "y0": 5840,
          "x1": 22160,
          "y1": 8160
        },
        "processing_requested_bbox_pixels": {
          "x0": 19840,
          "y0": 5840,
          "x1": 22160,
          "y1": 8160
        },
        "processing_width": 2320,
        "processing_height": 2320,
        "processing_target_width": 2320,
        "processing_target_height": 2320,
        "processing_requires_padding": false,
        "core_bbox_pixels": {
          "x0": 20000,
          "y0": 6000,
          "x1": 22000,
          "y1": 8000
        },
        "requested_bbox_pixels": {
          "x0": 20000,
          "y0": 6000,
          "x1": 22000,
          "y1": 8000
        },
        "halo_pixels": 160,
        "polarization": "VV",
        "display_bounds_lonlat": {
          "west": -41.79793888831116,
          "south": -19.83666530915309,
          "east": -41.52679734175703,
          "north": -19.57912529016262
        },
        "cfar_detection_count": 0,
        "yolo_detection_count": 0
      }
    },
    {
      "type": "Feature",
      "geometry": {
        "type": "Polygon",
        "coordinates": [
          [
            [
              -41.73223289916803,
              -19.59687309189681
            ],
            [
              -41.77925361193209,
              -19.774452780066973
            ],
            [
              -41.96508904339828,
              -19.729672329735582
            ],
            [
              -41.91695445408567,
              -19.55239230036161
            ],
            [
              -41.73223289916803,
              -19.59687309189681
            ]
          ]
        ]
      },
      "properties": {
        "patch_id": 50,
        "tile_id": 50,
        "patch_number": 51,
        "patch_label": "P051",
        "name": "patch_0051_VV",
        "x_start": 22000,
        "y_start": 6000,
        "valid_x_end": 24000,
        "valid_y_end": 8000,
        "width": 2000,
        "height": 2000,
        "target_width": 2000,
        "target_height": 2000,
        "requires_padding": false,
        "processing_bbox_pixels": {
          "x0": 21840,
          "y0": 5840,
          "x1": 24160,
          "y1": 8160
        },
        "processing_requested_bbox_pixels": {
          "x0": 21840,
          "y0": 5840,
          "x1": 24160,
          "y1": 8160
        },
        "processing_width": 2320,
        "processing_height": 2320,
        "processing_target_width": 2320,
        "processing_target_height": 2320,
        "processing_requires_padding": false,
        "core_bbox_pixels": {
          "x0": 22000,
          "y0": 6000,
          "x1": 24000,
          "y1": 8000
        },
        "requested_bbox_pixels": {
          "x0": 22000,
          "y0": 6000,
          "x1": 24000,
          "y1": 8000
        },
        "halo_pixels": 160,
        "polarization": "VV",
        "display_bounds_lonlat": {
          "west": -41.9838709799525,
          "south": -19.792270685717977,
          "east": -41.713686021602726,
          "north": -19.53462979516299
        },
        "cfar_detection_count": 0,
        "yolo_detection_count": 0
      }
    },
    {
      "type": "Feature",
      "geometry": {
        "type": "Polygon",
        "coordinates": [
          [
            [
              -41.91704672888554,
              -19.552370051324072
            ],
            [
              -41.96518136992522,
              -19.729650053352394
            ],
            [
              -42.0975067920141,
              -19.69763484402038
            ],
            [
              -42.04915532911372,
              -19.52042989062504
            ],
            [
              -41.91704672888554,
              -19.552370051324072
            ]
          ]
        ]
      },
      "properties": {
        "patch_id": 51,
        "tile_id": 51,
        "patch_number": 52,
        "patch_label": "P052",
        "name": "patch_0052_VV",
        "x_start": 24000,
        "y_start": 6000,
        "valid_x_end": 25433,
        "valid_y_end": 8000,
        "width": 2000,
        "height": 2000,
        "target_width": 2000,
        "target_height": 2000,
        "requires_padding": true,
        "processing_bbox_pixels": {
          "x0": 23840,
          "y0": 5840,
          "x1": 25433,
          "y1": 8160
        },
        "processing_requested_bbox_pixels": {
          "x0": 23840,
          "y0": 5840,
          "x1": 26160,
          "y1": 8160
        },
        "processing_width": 1593,
        "processing_height": 2320,
        "processing_target_width": 1593,
        "processing_target_height": 2320,
        "processing_requires_padding": false,
        "core_bbox_pixels": {
          "x0": 24000,
          "y0": 6000,
          "x1": 25433,
          "y1": 8000
        },
        "requested_bbox_pixels": {
          "x0": 24000,
          "y0": 6000,
          "x1": 26000,
          "y1": 8000
        },
        "halo_pixels": 160,
        "polarization": "VV",
        "display_bounds_lonlat": {
          "west": -42.10145503077055,
          "south": -19.74738125064391,
          "east": -41.89846327834736,
          "north": -19.50624012543027
        },
        "cfar_detection_count": 0,
        "yolo_detection_count": 0
      }
    },
    {
      "type": "Feature",
      "geometry": {
        "type": "Polygon",
        "coordinates": [
          [
            [
              -39.73249569505815,
              -20.25344459663213
            ],
            [
              -39.77708801926751,
              -20.431789918116362
            ],
            [
              -39.96343356321813,
              -20.38926443558155
            ],
            [
              -39.91861953478325,
              -20.210977297751395
            ],
            [
              -39.73249569505815,
              -20.25344459663213
            ]
          ]
        ]
      },
      "properties": {
        "patch_id": 52,
        "tile_id": 52,
        "patch_number": 53,
        "patch_label": "P053",
        "name": "patch_0053_VV",
        "x_start": 0,
        "y_start": 8000,
        "valid_x_end": 2000,
        "valid_y_end": 10000,
        "width": 2000,
        "height": 2000,
        "target_width": 2000,
        "target_height": 2000,
        "requires_padding": false,
        "processing_bbox_pixels": {
          "x0": 0,
          "y0": 7840,
          "x1": 2160,
          "y1": 10160
        },
        "processing_requested_bbox_pixels": {
          "x0": -160,
          "y0": 7840,
          "x1": 2160,
          "y1": 10160
        },
        "processing_width": 2160,
        "processing_height": 2320,
        "processing_target_width": 2160,
        "processing_target_height": 2320,
        "processing_requires_padding": false,
        "core_bbox_pixels": {
          "x0": 0,
          "y0": 8000,
          "x1": 2000,
          "y1": 10000
        },
        "requested_bbox_pixels": {
          "x0": 0,
          "y0": 8000,
          "x1": 2000,
          "y1": 10000
        },
        "halo_pixels": 160,
        "polarization": "VV",
        "display_bounds_lonlat": {
          "west": -39.98193607955555,
          "south": -20.446063901721697,
          "east": -39.72892907881214,
          "north": -20.19330230897556
        },
        "cfar_detection_count": 1,
        "yolo_detection_count": 0
      }
    },
    {
      "type": "Feature",
      "geometry": {
        "type": "Polygon",
        "coordinates": [
          [
            [
              -39.918712621712494,
              -20.210956015040363
            ],
            [
              -39.96352675939309,
              -20.38924312339055
            ],
            [
              -40.14975985375095,
              -20.34653998470244
            ],
            [
              -40.104754795257676,
              -20.168305666673895
            ],
            [
              -39.918712621712494,
              -20.210956015040363
            ]
          ]
        ]
      },
      "properties": {
        "patch_id": 53,
        "tile_id": 53,
        "patch_number": 54,
        "patch_label": "P054",
        "name": "patch_0054_VV",
        "x_start": 2000,
        "y_start": 8000,
        "valid_x_end": 4000,
        "valid_y_end": 10000,
        "width": 2000,
        "height": 2000,
        "target_width": 2000,
        "target_height": 2000,
        "requires_padding": false,
        "processing_bbox_pixels": {
          "x0": 1840,
          "y0": 7840,
          "x1": 4160,
          "y1": 10160
        },
        "processing_requested_bbox_pixels": {
          "x0": 1840,
          "y0": 7840,
          "x1": 4160,
          "y1": 10160
        },
        "processing_width": 2320,
        "processing_height": 2320,
        "processing_target_width": 2320,
        "processing_target_height": 2320,
        "processing_requires_padding": false,
        "core_bbox_pixels": {
          "x0": 2000,
          "y0": 8000,
          "x1": 4000,
          "y1": 10000
        },
        "requested_bbox_pixels": {
          "x0": 2000,
          "y0": 8000,
          "x1": 4000,
          "y1": 10000
        },
        "halo_pixels": 160,
        "polarization": "VV",
        "display_bounds_lonlat": {
          "west": -40.168264913739975,
          "south": -20.406923358439045,
          "east": -39.90023465309886,
          "north": -20.150609410979136
        },
        "cfar_detection_count": 0,
        "yolo_detection_count": 2
      }
    },
    {
      "type": "Feature",
      "geometry": {
        "type": "Polygon",
        "coordinates": [
          [
            [
              -40.10484794527562,
              -20.168284228560815
            ],
            [
              -40.149852972885604,
              -20.346518550005825
            ],
            [
              -40.33890751414832,
              -20.302926451219562
            ],
            [
              -40.29542480200669,
              -20.124347521714363
            ],
            [
              -40.10484794527562,
              -20.168284228560815
            ]
          ]
        ]
      },
      "properties": {
        "patch_id": 54,
        "tile_id": 54,
        "patch_number": 55,
        "patch_label": "P055",
        "name": "patch_0055_VV",
        "x_start": 4000,
        "y_start": 8000,
        "valid_x_end": 6000,
        "valid_y_end": 10000,
        "width": 2000,
        "height": 2000,
        "target_width": 2000,
        "target_height": 2000,
        "requires_padding": false,
        "processing_bbox_pixels": {
          "x0": 3840,
          "y0": 7840,
          "x1": 6160,
          "y1": 10160
        },
        "processing_requested_bbox_pixels": {
          "x0": 3840,
          "y0": 7840,
          "x1": 6160,
          "y1": 10160
        },
        "processing_width": 2320,
        "processing_height": 2320,
        "processing_target_width": 2320,
        "processing_target_height": 2320,
        "processing_requires_padding": false,
        "core_bbox_pixels": {
          "x0": 4000,
          "y0": 8000,
          "x1": 6000,
          "y1": 10000
        },
        "requested_bbox_pixels": {
          "x0": 4000,
          "y0": 8000,
          "x1": 6000,
          "y1": 10000
        },
        "halo_pixels": 160,
        "polarization": "VV",
        "display_bounds_lonlat": {
          "west": -40.35785980658259,
          "south": -20.36421421019537,
          "east": -40.086341775121085,
          "north": -20.10642057514336
        },
        "cfar_detection_count": 17,
        "yolo_detection_count": 16
      }
    },
    {
      "type": "Feature",
      "geometry": {
        "type": "Polygon",
        "coordinates": [
          [
            [
              -40.29552274399781,
              -20.12432489715671
            ],
            [
              -40.33900382357913,
              -20.30290420049021
            ],
            [
              -40.52911675526836,
              -20.258840877035574
            ],
            [
              -40.482858809494076,
              -20.080923134281434
            ],
            [
              -40.29552274399781,
              -20.12432489715671
            ]
          ]
        ]
      },
      "properties": {
        "patch_id": 55,
        "tile_id": 55,
        "patch_number": 56,
        "patch_label": "P056",
        "name": "patch_0056_VV",
        "x_start": 6000,
        "y_start": 8000,
        "valid_x_end": 8000,
        "valid_y_end": 10000,
        "width": 2000,
        "height": 2000,
        "target_width": 2000,
        "target_height": 2000,
        "requires_padding": false,
        "processing_bbox_pixels": {
          "x0": 5840,
          "y0": 7840,
          "x1": 8160,
          "y1": 10160
        },
        "processing_requested_bbox_pixels": {
          "x0": 5840,
          "y0": 7840,
          "x1": 8160,
          "y1": 10160
        },
        "processing_width": 2320,
        "processing_height": 2320,
        "processing_target_width": 2320,
        "processing_target_height": 2320,
        "processing_requires_padding": false,
        "core_bbox_pixels": {
          "x0": 6000,
          "y0": 8000,
          "x1": 8000,
          "y1": 10000
        },
        "requested_bbox_pixels": {
          "x0": 6000,
          "y0": 8000,
          "x1": 8000,
          "y1": 10000
        },
        "halo_pixels": 160,
        "polarization": "VV",
        "display_bounds_lonlat": {
          "west": -40.54788859367715,
          "south": -20.320738899262103,
          "east": -40.27637986465886,
          "north": -20.063217451196792
        },
        "cfar_detection_count": 3,
        "yolo_detection_count": 0
      }
    },
    {
      "type": "Feature",
      "geometry": {
        "type": "Polygon",
        "coordinates": [
          [
            [
              -40.48295236357596,
              -20.08090138801463
            ],
            [
              -40.5292114514184,
              -20.258818855972702
            ],
            [
              -40.71930257321505,
              -20.21453363835689
            ],
            [
              -40.67236784711284,
              -20.036789446997496
            ],
            [
              -40.48295236357596,
              -20.08090138801463
            ]
          ]
        ]
      },
      "properties": {
        "patch_id": 56,
        "tile_id": 56,
        "patch_number": 57,
        "patch_label": "P057",
        "name": "patch_0057_VV",
        "x_start": 8000,
        "y_start": 8000,
        "valid_x_end": 10000,
        "valid_y_end": 10000,
        "width": 2000,
        "height": 2000,
        "target_width": 2000,
        "target_height": 2000,
        "requires_padding": false,
        "processing_bbox_pixels": {
          "x0": 7840,
          "y0": 7840,
          "x1": 10160,
          "y1": 10160
        },
        "processing_requested_bbox_pixels": {
          "x0": 7840,
          "y0": 7840,
          "x1": 10160,
          "y1": 10160
        },
        "processing_width": 2320,
        "processing_height": 2320,
        "processing_target_width": 2320,
        "processing_target_height": 2320,
        "processing_requires_padding": false,
        "core_bbox_pixels": {
          "x0": 8000,
          "y0": 8000,
          "x1": 10000,
          "y1": 10000
        },
        "requested_bbox_pixels": {
          "x0": 8000,
          "y0": 8000,
          "x1": 10000,
          "y1": 10000
        },
        "halo_pixels": 160,
        "polarization": "VV",
        "display_bounds_lonlat": {
          "west": -40.738236389321585,
          "south": -20.276605532701847,
          "east": -40.464258670867196,
          "north": -20.018999373889365
        },
        "cfar_detection_count": 0,
        "yolo_detection_count": 0
      }
    },
    {
      "type": "Feature",
      "geometry": {
        "type": "Polygon",
        "coordinates": [
          [
            [
              -40.67246358988665,
              -20.03676711624309
            ],
            [
              -40.71939799276125,
              -20.214511375612144
            ],
            [
              -40.90663026313182,
              -20.170663504400686
            ],
            [
              -40.857019408026865,
              -19.993573021466307
            ],
            [
              -40.67246358988665,
              -20.03676711624309
            ]
          ]
        ]
      },
      "properties": {
        "patch_id": 57,
        "tile_id": 57,
        "patch_number": 58,
        "patch_label": "P058",
        "name": "patch_0058_VV",
        "x_start": 10000,
        "y_start": 8000,
        "valid_x_end": 12000,
        "valid_y_end": 10000,
        "width": 2000,
        "height": 2000,
        "target_width": 2000,
        "target_height": 2000,
        "requires_padding": false,
        "processing_bbox_pixels": {
          "x0": 9840,
          "y0": 7840,
          "x1": 12160,
          "y1": 10160
        },
        "processing_requested_bbox_pixels": {
          "x0": 9840,
          "y0": 7840,
          "x1": 12160,
          "y1": 10160
        },
        "processing_width": 2320,
        "processing_height": 2320,
        "processing_target_width": 2320,
        "processing_target_height": 2320,
        "processing_requires_padding": false,
        "core_bbox_pixels": {
          "x0": 10000,
          "y0": 8000,
          "x1": 12000,
          "y1": 10000
        },
        "requested_bbox_pixels": {
          "x0": 10000,
          "y0": 8000,
          "x1": 12000,
          "y1": 10000
        },
        "halo_pixels": 160,
        "polarization": "VV",
        "display_bounds_lonlat": {
          "west": -40.92505641977955,
          "south": -20.23232253462293,
          "east": -40.6533389701525,
          "north": -19.976076960607738
        },
        "cfar_detection_count": 0,
        "yolo_detection_count": 0
      }
    },
    {
      "type": "Feature",
      "geometry": {
        "type": "Polygon",
        "coordinates": [
          [
            [
              -40.85710864230282,
              -19.993552090443053
            ],
            [
              -40.90672160327999,
              -20.170642063342527
            ],
            [
              -41.088280263467695,
              -20.127940442857287
            ],
            [
              -41.03968740950477,
              -19.950628180866254
            ],
            [
              -40.85710864230282,
              -19.993552090443053
            ]
          ]
        ]
      },
      "properties": {
        "patch_id": 58,
        "tile_id": 58,
        "patch_number": 59,
        "patch_label": "P059",
        "name": "patch_0059_VV",
        "x_start": 12000,
        "y_start": 8000,
        "valid_x_end": 14000,
        "valid_y_end": 10000,
        "width": 2000,
        "height": 2000,
        "target_width": 2000,
        "target_height": 2000,
        "requires_padding": false,
        "processing_bbox_pixels": {
          "x0": 11840,
          "y0": 7840,
          "x1": 14160,
          "y1": 10160
        },
        "processing_requested_bbox_pixels": {
          "x0": 11840,
          "y0": 7840,
          "x1": 14160,
          "y1": 10160
        },
        "processing_width": 2320,
        "processing_height": 2320,
        "processing_target_width": 2320,
        "processing_target_height": 2320,
        "processing_requires_padding": false,
        "core_bbox_pixels": {
          "x0": 12000,
          "y0": 8000,
          "x1": 14000,
          "y1": 10000
        },
        "requested_bbox_pixels": {
          "x0": 12000,
          "y0": 8000,
          "x1": 14000,
          "y1": 10000
        },
        "halo_pixels": 160,
        "polarization": "VV",
        "display_bounds_lonlat": {
          "west": -41.10650153866662,
          "south": -20.188299850265032,
          "east": -40.838797443283795,
          "north": -19.932969301234372
        },
        "cfar_detection_count": 0,
        "yolo_detection_count": 0
      }
    },
    {
      "type": "Feature",
      "geometry": {
        "type": "Polygon",
        "coordinates": [
          [
            [
              -41.03977752120738,
              -19.950606638553207
            ],
            [
              -41.088370764649454,
              -20.127918801993253
            ],
            [
              -41.27114436212195,
              -20.084696982448513
            ],
            [
              -41.22389906022313,
              -19.907085993800884
            ],
            [
              -41.03977752120738,
              -19.950606638553207
            ]
          ]
        ]
      },
      "properties": {
        "patch_id": 59,
        "tile_id": 59,
        "patch_number": 60,
        "patch_label": "P060",
        "name": "patch_0060_VV",
        "x_start": 14000,
        "y_start": 8000,
        "valid_x_end": 16000,
        "valid_y_end": 10000,
        "width": 2000,
        "height": 2000,
        "target_width": 2000,
        "target_height": 2000,
        "requires_padding": false,
        "processing_bbox_pixels": {
          "x0": 13840,
          "y0": 7840,
          "x1": 16160,
          "y1": 10160
        },
        "processing_requested_bbox_pixels": {
          "x0": 13840,
          "y0": 7840,
          "x1": 16160,
          "y1": 10160
        },
        "processing_width": 2320,
        "processing_height": 2320,
        "processing_target_width": 2320,
        "processing_target_height": 2320,
        "processing_requires_padding": false,
        "core_bbox_pixels": {
          "x0": 14000,
          "y0": 8000,
          "x1": 16000,
          "y1": 10000
        },
        "requested_bbox_pixels": {
          "x0": 14000,
          "y0": 8000,
          "x1": 16000,
          "y1": 10000
        },
        "halo_pixels": 160,
        "polarization": "VV",
        "display_bounds_lonlat": {
          "west": -41.289772709010045,
          "south": -20.145551452296147,
          "east": -41.0210076725994,
          "north": -19.889382423202694
        },
        "cfar_detection_count": 0,
        "yolo_detection_count": 0
      }
    },
    {
      "type": "Feature",
      "geometry": {
        "type": "Polygon",
        "coordinates": [
          [
            [
              -41.22399127697148,
              -19.9070641525392
            ],
            [
              -41.27123733512349,
              -20.084674948554454
            ],
            [
              -41.45699156694219,
              -20.040538124714026
            ],
            [
              -41.40819554581079,
              -19.86332362242167
            ],
            [
              -41.22399127697148,
              -19.9070641525392
            ]
          ]
        ]
      },
      "properties": {
        "patch_id": 60,
        "tile_id": 60,
        "patch_number": 61,
        "patch_label": "P061",
        "name": "patch_0061_VV",
        "x_start": 16000,
        "y_start": 8000,
        "valid_x_end": 18000,
        "valid_y_end": 10000,
        "width": 2000,
        "height": 2000,
        "target_width": 2000,
        "target_height": 2000,
        "requires_padding": false,
        "processing_bbox_pixels": {
          "x0": 15840,
          "y0": 7840,
          "x1": 18160,
          "y1": 10160
        },
        "processing_requested_bbox_pixels": {
          "x0": 15840,
          "y0": 7840,
          "x1": 18160,
          "y1": 10160
        },
        "processing_width": 2320,
        "processing_height": 2320,
        "processing_target_width": 2320,
        "processing_target_height": 2320,
        "processing_requires_padding": false,
        "core_bbox_pixels": {
          "x0": 16000,
          "y0": 8000,
          "x1": 18000,
          "y1": 10000
        },
        "requested_bbox_pixels": {
          "x0": 16000,
          "y0": 8000,
          "x1": 18000,
          "y1": 10000
        },
        "halo_pixels": 160,
        "polarization": "VV",
        "display_bounds_lonlat": {
          "west": -41.4757256955981,
          "south": -20.102434749932122,
          "east": -41.20543492897746,
          "north": -19.84559143560146
        },
        "cfar_detection_count": 0,
        "yolo_detection_count": 0
      }
    },
    {
      "type": "Feature",
      "geometry": {
        "type": "Polygon",
        "coordinates": [
          [
            [
              -41.40828844011814,
              -19.863301483066927
            ],
            [
              -41.45708401720566,
              -20.040516078758255
            ],
            [
              -41.64215014999789,
              -19.996320582883286
            ],
            [
              -41.59374825290763,
              -19.819037618911565
            ],
            [
              -41.40828844011814,
              -19.863301483066927
            ]
          ]
        ]
      },
      "properties": {
        "patch_id": 61,
        "tile_id": 61,
        "patch_number": 62,
        "patch_label": "P062",
        "name": "patch_0062_VV",
        "x_start": 18000,
        "y_start": 8000,
        "valid_x_end": 20000,
        "valid_y_end": 10000,
        "width": 2000,
        "height": 2000,
        "target_width": 2000,
        "target_height": 2000,
        "requires_padding": false,
        "processing_bbox_pixels": {
          "x0": 17840,
          "y0": 7840,
          "x1": 20160,
          "y1": 10160
        },
        "processing_requested_bbox_pixels": {
          "x0": 17840,
          "y0": 7840,
          "x1": 20160,
          "y1": 10160
        },
        "processing_width": 2320,
        "processing_height": 2320,
        "processing_target_width": 2320,
        "processing_target_height": 2320,
        "processing_requires_padding": false,
        "core_bbox_pixels": {
          "x0": 18000,
          "y0": 8000,
          "x1": 20000,
          "y1": 10000
        },
        "requested_bbox_pixels": {
          "x0": 18000,
          "y0": 8000,
          "x1": 20000,
          "y1": 10000
        },
        "halo_pixels": 160,
        "polarization": "VV",
        "display_bounds_lonlat": {
          "west": -41.66091369224914,
          "south": -20.058216106497728,
          "east": -41.389538454409646,
          "north": -19.801299185305076
        },
        "cfar_detection_count": 0,
        "yolo_detection_count": 0
      }
    },
    {
      "type": "Feature",
      "geometry": {
        "type": "Polygon",
        "coordinates": [
          [
            [
              -41.59384089184646,
              -19.81901547166072
            ],
            [
              -41.642242879627375,
              -19.9962984009272
            ],
            [
              -41.82665328792884,
              -19.95204689809431
            ],
            [
              -41.779183491415935,
              -19.774564147579362
            ],
            [
              -41.59384089184646,
              -19.81901547166072
            ]
          ]
        ]
      },
      "properties": {
        "patch_id": 62,
        "tile_id": 62,
        "patch_number": 63,
        "patch_label": "P063",
        "name": "patch_0063_VV",
        "x_start": 20000,
        "y_start": 8000,
        "valid_x_end": 22000,
        "valid_y_end": 10000,
        "width": 2000,
        "height": 2000,
        "target_width": 2000,
        "target_height": 2000,
        "requires_padding": false,
        "processing_bbox_pixels": {
          "x0": 19840,
          "y0": 7840,
          "x1": 22160,
          "y1": 10160
        },
        "processing_requested_bbox_pixels": {
          "x0": 19840,
          "y0": 7840,
          "x1": 22160,
          "y1": 10160
        },
        "processing_width": 2320,
        "processing_height": 2320,
        "processing_target_width": 2320,
        "processing_target_height": 2320,
        "processing_requires_padding": false,
        "core_bbox_pixels": {
          "x0": 20000,
          "y0": 8000,
          "x1": 22000,
          "y1": 10000
        },
        "requested_bbox_pixels": {
          "x0": 20000,
          "y0": 8000,
          "x1": 22000,
          "y1": 10000
        },
        "halo_pixels": 160,
        "polarization": "VV",
        "display_bounds_lonlat": {
          "west": -41.845429740159375,
          "south": -20.014027279527156,
          "east": -41.575166615712476,
          "north": -19.75674444926506
        },
        "cfar_detection_count": 0,
        "yolo_detection_count": 0
      }
    },
    {
      "type": "Feature",
      "geometry": {
        "type": "Polygon",
        "coordinates": [
          [
            [
              -41.77927724967131,
              -19.774541590440187
            ],
            [
              -41.826746690125624,
              -19.952024414427225
            ],
            [
              -42.014558648228984,
              -19.906731882705632
            ],
            [
              -41.96511391824264,
              -19.72976082342609
            ],
            [
              -41.77927724967131,
              -19.774541590440187
            ]
          ]
        ]
      },
      "properties": {
        "patch_id": 63,
        "tile_id": 63,
        "patch_number": 64,
        "patch_label": "P064",
        "name": "patch_0064_VV",
        "x_start": 22000,
        "y_start": 8000,
        "valid_x_end": 24000,
        "valid_y_end": 10000,
        "width": 2000,
        "height": 2000,
        "target_width": 2000,
        "target_height": 2000,
        "requires_padding": false,
        "processing_bbox_pixels": {
          "x0": 21840,
          "y0": 7840,
          "x1": 24160,
          "y1": 10160
        },
        "processing_requested_bbox_pixels": {
          "x0": 21840,
          "y0": 7840,
          "x1": 24160,
          "y1": 10160
        },
        "processing_width": 2320,
        "processing_height": 2320,
        "processing_target_width": 2320,
        "processing_target_height": 2320,
        "processing_requires_padding": false,
        "core_bbox_pixels": {
          "x0": 22000,
          "y0": 8000,
          "x1": 24000,
          "y1": 10000
        },
        "requested_bbox_pixels": {
          "x0": 22000,
          "y0": 8000,
          "x1": 24000,
          "y1": 10000
        },
        "halo_pixels": 160,
        "polarization": "VV",
        "display_bounds_lonlat": {
          "west": -42.033544117114666,
          "south": -19.969818021026114,
          "east": -41.76048953077627,
          "north": -19.712043379325195
        },
        "cfar_detection_count": 0,
        "yolo_detection_count": 0
      }
    },
    {
      "type": "Feature",
      "geometry": {
        "type": "Polygon",
        "coordinates": [
          [
            [
              -41.96520624602237,
              -19.729738546729013
            ],
            [
              -42.01465304332744,
              -19.906709085473235
            ],
            [
              -42.146431102721245,
              -19.874805860748236
            ],
            [
              -42.09753146850693,
              -19.69772337507874
            ],
            [
              -41.96520624602237,
              -19.729738546729013
            ]
          ]
        ]
      },
      "properties": {
        "patch_id": 64,
        "tile_id": 64,
        "patch_number": 65,
        "patch_label": "P065",
        "name": "patch_0065_VV",
        "x_start": 24000,
        "y_start": 8000,
        "valid_x_end": 25433,
        "valid_y_end": 10000,
        "width": 2000,
        "height": 2000,
        "target_width": 2000,
        "target_height": 2000,
        "requires_padding": true,
        "processing_bbox_pixels": {
          "x0": 23840,
          "y0": 7840,
          "x1": 25433,
          "y1": 10160
        },
        "processing_requested_bbox_pixels": {
          "x0": 23840,
          "y0": 7840,
          "x1": 26160,
          "y1": 10160
        },
        "processing_width": 1593,
        "processing_height": 2320,
        "processing_target_width": 1593,
        "processing_target_height": 2320,
        "processing_requires_padding": false,
        "core_bbox_pixels": {
          "x0": 24000,
          "y0": 8000,
          "x1": 25433,
          "y1": 10000
        },
        "requested_bbox_pixels": {
          "x0": 24000,
          "y0": 8000,
          "x1": 26000,
          "y1": 10000
        },
        "halo_pixels": 160,
        "polarization": "VV",
        "display_bounds_lonlat": {
          "west": -42.15027097891553,
          "south": -19.924537564436775,
          "east": -41.94648568634921,
          "north": -19.683558405740765
        },
        "cfar_detection_count": 0,
        "yolo_detection_count": 0
      }
    },
    {
      "type": "Feature",
      "geometry": {
        "type": "Polygon",
        "coordinates": [
          [
            [
              -39.77711036103794,
              -20.4318791305139
            ],
            [
              -39.821807742462525,
              -20.61020929682557
            ],
            [
              -40.00834199656609,
              -20.567634087516552
            ],
            [
              -39.963456000134094,
              -20.389353622949805
            ],
            [
              -39.77711036103794,
              -20.4318791305139
            ]
          ]
        ]
      },
      "properties": {
        "patch_id": 65,
        "tile_id": 65,
        "patch_number": 66,
        "patch_label": "P066",
        "name": "patch_0066_VV",
        "x_start": 0,
        "y_start": 10000,
        "valid_x_end": 2000,
        "valid_y_end": 12000,
        "width": 2000,
        "height": 2000,
        "target_width": 2000,
        "target_height": 2000,
        "requires_padding": false,
        "processing_bbox_pixels": {
          "x0": 0,
          "y0": 9840,
          "x1": 2160,
          "y1": 12160
        },
        "processing_requested_bbox_pixels": {
          "x0": -160,
          "y0": 9840,
          "x1": 2160,
          "y1": 12160
        },
        "processing_width": 2160,
        "processing_height": 2320,
        "processing_target_width": 2160,
        "processing_target_height": 2320,
        "processing_requires_padding": false,
        "core_bbox_pixels": {
          "x0": 0,
          "y0": 10000,
          "x1": 2000,
          "y1": 12000
        },
        "requested_bbox_pixels": {
          "x0": 0,
          "y0": 10000,
          "x1": 2000,
          "y1": 12000
        },
        "halo_pixels": 160,
        "polarization": "VV",
        "display_bounds_lonlat": {
          "west": -40.02686661703787,
          "south": -20.624482139895004,
          "east": -39.77353567778731,
          "north": -20.371673999036524
        },
        "cfar_detection_count": 0,
        "yolo_detection_count": 0
      }
    },
    {
      "type": "Feature",
      "geometry": {
        "type": "Polygon",
        "coordinates": [
          [
            [
              -39.96354919635671,
              -20.38933231074679
            ],
            [
              -40.008435285817896,
              -20.5676127506945
            ],
            [
              -40.194853414480534,
              -20.52485814635522
            ],
            [
              -40.14978238351428,
              -20.34662914571757
            ],
            [
              -39.96354919635671,
              -20.38933231074679
            ]
          ]
        ]
      },
      "properties": {
        "patch_id": 66,
        "tile_id": 66,
        "patch_number": 67,
        "patch_label": "P067",
        "name": "patch_0067_VV",
        "x_start": 2000,
        "y_start": 10000,
        "valid_x_end": 4000,
        "valid_y_end": 12000,
        "width": 2000,
        "height": 2000,
        "target_width": 2000,
        "target_height": 2000,
        "requires_padding": false,
        "processing_bbox_pixels": {
          "x0": 1840,
          "y0": 9840,
          "x1": 4160,
          "y1": 12160
        },
        "processing_requested_bbox_pixels": {
          "x0": 1840,
          "y0": 9840,
          "x1": 4160,
          "y1": 12160
        },
        "processing_width": 2320,
        "processing_height": 2320,
        "processing_target_width": 2320,
        "processing_target_height": 2320,
        "processing_requires_padding": false,
        "core_bbox_pixels": {
          "x0": 2000,
          "y0": 10000,
          "x1": 4000,
          "y1": 12000
        },
        "requested_bbox_pixels": {
          "x0": 2000,
          "y0": 10000,
          "x1": 4000,
          "y1": 12000
        },
        "halo_pixels": 160,
        "polarization": "VV",
        "display_bounds_lonlat": {
          "west": -40.213380643216865,
          "south": -20.58529587641042,
          "east": -39.94504910328506,
          "north": -20.32893417814794
        },
        "cfar_detection_count": 2,
        "yolo_detection_count": 5
      }
    },
    {
      "type": "Feature",
      "geometry": {
        "type": "Polygon",
        "coordinates": [
          [
            [
              -40.14987550269673,
              -20.346607711007344
            ],
            [
              -40.19494662769585,
              -20.524836684432977
            ],
            [
              -40.38336288730626,
              -20.481383287088242
            ],
            [
              -40.338929722075136,
              -20.303015682126635
            ],
            [
              -40.14987550269673,
              -20.346607711007344
            ]
          ]
        ]
      },
      "properties": {
        "patch_id": 67,
        "tile_id": 67,
        "patch_number": 68,
        "patch_label": "P068",
        "name": "patch_0068_VV",
        "x_start": 4000,
        "y_start": 10000,
        "valid_x_end": 6000,
        "valid_y_end": 12000,
        "width": 2000,
        "height": 2000,
        "target_width": 2000,
        "target_height": 2000,
        "requires_padding": false,
        "processing_bbox_pixels": {
          "x0": 3840,
          "y0": 9840,
          "x1": 6160,
          "y1": 12160
        },
        "processing_requested_bbox_pixels": {
          "x0": 3840,
          "y0": 9840,
          "x1": 6160,
          "y1": 12160
        },
        "processing_width": 2320,
        "processing_height": 2320,
        "processing_target_width": 2320,
        "processing_target_height": 2320,
        "processing_requires_padding": false,
        "core_bbox_pixels": {
          "x0": 4000,
          "y0": 10000,
          "x1": 6000,
          "y1": 12000
        },
        "requested_bbox_pixels": {
          "x0": 4000,
          "y0": 10000,
          "x1": 6000,
          "y1": 12000
        },
        "halo_pixels": 160,
        "polarization": "VV",
        "display_bounds_lonlat": {
          "west": -40.402193828869954,
          "south": -20.542535886099838,
          "east": -40.131372880069456,
          "north": -20.28517625724242
        },
        "cfar_detection_count": 21,
        "yolo_detection_count": 9
      }
    },
    {
      "type": "Feature",
      "geometry": {
        "type": "Polygon",
        "coordinates": [
          [
            [
              -40.33902603109598,
              -20.302993431490172
            ],
            [
              -40.383458384636185,
              -20.48136122091687
            ],
            [
              -40.57401019904265,
              -20.437183423398658
            ],
            [
              -40.52913934374871,
              -20.258930013025953
            ],
            [
              -40.33902603109598,
              -20.302993431490172
            ]
          ]
        ]
      },
      "properties": {
        "patch_id": 68,
        "tile_id": 68,
        "patch_number": 69,
        "patch_label": "P069",
        "name": "patch_0069_VV",
        "x_start": 6000,
        "y_start": 10000,
        "valid_x_end": 8000,
        "valid_y_end": 12000,
        "width": 2000,
        "height": 2000,
        "target_width": 2000,
        "target_height": 2000,
        "requires_padding": false,
        "processing_bbox_pixels": {
          "x0": 5840,
          "y0": 9840,
          "x1": 8160,
          "y1": 12160
        },
        "processing_requested_bbox_pixels": {
          "x0": 5840,
          "y0": 9840,
          "x1": 8160,
          "y1": 12160
        },
        "processing_width": 2320,
        "processing_height": 2320,
        "processing_target_width": 2320,
        "processing_target_height": 2320,
        "processing_requires_padding": false,
        "core_bbox_pixels": {
          "x0": 6000,
          "y0": 10000,
          "x1": 8000,
          "y1": 12000
        },
        "requested_bbox_pixels": {
          "x0": 6000,
          "y0": 10000,
          "x1": 8000,
          "y1": 12000
        },
        "halo_pixels": 160,
        "polarization": "VV",
        "display_bounds_lonlat": {
          "west": -40.59281115588527,
          "south": -20.49916538286579,
          "east": -40.32005287613066,
          "north": -20.241146432715222
        },
        "cfar_detection_count": 0,
        "yolo_detection_count": 0
      }
    },
    {
      "type": "Feature",
      "geometry": {
        "type": "Polygon",
        "coordinates": [
          [
            [
              -40.5292340401449,
              -20.25890799190222
            ],
            [
              -40.57410543938495,
              -20.43716126845244
            ],
            [
              -40.76477142348849,
              -20.392727096567434
            ],
            [
              -40.71932548571071,
              -20.214622691281726
            ],
            [
              -40.5292340401449,
              -20.25890799190222
            ]
          ]
        ]
      },
      "properties": {
        "patch_id": 69,
        "tile_id": 69,
        "patch_number": 70,
        "patch_label": "P070",
        "name": "patch_0070_VV",
        "x_start": 8000,
        "y_start": 10000,
        "valid_x_end": 10000,
        "valid_y_end": 12000,
        "width": 2000,
        "height": 2000,
        "target_width": 2000,
        "target_height": 2000,
        "requires_padding": false,
        "processing_bbox_pixels": {
          "x0": 7840,
          "y0": 9840,
          "x1": 10160,
          "y1": 12160
        },
        "processing_requested_bbox_pixels": {
          "x0": 7840,
          "y0": 9840,
          "x1": 10160,
          "y1": 12160
        },
        "processing_width": 2320,
        "processing_height": 2320,
        "processing_target_width": 2320,
        "processing_target_height": 2320,
        "processing_requires_padding": false,
        "core_bbox_pixels": {
          "x0": 8000,
          "y0": 10000,
          "x1": 10000,
          "y1": 12000
        },
        "requested_bbox_pixels": {
          "x0": 8000,
          "y0": 10000,
          "x1": 10000,
          "y1": 12000
        },
        "halo_pixels": 160,
        "polarization": "VV",
        "display_bounds_lonlat": {
          "west": -40.7836396576191,
          "south": -20.454984633116783,
          "east": -40.51047472913262,
          "north": -20.196813098373593
        },
        "cfar_detection_count": 0,
        "yolo_detection_count": 0
      }
    },
    {
      "type": "Feature",
      "geometry": {
        "type": "Polygon",
        "coordinates": [
          [
            [
              -40.71942090534965,
              -20.214600428511353
            ],
            [
              -40.76486691958601,
              -20.3927048081289
            ],
            [
              -40.95386273568771,
              -20.348423021746548
            ],
            [
              -40.906653894645046,
              -20.170752378548332
            ],
            [
              -40.71942090534965,
              -20.214600428511353
            ]
          ]
        ]
      },
      "properties": {
        "patch_id": 70,
        "tile_id": 70,
        "patch_number": 71,
        "patch_label": "P071",
        "name": "patch_0071_VV",
        "x_start": 10000,
        "y_start": 10000,
        "valid_x_end": 12000,
        "valid_y_end": 12000,
        "width": 2000,
        "height": 2000,
        "target_width": 2000,
        "target_height": 2000,
        "requires_padding": false,
        "processing_bbox_pixels": {
          "x0": 9840,
          "y0": 9840,
          "x1": 12160,
          "y1": 12160
        },
        "processing_requested_bbox_pixels": {
          "x0": 9840,
          "y0": 9840,
          "x1": 12160,
          "y1": 12160
        },
        "processing_width": 2320,
        "processing_height": 2320,
        "processing_target_width": 2320,
        "processing_target_height": 2320,
        "processing_requires_padding": false,
        "core_bbox_pixels": {
          "x0": 10000,
          "y0": 10000,
          "x1": 12000,
          "y1": 12000
        },
        "requested_bbox_pixels": {
          "x0": 10000,
          "y0": 10000,
          "x1": 12000,
          "y1": 12000
        },
        "halo_pixels": 160,
        "polarization": "VV",
        "display_bounds_lonlat": {
          "west": -40.97260829784041,
          "south": -20.41053767050497,
          "east": -40.70049012107236,
          "north": -20.1531092996133
        },
        "cfar_detection_count": 0,
        "yolo_detection_count": 0
      }
    },
    {
      "type": "Feature",
      "geometry": {
        "type": "Polygon",
        "coordinates": [
          [
            [
              -40.90674523599197,
              -20.170730937201103
            ],
            [
              -40.953956175125796,
              -20.348401073123192
            ],
            [
              -41.13576572763752,
              -20.305620602681728
            ],
            [
              -41.088303718830105,
              -20.12802934982574
            ],
            [
              -40.90674523599197,
              -20.170730937201103
            ]
          ]
        ]
      },
      "properties": {
        "patch_id": 71,
        "tile_id": 71,
        "patch_number": 72,
        "patch_label": "P072",
        "name": "patch_0072_VV",
        "x_start": 12000,
        "y_start": 10000,
        "valid_x_end": 14000,
        "valid_y_end": 12000,
        "width": 2000,
        "height": 2000,
        "target_width": 2000,
        "target_height": 2000,
        "requires_padding": false,
        "processing_bbox_pixels": {
          "x0": 11840,
          "y0": 9840,
          "x1": 14160,
          "y1": 12160
        },
        "processing_requested_bbox_pixels": {
          "x0": 11840,
          "y0": 9840,
          "x1": 14160,
          "y1": 12160
        },
        "processing_width": 2320,
        "processing_height": 2320,
        "processing_target_width": 2320,
        "processing_target_height": 2320,
        "processing_requires_padding": false,
        "core_bbox_pixels": {
          "x0": 12000,
          "y0": 10000,
          "x1": 14000,
          "y1": 12000
        },
        "requested_bbox_pixels": {
          "x0": 12000,
          "y0": 10000,
          "x1": 14000,
          "y1": 12000
        },
        "halo_pixels": 160,
        "polarization": "VV",
        "display_bounds_lonlat": {
          "west": -41.154023121576884,
          "south": -20.36614007047736,
          "east": -40.88838007295046,
          "north": -20.11038017773437
        },
        "cfar_detection_count": 0,
        "yolo_detection_count": 0
      }
    },
    {
      "type": "Feature",
      "geometry": {
        "type": "Polygon",
        "coordinates": [
          [
            [
              -41.088394220118694,
              -20.128007708933314
            ],
            [
              -41.13585696746366,
              -20.305598779730293
            ],
            [
              -41.318637217473395,
              -20.262353921410956
            ],
            [
              -41.271167675097054,
              -20.08478591293671
            ],
            [
              -41.088394220118694,
              -20.128007708933314
            ]
          ]
        ]
      },
      "properties": {
        "patch_id": 72,
        "tile_id": 72,
        "patch_number": 73,
        "patch_label": "P073",
        "name": "patch_0073_VV",
        "x_start": 14000,
        "y_start": 10000,
        "valid_x_end": 16000,
        "valid_y_end": 12000,
        "width": 2000,
        "height": 2000,
        "target_width": 2000,
        "target_height": 2000,
        "requires_padding": false,
        "processing_bbox_pixels": {
          "x0": 13840,
          "y0": 9840,
          "x1": 16160,
          "y1": 12160
        },
        "processing_requested_bbox_pixels": {
          "x0": 13840,
          "y0": 9840,
          "x1": 16160,
          "y1": 12160
        },
        "processing_width": 2320,
        "processing_height": 2320,
        "processing_target_width": 2320,
        "processing_target_height": 2320,
        "processing_requires_padding": false,
        "core_bbox_pixels": {
          "x0": 14000,
          "y0": 10000,
          "x1": 16000,
          "y1": 12000
        },
        "requested_bbox_pixels": {
          "x0": 14000,
          "y0": 10000,
          "x1": 16000,
          "y1": 12000
        },
        "halo_pixels": 160,
        "polarization": "VV",
        "display_bounds_lonlat": {
          "west": -41.33760308932145,
          "south": -20.323174601239156,
          "east": -41.0701357565984,
          "north": -20.067037111992885
        },
        "cfar_detection_count": 0,
        "yolo_detection_count": 0
      }
    },
    {
      "type": "Feature",
      "geometry": {
        "type": "Polygon",
        "coordinates": [
          [
            [
              -41.271260648981,
              -20.084763878826443
            ],
            [
              -41.31873129758413,
              -20.262331611478814
            ],
            [
              -41.50621678073469,
              -20.21775494403431
            ],
            [
              -41.45701625426238,
              -20.040626712962574
            ],
            [
              -41.271260648981,
              -20.084763878826443
            ]
          ]
        ]
      },
      "properties": {
        "patch_id": 73,
        "tile_id": 73,
        "patch_number": 74,
        "patch_label": "P074",
        "name": "patch_0074_VV",
        "x_start": 16000,
        "y_start": 10000,
        "valid_x_end": 18000,
        "valid_y_end": 12000,
        "width": 2000,
        "height": 2000,
        "target_width": 2000,
        "target_height": 2000,
        "requires_padding": false,
        "processing_bbox_pixels": {
          "x0": 15840,
          "y0": 9840,
          "x1": 18160,
          "y1": 12160
        },
        "processing_requested_bbox_pixels": {
          "x0": 15840,
          "y0": 9840,
          "x1": 18160,
          "y1": 12160
        },
        "processing_width": 2320,
        "processing_height": 2320,
        "processing_target_width": 2320,
        "processing_target_height": 2320,
        "processing_requires_padding": false,
        "core_bbox_pixels": {
          "x0": 16000,
          "y0": 10000,
          "x1": 18000,
          "y1": 12000
        },
        "requested_bbox_pixels": {
          "x0": 16000,
          "y0": 10000,
          "x1": 18000,
          "y1": 12000
        },
        "halo_pixels": 160,
        "polarization": "VV",
        "display_bounds_lonlat": {
          "west": -41.52491875640304,
          "south": -20.28008737888789,
          "east": -41.2526771980836,
          "north": -20.02292350872165
        },
        "cfar_detection_count": 0,
        "yolo_detection_count": 0
      }
    },
    {
      "type": "Feature",
      "geometry": {
        "type": "Polygon",
        "coordinates": [
          [
            [
              -41.45710870421773,
              -20.040604667074874
            ],
            [
              -41.50630912025754,
              -20.21773291191036
            ],
            [
              -41.69279695291134,
              -20.173164930254188
            ],
            [
              -41.64217466496912,
              -19.996409198524617
            ],
            [
              -41.45710870421773,
              -20.040604667074874
            ]
          ]
        ]
      },
      "properties": {
        "patch_id": 74,
        "tile_id": 74,
        "patch_number": 75,
        "patch_label": "P075",
        "name": "patch_0075_VV",
        "x_start": 18000,
        "y_start": 10000,
        "valid_x_end": 20000,
        "valid_y_end": 12000,
        "width": 2000,
        "height": 2000,
        "target_width": 2000,
        "target_height": 2000,
        "requires_padding": false,
        "processing_bbox_pixels": {
          "x0": 17840,
          "y0": 9840,
          "x1": 20160,
          "y1": 12160
        },
        "processing_requested_bbox_pixels": {
          "x0": 17840,
          "y0": 9840,
          "x1": 20160,
          "y1": 12160
        },
        "processing_width": 2320,
        "processing_height": 2320,
        "processing_target_width": 2320,
        "processing_target_height": 2320,
        "processing_requires_padding": false,
        "core_bbox_pixels": {
          "x0": 18000,
          "y0": 10000,
          "x1": 20000,
          "y1": 12000
        },
        "requested_bbox_pixels": {
          "x0": 18000,
          "y0": 10000,
          "x1": 20000,
          "y1": 12000
        },
        "halo_pixels": 160,
        "polarization": "VV",
        "display_bounds_lonlat": {
          "west": -41.71221241413284,
          "south": -20.235443862907573,
          "east": -41.43835787240177,
          "north": -19.97868284595021
        },
        "cfar_detection_count": 0,
        "yolo_detection_count": 0
      }
    },
    {
      "type": "Feature",
      "geometry": {
        "type": "Polygon",
        "coordinates": [
          [
            [
              -41.642267394771,
              -19.996387016518884
            ],
            [
              -41.69289135049877,
              -20.17314232896555
            ],
            [
              -41.87551603838355,
              -20.129297454588134
            ],
            [
              -41.826677269655946,
              -19.95213563083446
            ],
            [
              -41.642267394771,
              -19.996387016518884
            ]
          ]
        ]
      },
      "properties": {
        "patch_id": 75,
        "tile_id": 75,
        "patch_number": 76,
        "patch_label": "P076",
        "name": "patch_0076_VV",
        "x_start": 20000,
        "y_start": 10000,
        "valid_x_end": 22000,
        "valid_y_end": 12000,
        "width": 2000,
        "height": 2000,
        "target_width": 2000,
        "target_height": 2000,
        "requires_padding": false,
        "processing_bbox_pixels": {
          "x0": 19840,
          "y0": 9840,
          "x1": 22160,
          "y1": 12160
        },
        "processing_requested_bbox_pixels": {
          "x0": 19840,
          "y0": 9840,
          "x1": 22160,
          "y1": 12160
        },
        "processing_width": 2320,
        "processing_height": 2320,
        "processing_target_width": 2320,
        "processing_target_height": 2320,
        "processing_requires_padding": false,
        "core_bbox_pixels": {
          "x0": 20000,
          "y0": 10000,
          "x1": 22000,
          "y1": 12000
        },
        "requested_bbox_pixels": {
          "x0": 20000,
          "y0": 10000,
          "x1": 22000,
          "y1": 12000
        },
        "halo_pixels": 160,
        "polarization": "VV",
        "display_bounds_lonlat": {
          "west": -41.894314119256784,
          "south": -20.190867538080774,
          "east": -41.62351262092055,
          "north": -19.934339987118197
        },
        "cfar_detection_count": 0,
        "yolo_detection_count": 0
      }
    },
    {
      "type": "Feature",
      "geometry": {
        "type": "Polygon",
        "coordinates": [
          [
            [
              -41.82677067165868,
              -19.952113147207413
            ],
            [
              -41.8756085070629,
              -20.129275183636192
            ],
            [
              -42.06256556905498,
              -20.084161607845555
            ],
            [
              -42.01458308056833,
              -19.906820490421865
            ],
            [
              -41.82677067165868,
              -19.952113147207413
            ]
          ]
        ]
      },
      "properties": {
        "patch_id": 76,
        "tile_id": 76,
        "patch_number": 77,
        "patch_label": "P077",
        "name": "patch_0077_VV",
        "x_start": 22000,
        "y_start": 10000,
        "valid_x_end": 24000,
        "valid_y_end": 12000,
        "width": 2000,
        "height": 2000,
        "target_width": 2000,
        "target_height": 2000,
        "requires_padding": false,
        "processing_bbox_pixels": {
          "x0": 21840,
          "y0": 9840,
          "x1": 24160,
          "y1": 12160
        },
        "processing_requested_bbox_pixels": {
          "x0": 21840,
          "y0": 9840,
          "x1": 24160,
          "y1": 12160
        },
        "processing_width": 2320,
        "processing_height": 2320,
        "processing_target_width": 2320,
        "processing_target_height": 2320,
        "processing_requires_padding": false,
        "core_bbox_pixels": {
          "x0": 22000,
          "y0": 10000,
          "x1": 24000,
          "y1": 12000
        },
        "requested_bbox_pixels": {
          "x0": 22000,
          "y0": 10000,
          "x1": 24000,
          "y1": 12000
        },
        "halo_pixels": 160,
        "polarization": "VV",
        "display_bounds_lonlat": {
          "west": -42.081327097452885,
          "south": -20.14698505785424,
          "east": -41.80798434960455,
          "north": -19.889007367823083
        },
        "cfar_detection_count": 0,
        "yolo_detection_count": 0
      }
    },
    {
      "type": "Feature",
      "geometry": {
        "type": "Polygon",
        "coordinates": [
          [
            [
              -42.01467747622915,
              -19.90679769304453
            ],
            [
              -42.06265994261668,
              -20.08413880123086
            ],
            [
              -42.193885930330524,
              -20.05234995020948
            ],
            [
              -42.146455101947225,
              -19.87489456385962
            ],
            [
              -42.01467747622915,
              -19.90679769304453
            ]
          ]
        ]
      },
      "properties": {
        "patch_id": 77,
        "tile_id": 77,
        "patch_number": 78,
        "patch_label": "P078",
        "name": "patch_0078_VV",
        "x_start": 24000,
        "y_start": 10000,
        "valid_x_end": 25433,
        "valid_y_end": 12000,
        "width": 2000,
        "height": 2000,
        "target_width": 2000,
        "target_height": 2000,
        "requires_padding": true,
        "processing_bbox_pixels": {
          "x0": 23840,
          "y0": 9840,
          "x1": 25433,
          "y1": 12160
        },
        "processing_requested_bbox_pixels": {
          "x0": 23840,
          "y0": 9840,
          "x1": 26160,
          "y1": 12160
        },
        "processing_width": 1593,
        "processing_height": 2320,
        "processing_target_width": 1593,
        "processing_target_height": 2320,
        "processing_requires_padding": false,
        "core_bbox_pixels": {
          "x0": 24000,
          "y0": 10000,
          "x1": 25433,
          "y1": 12000
        },
        "requested_bbox_pixels": {
          "x0": 24000,
          "y0": 10000,
          "x1": 26000,
          "y1": 12000
        },
        "halo_pixels": 160,
        "polarization": "VV",
        "display_bounds_lonlat": {
          "west": -42.19761133443464,
          "south": -20.102004514393094,
          "east": -41.995679290701105,
          "north": -19.860702066038442
        },
        "cfar_detection_count": 0,
        "yolo_detection_count": 0
      }
    },
    {
      "type": "Feature",
      "geometry": {
        "type": "Polygon",
        "coordinates": [
          [
            [
              -39.82183013185371,
              -20.610298502094757
            ],
            [
              -39.86663228679046,
              -20.788613513617694
            ],
            [
              -40.053333786475676,
              -20.745993377200854
            ],
            [
              -40.008364479021544,
              -20.567723268193106
            ],
            [
              -39.82183013185371,
              -20.610298502094757
            ]
          ]
        ]
      },
      "properties": {
        "patch_id": 78,
        "tile_id": 78,
        "patch_number": 79,
        "patch_label": "P079",
        "name": "patch_0079_VV",
        "x_start": 0,
        "y_start": 12000,
        "valid_x_end": 2000,
        "valid_y_end": 14000,
        "width": 2000,
        "height": 2000,
        "target_width": 2000,
        "target_height": 2000,
        "requires_padding": false,
        "processing_bbox_pixels": {
          "x0": 0,
          "y0": 11840,
          "x1": 2160,
          "y1": 14160
        },
        "processing_requested_bbox_pixels": {
          "x0": -160,
          "y0": 11840,
          "x1": 2160,
          "y1": 14160
        },
        "processing_width": 2160,
        "processing_height": 2320,
        "processing_target_width": 2160,
        "processing_target_height": 2320,
        "processing_requires_padding": false,
        "core_bbox_pixels": {
          "x0": 0,
          "y0": 12000,
          "x1": 2000,
          "y1": 14000
        },
        "requested_bbox_pixels": {
          "x0": 0,
          "y0": 12000,
          "x1": 2000,
          "y1": 14000
        },
        "halo_pixels": 160,
        "polarization": "VV",
        "display_bounds_lonlat": {
          "west": -40.07187653116675,
          "south": -20.802885216023114,
          "east": -39.818247829215764,
          "north": -20.550040794354747
        },
        "cfar_detection_count": 0,
        "yolo_detection_count": 0
      }
    },
    {
      "type": "Feature",
      "geometry": {
        "type": "Polygon",
        "coordinates": [
          [
            [
              -40.00845776831807,
              -20.567701931358243
            ],
            [
              -40.053427159681426,
              -20.74597201688482
            ],
            [
              -40.240017401477914,
              -20.703170384820076
            ],
            [
              -40.1948759890367,
              -20.52494730227896
            ],
            [
              -40.00845776831807,
              -20.567701931358243
            ]
          ]
        ]
      },
      "properties": {
        "patch_id": 79,
        "tile_id": 79,
        "patch_number": 80,
        "patch_label": "P080",
        "name": "patch_0080_VV",
        "x_start": 2000,
        "y_start": 12000,
        "valid_x_end": 4000,
        "valid_y_end": 14000,
        "width": 2000,
        "height": 2000,
        "target_width": 2000,
        "target_height": 2000,
        "requires_padding": false,
        "processing_bbox_pixels": {
          "x0": 1840,
          "y0": 11840,
          "x1": 4160,
          "y1": 14160
        },
        "processing_requested_bbox_pixels": {
          "x0": 1840,
          "y0": 11840,
          "x1": 4160,
          "y1": 14160
        },
        "processing_width": 2320,
        "processing_height": 2320,
        "processing_target_width": 2320,
        "processing_target_height": 2320,
        "processing_requires_padding": false,
        "core_bbox_pixels": {
          "x0": 2000,
          "y0": 12000,
          "x1": 4000,
          "y1": 14000
        },
        "requested_bbox_pixels": {
          "x0": 2000,
          "y0": 12000,
          "x1": 4000,
          "y1": 14000
        },
        "halo_pixels": 160,
        "polarization": "VV",
        "display_bounds_lonlat": {
          "west": -40.258560777300744,
          "south": -20.763658468199136,
          "east": -39.98993542270308,
          "north": -20.50724879323201
        },
        "cfar_detection_count": 0,
        "yolo_detection_count": 0
      }
    },
    {
      "type": "Feature",
      "geometry": {
        "type": "Polygon",
        "coordinates": [
          [
            [
              -40.19496920229782,
              -20.524925840343105
            ],
            [
              -40.24011069997839,
              -20.70314889780235
            ],
            [
              -40.42745732682199,
              -20.659935067524312
            ],
            [
              -40.3833851472452,
              -20.481472511443513
            ],
            [
              -40.19496920229782,
              -20.524925840343105
            ]
          ]
        ]
      },
      "properties": {
        "patch_id": 80,
        "tile_id": 80,
        "patch_number": 81,
        "patch_label": "P081",
        "name": "patch_0081_VV",
        "x_start": 4000,
        "y_start": 12000,
        "valid_x_end": 6000,
        "valid_y_end": 14000,
        "width": 2000,
        "height": 2000,
        "target_width": 2000,
        "target_height": 2000,
        "requires_padding": false,
        "processing_bbox_pixels": {
          "x0": 3840,
          "y0": 11840,
          "x1": 6160,
          "y1": 14160
        },
        "processing_requested_bbox_pixels": {
          "x0": 3840,
          "y0": 11840,
          "x1": 6160,
          "y1": 14160
        },
        "processing_width": 2320,
        "processing_height": 2320,
        "processing_target_width": 2320,
        "processing_target_height": 2320,
        "processing_requires_padding": false,
        "core_bbox_pixels": {
          "x0": 4000,
          "y0": 12000,
          "x1": 6000,
          "y1": 14000
        },
        "requested_bbox_pixels": {
          "x0": 4000,
          "y0": 12000,
          "x1": 6000,
          "y1": 14000
        },
        "halo_pixels": 160,
        "polarization": "VV",
        "display_bounds_lonlat": {
          "west": -40.44599383812498,
          "south": -20.720852124183217,
          "east": -40.17644430946244,
          "north": -20.463663704866974
        },
        "cfar_detection_count": 6,
        "yolo_detection_count": 2
      }
    },
    {
      "type": "Feature",
      "geometry": {
        "type": "Polygon",
        "coordinates": [
          [
            [
              -40.38348064417546,
              -20.481450445363425
            ],
            [
              -40.427551549515286,
              -20.65991329398192
            ],
            [
              -40.61768812143801,
              -20.615822292766072
            ],
            [
              -40.57403241439377,
              -20.437272652258883
            ],
            [
              -40.38348064417546,
              -20.481450445363425
            ]
          ]
        ]
      },
      "properties": {
        "patch_id": 81,
        "tile_id": 81,
        "patch_number": 82,
        "patch_label": "P082",
        "name": "patch_0082_VV",
        "x_start": 6000,
        "y_start": 12000,
        "valid_x_end": 8000,
        "valid_y_end": 14000,
        "width": 2000,
        "height": 2000,
        "target_width": 2000,
        "target_height": 2000,
        "requires_padding": false,
        "processing_bbox_pixels": {
          "x0": 5840,
          "y0": 11840,
          "x1": 8160,
          "y1": 14160
        },
        "processing_requested_bbox_pixels": {
          "x0": 5840,
          "y0": 11840,
          "x1": 8160,
          "y1": 14160
        },
        "processing_width": 2320,
        "processing_height": 2320,
        "processing_target_width": 2320,
        "processing_target_height": 2320,
        "processing_requires_padding": false,
        "core_bbox_pixels": {
          "x0": 6000,
          "y0": 12000,
          "x1": 8000,
          "y1": 14000
        },
        "requested_bbox_pixels": {
          "x0": 6000,
          "y0": 12000,
          "x1": 8000,
          "y1": 14000
        },
        "halo_pixels": 160,
        "polarization": "VV",
        "display_bounds_lonlat": {
          "west": -40.63642764714475,
          "south": -20.67768607567578,
          "east": -40.36462936391663,
          "north": -20.4194531988599
        },
        "cfar_detection_count": 0,
        "yolo_detection_count": 1
      }
    },
    {
      "type": "Feature",
      "geometry": {
        "type": "Polygon",
        "coordinates": [
          [
            [
              -40.574127655050525,
              -20.437250497235794
            ],
            [
              -40.61778385183372,
              -20.615800017447313
            ],
            [
              -40.80919336351809,
              -20.571178249499226
            ],
            [
              -40.764793867275856,
              -20.392816264791954
            ],
            [
              -40.574127655050525,
              -20.437250497235794
            ]
          ]
        ]
      },
      "properties": {
        "patch_id": 82,
        "tile_id": 82,
        "patch_number": 83,
        "patch_label": "P083",
        "name": "patch_0083_VV",
        "x_start": 8000,
        "y_start": 12000,
        "valid_x_end": 10000,
        "valid_y_end": 14000,
        "width": 2000,
        "height": 2000,
        "target_width": 2000,
        "target_height": 2000,
        "requires_padding": false,
        "processing_bbox_pixels": {
          "x0": 7840,
          "y0": 11840,
          "x1": 10160,
          "y1": 14160
        },
        "processing_requested_bbox_pixels": {
          "x0": 7840,
          "y0": 11840,
          "x1": 10160,
          "y1": 14160
        },
        "processing_width": 2320,
        "processing_height": 2320,
        "processing_target_width": 2320,
        "processing_target_height": 2320,
        "processing_requires_padding": false,
        "core_bbox_pixels": {
          "x0": 8000,
          "y0": 12000,
          "x1": 10000,
          "y1": 14000
        },
        "requested_bbox_pixels": {
          "x0": 8000,
          "y0": 12000,
          "x1": 10000,
          "y1": 14000
        },
        "halo_pixels": 160,
        "polarization": "VV",
        "display_bounds_lonlat": {
          "west": -40.82803387952193,
          "south": -20.633674370750366,
          "east": -40.555342700718256,
          "north": -20.374983145940522
        },
        "cfar_detection_count": 0,
        "yolo_detection_count": 0
      }
    },
    {
      "type": "Feature",
      "geometry": {
        "type": "Polygon",
        "coordinates": [
          [
            [
              -40.76488936332276,
              -20.392793976361425
            ],
            [
              -40.809289134446445,
              -20.571155889030052
            ],
            [
              -41.000154116957575,
              -20.5264168107511
            ],
            [
              -40.953886326991125,
              -20.348511910663298
            ],
            [
              -40.76488936332276,
              -20.392793976361425
            ]
          ]
        ]
      },
      "properties": {
        "patch_id": 83,
        "tile_id": 83,
        "patch_number": 84,
        "patch_label": "P084",
        "name": "patch_0084_VV",
        "x_start": 10000,
        "y_start": 12000,
        "valid_x_end": 12000,
        "valid_y_end": 14000,
        "width": 2000,
        "height": 2000,
        "target_width": 2000,
        "target_height": 2000,
        "requires_padding": false,
        "processing_bbox_pixels": {
          "x0": 9840,
          "y0": 11840,
          "x1": 12160,
          "y1": 14160
        },
        "processing_requested_bbox_pixels": {
          "x0": 9840,
          "y0": 11840,
          "x1": 12160,
          "y1": 14160
        },
        "processing_width": 2320,
        "processing_height": 2320,
        "processing_target_width": 2320,
        "processing_target_height": 2320,
        "processing_requires_padding": false,
        "core_bbox_pixels": {
          "x0": 10000,
          "y0": 12000,
          "x1": 12000,
          "y1": 14000
        },
        "requested_bbox_pixels": {
          "x0": 10000,
          "y0": 12000,
          "x1": 12000,
          "y1": 14000
        },
        "halo_pixels": 160,
        "polarization": "VV",
        "display_bounds_lonlat": {
          "west": -41.01879367531884,
          "south": -20.589023499485258,
          "east": -40.74601770008951,
          "north": -20.330782895184285
        },
        "cfar_detection_count": 0,
        "yolo_detection_count": 0
      }
    },
    {
      "type": "Feature",
      "geometry": {
        "type": "Polygon",
        "coordinates": [
          [
            [
              -40.9539797672355,
              -20.348489961843754
            ],
            [
              -41.00024809308229,
              -20.526394726085073
            ],
            [
              -41.183659811273735,
              -20.483214006560427
            ],
            [
              -41.13578993940304,
              -20.305709333589085
            ],
            [
              -40.9539797672355,
              -20.348489961843754
            ]
          ]
        ]
      },
      "properties": {
        "patch_id": 84,
        "tile_id": 84,
        "patch_number": 85,
        "patch_label": "P085",
        "name": "patch_0085_VV",
        "x_start": 12000,
        "y_start": 12000,
        "valid_x_end": 14000,
        "valid_y_end": 14000,
        "width": 2000,
        "height": 2000,
        "target_width": 2000,
        "target_height": 2000,
        "requires_padding": false,
        "processing_bbox_pixels": {
          "x0": 11840,
          "y0": 11840,
          "x1": 14160,
          "y1": 14160
        },
        "processing_requested_bbox_pixels": {
          "x0": 11840,
          "y0": 11840,
          "x1": 14160,
          "y1": 14160
        },
        "processing_width": 2320,
        "processing_height": 2320,
        "processing_target_width": 2320,
        "processing_target_height": 2320,
        "processing_requires_padding": false,
        "core_bbox_pixels": {
          "x0": 12000,
          "y0": 12000,
          "x1": 14000,
          "y1": 14000
        },
        "requested_bbox_pixels": {
          "x0": 12000,
          "y0": 12000,
          "x1": 14000,
          "y1": 14000
        },
        "halo_pixels": 160,
        "polarization": "VV",
        "display_bounds_lonlat": {
          "west": -41.2021038370766,
          "south": -20.544187103246607,
          "east": -40.935275229623855,
          "north": -20.288116881735792
        },
        "cfar_detection_count": 0,
        "yolo_detection_count": 0
      }
    },
    {
      "type": "Feature",
      "geometry": {
        "type": "Polygon",
        "coordinates": [
          [
            [
              -41.135881180026956,
              -20.30568751044436
            ],
            [
              -41.18375523149121,
              -20.483191165779324
            ],
            [
              -41.36792863170858,
              -20.439591281899276
            ],
            [
              -41.31866167136536,
              -20.262442583369968
            ],
            [
              -41.135881180026956,
              -20.30568751044436
            ]
          ]
        ]
      },
      "properties": {
        "patch_id": 85,
        "tile_id": 85,
        "patch_number": 86,
        "patch_label": "P086",
        "name": "patch_0086_VV",
        "x_start": 14000,
        "y_start": 12000,
        "valid_x_end": 16000,
        "valid_y_end": 14000,
        "width": 2000,
        "height": 2000,
        "target_width": 2000,
        "target_height": 2000,
        "requires_padding": false,
        "processing_bbox_pixels": {
          "x0": 13840,
          "y0": 11840,
          "x1": 16160,
          "y1": 14160
        },
        "processing_requested_bbox_pixels": {
          "x0": 13840,
          "y0": 11840,
          "x1": 16160,
          "y1": 14160
        },
        "processing_width": 2320,
        "processing_height": 2320,
        "processing_target_width": 2320,
        "processing_target_height": 2320,
        "processing_requires_padding": false,
        "core_bbox_pixels": {
          "x0": 14000,
          "y0": 12000,
          "x1": 16000,
          "y1": 14000
        },
        "requested_bbox_pixels": {
          "x0": 14000,
          "y0": 12000,
          "x1": 16000,
          "y1": 14000
        },
        "halo_pixels": 160,
        "polarization": "VV",
        "display_bounds_lonlat": {
          "west": -41.3868099991657,
          "south": -20.500838321772434,
          "east": -41.117671647337815,
          "north": -20.244687345611407
        },
        "cfar_detection_count": 0,
        "yolo_detection_count": 0
      }
    },
    {
      "type": "Feature",
      "geometry": {
        "type": "Polygon",
        "coordinates": [
          [
            [
              -41.3187557514929,
              -20.262420273427416
            ],
            [
              -41.368021903030666,
              -20.43956915422072
            ],
            [
              -41.55439449796646,
              -20.395236028530086
            ],
            [
              -41.50624127139899,
              -20.217843585350046
            ],
            [
              -41.3187557514929,
              -20.262420273427416
            ]
          ]
        ]
      },
      "properties": {
        "patch_id": 86,
        "tile_id": 86,
        "patch_number": 87,
        "patch_label": "P087",
        "name": "patch_0087_VV",
        "x_start": 16000,
        "y_start": 12000,
        "valid_x_end": 18000,
        "valid_y_end": 14000,
        "width": 2000,
        "height": 2000,
        "target_width": 2000,
        "target_height": 2000,
        "requires_padding": false,
        "processing_bbox_pixels": {
          "x0": 15840,
          "y0": 11840,
          "x1": 18160,
          "y1": 14160
        },
        "processing_requested_bbox_pixels": {
          "x0": 15840,
          "y0": 11840,
          "x1": 18160,
          "y1": 14160
        },
        "processing_width": 2320,
        "processing_height": 2320,
        "processing_target_width": 2320,
        "processing_target_height": 2320,
        "processing_requires_padding": false,
        "core_bbox_pixels": {
          "x0": 16000,
          "y0": 12000,
          "x1": 18000,
          "y1": 14000
        },
        "requested_bbox_pixels": {
          "x0": 16000,
          "y0": 12000,
          "x1": 18000,
          "y1": 14000
        },
        "halo_pixels": 160,
        "polarization": "VV",
        "display_bounds_lonlat": {
          "west": -41.573121395655875,
          "south": -20.45727431647524,
          "east": -41.299790733769626,
          "north": -20.20013819805599
        },
        "cfar_detection_count": 0,
        "yolo_detection_count": 0
      }
    },
    {
      "type": "Feature",
      "geometry": {
        "type": "Polygon",
        "coordinates": [
          [
            [
              -41.50633361127899,
              -20.217821553133213
            ],
            [
              -41.55448784636534,
              -20.395213740336715
            ],
            [
              -41.744464973259355,
              -20.34977404970251
            ],
            [
              -41.69282359579986,
              -20.17325303665846
            ],
            [
              -41.50633361127899,
              -20.217821553133213
            ]
          ]
        ]
      },
      "properties": {
        "patch_id": 87,
        "tile_id": 87,
        "patch_number": 88,
        "patch_label": "P088",
        "name": "patch_0088_VV",
        "x_start": 18000,
        "y_start": 12000,
        "valid_x_end": 20000,
        "valid_y_end": 14000,
        "width": 2000,
        "height": 2000,
        "target_width": 2000,
        "target_height": 2000,
        "requires_padding": false,
        "processing_bbox_pixels": {
          "x0": 17840,
          "y0": 11840,
          "x1": 20160,
          "y1": 14160
        },
        "processing_requested_bbox_pixels": {
          "x0": 17840,
          "y0": 11840,
          "x1": 20160,
          "y1": 14160
        },
        "processing_width": 2320,
        "processing_height": 2320,
        "processing_target_width": 2320,
        "processing_target_height": 2320,
        "processing_requires_padding": false,
        "core_bbox_pixels": {
          "x0": 18000,
          "y0": 12000,
          "x1": 20000,
          "y1": 14000
        },
        "requested_bbox_pixels": {
          "x0": 18000,
          "y0": 12000,
          "x1": 20000,
          "y1": 14000
        },
        "halo_pixels": 160,
        "polarization": "VV",
        "display_bounds_lonlat": {
          "west": -41.76396964898364,
          "south": -20.413002181822204,
          "east": -41.48764513312321,
          "north": -20.155551784043602
        },
        "cfar_detection_count": 0,
        "yolo_detection_count": 0
      }
    },
    {
      "type": "Feature",
      "geometry": {
        "type": "Polygon",
        "coordinates": [
          [
            [
              -41.692917995301066,
              -20.173230434898976
            ],
            [
              -41.744561973827786,
              -20.349750802816757
            ],
            [
              -41.9260394639081,
              -20.30615454763464
            ],
            [
              -41.87554120365655,
              -20.12938590447177
            ],
            [
              -41.692917995301066,
              -20.173230434898976
            ]
          ]
        ]
      },
      "properties": {
        "patch_id": 88,
        "tile_id": 88,
        "patch_number": 89,
        "patch_label": "P089",
        "name": "patch_0089_VV",
        "x_start": 20000,
        "y_start": 12000,
        "valid_x_end": 22000,
        "valid_y_end": 14000,
        "width": 2000,
        "height": 2000,
        "target_width": 2000,
        "target_height": 2000,
        "requires_padding": false,
        "processing_bbox_pixels": {
          "x0": 19840,
          "y0": 11840,
          "x1": 22160,
          "y1": 14160
        },
        "processing_requested_bbox_pixels": {
          "x0": 19840,
          "y0": 11840,
          "x1": 22160,
          "y1": 14160
        },
        "processing_width": 2320,
        "processing_height": 2320,
        "processing_target_width": 2320,
        "processing_target_height": 2320,
        "processing_requires_padding": false,
        "core_bbox_pixels": {
          "x0": 20000,
          "y0": 12000,
          "x1": 22000,
          "y1": 14000
        },
        "requested_bbox_pixels": {
          "x0": 20000,
          "y0": 12000,
          "x1": 22000,
          "y1": 14000
        },
        "halo_pixels": 160,
        "polarization": "VV",
        "display_bounds_lonlat": {
          "west": -41.94467340022995,
          "south": -20.367642322961338,
          "east": -41.67359990359121,
          "north": -20.111665111304575
        },
        "cfar_detection_count": 0,
        "yolo_detection_count": 0
      }
    },
    {
      "type": "Feature",
      "geometry": {
        "type": "Polygon",
        "coordinates": [
          [
            [
              -41.87563367142404,
              -20.129363633734435
            ],
            [
              -41.92613060045491,
              -20.30613258659893
            ],
            [
              -42.10968585791571,
              -20.261820451391742
            ],
            [
              -42.06258887251947,
              -20.08425049758768
            ],
            [
              -41.87563367142404,
              -20.129363633734435
            ]
          ]
        ]
      },
      "properties": {
        "patch_id": 89,
        "tile_id": 89,
        "patch_number": 90,
        "patch_label": "P090",
        "name": "patch_0090_VV",
        "x_start": 22000,
        "y_start": 12000,
        "valid_x_end": 24000,
        "valid_y_end": 14000,
        "width": 2000,
        "height": 2000,
        "target_width": 2000,
        "target_height": 2000,
        "requires_padding": false,
        "processing_bbox_pixels": {
          "x0": 21840,
          "y0": 11840,
          "x1": 24160,
          "y1": 14160
        },
        "processing_requested_bbox_pixels": {
          "x0": 21840,
          "y0": 11840,
          "x1": 24160,
          "y1": 14160
        },
        "processing_width": 2320,
        "processing_height": 2320,
        "processing_target_width": 2320,
        "processing_target_height": 2320,
        "processing_requires_padding": false,
        "core_bbox_pixels": {
          "x0": 22000,
          "y0": 12000,
          "x1": 24000,
          "y1": 14000
        },
        "requested_bbox_pixels": {
          "x0": 22000,
          "y0": 12000,
          "x1": 24000,
          "y1": 14000
        },
        "halo_pixels": 160,
        "polarization": "VV",
        "display_bounds_lonlat": {
          "west": -42.12825516191676,
          "south": -20.32378859644615,
          "east": -41.8567891977839,
          "north": -20.066383979037752
        },
        "cfar_detection_count": 0,
        "yolo_detection_count": 0
      }
    },
    {
      "type": "Feature",
      "geometry": {
        "type": "Polygon",
        "coordinates": [
          [
            [
              -42.06268324513497,
              -20.084227691197196
            ],
            [
              -42.10977823297928,
              -20.26179811876077
            ],
            [
              -42.24134833483036,
              -20.229904278377607
            ],
            [
              -42.19390921410572,
              -20.0524388347642
            ],
            [
              -42.06268324513497,
              -20.084227691197196
            ]
          ]
        ]
      },
      "properties": {
        "patch_id": 90,
        "tile_id": 90,
        "patch_number": 91,
        "patch_label": "P091",
        "name": "patch_0091_VV",
        "x_start": 24000,
        "y_start": 12000,
        "valid_x_end": 25433,
        "valid_y_end": 14000,
        "width": 2000,
        "height": 2000,
        "target_width": 2000,
        "target_height": 2000,
        "requires_padding": true,
        "processing_bbox_pixels": {
          "x0": 23840,
          "y0": 11840,
          "x1": 25433,
          "y1": 14160
        },
        "processing_requested_bbox_pixels": {
          "x0": 23840,
          "y0": 11840,
          "x1": 26160,
          "y1": 14160
        },
        "processing_width": 1593,
        "processing_height": 2320,
        "processing_target_width": 1593,
        "processing_target_height": 2320,
        "processing_requires_padding": false,
        "core_bbox_pixels": {
          "x0": 24000,
          "y0": 12000,
          "x1": 25433,
          "y1": 14000
        },
        "requested_bbox_pixels": {
          "x0": 24000,
          "y0": 12000,
          "x1": 26000,
          "y1": 14000
        },
        "halo_pixels": 160,
        "polarization": "VV",
        "display_bounds_lonlat": {
          "west": -42.24523520654104,
          "south": -20.279565492778495,
          "east": -42.043830988925706,
          "north": -20.038217306008892
        },
        "cfar_detection_count": 0,
        "yolo_detection_count": 0
      }
    },
    {
      "type": "Feature",
      "geometry": {
        "type": "Polygon",
        "coordinates": [
          [
            [
              -39.86665472779115,
              -20.78870271175773
            ],
            [
              -39.91154175594167,
              -20.966956122492466
            ],
            [
              -40.098384549070346,
              -20.92429699501099
            ],
            [
              -40.05335629924592,
              -20.74608255555038
            ],
            [
              -39.86665472779115,
              -20.78870271175773
            ]
          ]
        ]
      },
      "properties": {
        "patch_id": 91,
        "tile_id": 91,
        "patch_number": 92,
        "patch_label": "P092",
        "name": "patch_0092_VV",
        "x_start": 0,
        "y_start": 14000,
        "valid_x_end": 2000,
        "valid_y_end": 16000,
        "width": 2000,
        "height": 2000,
        "target_width": 2000,
        "target_height": 2000,
        "requires_padding": false,
        "processing_bbox_pixels": {
          "x0": 0,
          "y0": 13840,
          "x1": 2160,
          "y1": 16160
        },
        "processing_requested_bbox_pixels": {
          "x0": -160,
          "y0": 13840,
          "x1": 2160,
          "y1": 16160
        },
        "processing_width": 2160,
        "processing_height": 2320,
        "processing_target_width": 2160,
        "processing_target_height": 2320,
        "processing_requires_padding": false,
        "core_bbox_pixels": {
          "x0": 0,
          "y0": 14000,
          "x1": 2000,
          "y1": 16000
        },
        "requested_bbox_pixels": {
          "x0": 0,
          "y0": 14000,
          "x1": 2000,
          "y1": 16000
        },
        "halo_pixels": 160,
        "polarization": "VV",
        "display_bounds_lonlat": {
          "west": -40.116943022210755,
          "south": -20.981219352821384,
          "east": -39.86306416771808,
          "north": -20.728396633886586
        },
        "cfar_detection_count": 0,
        "yolo_detection_count": 0
      }
    },
    {
      "type": "Feature",
      "geometry": {
        "type": "Polygon",
        "coordinates": [
          [
            [
              -40.05344967249018,
              -20.74606119522394
            ],
            [
              -40.098477996189615,
              -20.924275614687023
            ],
            [
              -40.2852164205579,
              -20.881431805209537
            ],
            [
              -40.240039992809955,
              -20.703259541184753
            ],
            [
              -40.05344967249018,
              -20.74606119522394
            ]
          ]
        ]
      },
      "properties": {
        "patch_id": 92,
        "tile_id": 92,
        "patch_number": 93,
        "patch_label": "P093",
        "name": "patch_0093_VV",
        "x_start": 2000,
        "y_start": 14000,
        "valid_x_end": 4000,
        "valid_y_end": 16000,
        "width": 2000,
        "height": 2000,
        "target_width": 2000,
        "target_height": 2000,
        "requires_padding": false,
        "processing_bbox_pixels": {
          "x0": 1840,
          "y0": 13840,
          "x1": 4160,
          "y1": 16160
        },
        "processing_requested_bbox_pixels": {
          "x0": 1840,
          "y0": 13840,
          "x1": 4160,
          "y1": 16160
        },
        "processing_width": 2320,
        "processing_height": 2320,
        "processing_target_width": 2320,
        "processing_target_height": 2320,
        "processing_requires_padding": false,
        "core_bbox_pixels": {
          "x0": 2000,
          "y0": 14000,
          "x1": 4000,
          "y1": 16000
        },
        "requested_bbox_pixels": {
          "x0": 2000,
          "y0": 14000,
          "x1": 4000,
          "y1": 16000
        },
        "halo_pixels": 160,
        "polarization": "VV",
        "display_bounds_lonlat": {
          "west": -40.303774174146184,
          "south": -20.94195686794899,
          "east": -40.03490888665944,
          "north": -20.685556885196746
        },
        "cfar_detection_count": 0,
        "yolo_detection_count": 0
      }
    },
    {
      "type": "Feature",
      "geometry": {
        "type": "Polygon",
        "coordinates": [
          [
            [
              -40.240133291349096,
              -20.70323805415581
            ],
            [
              -40.28530979327527,
              -20.881410297394012
            ],
            [
              -40.47193044257139,
              -20.838357247970453
            ],
            [
              -40.4274791069756,
              -20.660024408116545
            ],
            [
              -40.240133291349096,
              -20.70323805415581
            ]
          ]
        ]
      },
      "properties": {
        "patch_id": 93,
        "tile_id": 93,
        "patch_number": 94,
        "patch_label": "P094",
        "name": "patch_0094_VV",
        "x_start": 4000,
        "y_start": 14000,
        "valid_x_end": 6000,
        "valid_y_end": 16000,
        "width": 2000,
        "height": 2000,
        "target_width": 2000,
        "target_height": 2000,
        "requires_padding": false,
        "processing_bbox_pixels": {
          "x0": 3840,
          "y0": 13840,
          "x1": 6160,
          "y1": 16160
        },
        "processing_requested_bbox_pixels": {
          "x0": 3840,
          "y0": 13840,
          "x1": 6160,
          "y1": 16160
        },
        "processing_width": 2320,
        "processing_height": 2320,
        "processing_target_width": 2320,
        "processing_target_height": 2320,
        "processing_requires_padding": false,
        "core_bbox_pixels": {
          "x0": 4000,
          "y0": 14000,
          "x1": 6000,
          "y1": 16000
        },
        "requested_bbox_pixels": {
          "x0": 4000,
          "y0": 14000,
          "x1": 6000,
          "y1": 16000
        },
        "halo_pixels": 160,
        "polarization": "VV",
        "display_bounds_lonlat": {
          "west": -40.49049443001982,
          "south": -20.89910871148581,
          "east": -40.22159188854088,
          "north": -20.64224066673118
        },
        "cfar_detection_count": 3,
        "yolo_detection_count": 0
      }
    },
    {
      "type": "Feature",
      "geometry": {
        "type": "Polygon",
        "coordinates": [
          [
            [
              -40.42757332873322,
              -20.660002634789556
            ],
            [
              -40.472023780674334,
              -20.838335675535795
            ],
            [
              -40.660043949447044,
              -20.794730928944606
            ],
            [
              -40.61770948784386,
              -20.615911725916785
            ],
            [
              -40.42757332873322,
              -20.660002634789556
            ]
          ]
        ]
      },
      "properties": {
        "patch_id": 94,
        "tile_id": 94,
        "patch_number": 95,
        "patch_label": "P095",
        "name": "patch_0095_VV",
        "x_start": 6000,
        "y_start": 14000,
        "valid_x_end": 8000,
        "valid_y_end": 16000,
        "width": 2000,
        "height": 2000,
        "target_width": 2000,
        "target_height": 2000,
        "requires_padding": false,
        "processing_bbox_pixels": {
          "x0": 5840,
          "y0": 13840,
          "x1": 8160,
          "y1": 16160
        },
        "processing_requested_bbox_pixels": {
          "x0": 5840,
          "y0": 13840,
          "x1": 8160,
          "y1": 16160
        },
        "processing_width": 2320,
        "processing_height": 2320,
        "processing_target_width": 2320,
        "processing_target_height": 2320,
        "processing_requires_padding": false,
        "core_bbox_pixels": {
          "x0": 6000,
          "y0": 14000,
          "x1": 8000,
          "y1": 16000
        },
        "requested_bbox_pixels": {
          "x0": 6000,
          "y0": 14000,
          "x1": 8000,
          "y1": 16000
        },
        "halo_pixels": 160,
        "polarization": "VV",
        "display_bounds_lonlat": {
          "west": -40.678485482192585,
          "south": -20.856041160870575,
          "east": -40.408989206035045,
          "north": -20.598039368988765
        },
        "cfar_detection_count": 6,
        "yolo_detection_count": 0
      }
    },
    {
      "type": "Feature",
      "geometry": {
        "type": "Polygon",
        "coordinates": [
          [
            [
              -40.61780521839745,
              -20.615889450558786
            ],
            [
              -40.66013843555856,
              -20.794708942019067
            ],
            [
              -40.853168605961656,
              -20.749693862623054
            ],
            [
              -40.80921528218816,
              -20.57126754708094
            ],
            [
              -40.61780521839745,
              -20.615889450558786
            ]
          ]
        ]
      },
      "properties": {
        "patch_id": 95,
        "tile_id": 95,
        "patch_number": 96,
        "patch_label": "P096",
        "name": "patch_0096_VV",
        "x_start": 8000,
        "y_start": 14000,
        "valid_x_end": 10000,
        "valid_y_end": 16000,
        "width": 2000,
        "height": 2000,
        "target_width": 2000,
        "target_height": 2000,
        "requires_padding": false,
        "processing_bbox_pixels": {
          "x0": 7840,
          "y0": 13840,
          "x1": 10160,
          "y1": 16160
        },
        "processing_requested_bbox_pixels": {
          "x0": 7840,
          "y0": 13840,
          "x1": 10160,
          "y1": 16160
        },
        "processing_width": 2320,
        "processing_height": 2320,
        "processing_target_width": 2320,
        "processing_target_height": 2320,
        "processing_requires_padding": false,
        "core_bbox_pixels": {
          "x0": 8000,
          "y0": 14000,
          "x1": 10000,
          "y1": 16000
        },
        "requested_bbox_pixels": {
          "x0": 8000,
          "y0": 14000,
          "x1": 10000,
          "y1": 16000
        },
        "halo_pixels": 160,
        "polarization": "VV",
        "display_bounds_lonlat": {
          "west": -40.87246686543667,
          "south": -20.812534627239835,
          "east": -40.59907372868627,
          "north": -20.55340434248728
        },
        "cfar_detection_count": 0,
        "yolo_detection_count": 0
      }
    },
    {
      "type": "Feature",
      "geometry": {
        "type": "Polygon",
        "coordinates": [
          [
            [
              -40.80931105349001,
              -20.57124518652048
            ],
            [
              -40.853266877516305,
              -20.74967090645075
            ],
            [
              -41.04109691856708,
              -20.70564027426235
            ],
            [
              -41.00017670318252,
              -20.526505943211433
            ],
            [
              -40.80931105349001,
              -20.57124518652048
            ]
          ]
        ]
      },
      "properties": {
        "patch_id": 96,
        "tile_id": 96,
        "patch_number": 97,
        "patch_label": "P097",
        "name": "patch_0097_VV",
        "x_start": 10000,
        "y_start": 14000,
        "valid_x_end": 12000,
        "valid_y_end": 16000,
        "width": 2000,
        "height": 2000,
        "target_width": 2000,
        "target_height": 2000,
        "requires_padding": false,
        "processing_bbox_pixels": {
          "x0": 9840,
          "y0": 13840,
          "x1": 12160,
          "y1": 16160
        },
        "processing_requested_bbox_pixels": {
          "x0": 9840,
          "y0": 13840,
          "x1": 12160,
          "y1": 16160
        },
        "processing_width": 2320,
        "processing_height": 2320,
        "processing_target_width": 2320,
        "processing_target_height": 2320,
        "processing_requires_padding": false,
        "core_bbox_pixels": {
          "x0": 10000,
          "y0": 14000,
          "x1": 12000,
          "y1": 16000
        },
        "requested_bbox_pixels": {
          "x0": 10000,
          "y0": 14000,
          "x1": 12000,
          "y1": 16000
        },
        "halo_pixels": 160,
        "polarization": "VV",
        "display_bounds_lonlat": {
          "west": -41.05866330141882,
          "south": -20.767631641203643,
          "east": -40.79049015745102,
          "north": -20.50870883993758
        },
        "cfar_detection_count": 0,
        "yolo_detection_count": 0
      }
    },
    {
      "type": "Feature",
      "geometry": {
        "type": "Polygon",
        "coordinates": [
          [
            [
              -41.00027067890021,
              -20.526483858638297
            ],
            [
              -41.04118859474412,
              -20.70561873087512
            ],
            [
              -41.22886262565039,
              -20.661409690498864
            ],
            [
              -41.183683425958144,
              -20.483302885867317
            ],
            [
              -41.00027067890021,
              -20.526483858638297
            ]
          ]
        ]
      },
      "properties": {
        "patch_id": 97,
        "tile_id": 97,
        "patch_number": 98,
        "patch_label": "P098",
        "name": "patch_0098_VV",
        "x_start": 12000,
        "y_start": 14000,
        "valid_x_end": 14000,
        "valid_y_end": 16000,
        "width": 2000,
        "height": 2000,
        "target_width": 2000,
        "target_height": 2000,
        "requires_padding": false,
        "processing_bbox_pixels": {
          "x0": 11840,
          "y0": 13840,
          "x1": 14160,
          "y1": 16160
        },
        "processing_requested_bbox_pixels": {
          "x0": 11840,
          "y0": 13840,
          "x1": 14160,
          "y1": 16160
        },
        "processing_width": 2320,
        "processing_height": 2320,
        "processing_target_width": 2320,
        "processing_target_height": 2320,
        "processing_requires_padding": false,
        "core_bbox_pixels": {
          "x0": 12000,
          "y0": 14000,
          "x1": 14000,
          "y1": 16000
        },
        "requested_bbox_pixels": {
          "x0": 12000,
          "y0": 14000,
          "x1": 14000,
          "y1": 16000
        },
        "halo_pixels": 160,
        "polarization": "VV",
        "display_bounds_lonlat": {
          "west": -41.24744481607205,
          "south": -20.723466888248055,
          "east": -40.98161041151709,
          "north": -20.465634022733138
        },
        "cfar_detection_count": 0,
        "yolo_detection_count": 0
      }
    },
    {
      "type": "Feature",
      "geometry": {
        "type": "Polygon",
        "coordinates": [
          [
            [
              -41.18377884988845,
              -20.483280044181033
            ],
            [
              -41.2289533451609,
              -20.66138793486942
            ],
            [
              -41.415821530537656,
              -20.617124177015043
            ],
            [
              -41.367953518240924,
              -20.439679846243124
            ],
            [
              -41.18377884988845,
              -20.483280044181033
            ]
          ]
        ]
      },
      "properties": {
        "patch_id": 98,
        "tile_id": 98,
        "patch_number": 99,
        "patch_label": "P099",
        "name": "patch_0099_VV",
        "x_start": 14000,
        "y_start": 14000,
        "valid_x_end": 16000,
        "valid_y_end": 16000,
        "width": 2000,
        "height": 2000,
        "target_width": 2000,
        "target_height": 2000,
        "requires_padding": false,
        "processing_bbox_pixels": {
          "x0": 13840,
          "y0": 13840,
          "x1": 16160,
          "y1": 16160
        },
        "processing_requested_bbox_pixels": {
          "x0": 13840,
          "y0": 13840,
          "x1": 16160,
          "y1": 16160
        },
        "processing_width": 2320,
        "processing_height": 2320,
        "processing_target_width": 2320,
        "processing_target_height": 2320,
        "processing_requires_padding": false,
        "core_bbox_pixels": {
          "x0": 14000,
          "y0": 14000,
          "x1": 16000,
          "y1": 16000
        },
        "requested_bbox_pixels": {
          "x0": 14000,
          "y0": 14000,
          "x1": 16000,
          "y1": 16000
        },
        "halo_pixels": 160,
        "polarization": "VV",
        "display_bounds_lonlat": {
          "west": -41.434245465758856,
          "south": -20.679284210637476,
          "east": -41.165524598406805,
          "north": -20.42196356132773
        },
        "cfar_detection_count": 0,
        "yolo_detection_count": 0
      }
    },
    {
      "type": "Feature",
      "geometry": {
        "type": "Polygon",
        "coordinates": [
          [
            [
              -41.3680467886298,
              -20.439657718783177
            ],
            [
              -41.41591368025476,
              -20.617102307172722
            ],
            [
              -41.600889159955415,
              -20.573082849140654
            ],
            [
              -41.5544180823615,
              -20.395324893650994
            ],
            [
              -41.3680467886298,
              -20.439657718783177
            ]
          ]
        ]
      },
      "properties": {
        "patch_id": 99,
        "tile_id": 99,
        "patch_number": 100,
        "patch_label": "P100",
        "name": "patch_0100_VV",
        "x_start": 16000,
        "y_start": 14000,
        "valid_x_end": 18000,
        "valid_y_end": 16000,
        "width": 2000,
        "height": 2000,
        "target_width": 2000,
        "target_height": 2000,
        "requires_padding": false,
        "processing_bbox_pixels": {
          "x0": 15840,
          "y0": 13840,
          "x1": 18160,
          "y1": 16160
        },
        "processing_requested_bbox_pixels": {
          "x0": 15840,
          "y0": 13840,
          "x1": 18160,
          "y1": 16160
        },
        "processing_width": 2320,
        "processing_height": 2320,
        "processing_target_width": 2320,
        "processing_target_height": 2320,
        "processing_requires_padding": false,
        "core_bbox_pixels": {
          "x0": 16000,
          "y0": 14000,
          "x1": 18000,
          "y1": 16000
        },
        "requested_bbox_pixels": {
          "x0": 16000,
          "y0": 14000,
          "x1": 18000,
          "y1": 16000
        },
        "halo_pixels": 160,
        "polarization": "VV",
        "display_bounds_lonlat": {
          "west": -41.619559948238674,
          "south": -20.63483452239157,
          "east": -41.34911793796575,
          "north": -20.377544743169018
        },
        "cfar_detection_count": 0,
        "yolo_detection_count": 0
      }
    },
    {
      "type": "Feature",
      "geometry": {
        "type": "Polygon",
        "coordinates": [
          [
            [
              -41.55451143144975,
              -20.395302605285465
            ],
            [
              -41.60098296784809,
              -20.573060438204422
            ],
            [
              -41.79001144223561,
              -20.527828106003014
            ],
            [
              -41.74448979172565,
              -20.349862603045967
            ],
            [
              -41.55451143144975,
              -20.395302605285465
            ]
          ]
        ]
      },
      "properties": {
        "patch_id": 100,
        "tile_id": 100,
        "patch_number": 101,
        "patch_label": "P101",
        "name": "patch_0101_VV",
        "x_start": 18000,
        "y_start": 14000,
        "valid_x_end": 20000,
        "valid_y_end": 16000,
        "width": 2000,
        "height": 2000,
        "target_width": 2000,
        "target_height": 2000,
        "requires_padding": false,
        "processing_bbox_pixels": {
          "x0": 17840,
          "y0": 13840,
          "x1": 20160,
          "y1": 16160
        },
        "processing_requested_bbox_pixels": {
          "x0": 17840,
          "y0": 13840,
          "x1": 20160,
          "y1": 16160
        },
        "processing_width": 2320,
        "processing_height": 2320,
        "processing_target_width": 2320,
        "processing_target_height": 2320,
        "processing_requires_padding": false,
        "core_bbox_pixels": {
          "x0": 18000,
          "y0": 14000,
          "x1": 20000,
          "y1": 16000
        },
        "requested_bbox_pixels": {
          "x0": 18000,
          "y0": 14000,
          "x1": 20000,
          "y1": 16000
        },
        "halo_pixels": 160,
        "polarization": "VV",
        "display_bounds_lonlat": {
          "west": -41.80855418614347,
          "south": -20.590880732312083,
          "east": -41.535819388610456,
          "north": -20.331978049842814
        },
        "cfar_detection_count": 0,
        "yolo_detection_count": 0
      }
    },
    {
      "type": "Feature",
      "geometry": {
        "type": "Polygon",
        "coordinates": [
          [
            [
              -41.74458679282684,
              -20.349839356023285
            ],
            [
              -41.79010688099107,
              -20.52780522646524
            ],
            [
              -41.975622515984696,
              -20.483200299565198
            ],
            [
              -41.926064846703056,
              -20.306242949392463
            ],
            [
              -41.74458679282684,
              -20.349839356023285
            ]
          ]
        ]
      },
      "properties": {
        "patch_id": 101,
        "tile_id": 101,
        "patch_number": 102,
        "patch_label": "P102",
        "name": "patch_0102_VV",
        "x_start": 20000,
        "y_start": 14000,
        "valid_x_end": 22000,
        "valid_y_end": 16000,
        "width": 2000,
        "height": 2000,
        "target_width": 2000,
        "target_height": 2000,
        "requires_padding": false,
        "processing_bbox_pixels": {
          "x0": 19840,
          "y0": 13840,
          "x1": 22160,
          "y1": 16160
        },
        "processing_requested_bbox_pixels": {
          "x0": 19840,
          "y0": 13840,
          "x1": 22160,
          "y1": 16160
        },
        "processing_width": 2320,
        "processing_height": 2320,
        "processing_target_width": 2320,
        "processing_target_height": 2320,
        "processing_requires_padding": false,
        "core_bbox_pixels": {
          "x0": 20000,
          "y0": 14000,
          "x1": 22000,
          "y1": 16000
        },
        "requested_bbox_pixels": {
          "x0": 20000,
          "y0": 14000,
          "x1": 22000,
          "y1": 16000
        },
        "halo_pixels": 160,
        "polarization": "VV",
        "display_bounds_lonlat": {
          "west": -41.994249933913096,
          "south": -20.545771421352526,
          "east": -41.72510922016374,
          "north": -20.288582865310484
        },
        "cfar_detection_count": 0,
        "yolo_detection_count": 0
      }
    },
    {
      "type": "Feature",
      "geometry": {
        "type": "Polygon",
        "coordinates": [
          [
            [
              -41.92615598289241,
              -20.30622098843683
            ],
            [
              -41.975714527485785,
              -20.48317810989852
            ],
            [
              -42.15914533721629,
              -20.438866300453363
            ],
            [
              -42.10970974032126,
              -20.261909205081448
            ],
            [
              -41.92615598289241,
              -20.30622098843683
            ]
          ]
        ]
      },
      "properties": {
        "patch_id": 102,
        "tile_id": 102,
        "patch_number": 103,
        "patch_label": "P103",
        "name": "patch_0103_VV",
        "x_start": 22000,
        "y_start": 14000,
        "valid_x_end": 24000,
        "valid_y_end": 16000,
        "width": 2000,
        "height": 2000,
        "target_width": 2000,
        "target_height": 2000,
        "requires_padding": false,
        "processing_bbox_pixels": {
          "x0": 21840,
          "y0": 13840,
          "x1": 24160,
          "y1": 16160
        },
        "processing_requested_bbox_pixels": {
          "x0": 21840,
          "y0": 13840,
          "x1": 24160,
          "y1": 16160
        },
        "processing_width": 2320,
        "processing_height": 2320,
        "processing_target_width": 2320,
        "processing_target_height": 2320,
        "processing_requires_padding": false,
        "core_bbox_pixels": {
          "x0": 22000,
          "y0": 14000,
          "x1": 24000,
          "y1": 16000
        },
        "requested_bbox_pixels": {
          "x0": 22000,
          "y0": 14000,
          "x1": 24000,
          "y1": 16000
        },
        "halo_pixels": 160,
        "polarization": "VV",
        "display_bounds_lonlat": {
          "west": -42.1778913150976,
          "south": -20.500918695846217,
          "east": -41.90750386187234,
          "north": -20.244130817357377
        },
        "cfar_detection_count": 0,
        "yolo_detection_count": 0
      }
    },
    {
      "type": "Feature",
      "geometry": {
        "type": "Polygon",
        "coordinates": [
          [
            [
              -42.10980211431898,
              -20.261886872703514
            ],
            [
              -42.159236897589004,
              -20.438844151672548
            ],
            [
              -42.290638635880725,
              -20.406969787610713
            ],
            [
              -42.24137262777892,
              -20.229992920712988
            ],
            [
              -42.10980211431898,
              -20.261886872703514
            ]
          ]
        ]
      },
      "properties": {
        "patch_id": 103,
        "tile_id": 103,
        "patch_number": 104,
        "patch_label": "P104",
        "name": "patch_0104_VV",
        "x_start": 24000,
        "y_start": 14000,
        "valid_x_end": 25433,
        "valid_y_end": 16000,
        "width": 2000,
        "height": 2000,
        "target_width": 2000,
        "target_height": 2000,
        "requires_padding": true,
        "processing_bbox_pixels": {
          "x0": 23840,
          "y0": 13840,
          "x1": 25433,
          "y1": 16160
        },
        "processing_requested_bbox_pixels": {
          "x0": 23840,
          "y0": 13840,
          "x1": 26160,
          "y1": 16160
        },
        "processing_width": 1593,
        "processing_height": 2320,
        "processing_target_width": 1593,
        "processing_target_height": 2320,
        "processing_requires_padding": false,
        "core_bbox_pixels": {
          "x0": 24000,
          "y0": 14000,
          "x1": 25433,
          "y1": 16000
        },
        "requested_bbox_pixels": {
          "x0": 24000,
          "y0": 14000,
          "x1": 26000,
          "y1": 16000
        },
        "halo_pixels": 160,
        "polarization": "VV",
        "display_bounds_lonlat": {
          "west": -42.294636699108224,
          "south": -20.456517343778476,
          "east": -42.09117396327499,
          "north": -20.2158101470524
        },
        "cfar_detection_count": 0,
        "yolo_detection_count": 0
      }
    },
    {
      "type": "Feature",
      "geometry": {
        "type": "Polygon",
        "coordinates": [
          [
            [
              -39.91156422404253,
              -20.967045267682025
            ],
            [
              -39.93081938554433,
              -21.043442695131294
            ],
            [
              -40.11772185641346,
              -21.000767086774474
            ],
            [
              -40.0984070867256,
              -20.924386120992068
            ],
            [
              -39.91156422404253,
              -20.967045267682025
            ]
          ]
        ]
      },
      "properties": {
        "patch_id": 104,
        "tile_id": 104,
        "patch_number": 105,
        "patch_label": "P105",
        "name": "patch_0105_VV",
        "x_start": 0,
        "y_start": 16000,
        "valid_x_end": 2000,
        "valid_y_end": 16858,
        "width": 2000,
        "height": 2000,
        "target_width": 2000,
        "target_height": 2000,
        "requires_padding": true,
        "processing_bbox_pixels": {
          "x0": 0,
          "y0": 15840,
          "x1": 2160,
          "y1": 16858
        },
        "processing_requested_bbox_pixels": {
          "x0": -160,
          "y0": 15840,
          "x1": 2160,
          "y1": 18160
        },
        "processing_width": 2160,
        "processing_height": 1018,
        "processing_target_width": 2160,
        "processing_target_height": 1018,
        "processing_requires_padding": false,
        "core_bbox_pixels": {
          "x0": 0,
          "y0": 16000,
          "x1": 2000,
          "y1": 16858
        },
        "requested_bbox_pixels": {
          "x0": 0,
          "y0": 16000,
          "x1": 2000,
          "y1": 18000
        },
        "halo_pixels": 160,
        "polarization": "VV",
        "display_bounds_lonlat": {
          "west": -40.132678261770394,
          "south": -21.043442695131294,
          "east": -39.90796932784418,
          "north": -20.90670535663827
        },
        "cfar_detection_count": 0,
        "yolo_detection_count": 0
      }
    },
    {
      "type": "Feature",
      "geometry": {
        "type": "Polygon",
        "coordinates": [
          [
            [
              -40.09850053388031,
              -20.92436474065849
            ],
            [
              -40.11781533393466,
              -21.00074569820594
            ],
            [
              -40.304613628208976,
              -20.957884534170212
            ],
            [
              -40.28523902802702,
              -20.881520910954247
            ],
            [
              -40.09850053388031,
              -20.92436474065849
            ]
          ]
        ]
      },
      "properties": {
        "patch_id": 105,
        "tile_id": 105,
        "patch_number": 106,
        "patch_label": "P106",
        "name": "patch_0106_VV",
        "x_start": 2000,
        "y_start": 16000,
        "valid_x_end": 4000,
        "valid_y_end": 16858,
        "width": 2000,
        "height": 2000,
        "target_width": 2000,
        "target_height": 2000,
        "requires_padding": true,
        "processing_bbox_pixels": {
          "x0": 1840,
          "y0": 15840,
          "x1": 4160,
          "y1": 16858
        },
        "processing_requested_bbox_pixels": {
          "x0": 1840,
          "y0": 15840,
          "x1": 4160,
          "y1": 18160
        },
        "processing_width": 2320,
        "processing_height": 1018,
        "processing_target_width": 2320,
        "processing_target_height": 1018,
        "processing_requires_padding": false,
        "core_bbox_pixels": {
          "x0": 2000,
          "y0": 16000,
          "x1": 4000,
          "y1": 16858
        },
        "requested_bbox_pixels": {
          "x0": 2000,
          "y0": 16000,
          "x1": 4000,
          "y1": 18000
        },
        "halo_pixels": 160,
        "polarization": "VV",
        "display_bounds_lonlat": {
          "west": -40.31955816109503,
          "south": -21.004167869171205,
          "east": -40.07994386240528,
          "north": -20.863822985770618
        },
        "cfar_detection_count": 0,
        "yolo_detection_count": 0
      }
    },
    {
      "type": "Feature",
      "geometry": {
        "type": "Polygon",
        "coordinates": [
          [
            [
              -40.28533240077998,
              -20.881499403129112
            ],
            [
              -40.304707031459394,
              -20.957863018110128
            ],
            [
              -40.49139048730545,
              -20.91479223477552
            ],
            [
              -40.4719531232773,
              -20.838446333036657
            ],
            [
              -40.28533240077998,
              -20.881499403129112
            ]
          ]
        ]
      },
      "properties": {
        "patch_id": 106,
        "tile_id": 106,
        "patch_number": 107,
        "patch_label": "P107",
        "name": "patch_0107_VV",
        "x_start": 4000,
        "y_start": 16000,
        "valid_x_end": 6000,
        "valid_y_end": 16858,
        "width": 2000,
        "height": 2000,
        "target_width": 2000,
        "target_height": 2000,
        "requires_padding": true,
        "processing_bbox_pixels": {
          "x0": 3840,
          "y0": 15840,
          "x1": 6160,
          "y1": 16858
        },
        "processing_requested_bbox_pixels": {
          "x0": 3840,
          "y0": 15840,
          "x1": 6160,
          "y1": 18160
        },
        "processing_width": 2320,
        "processing_height": 1018,
        "processing_target_width": 2320,
        "processing_target_height": 1018,
        "processing_requires_padding": false,
        "core_bbox_pixels": {
          "x0": 4000,
          "y0": 16000,
          "x1": 6000,
          "y1": 16858
        },
        "requested_bbox_pixels": {
          "x0": 4000,
          "y0": 16000,
          "x1": 6000,
          "y1": 18000
        },
        "halo_pixels": 160,
        "polarization": "VV",
        "display_bounds_lonlat": {
          "west": -40.506329788336345,
          "south": -20.961305587723928,
          "east": -40.26677646321159,
          "north": -20.820741418094748
        },
        "cfar_detection_count": 0,
        "yolo_detection_count": 0
      }
    },
    {
      "type": "Feature",
      "geometry": {
        "type": "Polygon",
        "coordinates": [
          [
            [
              -40.47204646141808,
              -20.83842476059079
            ],
            [
              -40.491483857877995,
              -20.914770652722204
            ],
            [
              -40.67805721713616,
              -20.871500407715374
            ],
            [
              -40.66006494393244,
              -20.79482040386159
            ],
            [
              -40.47204646141808,
              -20.83842476059079
            ]
          ]
        ]
      },
      "properties": {
        "patch_id": 107,
        "tile_id": 107,
        "patch_number": 108,
        "patch_label": "P108",
        "name": "patch_0108_VV",
        "x_start": 6000,
        "y_start": 16000,
        "valid_x_end": 8000,
        "valid_y_end": 16858,
        "width": 2000,
        "height": 2000,
        "target_width": 2000,
        "target_height": 2000,
        "requires_padding": true,
        "processing_bbox_pixels": {
          "x0": 5840,
          "y0": 15840,
          "x1": 8160,
          "y1": 16858
        },
        "processing_requested_bbox_pixels": {
          "x0": 5840,
          "y0": 15840,
          "x1": 8160,
          "y1": 18160
        },
        "processing_width": 2320,
        "processing_height": 1018,
        "processing_target_width": 2320,
        "processing_target_height": 1018,
        "processing_requires_padding": false,
        "core_bbox_pixels": {
          "x0": 6000,
          "y0": 16000,
          "x1": 8000,
          "y1": 16858
        },
        "requested_bbox_pixels": {
          "x0": 6000,
          "y0": 16000,
          "x1": 8000,
          "y1": 18000
        },
        "halo_pixels": 160,
        "polarization": "VV",
        "display_bounds_lonlat": {
          "west": -40.69298537900069,
          "south": -20.91822378125206,
          "east": -40.453484396256414,
          "north": -20.77697829947475
        },
        "cfar_detection_count": 0,
        "yolo_detection_count": 0
      }
    },
    {
      "type": "Feature",
      "geometry": {
        "type": "Polygon",
        "coordinates": [
          [
            [
              -40.66015942866274,
              -20.79479841725875
            ],
            [
              -40.678150518171435,
              -20.871478697669634
            ],
            [
              -40.87209155729915,
              -20.826243850115468
            ],
            [
              -40.85319066068429,
              -20.7497830817227
            ],
            [
              -40.66015942866274,
              -20.79479841725875
            ]
          ]
        ]
      },
      "properties": {
        "patch_id": 108,
        "tile_id": 108,
        "patch_number": 109,
        "patch_label": "P109",
        "name": "patch_0109_VV",
        "x_start": 8000,
        "y_start": 16000,
        "valid_x_end": 10000,
        "valid_y_end": 16858,
        "width": 2000,
        "height": 2000,
        "target_width": 2000,
        "target_height": 2000,
        "requires_padding": true,
        "processing_bbox_pixels": {
          "x0": 7840,
          "y0": 15840,
          "x1": 10160,
          "y1": 16858
        },
        "processing_requested_bbox_pixels": {
          "x0": 7840,
          "y0": 15840,
          "x1": 10160,
          "y1": 18160
        },
        "processing_width": 2320,
        "processing_height": 1018,
        "processing_target_width": 2320,
        "processing_target_height": 1018,
        "processing_requires_padding": false,
        "core_bbox_pixels": {
          "x0": 8000,
          "y0": 16000,
          "x1": 10000,
          "y1": 16858
        },
        "requested_bbox_pixels": {
          "x0": 8000,
          "y0": 16000,
          "x1": 10000,
          "y1": 18000
        },
        "halo_pixels": 160,
        "polarization": "VV",
        "display_bounds_lonlat": {
          "west": -40.88809075441965,
          "south": -20.87495230498745,
          "east": -40.64164762348641,
          "north": -20.73184887746584
        },
        "cfar_detection_count": 5,
        "yolo_detection_count": 1
      }
    },
    {
      "type": "Feature",
      "geometry": {
        "type": "Polygon",
        "coordinates": [
          [
            [
              -40.85328893434253,
              -20.749760125051523
            ],
            [
              -40.872191633733266,
              -20.82622046591309
            ],
            [
              -41.05689559330867,
              -20.78292731112424
            ],
            [
              -41.04111533194161,
              -20.705730352393893
            ],
            [
              -40.85328893434253,
              -20.749760125051523
            ]
          ]
        ]
      },
      "properties": {
        "patch_id": 109,
        "tile_id": 109,
        "patch_number": 110,
        "patch_label": "P110",
        "name": "patch_0110_VV",
        "x_start": 10000,
        "y_start": 16000,
        "valid_x_end": 12000,
        "valid_y_end": 16858,
        "width": 2000,
        "height": 2000,
        "target_width": 2000,
        "target_height": 2000,
        "requires_padding": true,
        "processing_bbox_pixels": {
          "x0": 9840,
          "y0": 15840,
          "x1": 12160,
          "y1": 16858
        },
        "processing_requested_bbox_pixels": {
          "x0": 9840,
          "y0": 15840,
          "x1": 12160,
          "y1": 18160
        },
        "processing_width": 2320,
        "processing_height": 1018,
        "processing_target_width": 2320,
        "processing_target_height": 1018,
        "processing_requires_padding": false,
        "core_bbox_pixels": {
          "x0": 10000,
          "y0": 16000,
          "x1": 12000,
          "y1": 16858
        },
        "requested_bbox_pixels": {
          "x0": 10000,
          "y0": 16000,
          "x1": 12000,
          "y1": 18000
        },
        "halo_pixels": 160,
        "polarization": "VV",
        "display_bounds_lonlat": {
          "west": -41.071306664065524,
          "south": -20.829961938293444,
          "east": -40.83408990654056,
          "north": -20.687859623760414
        },
        "cfar_detection_count": 0,
        "yolo_detection_count": 0
      }
    },
    {
      "type": "Feature",
      "geometry": {
        "type": "Polygon",
        "coordinates": [
          [
            [
              -41.041207006245685,
              -20.70570880945028
            ],
            [
              -41.056985662485616,
              -20.782906148360862
            ],
            [
              -41.247408591141124,
              -20.738038106298017
            ],
            [
              -41.228884240995605,
              -20.66149900100679
            ],
            [
              -41.041207006245685,
              -20.70570880945028
            ]
          ]
        ]
      },
      "properties": {
        "patch_id": 110,
        "tile_id": 110,
        "patch_number": 111,
        "patch_label": "P111",
        "name": "patch_0111_VV",
        "x_start": 12000,
        "y_start": 16000,
        "valid_x_end": 14000,
        "valid_y_end": 16858,
        "width": 2000,
        "height": 2000,
        "target_width": 2000,
        "target_height": 2000,
        "requires_padding": true,
        "processing_bbox_pixels": {
          "x0": 11840,
          "y0": 15840,
          "x1": 14160,
          "y1": 16858
        },
        "processing_requested_bbox_pixels": {
          "x0": 11840,
          "y0": 15840,
          "x1": 14160,
          "y1": 18160
        },
        "processing_width": 2320,
        "processing_height": 1018,
        "processing_target_width": 2320,
        "processing_target_height": 1018,
        "processing_requires_padding": false,
        "core_bbox_pixels": {
          "x0": 12000,
          "y0": 16000,
          "x1": 14000,
          "y1": 16858
        },
        "requested_bbox_pixels": {
          "x0": 12000,
          "y0": 16000,
          "x1": 14000,
          "y1": 18000
        },
        "halo_pixels": 160,
        "polarization": "VV",
        "display_bounds_lonlat": {
          "west": -41.2626847232348,
          "south": -20.786292190501353,
          "east": -41.02354532801854,
          "north": -20.643648131797022
        },
        "cfar_detection_count": 0,
        "yolo_detection_count": 0
      }
    },
    {
      "type": "Feature",
      "geometry": {
        "type": "Polygon",
        "coordinates": [
          [
            [
              -41.22897495225544,
              -20.661477247328797
            ],
            [
              -41.24749223158027,
              -20.738018025012032
            ],
            [
              -41.43558265625208,
              -20.693454536919027
            ],
            [
              -41.41584456215375,
              -20.617213140138468
            ],
            [
              -41.22897495225544,
              -20.661477247328797
            ]
          ]
        ]
      },
      "properties": {
        "patch_id": 111,
        "tile_id": 111,
        "patch_number": 112,
        "patch_label": "P112",
        "name": "patch_0112_VV",
        "x_start": 14000,
        "y_start": 16000,
        "valid_x_end": 16000,
        "valid_y_end": 16858,
        "width": 2000,
        "height": 2000,
        "target_width": 2000,
        "target_height": 2000,
        "requires_padding": true,
        "processing_bbox_pixels": {
          "x0": 13840,
          "y0": 15840,
          "x1": 16160,
          "y1": 16858
        },
        "processing_requested_bbox_pixels": {
          "x0": 13840,
          "y0": 15840,
          "x1": 16160,
          "y1": 18160
        },
        "processing_width": 2320,
        "processing_height": 1018,
        "processing_target_width": 2320,
        "processing_target_height": 1018,
        "processing_requires_padding": false,
        "core_bbox_pixels": {
          "x0": 14000,
          "y0": 16000,
          "x1": 16000,
          "y1": 16858
        },
        "requested_bbox_pixels": {
          "x0": 14000,
          "y0": 16000,
          "x1": 16000,
          "y1": 18000
        },
        "halo_pixels": 160,
        "polarization": "VV",
        "display_bounds_lonlat": {
          "west": -41.45029937615662,
          "south": -20.741710088110043,
          "east": -41.21040046779407,
          "north": -20.599478806317542
        },
        "cfar_detection_count": 0,
        "yolo_detection_count": 0
      }
    },
    {
      "type": "Feature",
      "geometry": {
        "type": "Polygon",
        "coordinates": [
          [
            [
              -41.415936711672465,
              -20.61719127033779
            ],
            [
              -41.435674635746636,
              -20.693432702803136
            ],
            [
              -41.620553936267164,
              -20.64942780432043
            ],
            [
              -41.600912079276256,
              -20.573171829274898
            ],
            [
              -41.415936711672465,
              -20.61719127033779
            ]
          ]
        ]
      },
      "properties": {
        "patch_id": 112,
        "tile_id": 112,
        "patch_number": 113,
        "patch_label": "P113",
        "name": "patch_0113_VV",
        "x_start": 16000,
        "y_start": 16000,
        "valid_x_end": 18000,
        "valid_y_end": 16858,
        "width": 2000,
        "height": 2000,
        "target_width": 2000,
        "target_height": 2000,
        "requires_padding": true,
        "processing_bbox_pixels": {
          "x0": 15840,
          "y0": 15840,
          "x1": 18160,
          "y1": 16858
        },
        "processing_requested_bbox_pixels": {
          "x0": 15840,
          "y0": 15840,
          "x1": 18160,
          "y1": 18160
        },
        "processing_width": 2320,
        "processing_height": 1018,
        "processing_target_width": 2320,
        "processing_target_height": 1018,
        "processing_requires_padding": false,
        "core_bbox_pixels": {
          "x0": 16000,
          "y0": 16000,
          "x1": 18000,
          "y1": 16858
        },
        "requested_bbox_pixels": {
          "x0": 16000,
          "y0": 16000,
          "x1": 18000,
          "y1": 18000
        },
        "halo_pixels": 160,
        "polarization": "VV",
        "display_bounds_lonlat": {
          "west": -41.63553333932639,
          "south": -20.696926161345793,
          "east": -41.39750268104889,
          "north": -20.555348076471358
        },
        "cfar_detection_count": 0,
        "yolo_detection_count": 0
      }
    },
    {
      "type": "Feature",
      "geometry": {
        "type": "Polygon",
        "coordinates": [
          [
            [
              -41.6010058869514,
              -20.573149418385107
            ],
            [
              -41.620647557518154,
              -20.649405433232904
            ],
            [
              -41.80784319727648,
              -20.604608802493814
            ],
            [
              -41.79003222516779,
              -20.527917593994264
            ],
            [
              -41.6010058869514,
              -20.573149418385107
            ]
          ]
        ]
      },
      "properties": {
        "patch_id": 113,
        "tile_id": 113,
        "patch_number": 114,
        "patch_label": "P114",
        "name": "patch_0114_VV",
        "x_start": 18000,
        "y_start": 16000,
        "valid_x_end": 20000,
        "valid_y_end": 16858,
        "width": 2000,
        "height": 2000,
        "target_width": 2000,
        "target_height": 2000,
        "requires_padding": true,
        "processing_bbox_pixels": {
          "x0": 17840,
          "y0": 15840,
          "x1": 20160,
          "y1": 16858
        },
        "processing_requested_bbox_pixels": {
          "x0": 17840,
          "y0": 15840,
          "x1": 20160,
          "y1": 18160
        },
        "processing_width": 2320,
        "processing_height": 1018,
        "processing_target_width": 2320,
        "processing_target_height": 1018,
        "processing_requires_padding": false,
        "core_bbox_pixels": {
          "x0": 18000,
          "y0": 16000,
          "x1": 20000,
          "y1": 16858
        },
        "requested_bbox_pixels": {
          "x0": 18000,
          "y0": 16000,
          "x1": 20000,
          "y1": 18000
        },
        "halo_pixels": 160,
        "polarization": "VV",
        "display_bounds_lonlat": {
          "west": -41.822830690439055,
          "south": -20.65298382830063,
          "east": -41.58232794503608,
          "north": -20.509926179593826
        },
        "cfar_detection_count": 0,
        "yolo_detection_count": 0
      }
    },
    {
      "type": "Feature",
      "geometry": {
        "type": "Polygon",
        "coordinates": [
          [
            [
              -41.79012766186396,
              -20.527894714952154
            ],
            [
              -41.80793686915686,
              -20.604586348237923
            ],
            [
              -41.99639996299356,
              -20.559254055581945
            ],
            [
              -41.97564673212442,
              -20.483288940306473
            ],
            [
              -41.79012766186396,
              -20.527894714952154
            ]
          ]
        ]
      },
      "properties": {
        "patch_id": 114,
        "tile_id": 114,
        "patch_number": 115,
        "patch_label": "P115",
        "name": "patch_0115_VV",
        "x_start": 20000,
        "y_start": 16000,
        "valid_x_end": 22000,
        "valid_y_end": 16858,
        "width": 2000,
        "height": 2000,
        "target_width": 2000,
        "target_height": 2000,
        "requires_padding": true,
        "processing_bbox_pixels": {
          "x0": 19840,
          "y0": 15840,
          "x1": 22160,
          "y1": 16858
        },
        "processing_requested_bbox_pixels": {
          "x0": 19840,
          "y0": 15840,
          "x1": 22160,
          "y1": 18160
        },
        "processing_width": 2320,
        "processing_height": 1018,
        "processing_target_width": 2320,
        "processing_target_height": 1018,
        "processing_requires_padding": false,
        "core_bbox_pixels": {
          "x0": 20000,
          "y0": 16000,
          "x1": 22000,
          "y1": 16858
        },
        "requested_bbox_pixels": {
          "x0": 20000,
          "y0": 16000,
          "x1": 22000,
          "y1": 18000
        },
        "halo_pixels": 160,
        "polarization": "VV",
        "display_bounds_lonlat": {
          "west": -42.01128805018323,
          "south": -20.608179029180597,
          "east": -41.771480137335416,
          "north": -20.46556379570851
        },
        "cfar_detection_count": 0,
        "yolo_detection_count": 0
      }
    },
    {
      "type": "Feature",
      "geometry": {
        "type": "Polygon",
        "coordinates": [
          [
            [
              -41.975738744836576,
              -20.483266750336313
            ],
            [
              -41.99649301358939,
              -20.55923160552458
            ],
            [
              -42.1810709426628,
              -20.514626290706858
            ],
            [
              -42.15917089153627,
              -20.4389545988103
            ],
            [
              -41.975738744836576,
              -20.483266750336313
            ]
          ]
        ]
      },
      "properties": {
        "patch_id": 115,
        "tile_id": 115,
        "patch_number": 116,
        "patch_label": "P116",
        "name": "patch_0116_VV",
        "x_start": 22000,
        "y_start": 16000,
        "valid_x_end": 24000,
        "valid_y_end": 16858,
        "width": 2000,
        "height": 2000,
        "target_width": 2000,
        "target_height": 2000,
        "requires_padding": true,
        "processing_bbox_pixels": {
          "x0": 21840,
          "y0": 15840,
          "x1": 24160,
          "y1": 16858
        },
        "processing_requested_bbox_pixels": {
          "x0": 21840,
          "y0": 15840,
          "x1": 24160,
          "y1": 18160
        },
        "processing_width": 2320,
        "processing_height": 1018,
        "processing_target_width": 2320,
        "processing_target_height": 1018,
        "processing_requires_padding": false,
        "core_bbox_pixels": {
          "x0": 22000,
          "y0": 16000,
          "x1": 24000,
          "y1": 16858
        },
        "requested_bbox_pixels": {
          "x0": 22000,
          "y0": 16000,
          "x1": 24000,
          "y1": 18000
        },
        "halo_pixels": 160,
        "polarization": "VV",
        "display_bounds_lonlat": {
          "west": -42.19574707311213,
          "south": -20.562823614702534,
          "east": -41.95717294881699,
          "north": -20.42128249463678
        },
        "cfar_detection_count": 0,
        "yolo_detection_count": 0
      }
    },
    {
      "type": "Feature",
      "geometry": {
        "type": "Polygon",
        "coordinates": [
          [
            [
              -42.15926245214246,
              -20.438932449964625
            ],
            [
              -42.18116270335775,
              -20.514604086275263
            ],
            [
              -42.31207824834236,
              -20.482839395850114
            ],
            [
              -42.29066362377559,
              -20.40705821372754
            ],
            [
              -42.15926245214246,
              -20.438932449964625
            ]
          ]
        ]
      },
      "properties": {
        "patch_id": 116,
        "tile_id": 116,
        "patch_number": 117,
        "patch_label": "P117",
        "name": "patch_0117_VV",
        "x_start": 24000,
        "y_start": 16000,
        "valid_x_end": 25433,
        "valid_y_end": 16858,
        "width": 2000,
        "height": 2000,
        "target_width": 2000,
        "target_height": 2000,
        "requires_padding": true,
        "processing_bbox_pixels": {
          "x0": 23840,
          "y0": 15840,
          "x1": 25433,
          "y1": 16858
        },
        "processing_requested_bbox_pixels": {
          "x0": 23840,
          "y0": 15840,
          "x1": 26160,
          "y1": 18160
        },
        "processing_width": 1593,
        "processing_height": 1018,
        "processing_target_width": 1593,
        "processing_target_height": 1018,
        "processing_requires_padding": false,
        "core_bbox_pixels": {
          "x0": 24000,
          "y0": 16000,
          "x1": 25433,
          "y1": 16858
        },
        "requested_bbox_pixels": {
          "x0": 24000,
          "y0": 16000,
          "x1": 26000,
          "y1": 18000
        },
        "halo_pixels": 160,
        "polarization": "VV",
        "display_bounds_lonlat": {
          "west": -42.31207824834236,
          "south": -20.518156795330658,
          "east": -42.14052999274725,
          "north": -20.392910035034877
        },
        "cfar_detection_count": 0,
        "yolo_detection_count": 0
      }
    }
  ]
}