{
  "type": "FeatureCollection",
  "features": [
    {
      "type": "Feature",
      "geometry": {
        "type": "Polygon",
        "coordinates": [
          [
            [
              -45.88003812314973,
              -25.072558994517212
            ],
            [
              -45.87637715734517,
              -25.072558994517212
            ],
            [
              -45.87637715734517,
              -25.07076602806064
            ],
            [
              -45.88003812314973,
              -25.07076602806064
            ],
            [
              -45.88003812314973,
              -25.072558994517212
            ]
          ]
        ]
      },
      "properties": {
        "id": 1,
        "target_id": "T0001",
        "source": "cfar_yolo",
        "detection_method": "cfar+yolo",
        "methods": [
          "cfar",
          "yolo"
        ],
        "fusion_status": "matched",
        "fusion_rule": "geometry_overlap",
        "cfar_id": 27,
        "cfar_ids": [
          27,
          26,
          28
        ],
        "cfar_fragment_count": 3,
        "yolo_id": 1,
        "cfar_patch_id": 29,
        "cfar_patch_ids": [
          29,
          29,
          29
        ],
        "yolo_patch_id": 29,
        "patch_id": 29,
        "patch_label": "P030",
        "yolo_confidence": 0.9096989631652832,
        "match_distance_m": 14.209,
        "match_distances_m": [
          14.209,
          128.632,
          146.084
        ],
        "nearest_match_distance_m": 14.209,
        "max_match_distance_m": 146.084,
        "geometries_overlap": true,
        "overlap_by_cfar": [
          true,
          true,
          true
        ],
        "display_geometry_source": "yolo",
        "cfar_properties": {
          "lat": -25.071562489315752,
          "lon": -45.87823120832094,
          "area_px": 7,
          "min_sigma0_dB": -2.440000057220459,
          "mean_sigma0_dB": -1.159999966621399,
          "max_sigma0_dB": 2.380000114440918,
          "threshold_cfar_dB": -3.77,
          "pixel_coords": {
            "row": 798,
            "col": 1650,
            "row_resampled": 266,
            "col_resampled": 550
          },
          "bbox_pixel_coords": {
            "row_min": 795,
            "row_max": 801,
            "col_min": 1644,
            "col_max": 1653
          },
          "global_pixel_coords": {
            "row": 4638,
            "col": 7490
          },
          "source_product": "S1D_IW_GRDH_1SDV_20260802T083050_20260802T083115_003944_007255_E28D",
          "source_arquivo_id": null,
          "patch_id": 29,
          "patch_name": "patch_0030_VV",
          "geotiff_name": "patch_0030_VV_sigma0_preproc.tif",
          "polarization": "VV",
          "input_scale": "linear",
          "georef_method": "snap_geolocation_grid",
          "geocoding_method": "geolocation_grid",
          "geolocation_grid_status": null,
          "snap_geolocation_grid_used": null,
          "raster_crs": "EPSG:4326",
          "raster_transform": [
            0.00011260467649425172,
            0.0,
            -47.24896674093974,
            0.0,
            -0.00012306709066932562,
            -24.721895396826923,
            0.0,
            0.0,
            1.0
          ],
          "core_bbox_pixels": {
            "x0": 6000,
            "y0": 4000,
            "x1": 8000,
            "y1": 6000
          },
          "processing_bbox_pixels": {
            "x0": 5840,
            "y0": 3840,
            "x1": 8160,
            "y1": 6160
          },
          "core_bounds_lonlat": {
            "west": -45.960416810720936,
            "south": -25.225828629849584,
            "east": -45.71960713602838,
            "north": -25.00346738051703
          },
          "processing_bounds_lonlat": {
            "west": -45.979715793442054,
            "south": -25.2436181906643,
            "east": -45.70034993997174,
            "north": -24.98566302359923
          },
          "halo_pixels": 160,
          "valid_bbox_fraction": 1.0,
          "artifact_aspect_ratio": 1.3333,
          "land_mask_info": {
            "enabled": true,
            "applied": true,
            "status": "ok",
            "stage": "cfar_water_mask",
            "resampled_shape": [
              773,
              773
            ],
            "sample_shape": [
              128,
              128
            ],
            "sample_max_dim": 128,
            "available": true,
            "method": "natural_earth_land_point_mask",
            "bounds_lonlat": {
              "west": -45.960416810720936,
              "south": -25.225828629849584,
              "east": -45.71960713602838,
              "north": -25.00346738051703
            },
            "mask_path": "/content/sismom_colab_work_v2/sources/api/copernicus_meta_1-main/copernicus-platform/frontend/public/shapes/ne_10m_land/ne_10m_land.shp",
            "land_buffer_degrees": 0.0,
            "valid_geolocation_points": 16384,
            "land_points": 0,
            "water_points": 16384,
            "land_fraction": 0.0,
            "water_fraction": 1.0,
            "valid_pixels_before_land_mask": 597529,
            "valid_pixels_after_land_mask": 597529,
            "pixels_masked_by_land": 0,
            "valid_water_fraction": 1.0,
            "land_skip_threshold": 0.99,
            "min_water_fraction": 0.01,
            "skip_land_tiles": true,
            "skipped": false,
            "reason": "water_candidate",
            "message": "CFAR restrito aos pixels de água."
          },
          "land_fraction": 0.0,
          "water_fraction": 1.0,
          "valid_water_fraction": 1.0,
          "land_mask_method": "natural_earth_land_point_mask",
          "wave_age": null,
          "wave_age_class": null,
          "wave_age_factor": 1.35,
          "wave_age_status": "fallback",
          "era5_time": null,
          "era5_lon": null,
          "era5_lat": null,
          "u10": null,
          "peak_wave_period": null,
          "friction_velocity": null,
          "phase_speed": null,
          "patch_label": "P030",
          "id": 27,
          "source": "cfar",
          "detection_method": "cfar"
        },
        "cfar_properties_list": [
          {
            "lat": -25.071562489315752,
            "lon": -45.87823120832094,
            "area_px": 7,
            "min_sigma0_dB": -2.440000057220459,
            "mean_sigma0_dB": -1.159999966621399,
            "max_sigma0_dB": 2.380000114440918,
            "threshold_cfar_dB": -3.77,
            "pixel_coords": {
              "row": 798,
              "col": 1650,
              "row_resampled": 266,
              "col_resampled": 550
            },
            "bbox_pixel_coords": {
              "row_min": 795,
              "row_max": 801,
              "col_min": 1644,
              "col_max": 1653
            },
            "global_pixel_coords": {
              "row": 4638,
              "col": 7490
            },
            "source_product": "S1D_IW_GRDH_1SDV_20260802T083050_20260802T083115_003944_007255_E28D",
            "source_arquivo_id": null,
            "patch_id": 29,
            "patch_name": "patch_0030_VV",
            "geotiff_name": "patch_0030_VV_sigma0_preproc.tif",
            "polarization": "VV",
            "input_scale": "linear",
            "georef_method": "snap_geolocation_grid",
            "geocoding_method": "geolocation_grid",
            "geolocation_grid_status": null,
            "snap_geolocation_grid_used": null,
            "raster_crs": "EPSG:4326",
            "raster_transform": [
              0.00011260467649425172,
              0.0,
              -47.24896674093974,
              0.0,
              -0.00012306709066932562,
              -24.721895396826923,
              0.0,
              0.0,
              1.0
            ],
            "core_bbox_pixels": {
              "x0": 6000,
              "y0": 4000,
              "x1": 8000,
              "y1": 6000
            },
            "processing_bbox_pixels": {
              "x0": 5840,
              "y0": 3840,
              "x1": 8160,
              "y1": 6160
            },
            "core_bounds_lonlat": {
              "west": -45.960416810720936,
              "south": -25.225828629849584,
              "east": -45.71960713602838,
              "north": -25.00346738051703
            },
            "processing_bounds_lonlat": {
              "west": -45.979715793442054,
              "south": -25.2436181906643,
              "east": -45.70034993997174,
              "north": -24.98566302359923
            },
            "halo_pixels": 160,
            "valid_bbox_fraction": 1.0,
            "artifact_aspect_ratio": 1.3333,
            "land_mask_info": {
              "enabled": true,
              "applied": true,
              "status": "ok",
              "stage": "cfar_water_mask",
              "resampled_shape": [
                773,
                773
              ],
              "sample_shape": [
                128,
                128
              ],
              "sample_max_dim": 128,
              "available": true,
              "method": "natural_earth_land_point_mask",
              "bounds_lonlat": {
                "west": -45.960416810720936,
                "south": -25.225828629849584,
                "east": -45.71960713602838,
                "north": -25.00346738051703
              },
              "mask_path": "/content/sismom_colab_work_v2/sources/api/copernicus_meta_1-main/copernicus-platform/frontend/public/shapes/ne_10m_land/ne_10m_land.shp",
              "land_buffer_degrees": 0.0,
              "valid_geolocation_points": 16384,
              "land_points": 0,
              "water_points": 16384,
              "land_fraction": 0.0,
              "water_fraction": 1.0,
              "valid_pixels_before_land_mask": 597529,
              "valid_pixels_after_land_mask": 597529,
              "pixels_masked_by_land": 0,
              "valid_water_fraction": 1.0,
              "land_skip_threshold": 0.99,
              "min_water_fraction": 0.01,
              "skip_land_tiles": true,
              "skipped": false,
              "reason": "water_candidate",
              "message": "CFAR restrito aos pixels de água."
            },
            "land_fraction": 0.0,
            "water_fraction": 1.0,
            "valid_water_fraction": 1.0,
            "land_mask_method": "natural_earth_land_point_mask",
            "wave_age": null,
            "wave_age_class": null,
            "wave_age_factor": 1.35,
            "wave_age_status": "fallback",
            "era5_time": null,
            "era5_lon": null,
            "era5_lat": null,
            "u10": null,
            "peak_wave_period": null,
            "friction_velocity": null,
            "phase_speed": null,
            "patch_label": "P030",
            "id": 27,
            "source": "cfar",
            "detection_method": "cfar"
          },
          {
            "lat": -25.07082796977243,
            "lon": -45.87894886494888,
            "area_px": 5,
            "min_sigma0_dB": -1.7300000190734863,
            "mean_sigma0_dB": 3.759999990463257,
            "max_sigma0_dB": 14.529999732971191,
            "threshold_cfar_dB": -2.99,
            "pixel_coords": {
              "row": 792,
              "col": 1659,
              "row_resampled": 264,
              "col_resampled": 553
            },
            "bbox_pixel_coords": {
              "row_min": 789,
              "row_max": 792,
              "col_min": 1656,
              "col_max": 1662
            },
            "global_pixel_coords": {
              "row": 4632,
              "col": 7499
            },
            "source_product": "S1D_IW_GRDH_1SDV_20260802T083050_20260802T083115_003944_007255_E28D",
            "source_arquivo_id": null,
            "patch_id": 29,
            "patch_name": "patch_0030_VV",
            "geotiff_name": "patch_0030_VV_sigma0_preproc.tif",
            "polarization": "VV",
            "input_scale": "linear",
            "georef_method": "snap_geolocation_grid",
            "geocoding_method": "geolocation_grid",
            "geolocation_grid_status": null,
            "snap_geolocation_grid_used": null,
            "raster_crs": "EPSG:4326",
            "raster_transform": [
              0.00011260467649425172,
              0.0,
              -47.24896674093974,
              0.0,
              -0.00012306709066932562,
              -24.721895396826923,
              0.0,
              0.0,
              1.0
            ],
            "core_bbox_pixels": {
              "x0": 6000,
              "y0": 4000,
              "x1": 8000,
              "y1": 6000
            },
            "processing_bbox_pixels": {
              "x0": 5840,
              "y0": 3840,
              "x1": 8160,
              "y1": 6160
            },
            "core_bounds_lonlat": {
              "west": -45.960416810720936,
              "south": -25.225828629849584,
              "east": -45.71960713602838,
              "north": -25.00346738051703
            },
            "processing_bounds_lonlat": {
              "west": -45.979715793442054,
              "south": -25.2436181906643,
              "east": -45.70034993997174,
              "north": -24.98566302359923
            },
            "halo_pixels": 160,
            "valid_bbox_fraction": 1.0,
            "artifact_aspect_ratio": 1.5,
            "land_mask_info": {
              "enabled": true,
              "applied": true,
              "status": "ok",
              "stage": "cfar_water_mask",
              "resampled_shape": [
                773,
                773
              ],
              "sample_shape": [
                128,
                128
              ],
              "sample_max_dim": 128,
              "available": true,
              "method": "natural_earth_land_point_mask",
              "bounds_lonlat": {
                "west": -45.960416810720936,
                "south": -25.225828629849584,
                "east": -45.71960713602838,
                "north": -25.00346738051703
              },
              "mask_path": "/content/sismom_colab_work_v2/sources/api/copernicus_meta_1-main/copernicus-platform/frontend/public/shapes/ne_10m_land/ne_10m_land.shp",
              "land_buffer_degrees": 0.0,
              "valid_geolocation_points": 16384,
              "land_points": 0,
              "water_points": 16384,
              "land_fraction": 0.0,
              "water_fraction": 1.0,
              "valid_pixels_before_land_mask": 597529,
              "valid_pixels_after_land_mask": 597529,
              "pixels_masked_by_land": 0,
              "valid_water_fraction": 1.0,
              "land_skip_threshold": 0.99,
              "min_water_fraction": 0.01,
              "skip_land_tiles": true,
              "skipped": false,
              "reason": "water_candidate",
              "message": "CFAR restrito aos pixels de água."
            },
            "land_fraction": 0.0,
            "water_fraction": 1.0,
            "valid_water_fraction": 1.0,
            "land_mask_method": "natural_earth_land_point_mask",
            "wave_age": null,
            "wave_age_class": null,
            "wave_age_factor": 1.35,
            "wave_age_status": "fallback",
            "era5_time": null,
            "era5_lon": null,
            "era5_lat": null,
            "u10": null,
            "peak_wave_period": null,
            "friction_velocity": null,
            "phase_speed": null,
            "patch_label": "P030",
            "id": 26,
            "source": "cfar",
            "detection_method": "cfar"
          },
          {
            "lat": -25.07236419435182,
            "lon": -45.877225459643604,
            "area_px": 10,
            "min_sigma0_dB": -2.4800000190734863,
            "mean_sigma0_dB": 4.570000171661377,
            "max_sigma0_dB": 13.899999618530273,
            "threshold_cfar_dB": -2.67,
            "pixel_coords": {
              "row": 804,
              "col": 1638,
              "row_resampled": 268,
              "col_resampled": 546
            },
            "bbox_pixel_coords": {
              "row_min": 801,
              "row_max": 810,
              "col_min": 1632,
              "col_max": 1641
            },
            "global_pixel_coords": {
              "row": 4644,
              "col": 7478
            },
            "source_product": "S1D_IW_GRDH_1SDV_20260802T083050_20260802T083115_003944_007255_E28D",
            "source_arquivo_id": null,
            "patch_id": 29,
            "patch_name": "patch_0030_VV",
            "geotiff_name": "patch_0030_VV_sigma0_preproc.tif",
            "polarization": "VV",
            "input_scale": "linear",
            "georef_method": "snap_geolocation_grid",
            "geocoding_method": "geolocation_grid",
            "geolocation_grid_status": null,
            "snap_geolocation_grid_used": null,
            "raster_crs": "EPSG:4326",
            "raster_transform": [
              0.00011260467649425172,
              0.0,
              -47.24896674093974,
              0.0,
              -0.00012306709066932562,
              -24.721895396826923,
              0.0,
              0.0,
              1.0
            ],
            "core_bbox_pixels": {
              "x0": 6000,
              "y0": 4000,
              "x1": 8000,
              "y1": 6000
            },
            "processing_bbox_pixels": {
              "x0": 5840,
              "y0": 3840,
              "x1": 8160,
              "y1": 6160
            },
            "core_bounds_lonlat": {
              "west": -45.960416810720936,
              "south": -25.225828629849584,
              "east": -45.71960713602838,
              "north": -25.00346738051703
            },
            "processing_bounds_lonlat": {
              "west": -45.979715793442054,
              "south": -25.2436181906643,
              "east": -45.70034993997174,
              "north": -24.98566302359923
            },
            "halo_pixels": 160,
            "valid_bbox_fraction": 1.0,
            "artifact_aspect_ratio": 1.0,
            "land_mask_info": {
              "enabled": true,
              "applied": true,
              "status": "ok",
              "stage": "cfar_water_mask",
              "resampled_shape": [
                773,
                773
              ],
              "sample_shape": [
                128,
                128
              ],
              "sample_max_dim": 128,
              "available": true,
              "method": "natural_earth_land_point_mask",
              "bounds_lonlat": {
                "west": -45.960416810720936,
                "south": -25.225828629849584,
                "east": -45.71960713602838,
                "north": -25.00346738051703
              },
              "mask_path": "/content/sismom_colab_work_v2/sources/api/copernicus_meta_1-main/copernicus-platform/frontend/public/shapes/ne_10m_land/ne_10m_land.shp",
              "land_buffer_degrees": 0.0,
              "valid_geolocation_points": 16384,
              "land_points": 0,
              "water_points": 16384,
              "land_fraction": 0.0,
              "water_fraction": 1.0,
              "valid_pixels_before_land_mask": 597529,
              "valid_pixels_after_land_mask": 597529,
              "pixels_masked_by_land": 0,
              "valid_water_fraction": 1.0,
              "land_skip_threshold": 0.99,
              "min_water_fraction": 0.01,
              "skip_land_tiles": true,
              "skipped": false,
              "reason": "water_candidate",
              "message": "CFAR restrito aos pixels de água."
            },
            "land_fraction": 0.0,
            "water_fraction": 1.0,
            "valid_water_fraction": 1.0,
            "land_mask_method": "natural_earth_land_point_mask",
            "wave_age": null,
            "wave_age_class": null,
            "wave_age_factor": 1.35,
            "wave_age_status": "fallback",
            "era5_time": null,
            "era5_lon": null,
            "era5_lat": null,
            "u10": null,
            "peak_wave_period": null,
            "friction_velocity": null,
            "phase_speed": null,
            "patch_label": "P030",
            "id": 28,
            "source": "cfar",
            "detection_method": "cfar"
          }
        ],
        "yolo_properties": {
          "detection_method": "yolo8",
          "confidence": 0.9096989631652832,
          "class": "ship-1",
          "bbox_pixel": [
            7474.497398376465,
            4625.569396972656,
            7505.701889038086,
            4653.295013427734
          ],
          "bbox_geo": [
            -45.88003812314973,
            -25.072558994517212,
            -45.87637715734517,
            -25.07076602806064
          ],
          "model": "SAR-MULTI-1280p",
          "class_id": 0,
          "class_name": "ship-1",
          "tile_id": 220,
          "land_mask_checked": true,
          "center_is_water": true,
          "bbox_water_fraction": 1.0,
          "land_mask_method": "natural_earth_land_point_mask",
          "id": 1,
          "source": "yolo",
          "centroid_lon": -45.87825564053466,
          "centroid_lat": -25.07165131770551,
          "score": 0.9096989631652832,
          "patch_id": 29,
          "patch_label": "P030"
        }
      }
    },
    {
      "type": "Feature",
      "geometry": {
        "type": "Polygon",
        "coordinates": [
          [
            [
              -45.93253666318448,
              -24.98794987126824
            ],
            [
              -45.9297161242812,
              -24.98794987126824
            ],
            [
              -45.9297161242812,
              -24.98586830934466
            ],
            [
              -45.93253666318448,
              -24.98586830934466
            ],
            [
              -45.93253666318448,
              -24.98794987126824
            ]
          ]
        ]
      },
      "properties": {
        "id": 2,
        "target_id": "T0002",
        "source": "cfar_yolo",
        "detection_method": "cfar+yolo",
        "methods": [
          "cfar",
          "yolo"
        ],
        "fusion_status": "matched",
        "fusion_rule": "geometry_overlap",
        "cfar_id": 21,
        "cfar_ids": [
          21
        ],
        "cfar_fragment_count": 1,
        "yolo_id": 2,
        "cfar_patch_id": 17,
        "cfar_patch_ids": [
          17
        ],
        "yolo_patch_id": 17,
        "patch_id": 17,
        "patch_label": "P018",
        "yolo_confidence": 0.8894287347793579,
        "match_distance_m": 40.576,
        "match_distances_m": [
          40.576
        ],
        "nearest_match_distance_m": 40.576,
        "max_match_distance_m": 40.576,
        "geometries_overlap": true,
        "overlap_by_cfar": [
          true
        ],
        "display_geometry_source": "yolo",
        "cfar_properties": {
          "lat": -24.986420608782915,
          "lon": -45.93099173575032,
          "area_px": 29,
          "min_sigma0_dB": -7.78000020980835,
          "mean_sigma0_dB": -1.4700000286102295,
          "max_sigma0_dB": 11.140000343322754,
          "threshold_cfar_dB": -7.47,
          "pixel_coords": {
            "row": 2028,
            "col": 396,
            "row_resampled": 676,
            "col_resampled": 132
          },
          "bbox_pixel_coords": {
            "row_min": 2016,
            "row_max": 2043,
            "col_min": 387,
            "col_max": 405
          },
          "global_pixel_coords": {
            "row": 3868,
            "col": 8236
          },
          "source_product": "S1D_IW_GRDH_1SDV_20260802T083050_20260802T083115_003944_007255_E28D",
          "source_arquivo_id": null,
          "patch_id": 17,
          "patch_name": "patch_0018_VV",
          "geotiff_name": "patch_0018_VV_sigma0_preproc.tif",
          "polarization": "VV",
          "input_scale": "linear",
          "georef_method": "snap_geolocation_grid",
          "geocoding_method": "geolocation_grid",
          "geolocation_grid_status": null,
          "snap_geolocation_grid_used": null,
          "raster_crs": "EPSG:4326",
          "raster_transform": [
            0.00011260467649425172,
            0.0,
            -47.02375738795124,
            0.0,
            -0.00012306709066932562,
            -24.475761215488273,
            0.0,
            0.0,
            1.0
          ],
          "core_bbox_pixels": {
            "x0": 8000,
            "y0": 2000,
            "x1": 10000,
            "y1": 4000
          },
          "processing_bbox_pixels": {
            "x0": 7840,
            "y0": 1840,
            "x1": 10160,
            "y1": 4160
          },
          "core_bounds_lonlat": {
            "west": -46.10330152472956,
            "south": -25.00335610048179,
            "east": -45.86276834440027,
            "north": -24.780871516903545
          },
          "processing_bounds_lonlat": {
            "west": -46.12258228538218,
            "south": -25.021161354841233,
            "east": -45.84353834785804,
            "north": -24.76306356576276
          },
          "halo_pixels": 160,
          "valid_bbox_fraction": 1.0,
          "artifact_aspect_ratio": 1.4286,
          "land_mask_info": {
            "enabled": true,
            "applied": true,
            "status": "ok",
            "stage": "cfar_water_mask",
            "resampled_shape": [
              773,
              773
            ],
            "sample_shape": [
              128,
              128
            ],
            "sample_max_dim": 128,
            "available": true,
            "method": "natural_earth_land_point_mask",
            "bounds_lonlat": {
              "west": -46.10330152472956,
              "south": -25.00335610048179,
              "east": -45.86276834440027,
              "north": -24.780871516903545
            },
            "mask_path": "/content/sismom_colab_work_v2/sources/api/copernicus_meta_1-main/copernicus-platform/frontend/public/shapes/ne_10m_land/ne_10m_land.shp",
            "land_buffer_degrees": 0.0,
            "valid_geolocation_points": 16384,
            "land_points": 0,
            "water_points": 16384,
            "land_fraction": 0.0,
            "water_fraction": 1.0,
            "valid_pixels_before_land_mask": 597529,
            "valid_pixels_after_land_mask": 597529,
            "pixels_masked_by_land": 0,
            "valid_water_fraction": 1.0,
            "land_skip_threshold": 0.99,
            "min_water_fraction": 0.01,
            "skip_land_tiles": true,
            "skipped": false,
            "reason": "water_candidate",
            "message": "CFAR restrito aos pixels de água."
          },
          "land_fraction": 0.0,
          "water_fraction": 1.0,
          "valid_water_fraction": 1.0,
          "land_mask_method": "natural_earth_land_point_mask",
          "wave_age": null,
          "wave_age_class": null,
          "wave_age_factor": 1.35,
          "wave_age_status": "fallback",
          "era5_time": null,
          "era5_lon": null,
          "era5_lat": null,
          "u10": null,
          "peak_wave_period": null,
          "friction_velocity": null,
          "phase_speed": null,
          "patch_label": "P018",
          "id": 21,
          "source": "cfar",
          "detection_method": "cfar"
        },
        "cfar_properties_list": [
          {
            "lat": -24.986420608782915,
            "lon": -45.93099173575032,
            "area_px": 29,
            "min_sigma0_dB": -7.78000020980835,
            "mean_sigma0_dB": -1.4700000286102295,
            "max_sigma0_dB": 11.140000343322754,
            "threshold_cfar_dB": -7.47,
            "pixel_coords": {
              "row": 2028,
              "col": 396,
              "row_resampled": 676,
              "col_resampled": 132
            },
            "bbox_pixel_coords": {
              "row_min": 2016,
              "row_max": 2043,
              "col_min": 387,
              "col_max": 405
            },
            "global_pixel_coords": {
              "row": 3868,
              "col": 8236
            },
            "source_product": "S1D_IW_GRDH_1SDV_20260802T083050_20260802T083115_003944_007255_E28D",
            "source_arquivo_id": null,
            "patch_id": 17,
            "patch_name": "patch_0018_VV",
            "geotiff_name": "patch_0018_VV_sigma0_preproc.tif",
            "polarization": "VV",
            "input_scale": "linear",
            "georef_method": "snap_geolocation_grid",
            "geocoding_method": "geolocation_grid",
            "geolocation_grid_status": null,
            "snap_geolocation_grid_used": null,
            "raster_crs": "EPSG:4326",
            "raster_transform": [
              0.00011260467649425172,
              0.0,
              -47.02375738795124,
              0.0,
              -0.00012306709066932562,
              -24.475761215488273,
              0.0,
              0.0,
              1.0
            ],
            "core_bbox_pixels": {
              "x0": 8000,
              "y0": 2000,
              "x1": 10000,
              "y1": 4000
            },
            "processing_bbox_pixels": {
              "x0": 7840,
              "y0": 1840,
              "x1": 10160,
              "y1": 4160
            },
            "core_bounds_lonlat": {
              "west": -46.10330152472956,
              "south": -25.00335610048179,
              "east": -45.86276834440027,
              "north": -24.780871516903545
            },
            "processing_bounds_lonlat": {
              "west": -46.12258228538218,
              "south": -25.021161354841233,
              "east": -45.84353834785804,
              "north": -24.76306356576276
            },
            "halo_pixels": 160,
            "valid_bbox_fraction": 1.0,
            "artifact_aspect_ratio": 1.4286,
            "land_mask_info": {
              "enabled": true,
              "applied": true,
              "status": "ok",
              "stage": "cfar_water_mask",
              "resampled_shape": [
                773,
                773
              ],
              "sample_shape": [
                128,
                128
              ],
              "sample_max_dim": 128,
              "available": true,
              "method": "natural_earth_land_point_mask",
              "bounds_lonlat": {
                "west": -46.10330152472956,
                "south": -25.00335610048179,
                "east": -45.86276834440027,
                "north": -24.780871516903545
              },
              "mask_path": "/content/sismom_colab_work_v2/sources/api/copernicus_meta_1-main/copernicus-platform/frontend/public/shapes/ne_10m_land/ne_10m_land.shp",
              "land_buffer_degrees": 0.0,
              "valid_geolocation_points": 16384,
              "land_points": 0,
              "water_points": 16384,
              "land_fraction": 0.0,
              "water_fraction": 1.0,
              "valid_pixels_before_land_mask": 597529,
              "valid_pixels_after_land_mask": 597529,
              "pixels_masked_by_land": 0,
              "valid_water_fraction": 1.0,
              "land_skip_threshold": 0.99,
              "min_water_fraction": 0.01,
              "skip_land_tiles": true,
              "skipped": false,
              "reason": "water_candidate",
              "message": "CFAR restrito aos pixels de água."
            },
            "land_fraction": 0.0,
            "water_fraction": 1.0,
            "valid_water_fraction": 1.0,
            "land_mask_method": "natural_earth_land_point_mask",
            "wave_age": null,
            "wave_age_class": null,
            "wave_age_factor": 1.35,
            "wave_age_status": "fallback",
            "era5_time": null,
            "era5_lon": null,
            "era5_lat": null,
            "u10": null,
            "peak_wave_period": null,
            "friction_velocity": null,
            "phase_speed": null,
            "patch_label": "P018",
            "id": 21,
            "source": "cfar",
            "detection_method": "cfar"
          }
        ],
        "yolo_properties": {
          "detection_method": "yolo8",
          "confidence": 0.8894287347793579,
          "class": "ship-1",
          "bbox_pixel": [
            8225.994232177734,
            3859.1900177001953,
            8247.504669189453,
            3888.5586700439453
          ],
          "bbox_geo": [
            -45.93253666318448,
            -24.98794987126824,
            -45.9297161242812,
            -24.98586830934466
          ],
          "model": "SAR-MULTI-1280p",
          "class_id": 0,
          "class_name": "ship-1",
          "tile_id": 186,
          "land_mask_checked": true,
          "center_is_water": true,
          "bbox_water_fraction": 1.0,
          "land_mask_method": "natural_earth_land_point_mask",
          "id": 2,
          "source": "yolo",
          "centroid_lon": -45.93111414242931,
          "centroid_lat": -24.986864685452787,
          "score": 0.8894287347793579,
          "patch_id": 17,
          "patch_label": "P018"
        }
      }
    },
    {
      "type": "Feature",
      "geometry": {
        "type": "Polygon",
        "coordinates": [
          [
            [
              -46.159309974292945,
              -24.84131755339779
            ],
            [
              -46.157217156828615,
              -24.84131755339779
            ],
            [
              -46.157217156828615,
              -24.840392618676375
            ],
            [
              -46.159309974292945,
              -24.840392618676375
            ],
            [
              -46.159309974292945,
              -24.84131755339779
            ]
          ]
        ]
      },
      "properties": {
        "id": 3,
        "target_id": "T0003",
        "source": "cfar_yolo",
        "detection_method": "cfar+yolo",
        "methods": [
          "cfar",
          "yolo"
        ],
        "fusion_status": "matched",
        "fusion_rule": "geometry_overlap",
        "cfar_id": 22,
        "cfar_ids": [
          22
        ],
        "cfar_fragment_count": 1,
        "yolo_id": 3,
        "cfar_patch_id": 18,
        "cfar_patch_ids": [
          18
        ],
        "yolo_patch_id": 18,
        "patch_id": 18,
        "patch_label": "P019",
        "yolo_confidence": 0.8858161568641663,
        "match_distance_m": 20.867,
        "match_distances_m": [
          20.867
        ],
        "nearest_match_distance_m": 20.867,
        "max_match_distance_m": 20.867,
        "geometries_overlap": true,
        "overlap_by_cfar": [
          true
        ],
        "display_geometry_source": "yolo",
        "cfar_properties": {
          "lat": -24.840589553453643,
          "lon": -46.157985961973885,
          "area_px": 11,
          "min_sigma0_dB": -4.630000114440918,
          "mean_sigma0_dB": 3.140000104904175,
          "max_sigma0_dB": 13.239999771118164,
          "threshold_cfar_dB": -4.78,
          "pixel_coords": {
            "row": 1050,
            "col": 1014,
            "row_resampled": 350,
            "col_resampled": 338
          },
          "bbox_pixel_coords": {
            "row_min": 1047,
            "row_max": 1056,
            "col_min": 1008,
            "col_max": 1023
          },
          "global_pixel_coords": {
            "row": 2890,
            "col": 10854
          },
          "source_product": "S1D_IW_GRDH_1SDV_20260802T083050_20260802T083115_003944_007255_E28D",
          "source_arquivo_id": null,
          "patch_id": 18,
          "patch_name": "patch_0019_VV",
          "geotiff_name": "patch_0019_VV_sigma0_preproc.tif",
          "polarization": "VV",
          "input_scale": "linear",
          "georef_method": "snap_geolocation_grid",
          "geocoding_method": "geolocation_grid",
          "geolocation_grid_status": null,
          "snap_geolocation_grid_used": null,
          "raster_crs": "EPSG:4326",
          "raster_transform": [
            0.00011260467649425172,
            0.0,
            -46.798548034962735,
            0.0,
            -0.00012306709066932562,
            -24.475761215488273,
            0.0,
            0.0,
            1.0
          ],
          "core_bbox_pixels": {
            "x0": 10000,
            "y0": 2000,
            "x1": 12000,
            "y1": 4000
          },
          "processing_bbox_pixels": {
            "x0": 9840,
            "y0": 1840,
            "x1": 12160,
            "y1": 4160
          },
          "core_bounds_lonlat": {
            "west": -46.29498955465641,
            "south": -24.95834668608456,
            "east": -46.05434964048963,
            "north": -24.735674889650795
          },
          "processing_bounds_lonlat": {
            "west": -46.31427653222845,
            "south": -24.97615912639614,
            "east": -46.03510572264038,
            "north": -24.71784819274
          },
          "halo_pixels": 160,
          "valid_bbox_fraction": 1.0,
          "artifact_aspect_ratio": 1.5,
          "land_mask_info": {
            "enabled": true,
            "applied": true,
            "status": "ok",
            "stage": "cfar_water_mask",
            "resampled_shape": [
              773,
              773
            ],
            "sample_shape": [
              128,
              128
            ],
            "sample_max_dim": 128,
            "available": true,
            "method": "natural_earth_land_point_mask",
            "bounds_lonlat": {
              "west": -46.29498955465641,
              "south": -24.95834668608456,
              "east": -46.05434964048963,
              "north": -24.735674889650795
            },
            "mask_path": "/content/sismom_colab_work_v2/sources/api/copernicus_meta_1-main/copernicus-platform/frontend/public/shapes/ne_10m_land/ne_10m_land.shp",
            "land_buffer_degrees": 0.0,
            "valid_geolocation_points": 16384,
            "land_points": 0,
            "water_points": 16384,
            "land_fraction": 0.0,
            "water_fraction": 1.0,
            "valid_pixels_before_land_mask": 597529,
            "valid_pixels_after_land_mask": 597529,
            "pixels_masked_by_land": 0,
            "valid_water_fraction": 1.0,
            "land_skip_threshold": 0.99,
            "min_water_fraction": 0.01,
            "skip_land_tiles": true,
            "skipped": false,
            "reason": "water_candidate",
            "message": "CFAR restrito aos pixels de água."
          },
          "land_fraction": 0.0,
          "water_fraction": 1.0,
          "valid_water_fraction": 1.0,
          "land_mask_method": "natural_earth_land_point_mask",
          "wave_age": null,
          "wave_age_class": null,
          "wave_age_factor": 1.35,
          "wave_age_status": "fallback",
          "era5_time": null,
          "era5_lon": null,
          "era5_lat": null,
          "u10": null,
          "peak_wave_period": null,
          "friction_velocity": null,
          "phase_speed": null,
          "patch_label": "P019",
          "id": 22,
          "source": "cfar",
          "detection_method": "cfar"
        },
        "cfar_properties_list": [
          {
            "lat": -24.840589553453643,
            "lon": -46.157985961973885,
            "area_px": 11,
            "min_sigma0_dB": -4.630000114440918,
            "mean_sigma0_dB": 3.140000104904175,
            "max_sigma0_dB": 13.239999771118164,
            "threshold_cfar_dB": -4.78,
            "pixel_coords": {
              "row": 1050,
              "col": 1014,
              "row_resampled": 350,
              "col_resampled": 338
            },
            "bbox_pixel_coords": {
              "row_min": 1047,
              "row_max": 1056,
              "col_min": 1008,
              "col_max": 1023
            },
            "global_pixel_coords": {
              "row": 2890,
              "col": 10854
            },
            "source_product": "S1D_IW_GRDH_1SDV_20260802T083050_20260802T083115_003944_007255_E28D",
            "source_arquivo_id": null,
            "patch_id": 18,
            "patch_name": "patch_0019_VV",
            "geotiff_name": "patch_0019_VV_sigma0_preproc.tif",
            "polarization": "VV",
            "input_scale": "linear",
            "georef_method": "snap_geolocation_grid",
            "geocoding_method": "geolocation_grid",
            "geolocation_grid_status": null,
            "snap_geolocation_grid_used": null,
            "raster_crs": "EPSG:4326",
            "raster_transform": [
              0.00011260467649425172,
              0.0,
              -46.798548034962735,
              0.0,
              -0.00012306709066932562,
              -24.475761215488273,
              0.0,
              0.0,
              1.0
            ],
            "core_bbox_pixels": {
              "x0": 10000,
              "y0": 2000,
              "x1": 12000,
              "y1": 4000
            },
            "processing_bbox_pixels": {
              "x0": 9840,
              "y0": 1840,
              "x1": 12160,
              "y1": 4160
            },
            "core_bounds_lonlat": {
              "west": -46.29498955465641,
              "south": -24.95834668608456,
              "east": -46.05434964048963,
              "north": -24.735674889650795
            },
            "processing_bounds_lonlat": {
              "west": -46.31427653222845,
              "south": -24.97615912639614,
              "east": -46.03510572264038,
              "north": -24.71784819274
            },
            "halo_pixels": 160,
            "valid_bbox_fraction": 1.0,
            "artifact_aspect_ratio": 1.5,
            "land_mask_info": {
              "enabled": true,
              "applied": true,
              "status": "ok",
              "stage": "cfar_water_mask",
              "resampled_shape": [
                773,
                773
              ],
              "sample_shape": [
                128,
                128
              ],
              "sample_max_dim": 128,
              "available": true,
              "method": "natural_earth_land_point_mask",
              "bounds_lonlat": {
                "west": -46.29498955465641,
                "south": -24.95834668608456,
                "east": -46.05434964048963,
                "north": -24.735674889650795
              },
              "mask_path": "/content/sismom_colab_work_v2/sources/api/copernicus_meta_1-main/copernicus-platform/frontend/public/shapes/ne_10m_land/ne_10m_land.shp",
              "land_buffer_degrees": 0.0,
              "valid_geolocation_points": 16384,
              "land_points": 0,
              "water_points": 16384,
              "land_fraction": 0.0,
              "water_fraction": 1.0,
              "valid_pixels_before_land_mask": 597529,
              "valid_pixels_after_land_mask": 597529,
              "pixels_masked_by_land": 0,
              "valid_water_fraction": 1.0,
              "land_skip_threshold": 0.99,
              "min_water_fraction": 0.01,
              "skip_land_tiles": true,
              "skipped": false,
              "reason": "water_candidate",
              "message": "CFAR restrito aos pixels de água."
            },
            "land_fraction": 0.0,
            "water_fraction": 1.0,
            "valid_water_fraction": 1.0,
            "land_mask_method": "natural_earth_land_point_mask",
            "wave_age": null,
            "wave_age_class": null,
            "wave_age_factor": 1.35,
            "wave_age_status": "fallback",
            "era5_time": null,
            "era5_lon": null,
            "era5_lat": null,
            "u10": null,
            "peak_wave_period": null,
            "friction_velocity": null,
            "phase_speed": null,
            "patch_label": "P019",
            "id": 22,
            "source": "cfar",
            "detection_method": "cfar"
          }
        ],
        "yolo_properties": {
          "detection_method": "yolo8",
          "confidence": 0.8858161568641663,
          "class": "ship-1",
          "bbox_pixel": [
            10847.536804199219,
            2886.8033447265625,
            10865.074890136719,
            2901.4376220703125
          ],
          "bbox_geo": [
            -46.159309974292945,
            -24.84131755339779,
            -46.157217156828615,
            -24.840392618676375
          ],
          "model": "SAR-MULTI-1280p",
          "class_id": 0,
          "class_name": "ship-1",
          "tile_id": 119,
          "land_mask_checked": true,
          "center_is_water": true,
          "bbox_water_fraction": 1.0,
          "land_mask_method": "natural_earth_land_point_mask",
          "id": 3,
          "source": "yolo",
          "centroid_lon": -46.158275851815766,
          "centroid_lat": -24.840899477103772,
          "score": 0.8858161568641663,
          "patch_id": 18,
          "patch_label": "P019"
        }
      }
    },
    {
      "type": "Feature",
      "geometry": {
        "type": "Polygon",
        "coordinates": [
          [
            [
              -46.42738078175525,
              -24.909124119044407
            ],
            [
              -46.4242241222293,
              -24.909124119044407
            ],
            [
              -46.4242241222293,
              -24.907698403664586
            ],
            [
              -46.42738078175525,
              -24.907698403664586
            ],
            [
              -46.42738078175525,
              -24.909124119044407
            ]
          ]
        ]
      },
      "properties": {
        "id": 4,
        "target_id": "T0004",
        "source": "cfar_yolo",
        "detection_method": "cfar+yolo",
        "methods": [
          "cfar",
          "yolo"
        ],
        "fusion_status": "matched",
        "fusion_rule": "geometry_overlap",
        "cfar_id": 32,
        "cfar_ids": [
          32
        ],
        "cfar_fragment_count": 1,
        "yolo_id": 4,
        "cfar_patch_id": 32,
        "cfar_patch_ids": [
          32
        ],
        "yolo_patch_id": 19,
        "patch_id": 19,
        "patch_label": "P020",
        "yolo_confidence": 0.8853394389152527,
        "match_distance_m": 22.377,
        "match_distances_m": [
          22.377
        ],
        "nearest_match_distance_m": 22.377,
        "max_match_distance_m": 22.377,
        "geometries_overlap": true,
        "overlap_by_cfar": [
          true
        ],
        "display_geometry_source": "yolo",
        "cfar_properties": {
          "lat": -24.90846701548081,
          "lon": -46.42576695267323,
          "area_px": 16,
          "min_sigma0_dB": -3.5299999713897705,
          "mean_sigma0_dB": 0.800000011920929,
          "max_sigma0_dB": 14.34000015258789,
          "threshold_cfar_dB": -6.0,
          "pixel_coords": {
            "row": 438,
            "col": 1452,
            "row_resampled": 146,
            "col_resampled": 484
          },
          "bbox_pixel_coords": {
            "row_min": 429,
            "row_max": 444,
            "col_min": 1440,
            "col_max": 1461
          },
          "global_pixel_coords": {
            "row": 4278,
            "col": 13292
          },
          "source_product": "S1D_IW_GRDH_1SDV_20260802T083050_20260802T083115_003944_007255_E28D",
          "source_arquivo_id": null,
          "patch_id": 32,
          "patch_name": "patch_0033_VV",
          "geotiff_name": "patch_0033_VV_sigma0_preproc.tif",
          "polarization": "VV",
          "input_scale": "linear",
          "georef_method": "snap_geolocation_grid",
          "geocoding_method": "geolocation_grid",
          "geolocation_grid_status": null,
          "snap_geolocation_grid_used": null,
          "raster_crs": "EPSG:4326",
          "raster_transform": [
            0.00011260467649425172,
            0.0,
            -46.573338681974235,
            0.0,
            -0.00012306709066932562,
            -24.721895396826923,
            0.0,
            0.0,
            1.0
          ],
          "core_bbox_pixels": {
            "x0": 12000,
            "y0": 4000,
            "x1": 14000,
            "y1": 6000
          },
          "processing_bbox_pixels": {
            "x0": 11840,
            "y0": 3840,
            "x1": 14160,
            "y1": 6160
          },
          "core_bounds_lonlat": {
            "west": -46.536273819395625,
            "south": -25.090575618775247,
            "east": -46.295110087947315,
            "north": -24.86769904866753
          },
          "processing_bounds_lonlat": {
            "west": -46.555598406090546,
            "south": -25.10841150296251,
            "east": -46.275826413189314,
            "north": -24.84984952129694
          },
          "halo_pixels": 160,
          "valid_bbox_fraction": 1.0,
          "artifact_aspect_ratio": 1.3333,
          "land_mask_info": {
            "enabled": true,
            "applied": true,
            "status": "ok",
            "stage": "cfar_water_mask",
            "resampled_shape": [
              773,
              773
            ],
            "sample_shape": [
              128,
              128
            ],
            "sample_max_dim": 128,
            "available": true,
            "method": "natural_earth_land_point_mask",
            "bounds_lonlat": {
              "west": -46.536273819395625,
              "south": -25.090575618775247,
              "east": -46.295110087947315,
              "north": -24.86769904866753
            },
            "mask_path": "/content/sismom_colab_work_v2/sources/api/copernicus_meta_1-main/copernicus-platform/frontend/public/shapes/ne_10m_land/ne_10m_land.shp",
            "land_buffer_degrees": 0.0,
            "valid_geolocation_points": 16384,
            "land_points": 0,
            "water_points": 16384,
            "land_fraction": 0.0,
            "water_fraction": 1.0,
            "valid_pixels_before_land_mask": 597529,
            "valid_pixels_after_land_mask": 597529,
            "pixels_masked_by_land": 0,
            "valid_water_fraction": 1.0,
            "land_skip_threshold": 0.99,
            "min_water_fraction": 0.01,
            "skip_land_tiles": true,
            "skipped": false,
            "reason": "water_candidate",
            "message": "CFAR restrito aos pixels de água."
          },
          "land_fraction": 0.0,
          "water_fraction": 1.0,
          "valid_water_fraction": 1.0,
          "land_mask_method": "natural_earth_land_point_mask",
          "wave_age": null,
          "wave_age_class": null,
          "wave_age_factor": 1.35,
          "wave_age_status": "fallback",
          "era5_time": null,
          "era5_lon": null,
          "era5_lat": null,
          "u10": null,
          "peak_wave_period": null,
          "friction_velocity": null,
          "phase_speed": null,
          "patch_label": "P033",
          "id": 32,
          "source": "cfar",
          "detection_method": "cfar"
        },
        "cfar_properties_list": [
          {
            "lat": -24.90846701548081,
            "lon": -46.42576695267323,
            "area_px": 16,
            "min_sigma0_dB": -3.5299999713897705,
            "mean_sigma0_dB": 0.800000011920929,
            "max_sigma0_dB": 14.34000015258789,
            "threshold_cfar_dB": -6.0,
            "pixel_coords": {
              "row": 438,
              "col": 1452,
              "row_resampled": 146,
              "col_resampled": 484
            },
            "bbox_pixel_coords": {
              "row_min": 429,
              "row_max": 444,
              "col_min": 1440,
              "col_max": 1461
            },
            "global_pixel_coords": {
              "row": 4278,
              "col": 13292
            },
            "source_product": "S1D_IW_GRDH_1SDV_20260802T083050_20260802T083115_003944_007255_E28D",
            "source_arquivo_id": null,
            "patch_id": 32,
            "patch_name": "patch_0033_VV",
            "geotiff_name": "patch_0033_VV_sigma0_preproc.tif",
            "polarization": "VV",
            "input_scale": "linear",
            "georef_method": "snap_geolocation_grid",
            "geocoding_method": "geolocation_grid",
            "geolocation_grid_status": null,
            "snap_geolocation_grid_used": null,
            "raster_crs": "EPSG:4326",
            "raster_transform": [
              0.00011260467649425172,
              0.0,
              -46.573338681974235,
              0.0,
              -0.00012306709066932562,
              -24.721895396826923,
              0.0,
              0.0,
              1.0
            ],
            "core_bbox_pixels": {
              "x0": 12000,
              "y0": 4000,
              "x1": 14000,
              "y1": 6000
            },
            "processing_bbox_pixels": {
              "x0": 11840,
              "y0": 3840,
              "x1": 14160,
              "y1": 6160
            },
            "core_bounds_lonlat": {
              "west": -46.536273819395625,
              "south": -25.090575618775247,
              "east": -46.295110087947315,
              "north": -24.86769904866753
            },
            "processing_bounds_lonlat": {
              "west": -46.555598406090546,
              "south": -25.10841150296251,
              "east": -46.275826413189314,
              "north": -24.84984952129694
            },
            "halo_pixels": 160,
            "valid_bbox_fraction": 1.0,
            "artifact_aspect_ratio": 1.3333,
            "land_mask_info": {
              "enabled": true,
              "applied": true,
              "status": "ok",
              "stage": "cfar_water_mask",
              "resampled_shape": [
                773,
                773
              ],
              "sample_shape": [
                128,
                128
              ],
              "sample_max_dim": 128,
              "available": true,
              "method": "natural_earth_land_point_mask",
              "bounds_lonlat": {
                "west": -46.536273819395625,
                "south": -25.090575618775247,
                "east": -46.295110087947315,
                "north": -24.86769904866753
              },
              "mask_path": "/content/sismom_colab_work_v2/sources/api/copernicus_meta_1-main/copernicus-platform/frontend/public/shapes/ne_10m_land/ne_10m_land.shp",
              "land_buffer_degrees": 0.0,
              "valid_geolocation_points": 16384,
              "land_points": 0,
              "water_points": 16384,
              "land_fraction": 0.0,
              "water_fraction": 1.0,
              "valid_pixels_before_land_mask": 597529,
              "valid_pixels_after_land_mask": 597529,
              "pixels_masked_by_land": 0,
              "valid_water_fraction": 1.0,
              "land_skip_threshold": 0.99,
              "min_water_fraction": 0.01,
              "skip_land_tiles": true,
              "skipped": false,
              "reason": "water_candidate",
              "message": "CFAR restrito aos pixels de água."
            },
            "land_fraction": 0.0,
            "water_fraction": 1.0,
            "valid_water_fraction": 1.0,
            "land_mask_method": "natural_earth_land_point_mask",
            "wave_age": null,
            "wave_age_class": null,
            "wave_age_factor": 1.35,
            "wave_age_status": "fallback",
            "era5_time": null,
            "era5_lon": null,
            "era5_lat": null,
            "u10": null,
            "peak_wave_period": null,
            "friction_velocity": null,
            "phase_speed": null,
            "patch_label": "P033",
            "id": 32,
            "source": "cfar",
            "detection_method": "cfar"
          }
        ],
        "yolo_properties": {
          "detection_method": "yolo8",
          "confidence": 0.8853394389152527,
          "class": "ship-1",
          "bbox_pixel": [
            13279.416006088257,
            4266.630676269531,
            13306.817680358887,
            4289.36865234375
          ],
          "bbox_geo": [
            -46.42738078175525,
            -24.909124119044407,
            -46.4242241222293,
            -24.907698403664586
          ],
          "model": "SAR-MULTI-1280p",
          "class_id": 0,
          "class_name": "ship-1",
          "tile_id": 193,
          "land_mask_checked": true,
          "center_is_water": true,
          "bbox_water_fraction": 1.0,
          "land_mask_method": "natural_earth_land_point_mask",
          "id": 4,
          "source": "yolo",
          "centroid_lon": -46.4258379323586,
          "centroid_lat": -24.90835551296307,
          "score": 0.8853394389152527,
          "patch_id": 19,
          "patch_label": "P020"
        }
      }
    },
    {
      "type": "Feature",
      "geometry": {
        "type": "Polygon",
        "coordinates": [
          [
            [
              -45.55077199815663,
              -24.800426745328483
            ],
            [
              -45.54798945170864,
              -24.800426745328483
            ],
            [
              -45.54798945170864,
              -24.799936713855573
            ],
            [
              -45.55077199815663,
              -24.799936713855573
            ],
            [
              -45.55077199815663,
              -24.800426745328483
            ]
          ]
        ]
      },
      "properties": {
        "id": 5,
        "target_id": "T0005",
        "source": "cfar_yolo",
        "detection_method": "cfar+yolo",
        "methods": [
          "cfar",
          "yolo"
        ],
        "fusion_status": "matched",
        "fusion_rule": "geometry_overlap",
        "cfar_id": 3,
        "cfar_ids": [
          3
        ],
        "cfar_fragment_count": 1,
        "yolo_id": 5,
        "cfar_patch_id": 2,
        "cfar_patch_ids": [
          2
        ],
        "yolo_patch_id": 2,
        "patch_id": 2,
        "patch_label": "P003",
        "yolo_confidence": 0.877752959728241,
        "match_distance_m": 20.003,
        "match_distances_m": [
          20.003
        ],
        "nearest_match_distance_m": 20.003,
        "max_match_distance_m": 20.003,
        "geometries_overlap": true,
        "overlap_by_cfar": [
          true
        ],
        "display_geometry_source": "yolo",
        "cfar_properties": {
          "lat": -24.800226086377453,
          "lon": -45.54918896145425,
          "area_px": 11,
          "min_sigma0_dB": -2.450000047683716,
          "mean_sigma0_dB": 3.119999885559082,
          "max_sigma0_dB": 9.640000343322754,
          "threshold_cfar_dB": -5.0,
          "pixel_coords": {
            "row": 957,
            "col": 1152,
            "row_resampled": 319,
            "col_resampled": 384
          },
          "bbox_pixel_coords": {
            "row_min": 954,
            "row_max": 960,
            "col_min": 1143,
            "col_max": 1161
          },
          "global_pixel_coords": {
            "row": 957,
            "col": 4992
          },
          "source_product": "S1D_IW_GRDH_1SDV_20260802T083050_20260802T083115_003944_007255_E28D",
          "source_arquivo_id": null,
          "patch_id": 2,
          "patch_name": "patch_0003_VV",
          "geotiff_name": "patch_0003_VV_sigma0_preproc.tif",
          "polarization": "VV",
          "input_scale": "linear",
          "georef_method": "snap_geolocation_grid",
          "geocoding_method": "geolocation_grid",
          "geolocation_grid_status": null,
          "snap_geolocation_grid_used": null,
          "raster_crs": "EPSG:4326",
          "raster_transform": [
            0.00011260467649425172,
            0.0,
            -47.47417609392825,
            0.0,
            -0.00012306709066932562,
            -24.249317768656713,
            0.0,
            0.0,
            1.0
          ],
          "core_bbox_pixels": {
            "x0": 4000,
            "y0": 0,
            "x1": 6000,
            "y1": 2000
          },
          "processing_bbox_pixels": {
            "x0": 3840,
            "y0": 0,
            "x1": 6160,
            "y1": 2160
          },
          "core_bounds_lonlat": {
            "west": -45.670929902002925,
            "south": -24.914863591529876,
            "east": -45.431034470845894,
            "north": -24.69277185590747
          },
          "processing_bounds_lonlat": {
            "west": -45.69015930743978,
            "south": -24.932638339245937,
            "east": -45.4157034750392,
            "north": -24.689213496282978
          },
          "halo_pixels": 160,
          "valid_bbox_fraction": 1.0,
          "artifact_aspect_ratio": 2.3333,
          "land_mask_info": {
            "enabled": true,
            "applied": true,
            "status": "ok",
            "stage": "cfar_water_mask",
            "resampled_shape": [
              720,
              773
            ],
            "sample_shape": [
              119,
              128
            ],
            "sample_max_dim": 128,
            "available": true,
            "method": "natural_earth_land_point_mask",
            "bounds_lonlat": {
              "west": -45.670929902002925,
              "south": -24.914863591529876,
              "east": -45.431034470845894,
              "north": -24.69277185590747
            },
            "mask_path": "/content/sismom_colab_work_v2/sources/api/copernicus_meta_1-main/copernicus-platform/frontend/public/shapes/ne_10m_land/ne_10m_land.shp",
            "land_buffer_degrees": 0.0,
            "valid_geolocation_points": 15232,
            "land_points": 0,
            "water_points": 15232,
            "land_fraction": 0.0,
            "water_fraction": 1.0,
            "valid_pixels_before_land_mask": 556560,
            "valid_pixels_after_land_mask": 556560,
            "pixels_masked_by_land": 0,
            "valid_water_fraction": 1.0,
            "land_skip_threshold": 0.99,
            "min_water_fraction": 0.01,
            "skip_land_tiles": true,
            "skipped": false,
            "reason": "water_candidate",
            "message": "CFAR restrito aos pixels de água."
          },
          "land_fraction": 0.0,
          "water_fraction": 1.0,
          "valid_water_fraction": 1.0,
          "land_mask_method": "natural_earth_land_point_mask",
          "wave_age": null,
          "wave_age_class": null,
          "wave_age_factor": 1.35,
          "wave_age_status": "fallback",
          "era5_time": null,
          "era5_lon": null,
          "era5_lat": null,
          "u10": null,
          "peak_wave_period": null,
          "friction_velocity": null,
          "phase_speed": null,
          "patch_label": "P003",
          "id": 3,
          "source": "cfar",
          "detection_method": "cfar"
        },
        "cfar_properties_list": [
          {
            "lat": -24.800226086377453,
            "lon": -45.54918896145425,
            "area_px": 11,
            "min_sigma0_dB": -2.450000047683716,
            "mean_sigma0_dB": 3.119999885559082,
            "max_sigma0_dB": 9.640000343322754,
            "threshold_cfar_dB": -5.0,
            "pixel_coords": {
              "row": 957,
              "col": 1152,
              "row_resampled": 319,
              "col_resampled": 384
            },
            "bbox_pixel_coords": {
              "row_min": 954,
              "row_max": 960,
              "col_min": 1143,
              "col_max": 1161
            },
            "global_pixel_coords": {
              "row": 957,
              "col": 4992
            },
            "source_product": "S1D_IW_GRDH_1SDV_20260802T083050_20260802T083115_003944_007255_E28D",
            "source_arquivo_id": null,
            "patch_id": 2,
            "patch_name": "patch_0003_VV",
            "geotiff_name": "patch_0003_VV_sigma0_preproc.tif",
            "polarization": "VV",
            "input_scale": "linear",
            "georef_method": "snap_geolocation_grid",
            "geocoding_method": "geolocation_grid",
            "geolocation_grid_status": null,
            "snap_geolocation_grid_used": null,
            "raster_crs": "EPSG:4326",
            "raster_transform": [
              0.00011260467649425172,
              0.0,
              -47.47417609392825,
              0.0,
              -0.00012306709066932562,
              -24.249317768656713,
              0.0,
              0.0,
              1.0
            ],
            "core_bbox_pixels": {
              "x0": 4000,
              "y0": 0,
              "x1": 6000,
              "y1": 2000
            },
            "processing_bbox_pixels": {
              "x0": 3840,
              "y0": 0,
              "x1": 6160,
              "y1": 2160
            },
            "core_bounds_lonlat": {
              "west": -45.670929902002925,
              "south": -24.914863591529876,
              "east": -45.431034470845894,
              "north": -24.69277185590747
            },
            "processing_bounds_lonlat": {
              "west": -45.69015930743978,
              "south": -24.932638339245937,
              "east": -45.4157034750392,
              "north": -24.689213496282978
            },
            "halo_pixels": 160,
            "valid_bbox_fraction": 1.0,
            "artifact_aspect_ratio": 2.3333,
            "land_mask_info": {
              "enabled": true,
              "applied": true,
              "status": "ok",
              "stage": "cfar_water_mask",
              "resampled_shape": [
                720,
                773
              ],
              "sample_shape": [
                119,
                128
              ],
              "sample_max_dim": 128,
              "available": true,
              "method": "natural_earth_land_point_mask",
              "bounds_lonlat": {
                "west": -45.670929902002925,
                "south": -24.914863591529876,
                "east": -45.431034470845894,
                "north": -24.69277185590747
              },
              "mask_path": "/content/sismom_colab_work_v2/sources/api/copernicus_meta_1-main/copernicus-platform/frontend/public/shapes/ne_10m_land/ne_10m_land.shp",
              "land_buffer_degrees": 0.0,
              "valid_geolocation_points": 15232,
              "land_points": 0,
              "water_points": 15232,
              "land_fraction": 0.0,
              "water_fraction": 1.0,
              "valid_pixels_before_land_mask": 556560,
              "valid_pixels_after_land_mask": 556560,
              "pixels_masked_by_land": 0,
              "valid_water_fraction": 1.0,
              "land_skip_threshold": 0.99,
              "min_water_fraction": 0.01,
              "skip_land_tiles": true,
              "skipped": false,
              "reason": "water_candidate",
              "message": "CFAR restrito aos pixels de água."
            },
            "land_fraction": 0.0,
            "water_fraction": 1.0,
            "valid_water_fraction": 1.0,
            "land_mask_method": "natural_earth_land_point_mask",
            "wave_age": null,
            "wave_age_class": null,
            "wave_age_factor": 1.35,
            "wave_age_status": "fallback",
            "era5_time": null,
            "era5_lon": null,
            "era5_lat": null,
            "u10": null,
            "peak_wave_period": null,
            "friction_velocity": null,
            "phase_speed": null,
            "patch_label": "P003",
            "id": 3,
            "source": "cfar",
            "detection_method": "cfar"
          }
        ],
        "yolo_properties": {
          "detection_method": "yolo8",
          "confidence": 0.877752959728241,
          "class": "ship-1",
          "bbox_pixel": [
            4981.109619140625,
            951.1451416015625,
            5007.116943359375,
            963.6473541259766
          ],
          "bbox_geo": [
            -45.55077199815663,
            -24.800426745328483,
            -45.54798945170864,
            -24.799936713855573
          ],
          "model": "SAR-MULTI-1280p",
          "class_id": 0,
          "class_name": "ship-1",
          "tile_id": 41,
          "land_mask_checked": true,
          "center_is_water": true,
          "bbox_water_fraction": 1.0,
          "land_mask_method": "natural_earth_land_point_mask",
          "id": 5,
          "source": "yolo",
          "centroid_lon": -45.549380720021254,
          "centroid_lat": -24.800181730905283,
          "score": 0.877752959728241,
          "patch_id": 2,
          "patch_label": "P003"
        }
      }
    },
    {
      "type": "Feature",
      "geometry": {
        "type": "Polygon",
        "coordinates": [
          [
            [
              -45.98755455217133,
              -25.035201220234754
            ],
            [
              -45.98483442757757,
              -25.035201220234754
            ],
            [
              -45.98483442757757,
              -25.034230753645613
            ],
            [
              -45.98755455217133,
              -25.034230753645613
            ],
            [
              -45.98755455217133,
              -25.035201220234754
            ]
          ]
        ]
      },
      "properties": {
        "id": 6,
        "target_id": "T0006",
        "source": "cfar_yolo",
        "detection_method": "cfar+yolo",
        "methods": [
          "cfar",
          "yolo"
        ],
        "fusion_status": "matched",
        "fusion_rule": "geometry_overlap",
        "cfar_id": 29,
        "cfar_ids": [
          29
        ],
        "cfar_fragment_count": 1,
        "yolo_id": 6,
        "cfar_patch_id": 30,
        "cfar_patch_ids": [
          30
        ],
        "yolo_patch_id": 30,
        "patch_id": 30,
        "patch_label": "P031",
        "yolo_confidence": 0.8727004528045654,
        "match_distance_m": 7.104,
        "match_distances_m": [
          7.104
        ],
        "nearest_match_distance_m": 7.104,
        "max_match_distance_m": 7.104,
        "geometries_overlap": true,
        "overlap_by_cfar": [
          true
        ],
        "display_geometry_source": "yolo",
        "cfar_properties": {
          "lat": -25.034716523932946,
          "lon": -45.98599027218059,
          "area_px": 15,
          "min_sigma0_dB": -7.070000171661377,
          "mean_sigma0_dB": -0.5299999713897705,
          "max_sigma0_dB": 8.079999923706055,
          "threshold_cfar_dB": -7.01,
          "pixel_coords": {
            "row": 675,
            "col": 804,
            "row_resampled": 225,
            "col_resampled": 268
          },
          "bbox_pixel_coords": {
            "row_min": 669,
            "row_max": 681,
            "col_min": 795,
            "col_max": 816
          },
          "global_pixel_coords": {
            "row": 4515,
            "col": 8644
          },
          "source_product": "S1D_IW_GRDH_1SDV_20260802T083050_20260802T083115_003944_007255_E28D",
          "source_arquivo_id": null,
          "patch_id": 30,
          "patch_name": "patch_0031_VV",
          "geotiff_name": "patch_0031_VV_sigma0_preproc.tif",
          "polarization": "VV",
          "input_scale": "linear",
          "georef_method": "snap_geolocation_grid",
          "geocoding_method": "geolocation_grid",
          "geolocation_grid_status": null,
          "snap_geolocation_grid_used": null,
          "raster_crs": "EPSG:4326",
          "raster_transform": [
            0.00011260467649425172,
            0.0,
            -47.02375738795124,
            0.0,
            -0.00012306709066932562,
            -24.721895396826923,
            0.0,
            0.0,
            1.0
          ],
          "core_bbox_pixels": {
            "x0": 8000,
            "y0": 4000,
            "x1": 10000,
            "y1": 6000
          },
          "processing_bbox_pixels": {
            "x0": 7840,
            "y0": 3840,
            "x1": 10160,
            "y1": 6160
          },
          "core_bounds_lonlat": {
            "west": -46.15251385737118,
            "south": -25.180991757167263,
            "east": -45.91158051580185,
            "north": -24.958458011159482
          },
          "processing_bounds_lonlat": {
            "west": -46.17182561169664,
            "south": -25.19880117026523,
            "east": -45.89231670780002,
            "north": -24.940646266437245
          },
          "halo_pixels": 160,
          "valid_bbox_fraction": 1.0,
          "artifact_aspect_ratio": 1.6,
          "land_mask_info": {
            "enabled": true,
            "applied": true,
            "status": "ok",
            "stage": "cfar_water_mask",
            "resampled_shape": [
              773,
              773
            ],
            "sample_shape": [
              128,
              128
            ],
            "sample_max_dim": 128,
            "available": true,
            "method": "natural_earth_land_point_mask",
            "bounds_lonlat": {
              "west": -46.15251385737118,
              "south": -25.180991757167263,
              "east": -45.91158051580185,
              "north": -24.958458011159482
            },
            "mask_path": "/content/sismom_colab_work_v2/sources/api/copernicus_meta_1-main/copernicus-platform/frontend/public/shapes/ne_10m_land/ne_10m_land.shp",
            "land_buffer_degrees": 0.0,
            "valid_geolocation_points": 16384,
            "land_points": 0,
            "water_points": 16384,
            "land_fraction": 0.0,
            "water_fraction": 1.0,
            "valid_pixels_before_land_mask": 597529,
            "valid_pixels_after_land_mask": 597529,
            "pixels_masked_by_land": 0,
            "valid_water_fraction": 1.0,
            "land_skip_threshold": 0.99,
            "min_water_fraction": 0.01,
            "skip_land_tiles": true,
            "skipped": false,
            "reason": "water_candidate",
            "message": "CFAR restrito aos pixels de água."
          },
          "land_fraction": 0.0,
          "water_fraction": 1.0,
          "valid_water_fraction": 1.0,
          "land_mask_method": "natural_earth_land_point_mask",
          "wave_age": null,
          "wave_age_class": null,
          "wave_age_factor": 1.35,
          "wave_age_status": "fallback",
          "era5_time": null,
          "era5_lon": null,
          "era5_lat": null,
          "u10": null,
          "peak_wave_period": null,
          "friction_velocity": null,
          "phase_speed": null,
          "patch_label": "P031",
          "id": 29,
          "source": "cfar",
          "detection_method": "cfar"
        },
        "cfar_properties_list": [
          {
            "lat": -25.034716523932946,
            "lon": -45.98599027218059,
            "area_px": 15,
            "min_sigma0_dB": -7.070000171661377,
            "mean_sigma0_dB": -0.5299999713897705,
            "max_sigma0_dB": 8.079999923706055,
            "threshold_cfar_dB": -7.01,
            "pixel_coords": {
              "row": 675,
              "col": 804,
              "row_resampled": 225,
              "col_resampled": 268
            },
            "bbox_pixel_coords": {
              "row_min": 669,
              "row_max": 681,
              "col_min": 795,
              "col_max": 816
            },
            "global_pixel_coords": {
              "row": 4515,
              "col": 8644
            },
            "source_product": "S1D_IW_GRDH_1SDV_20260802T083050_20260802T083115_003944_007255_E28D",
            "source_arquivo_id": null,
            "patch_id": 30,
            "patch_name": "patch_0031_VV",
            "geotiff_name": "patch_0031_VV_sigma0_preproc.tif",
            "polarization": "VV",
            "input_scale": "linear",
            "georef_method": "snap_geolocation_grid",
            "geocoding_method": "geolocation_grid",
            "geolocation_grid_status": null,
            "snap_geolocation_grid_used": null,
            "raster_crs": "EPSG:4326",
            "raster_transform": [
              0.00011260467649425172,
              0.0,
              -47.02375738795124,
              0.0,
              -0.00012306709066932562,
              -24.721895396826923,
              0.0,
              0.0,
              1.0
            ],
            "core_bbox_pixels": {
              "x0": 8000,
              "y0": 4000,
              "x1": 10000,
              "y1": 6000
            },
            "processing_bbox_pixels": {
              "x0": 7840,
              "y0": 3840,
              "x1": 10160,
              "y1": 6160
            },
            "core_bounds_lonlat": {
              "west": -46.15251385737118,
              "south": -25.180991757167263,
              "east": -45.91158051580185,
              "north": -24.958458011159482
            },
            "processing_bounds_lonlat": {
              "west": -46.17182561169664,
              "south": -25.19880117026523,
              "east": -45.89231670780002,
              "north": -24.940646266437245
            },
            "halo_pixels": 160,
            "valid_bbox_fraction": 1.0,
            "artifact_aspect_ratio": 1.6,
            "land_mask_info": {
              "enabled": true,
              "applied": true,
              "status": "ok",
              "stage": "cfar_water_mask",
              "resampled_shape": [
                773,
                773
              ],
              "sample_shape": [
                128,
                128
              ],
              "sample_max_dim": 128,
              "available": true,
              "method": "natural_earth_land_point_mask",
              "bounds_lonlat": {
                "west": -46.15251385737118,
                "south": -25.180991757167263,
                "east": -45.91158051580185,
                "north": -24.958458011159482
              },
              "mask_path": "/content/sismom_colab_work_v2/sources/api/copernicus_meta_1-main/copernicus-platform/frontend/public/shapes/ne_10m_land/ne_10m_land.shp",
              "land_buffer_degrees": 0.0,
              "valid_geolocation_points": 16384,
              "land_points": 0,
              "water_points": 16384,
              "land_fraction": 0.0,
              "water_fraction": 1.0,
              "valid_pixels_before_land_mask": 597529,
              "valid_pixels_after_land_mask": 597529,
              "pixels_masked_by_land": 0,
              "valid_water_fraction": 1.0,
              "land_skip_threshold": 0.99,
              "min_water_fraction": 0.01,
              "skip_land_tiles": true,
              "skipped": false,
              "reason": "water_candidate",
              "message": "CFAR restrito aos pixels de água."
            },
            "land_fraction": 0.0,
            "water_fraction": 1.0,
            "valid_water_fraction": 1.0,
            "land_mask_method": "natural_earth_land_point_mask",
            "wave_age": null,
            "wave_age_class": null,
            "wave_age_factor": 1.35,
            "wave_age_status": "fallback",
            "era5_time": null,
            "era5_lon": null,
            "era5_lat": null,
            "u10": null,
            "peak_wave_period": null,
            "friction_velocity": null,
            "phase_speed": null,
            "patch_label": "P031",
            "id": 29,
            "source": "cfar",
            "detection_method": "cfar"
          }
        ],
        "yolo_properties": {
          "detection_method": "yolo8",
          "confidence": 0.8727004528045654,
          "class": "ship-1",
          "bbox_pixel": [
            8634.557312011719,
            4507.259719848633,
            8658.521423339844,
            4524.202247619629
          ],
          "bbox_geo": [
            -45.98755455217133,
            -25.035201220234754,
            -45.98483442757757,
            -25.034230753645613
          ],
          "model": "SAR-MULTI-1280p",
          "class_id": 0,
          "class_name": "ship-1",
          "tile_id": 221,
          "land_mask_checked": true,
          "center_is_water": true,
          "bbox_water_fraction": 1.0,
          "land_mask_method": "natural_earth_land_point_mask",
          "id": 6,
          "source": "yolo",
          "centroid_lon": -45.986182228753705,
          "centroid_lat": -25.034671584688184,
          "score": 0.8727004528045654,
          "patch_id": 30,
          "patch_label": "P031"
        }
      }
    },
    {
      "type": "Feature",
      "geometry": {
        "type": "Polygon",
        "coordinates": [
          [
            [
              -45.632059553823254,
              -24.777871265439096
            ],
            [
              -45.629970655717145,
              -24.777871265439096
            ],
            [
              -45.629970655717145,
              -24.77656098786401
            ],
            [
              -45.632059553823254,
              -24.77656098786401
            ],
            [
              -45.632059553823254,
              -24.777871265439096
            ]
          ]
        ]
      },
      "properties": {
        "id": 7,
        "target_id": "T0007",
        "source": "cfar_yolo",
        "detection_method": "cfar+yolo",
        "methods": [
          "cfar",
          "yolo"
        ],
        "fusion_status": "matched",
        "fusion_rule": "geometry_overlap",
        "cfar_id": 2,
        "cfar_ids": [
          2
        ],
        "cfar_fragment_count": 1,
        "yolo_id": 7,
        "cfar_patch_id": 2,
        "cfar_patch_ids": [
          2
        ],
        "yolo_patch_id": 2,
        "patch_id": 2,
        "patch_label": "P003",
        "yolo_confidence": 0.8578271269798279,
        "match_distance_m": 22.377,
        "match_distances_m": [
          22.377
        ],
        "nearest_match_distance_m": 22.377,
        "max_match_distance_m": 22.377,
        "geometries_overlap": true,
        "overlap_by_cfar": [
          true
        ],
        "display_geometry_source": "yolo",
        "cfar_properties": {
          "lat": -24.777005070583186,
          "lon": -45.630906692982705,
          "area_px": 14,
          "min_sigma0_dB": -4.659999847412109,
          "mean_sigma0_dB": 1.940000057220459,
          "max_sigma0_dB": 14.350000381469727,
          "threshold_cfar_dB": -4.6,
          "pixel_coords": {
            "row": 912,
            "col": 2016,
            "row_resampled": 304,
            "col_resampled": 672
          },
          "bbox_pixel_coords": {
            "row_min": 906,
            "row_max": 921,
            "col_min": 2007,
            "col_max": 2022
          },
          "global_pixel_coords": {
            "row": 912,
            "col": 5856
          },
          "source_product": "S1D_IW_GRDH_1SDV_20260802T083050_20260802T083115_003944_007255_E28D",
          "source_arquivo_id": null,
          "patch_id": 2,
          "patch_name": "patch_0003_VV",
          "geotiff_name": "patch_0003_VV_sigma0_preproc.tif",
          "polarization": "VV",
          "input_scale": "linear",
          "georef_method": "snap_geolocation_grid",
          "geocoding_method": "geolocation_grid",
          "geolocation_grid_status": null,
          "snap_geolocation_grid_used": null,
          "raster_crs": "EPSG:4326",
          "raster_transform": [
            0.00011260467649425172,
            0.0,
            -47.47417609392825,
            0.0,
            -0.00012306709066932562,
            -24.249317768656713,
            0.0,
            0.0,
            1.0
          ],
          "core_bbox_pixels": {
            "x0": 4000,
            "y0": 0,
            "x1": 6000,
            "y1": 2000
          },
          "processing_bbox_pixels": {
            "x0": 3840,
            "y0": 0,
            "x1": 6160,
            "y1": 2160
          },
          "core_bounds_lonlat": {
            "west": -45.670929902002925,
            "south": -24.914863591529876,
            "east": -45.431034470845894,
            "north": -24.69277185590747
          },
          "processing_bounds_lonlat": {
            "west": -45.69015930743978,
            "south": -24.932638339245937,
            "east": -45.4157034750392,
            "north": -24.689213496282978
          },
          "halo_pixels": 160,
          "valid_bbox_fraction": 1.0,
          "artifact_aspect_ratio": 1.0,
          "land_mask_info": {
            "enabled": true,
            "applied": true,
            "status": "ok",
            "stage": "cfar_water_mask",
            "resampled_shape": [
              720,
              773
            ],
            "sample_shape": [
              119,
              128
            ],
            "sample_max_dim": 128,
            "available": true,
            "method": "natural_earth_land_point_mask",
            "bounds_lonlat": {
              "west": -45.670929902002925,
              "south": -24.914863591529876,
              "east": -45.431034470845894,
              "north": -24.69277185590747
            },
            "mask_path": "/content/sismom_colab_work_v2/sources/api/copernicus_meta_1-main/copernicus-platform/frontend/public/shapes/ne_10m_land/ne_10m_land.shp",
            "land_buffer_degrees": 0.0,
            "valid_geolocation_points": 15232,
            "land_points": 0,
            "water_points": 15232,
            "land_fraction": 0.0,
            "water_fraction": 1.0,
            "valid_pixels_before_land_mask": 556560,
            "valid_pixels_after_land_mask": 556560,
            "pixels_masked_by_land": 0,
            "valid_water_fraction": 1.0,
            "land_skip_threshold": 0.99,
            "min_water_fraction": 0.01,
            "skip_land_tiles": true,
            "skipped": false,
            "reason": "water_candidate",
            "message": "CFAR restrito aos pixels de água."
          },
          "land_fraction": 0.0,
          "water_fraction": 1.0,
          "valid_water_fraction": 1.0,
          "land_mask_method": "natural_earth_land_point_mask",
          "wave_age": null,
          "wave_age_class": null,
          "wave_age_factor": 1.35,
          "wave_age_status": "fallback",
          "era5_time": null,
          "era5_lon": null,
          "era5_lat": null,
          "u10": null,
          "peak_wave_period": null,
          "friction_velocity": null,
          "phase_speed": null,
          "patch_label": "P003",
          "id": 2,
          "source": "cfar",
          "detection_method": "cfar"
        },
        "cfar_properties_list": [
          {
            "lat": -24.777005070583186,
            "lon": -45.630906692982705,
            "area_px": 14,
            "min_sigma0_dB": -4.659999847412109,
            "mean_sigma0_dB": 1.940000057220459,
            "max_sigma0_dB": 14.350000381469727,
            "threshold_cfar_dB": -4.6,
            "pixel_coords": {
              "row": 912,
              "col": 2016,
              "row_resampled": 304,
              "col_resampled": 672
            },
            "bbox_pixel_coords": {
              "row_min": 906,
              "row_max": 921,
              "col_min": 2007,
              "col_max": 2022
            },
            "global_pixel_coords": {
              "row": 912,
              "col": 5856
            },
            "source_product": "S1D_IW_GRDH_1SDV_20260802T083050_20260802T083115_003944_007255_E28D",
            "source_arquivo_id": null,
            "patch_id": 2,
            "patch_name": "patch_0003_VV",
            "geotiff_name": "patch_0003_VV_sigma0_preproc.tif",
            "polarization": "VV",
            "input_scale": "linear",
            "georef_method": "snap_geolocation_grid",
            "geocoding_method": "geolocation_grid",
            "geolocation_grid_status": null,
            "snap_geolocation_grid_used": null,
            "raster_crs": "EPSG:4326",
            "raster_transform": [
              0.00011260467649425172,
              0.0,
              -47.47417609392825,
              0.0,
              -0.00012306709066932562,
              -24.249317768656713,
              0.0,
              0.0,
              1.0
            ],
            "core_bbox_pixels": {
              "x0": 4000,
              "y0": 0,
              "x1": 6000,
              "y1": 2000
            },
            "processing_bbox_pixels": {
              "x0": 3840,
              "y0": 0,
              "x1": 6160,
              "y1": 2160
            },
            "core_bounds_lonlat": {
              "west": -45.670929902002925,
              "south": -24.914863591529876,
              "east": -45.431034470845894,
              "north": -24.69277185590747
            },
            "processing_bounds_lonlat": {
              "west": -45.69015930743978,
              "south": -24.932638339245937,
              "east": -45.4157034750392,
              "north": -24.689213496282978
            },
            "halo_pixels": 160,
            "valid_bbox_fraction": 1.0,
            "artifact_aspect_ratio": 1.0,
            "land_mask_info": {
              "enabled": true,
              "applied": true,
              "status": "ok",
              "stage": "cfar_water_mask",
              "resampled_shape": [
                720,
                773
              ],
              "sample_shape": [
                119,
                128
              ],
              "sample_max_dim": 128,
              "available": true,
              "method": "natural_earth_land_point_mask",
              "bounds_lonlat": {
                "west": -45.670929902002925,
                "south": -24.914863591529876,
                "east": -45.431034470845894,
                "north": -24.69277185590747
              },
              "mask_path": "/content/sismom_colab_work_v2/sources/api/copernicus_meta_1-main/copernicus-platform/frontend/public/shapes/ne_10m_land/ne_10m_land.shp",
              "land_buffer_degrees": 0.0,
              "valid_geolocation_points": 15232,
              "land_points": 0,
              "water_points": 15232,
              "land_fraction": 0.0,
              "water_fraction": 1.0,
              "valid_pixels_before_land_mask": 556560,
              "valid_pixels_after_land_mask": 556560,
              "pixels_masked_by_land": 0,
              "valid_water_fraction": 1.0,
              "land_skip_threshold": 0.99,
              "min_water_fraction": 0.01,
              "skip_land_tiles": true,
              "skipped": false,
              "reason": "water_candidate",
              "message": "CFAR restrito aos pixels de água."
            },
            "land_fraction": 0.0,
            "water_fraction": 1.0,
            "valid_water_fraction": 1.0,
            "land_mask_method": "natural_earth_land_point_mask",
            "wave_age": null,
            "wave_age_class": null,
            "wave_age_factor": 1.35,
            "wave_age_status": "fallback",
            "era5_time": null,
            "era5_lon": null,
            "era5_lat": null,
            "u10": null,
            "peak_wave_period": null,
            "friction_velocity": null,
            "phase_speed": null,
            "patch_label": "P003",
            "id": 2,
            "source": "cfar",
            "detection_method": "cfar"
          }
        ],
        "yolo_properties": {
          "detection_method": "yolo8",
          "confidence": 0.8578271269798279,
          "class": "ship-1",
          "bbox_pixel": [
            5848.677001953125,
            905.0899200439453,
            5865.6719970703125,
            924.3213195800781
          ],
          "bbox_geo": [
            -45.632059553823254,
            -24.777871265439096,
            -45.629970655717145,
            -24.77656098786401
          ],
          "model": "SAR-MULTI-1280p",
          "class_id": 0,
          "class_name": "ship-1",
          "tile_id": 42,
          "land_mask_checked": true,
          "center_is_water": true,
          "bbox_water_fraction": 1.0,
          "land_mask_method": "natural_earth_land_point_mask",
          "id": 7,
          "source": "yolo",
          "centroid_lon": -45.63105091858044,
          "centroid_lat": -24.7771605638348,
          "score": 0.8578271269798279,
          "patch_id": 2,
          "patch_label": "P003"
        }
      }
    },
    {
      "type": "Feature",
      "geometry": {
        "type": "Polygon",
        "coordinates": [
          [
            [
              -46.41415821347522,
              -24.965636894383692
            ],
            [
              -46.41237391533222,
              -24.965636894383692
            ],
            [
              -46.41237391533222,
              -24.964736473280965
            ],
            [
              -46.41415821347522,
              -24.964736473280965
            ],
            [
              -46.41415821347522,
              -24.965636894383692
            ]
          ]
        ]
      },
      "properties": {
        "id": 8,
        "target_id": "T0008",
        "source": "cfar_yolo",
        "detection_method": "cfar+yolo",
        "methods": [
          "cfar",
          "yolo"
        ],
        "fusion_status": "matched",
        "fusion_rule": "geometry_overlap",
        "cfar_id": 33,
        "cfar_ids": [
          33
        ],
        "cfar_fragment_count": 1,
        "yolo_id": 8,
        "cfar_patch_id": 32,
        "cfar_patch_ids": [
          32
        ],
        "yolo_patch_id": 32,
        "patch_id": 32,
        "patch_label": "P033",
        "yolo_confidence": 0.8516031503677368,
        "match_distance_m": 18.058,
        "match_distances_m": [
          18.058
        ],
        "nearest_match_distance_m": 18.058,
        "max_match_distance_m": 18.058,
        "geometries_overlap": true,
        "overlap_by_cfar": [
          true
        ],
        "display_geometry_source": "yolo",
        "cfar_properties": {
          "lat": -24.965132134979914,
          "lon": -46.41309754643279,
          "area_px": 11,
          "min_sigma0_dB": 2.630000114440918,
          "mean_sigma0_dB": 8.579999923706055,
          "max_sigma0_dB": 14.90999984741211,
          "threshold_cfar_dB": 1.95,
          "pixel_coords": {
            "row": 1005,
            "col": 1173,
            "row_resampled": 335,
            "col_resampled": 391
          },
          "bbox_pixel_coords": {
            "row_min": 999,
            "row_max": 1011,
            "col_min": 1167,
            "col_max": 1179
          },
          "global_pixel_coords": {
            "row": 4845,
            "col": 13013
          },
          "source_product": "S1D_IW_GRDH_1SDV_20260802T083050_20260802T083115_003944_007255_E28D",
          "source_arquivo_id": null,
          "patch_id": 32,
          "patch_name": "patch_0033_VV",
          "geotiff_name": "patch_0033_VV_sigma0_preproc.tif",
          "polarization": "VV",
          "input_scale": "linear",
          "georef_method": "snap_geolocation_grid",
          "geocoding_method": "geolocation_grid",
          "geolocation_grid_status": null,
          "snap_geolocation_grid_used": null,
          "raster_crs": "EPSG:4326",
          "raster_transform": [
            0.00011260467649425172,
            0.0,
            -46.573338681974235,
            0.0,
            -0.00012306709066932562,
            -24.721895396826923,
            0.0,
            0.0,
            1.0
          ],
          "core_bbox_pixels": {
            "x0": 12000,
            "y0": 4000,
            "x1": 14000,
            "y1": 6000
          },
          "processing_bbox_pixels": {
            "x0": 11840,
            "y0": 3840,
            "x1": 14160,
            "y1": 6160
          },
          "core_bounds_lonlat": {
            "west": -46.536273819395625,
            "south": -25.090575618775247,
            "east": -46.295110087947315,
            "north": -24.86769904866753
          },
          "processing_bounds_lonlat": {
            "west": -46.555598406090546,
            "south": -25.10841150296251,
            "east": -46.275826413189314,
            "north": -24.84984952129694
          },
          "halo_pixels": 160,
          "valid_bbox_fraction": 1.0,
          "artifact_aspect_ratio": 1.0,
          "land_mask_info": {
            "enabled": true,
            "applied": true,
            "status": "ok",
            "stage": "cfar_water_mask",
            "resampled_shape": [
              773,
              773
            ],
            "sample_shape": [
              128,
              128
            ],
            "sample_max_dim": 128,
            "available": true,
            "method": "natural_earth_land_point_mask",
            "bounds_lonlat": {
              "west": -46.536273819395625,
              "south": -25.090575618775247,
              "east": -46.295110087947315,
              "north": -24.86769904866753
            },
            "mask_path": "/content/sismom_colab_work_v2/sources/api/copernicus_meta_1-main/copernicus-platform/frontend/public/shapes/ne_10m_land/ne_10m_land.shp",
            "land_buffer_degrees": 0.0,
            "valid_geolocation_points": 16384,
            "land_points": 0,
            "water_points": 16384,
            "land_fraction": 0.0,
            "water_fraction": 1.0,
            "valid_pixels_before_land_mask": 597529,
            "valid_pixels_after_land_mask": 597529,
            "pixels_masked_by_land": 0,
            "valid_water_fraction": 1.0,
            "land_skip_threshold": 0.99,
            "min_water_fraction": 0.01,
            "skip_land_tiles": true,
            "skipped": false,
            "reason": "water_candidate",
            "message": "CFAR restrito aos pixels de água."
          },
          "land_fraction": 0.0,
          "water_fraction": 1.0,
          "valid_water_fraction": 1.0,
          "land_mask_method": "natural_earth_land_point_mask",
          "wave_age": null,
          "wave_age_class": null,
          "wave_age_factor": 1.35,
          "wave_age_status": "fallback",
          "era5_time": null,
          "era5_lon": null,
          "era5_lat": null,
          "u10": null,
          "peak_wave_period": null,
          "friction_velocity": null,
          "phase_speed": null,
          "patch_label": "P033",
          "id": 33,
          "source": "cfar",
          "detection_method": "cfar"
        },
        "cfar_properties_list": [
          {
            "lat": -24.965132134979914,
            "lon": -46.41309754643279,
            "area_px": 11,
            "min_sigma0_dB": 2.630000114440918,
            "mean_sigma0_dB": 8.579999923706055,
            "max_sigma0_dB": 14.90999984741211,
            "threshold_cfar_dB": 1.95,
            "pixel_coords": {
              "row": 1005,
              "col": 1173,
              "row_resampled": 335,
              "col_resampled": 391
            },
            "bbox_pixel_coords": {
              "row_min": 999,
              "row_max": 1011,
              "col_min": 1167,
              "col_max": 1179
            },
            "global_pixel_coords": {
              "row": 4845,
              "col": 13013
            },
            "source_product": "S1D_IW_GRDH_1SDV_20260802T083050_20260802T083115_003944_007255_E28D",
            "source_arquivo_id": null,
            "patch_id": 32,
            "patch_name": "patch_0033_VV",
            "geotiff_name": "patch_0033_VV_sigma0_preproc.tif",
            "polarization": "VV",
            "input_scale": "linear",
            "georef_method": "snap_geolocation_grid",
            "geocoding_method": "geolocation_grid",
            "geolocation_grid_status": null,
            "snap_geolocation_grid_used": null,
            "raster_crs": "EPSG:4326",
            "raster_transform": [
              0.00011260467649425172,
              0.0,
              -46.573338681974235,
              0.0,
              -0.00012306709066932562,
              -24.721895396826923,
              0.0,
              0.0,
              1.0
            ],
            "core_bbox_pixels": {
              "x0": 12000,
              "y0": 4000,
              "x1": 14000,
              "y1": 6000
            },
            "processing_bbox_pixels": {
              "x0": 11840,
              "y0": 3840,
              "x1": 14160,
              "y1": 6160
            },
            "core_bounds_lonlat": {
              "west": -46.536273819395625,
              "south": -25.090575618775247,
              "east": -46.295110087947315,
              "north": -24.86769904866753
            },
            "processing_bounds_lonlat": {
              "west": -46.555598406090546,
              "south": -25.10841150296251,
              "east": -46.275826413189314,
              "north": -24.84984952129694
            },
            "halo_pixels": 160,
            "valid_bbox_fraction": 1.0,
            "artifact_aspect_ratio": 1.0,
            "land_mask_info": {
              "enabled": true,
              "applied": true,
              "status": "ok",
              "stage": "cfar_water_mask",
              "resampled_shape": [
                773,
                773
              ],
              "sample_shape": [
                128,
                128
              ],
              "sample_max_dim": 128,
              "available": true,
              "method": "natural_earth_land_point_mask",
              "bounds_lonlat": {
                "west": -46.536273819395625,
                "south": -25.090575618775247,
                "east": -46.295110087947315,
                "north": -24.86769904866753
              },
              "mask_path": "/content/sismom_colab_work_v2/sources/api/copernicus_meta_1-main/copernicus-platform/frontend/public/shapes/ne_10m_land/ne_10m_land.shp",
              "land_buffer_degrees": 0.0,
              "valid_geolocation_points": 16384,
              "land_points": 0,
              "water_points": 16384,
              "land_fraction": 0.0,
              "water_fraction": 1.0,
              "valid_pixels_before_land_mask": 597529,
              "valid_pixels_after_land_mask": 597529,
              "pixels_masked_by_land": 0,
              "valid_water_fraction": 1.0,
              "land_skip_threshold": 0.99,
              "min_water_fraction": 0.01,
              "skip_land_tiles": true,
              "skipped": false,
              "reason": "water_candidate",
              "message": "CFAR restrito aos pixels de água."
            },
            "land_fraction": 0.0,
            "water_fraction": 1.0,
            "valid_water_fraction": 1.0,
            "land_mask_method": "natural_earth_land_point_mask",
            "wave_age": null,
            "wave_age_class": null,
            "wave_age_factor": 1.35,
            "wave_age_status": "fallback",
            "era5_time": null,
            "era5_lon": null,
            "era5_lat": null,
            "u10": null,
            "peak_wave_period": null,
            "friction_velocity": null,
            "phase_speed": null,
            "patch_label": "P033",
            "id": 33,
            "source": "cfar",
            "detection_method": "cfar"
          }
        ],
        "yolo_properties": {
          "detection_method": "yolo8",
          "confidence": 0.8516031503677368,
          "class": "ship-1",
          "bbox_pixel": [
            13007.567749023438,
            4839.671722412109,
            13022.972534179688,
            4853.430328369141
          ],
          "bbox_geo": [
            -46.41415821347522,
            -24.965636894383692,
            -46.41237391533222,
            -24.964736473280965
          ],
          "model": "SAR-MULTI-1280p",
          "class_id": 0,
          "class_name": "ship-1",
          "tile_id": 227,
          "land_mask_checked": true,
          "center_is_water": true,
          "bbox_water_fraction": 1.0,
          "land_mask_method": "natural_earth_land_point_mask",
          "id": 8,
          "source": "yolo",
          "centroid_lon": -46.41331397044025,
          "centroid_lat": -24.965175291133544,
          "score": 0.8516031503677368,
          "patch_id": 32,
          "patch_label": "P033"
        }
      }
    },
    {
      "type": "Feature",
      "geometry": {
        "type": "Polygon",
        "coordinates": [
          [
            [
              -46.36556885741494,
              -25.63408021790657
            ],
            [
              -46.361987051225995,
              -25.63408021790657
            ],
            [
              -46.361987051225995,
              -25.63303373800257
            ],
            [
              -46.36556885741494,
              -25.63303373800257
            ],
            [
              -46.36556885741494,
              -25.63408021790657
            ]
          ]
        ]
      },
      "properties": {
        "id": 9,
        "target_id": "T0009",
        "source": "cfar_yolo",
        "detection_method": "cfar+yolo",
        "methods": [
          "cfar",
          "yolo"
        ],
        "fusion_status": "matched",
        "fusion_rule": "geometry_overlap",
        "cfar_id": 39,
        "cfar_ids": [
          39,
          40
        ],
        "cfar_fragment_count": 2,
        "yolo_id": 9,
        "cfar_patch_id": 70,
        "cfar_patch_ids": [
          70,
          70
        ],
        "yolo_patch_id": 70,
        "patch_id": 70,
        "patch_label": "P071",
        "yolo_confidence": 0.8347136974334717,
        "match_distance_m": 71.417,
        "match_distances_m": [
          71.417,
          117.899
        ],
        "nearest_match_distance_m": 71.417,
        "max_match_distance_m": 117.899,
        "geometries_overlap": true,
        "overlap_by_cfar": [
          true,
          true
        ],
        "display_geometry_source": "yolo",
        "cfar_properties": {
          "lat": -25.632999532663042,
          "lon": -46.364135130229144,
          "area_px": 11,
          "min_sigma0_dB": 1.2000000476837158,
          "mean_sigma0_dB": 5.150000095367432,
          "max_sigma0_dB": 13.180000305175781,
          "threshold_cfar_dB": 0.78,
          "pixel_coords": {
            "row": 1941,
            "col": 870,
            "row_resampled": 647,
            "col_resampled": 290
          },
          "bbox_pixel_coords": {
            "row_min": 1938,
            "row_max": 1944,
            "col_min": 861,
            "col_max": 879
          },
          "global_pixel_coords": {
            "row": 11781,
            "col": 10710
          },
          "source_product": "S1D_IW_GRDH_1SDV_20260802T083050_20260802T083115_003944_007255_E28D",
          "source_arquivo_id": null,
          "patch_id": 70,
          "patch_name": "patch_0071_VV",
          "geotiff_name": "patch_0071_VV_sigma0_preproc.tif",
          "polarization": "VV",
          "input_scale": "linear",
          "georef_method": "snap_geolocation_grid",
          "geocoding_method": "geolocation_grid",
          "geolocation_grid_status": null,
          "snap_geolocation_grid_used": null,
          "raster_crs": "EPSG:4326",
          "raster_transform": [
            0.00011260467649425172,
            0.0,
            -46.798548034962735,
            0.0,
            -0.00012306709066932562,
            -25.460297940842878,
            0.0,
            0.0,
            1.0
          ],
          "core_bbox_pixels": {
            "x0": 10000,
            "y0": 10000,
            "x1": 12000,
            "y1": 12000
          },
          "processing_bbox_pixels": {
            "x0": 9840,
            "y0": 9840,
            "x1": 12160,
            "y1": 12160
          },
          "core_bounds_lonlat": {
            "west": -46.493764929925284,
            "south": -25.668490455876743,
            "east": -46.2515033728322,
            "north": -25.445616079046378
          },
          "processing_bounds_lonlat": {
            "west": -46.51317958642649,
            "south": -25.686319117206647,
            "east": -46.232130376040494,
            "north": -25.427772657627077
          },
          "halo_pixels": 160,
          "valid_bbox_fraction": 1.0,
          "artifact_aspect_ratio": 2.3333,
          "land_mask_info": {
            "enabled": true,
            "applied": true,
            "status": "ok",
            "stage": "cfar_water_mask",
            "resampled_shape": [
              773,
              773
            ],
            "sample_shape": [
              128,
              128
            ],
            "sample_max_dim": 128,
            "available": true,
            "method": "natural_earth_land_point_mask",
            "bounds_lonlat": {
              "west": -46.493764929925284,
              "south": -25.668490455876743,
              "east": -46.2515033728322,
              "north": -25.445616079046378
            },
            "mask_path": "/content/sismom_colab_work_v2/sources/api/copernicus_meta_1-main/copernicus-platform/frontend/public/shapes/ne_10m_land/ne_10m_land.shp",
            "land_buffer_degrees": 0.0,
            "valid_geolocation_points": 16384,
            "land_points": 0,
            "water_points": 16384,
            "land_fraction": 0.0,
            "water_fraction": 1.0,
            "valid_pixels_before_land_mask": 597529,
            "valid_pixels_after_land_mask": 597529,
            "pixels_masked_by_land": 0,
            "valid_water_fraction": 1.0,
            "land_skip_threshold": 0.99,
            "min_water_fraction": 0.01,
            "skip_land_tiles": true,
            "skipped": false,
            "reason": "water_candidate",
            "message": "CFAR restrito aos pixels de água."
          },
          "land_fraction": 0.0,
          "water_fraction": 1.0,
          "valid_water_fraction": 1.0,
          "land_mask_method": "natural_earth_land_point_mask",
          "wave_age": null,
          "wave_age_class": null,
          "wave_age_factor": 1.35,
          "wave_age_status": "fallback",
          "era5_time": null,
          "era5_lon": null,
          "era5_lat": null,
          "u10": null,
          "peak_wave_period": null,
          "friction_velocity": null,
          "phase_speed": null,
          "patch_label": "P071",
          "id": 39,
          "source": "cfar",
          "detection_method": "cfar"
        },
        "cfar_properties_list": [
          {
            "lat": -25.632999532663042,
            "lon": -46.364135130229144,
            "area_px": 11,
            "min_sigma0_dB": 1.2000000476837158,
            "mean_sigma0_dB": 5.150000095367432,
            "max_sigma0_dB": 13.180000305175781,
            "threshold_cfar_dB": 0.78,
            "pixel_coords": {
              "row": 1941,
              "col": 870,
              "row_resampled": 647,
              "col_resampled": 290
            },
            "bbox_pixel_coords": {
              "row_min": 1938,
              "row_max": 1944,
              "col_min": 861,
              "col_max": 879
            },
            "global_pixel_coords": {
              "row": 11781,
              "col": 10710
            },
            "source_product": "S1D_IW_GRDH_1SDV_20260802T083050_20260802T083115_003944_007255_E28D",
            "source_arquivo_id": null,
            "patch_id": 70,
            "patch_name": "patch_0071_VV",
            "geotiff_name": "patch_0071_VV_sigma0_preproc.tif",
            "polarization": "VV",
            "input_scale": "linear",
            "georef_method": "snap_geolocation_grid",
            "geocoding_method": "geolocation_grid",
            "geolocation_grid_status": null,
            "snap_geolocation_grid_used": null,
            "raster_crs": "EPSG:4326",
            "raster_transform": [
              0.00011260467649425172,
              0.0,
              -46.798548034962735,
              0.0,
              -0.00012306709066932562,
              -25.460297940842878,
              0.0,
              0.0,
              1.0
            ],
            "core_bbox_pixels": {
              "x0": 10000,
              "y0": 10000,
              "x1": 12000,
              "y1": 12000
            },
            "processing_bbox_pixels": {
              "x0": 9840,
              "y0": 9840,
              "x1": 12160,
              "y1": 12160
            },
            "core_bounds_lonlat": {
              "west": -46.493764929925284,
              "south": -25.668490455876743,
              "east": -46.2515033728322,
              "north": -25.445616079046378
            },
            "processing_bounds_lonlat": {
              "west": -46.51317958642649,
              "south": -25.686319117206647,
              "east": -46.232130376040494,
              "north": -25.427772657627077
            },
            "halo_pixels": 160,
            "valid_bbox_fraction": 1.0,
            "artifact_aspect_ratio": 2.3333,
            "land_mask_info": {
              "enabled": true,
              "applied": true,
              "status": "ok",
              "stage": "cfar_water_mask",
              "resampled_shape": [
                773,
                773
              ],
              "sample_shape": [
                128,
                128
              ],
              "sample_max_dim": 128,
              "available": true,
              "method": "natural_earth_land_point_mask",
              "bounds_lonlat": {
                "west": -46.493764929925284,
                "south": -25.668490455876743,
                "east": -46.2515033728322,
                "north": -25.445616079046378
              },
              "mask_path": "/content/sismom_colab_work_v2/sources/api/copernicus_meta_1-main/copernicus-platform/frontend/public/shapes/ne_10m_land/ne_10m_land.shp",
              "land_buffer_degrees": 0.0,
              "valid_geolocation_points": 16384,
              "land_points": 0,
              "water_points": 16384,
              "land_fraction": 0.0,
              "water_fraction": 1.0,
              "valid_pixels_before_land_mask": 597529,
              "valid_pixels_after_land_mask": 597529,
              "pixels_masked_by_land": 0,
              "valid_water_fraction": 1.0,
              "land_skip_threshold": 0.99,
              "min_water_fraction": 0.01,
              "skip_land_tiles": true,
              "skipped": false,
              "reason": "water_candidate",
              "message": "CFAR restrito aos pixels de água."
            },
            "land_fraction": 0.0,
            "water_fraction": 1.0,
            "valid_water_fraction": 1.0,
            "land_mask_method": "natural_earth_land_point_mask",
            "wave_age": null,
            "wave_age_class": null,
            "wave_age_factor": 1.35,
            "wave_age_status": "fallback",
            "era5_time": null,
            "era5_lon": null,
            "era5_lat": null,
            "u10": null,
            "peak_wave_period": null,
            "friction_velocity": null,
            "phase_speed": null,
            "patch_label": "P071",
            "id": 39,
            "source": "cfar",
            "detection_method": "cfar"
          },
          {
            "lat": -25.634207745329515,
            "lon": -46.362624976858456,
            "area_px": 3,
            "min_sigma0_dB": 1.5299999713897705,
            "mean_sigma0_dB": 1.6799999475479126,
            "max_sigma0_dB": 1.9600000381469727,
            "threshold_cfar_dB": 0.91,
            "pixel_coords": {
              "row": 1950,
              "col": 852,
              "row_resampled": 650,
              "col_resampled": 284
            },
            "bbox_pixel_coords": {
              "row_min": 1947,
              "row_max": 1950,
              "col_min": 852,
              "col_max": 855
            },
            "global_pixel_coords": {
              "row": 11790,
              "col": 10692
            },
            "source_product": "S1D_IW_GRDH_1SDV_20260802T083050_20260802T083115_003944_007255_E28D",
            "source_arquivo_id": null,
            "patch_id": 70,
            "patch_name": "patch_0071_VV",
            "geotiff_name": "patch_0071_VV_sigma0_preproc.tif",
            "polarization": "VV",
            "input_scale": "linear",
            "georef_method": "snap_geolocation_grid",
            "geocoding_method": "geolocation_grid",
            "geolocation_grid_status": null,
            "snap_geolocation_grid_used": null,
            "raster_crs": "EPSG:4326",
            "raster_transform": [
              0.00011260467649425172,
              0.0,
              -46.798548034962735,
              0.0,
              -0.00012306709066932562,
              -25.460297940842878,
              0.0,
              0.0,
              1.0
            ],
            "core_bbox_pixels": {
              "x0": 10000,
              "y0": 10000,
              "x1": 12000,
              "y1": 12000
            },
            "processing_bbox_pixels": {
              "x0": 9840,
              "y0": 9840,
              "x1": 12160,
              "y1": 12160
            },
            "core_bounds_lonlat": {
              "west": -46.493764929925284,
              "south": -25.668490455876743,
              "east": -46.2515033728322,
              "north": -25.445616079046378
            },
            "processing_bounds_lonlat": {
              "west": -46.51317958642649,
              "south": -25.686319117206647,
              "east": -46.232130376040494,
              "north": -25.427772657627077
            },
            "halo_pixels": 160,
            "valid_bbox_fraction": 1.0,
            "artifact_aspect_ratio": 1.0,
            "land_mask_info": {
              "enabled": true,
              "applied": true,
              "status": "ok",
              "stage": "cfar_water_mask",
              "resampled_shape": [
                773,
                773
              ],
              "sample_shape": [
                128,
                128
              ],
              "sample_max_dim": 128,
              "available": true,
              "method": "natural_earth_land_point_mask",
              "bounds_lonlat": {
                "west": -46.493764929925284,
                "south": -25.668490455876743,
                "east": -46.2515033728322,
                "north": -25.445616079046378
              },
              "mask_path": "/content/sismom_colab_work_v2/sources/api/copernicus_meta_1-main/copernicus-platform/frontend/public/shapes/ne_10m_land/ne_10m_land.shp",
              "land_buffer_degrees": 0.0,
              "valid_geolocation_points": 16384,
              "land_points": 0,
              "water_points": 16384,
              "land_fraction": 0.0,
              "water_fraction": 1.0,
              "valid_pixels_before_land_mask": 597529,
              "valid_pixels_after_land_mask": 597529,
              "pixels_masked_by_land": 0,
              "valid_water_fraction": 1.0,
              "land_skip_threshold": 0.99,
              "min_water_fraction": 0.01,
              "skip_land_tiles": true,
              "skipped": false,
              "reason": "water_candidate",
              "message": "CFAR restrito aos pixels de água."
            },
            "land_fraction": 0.0,
            "water_fraction": 1.0,
            "valid_water_fraction": 1.0,
            "land_mask_method": "natural_earth_land_point_mask",
            "wave_age": null,
            "wave_age_class": null,
            "wave_age_factor": 1.35,
            "wave_age_status": "fallback",
            "era5_time": null,
            "era5_lon": null,
            "era5_lat": null,
            "u10": null,
            "peak_wave_period": null,
            "friction_velocity": null,
            "phase_speed": null,
            "patch_label": "P071",
            "id": 40,
            "source": "cfar",
            "detection_method": "cfar"
          }
        ],
        "yolo_properties": {
          "detection_method": "yolo8",
          "confidence": 0.8347136974334717,
          "class": "ship-1",
          "bbox_pixel": [
            10689.132537841797,
            11776.412658691406,
            10721.35009765625,
            11796.551025390625
          ],
          "bbox_geo": [
            -46.36556885741494,
            -25.63408021790657,
            -46.361987051225995,
            -25.63303373800257
          ],
          "model": "SAR-MULTI-1280p",
          "class_id": 0,
          "class_name": "ship-1",
          "tile_id": 539,
          "land_mask_checked": true,
          "center_is_water": true,
          "bbox_water_fraction": 1.0,
          "land_mask_method": "natural_earth_land_point_mask",
          "id": 9,
          "source": "yolo",
          "centroid_lon": -46.36377794342608,
          "centroid_lat": -25.63355698090499,
          "score": 0.8347136974334717,
          "patch_id": 70,
          "patch_label": "P071"
        }
      }
    },
    {
      "type": "Feature",
      "geometry": {
        "type": "Polygon",
        "coordinates": [
          [
            [
              -45.82794332518213,
              -24.845662543023476
            ],
            [
              -45.82530291339144,
              -24.845662543023476
            ],
            [
              -45.82530291339144,
              -24.845332985916016
            ],
            [
              -45.82794332518213,
              -24.845332985916016
            ],
            [
              -45.82794332518213,
              -24.845662543023476
            ]
          ]
        ]
      },
      "properties": {
        "id": 10,
        "target_id": "T0010",
        "source": "cfar_yolo",
        "detection_method": "cfar+yolo",
        "methods": [
          "cfar",
          "yolo"
        ],
        "fusion_status": "matched",
        "fusion_rule": "geometry_overlap",
        "cfar_id": 19,
        "cfar_ids": [
          19
        ],
        "cfar_fragment_count": 1,
        "yolo_id": 10,
        "cfar_patch_id": 16,
        "cfar_patch_ids": [
          16
        ],
        "yolo_patch_id": 3,
        "patch_id": 3,
        "patch_label": "P004",
        "yolo_confidence": 0.8263469934463501,
        "match_distance_m": 25.171,
        "match_distances_m": [
          25.171
        ],
        "nearest_match_distance_m": 25.171,
        "max_match_distance_m": 25.171,
        "geometries_overlap": true,
        "overlap_by_cfar": [
          true
        ],
        "display_geometry_source": "yolo",
        "cfar_properties": {
          "lat": -24.84577500224527,
          "lon": -45.82664802485735,
          "area_px": 16,
          "min_sigma0_dB": -9.289999961853027,
          "mean_sigma0_dB": -2.25,
          "max_sigma0_dB": 10.149999618530273,
          "threshold_cfar_dB": -9.65,
          "pixel_coords": {
            "row": 282,
            "col": 1752,
            "row_resampled": 94,
            "col_resampled": 584
          },
          "bbox_pixel_coords": {
            "row_min": 276,
            "row_max": 285,
            "col_min": 1740,
            "col_max": 1761
          },
          "global_pixel_coords": {
            "row": 2122,
            "col": 7592
          },
          "source_product": "S1D_IW_GRDH_1SDV_20260802T083050_20260802T083115_003944_007255_E28D",
          "source_arquivo_id": null,
          "patch_id": 16,
          "patch_name": "patch_0017_VV",
          "geotiff_name": "patch_0017_VV_sigma0_preproc.tif",
          "polarization": "VV",
          "input_scale": "linear",
          "georef_method": "snap_geolocation_grid",
          "geocoding_method": "geolocation_grid",
          "geolocation_grid_status": null,
          "snap_geolocation_grid_used": null,
          "raster_crs": "EPSG:4326",
          "raster_transform": [
            0.00011260467649425172,
            0.0,
            -47.24896674093974,
            0.0,
            -0.00012306709066932562,
            -24.475761215488273,
            0.0,
            0.0,
            1.0
          ],
          "core_bbox_pixels": {
            "x0": 6000,
            "y0": 2000,
            "x1": 8000,
            "y1": 4000
          },
          "processing_bbox_pixels": {
            "x0": 5840,
            "y0": 1840,
            "x1": 8160,
            "y1": 4160
          },
          "core_bounds_lonlat": {
            "west": -45.91146010638854,
            "south": -25.048125129174572,
            "east": -45.67105007572055,
            "north": -24.82581180219913
          },
          "processing_bounds_lonlat": {
            "west": -45.930727309898856,
            "south": -25.06591076797302,
            "east": -45.6518261329335,
            "north": -24.808011000215746
          },
          "halo_pixels": 160,
          "valid_bbox_fraction": 1.0,
          "artifact_aspect_ratio": 2.0,
          "land_mask_info": {
            "enabled": true,
            "applied": true,
            "status": "ok",
            "stage": "cfar_water_mask",
            "resampled_shape": [
              773,
              773
            ],
            "sample_shape": [
              128,
              128
            ],
            "sample_max_dim": 128,
            "available": true,
            "method": "natural_earth_land_point_mask",
            "bounds_lonlat": {
              "west": -45.91146010638854,
              "south": -25.048125129174572,
              "east": -45.67105007572055,
              "north": -24.82581180219913
            },
            "mask_path": "/content/sismom_colab_work_v2/sources/api/copernicus_meta_1-main/copernicus-platform/frontend/public/shapes/ne_10m_land/ne_10m_land.shp",
            "land_buffer_degrees": 0.0,
            "valid_geolocation_points": 16384,
            "land_points": 0,
            "water_points": 16384,
            "land_fraction": 0.0,
            "water_fraction": 1.0,
            "valid_pixels_before_land_mask": 597529,
            "valid_pixels_after_land_mask": 597529,
            "pixels_masked_by_land": 0,
            "valid_water_fraction": 1.0,
            "land_skip_threshold": 0.99,
            "min_water_fraction": 0.01,
            "skip_land_tiles": true,
            "skipped": false,
            "reason": "water_candidate",
            "message": "CFAR restrito aos pixels de água."
          },
          "land_fraction": 0.0,
          "water_fraction": 1.0,
          "valid_water_fraction": 1.0,
          "land_mask_method": "natural_earth_land_point_mask",
          "wave_age": null,
          "wave_age_class": null,
          "wave_age_factor": 1.35,
          "wave_age_status": "fallback",
          "era5_time": null,
          "era5_lon": null,
          "era5_lat": null,
          "u10": null,
          "peak_wave_period": null,
          "friction_velocity": null,
          "phase_speed": null,
          "patch_label": "P017",
          "id": 19,
          "source": "cfar",
          "detection_method": "cfar"
        },
        "cfar_properties_list": [
          {
            "lat": -24.84577500224527,
            "lon": -45.82664802485735,
            "area_px": 16,
            "min_sigma0_dB": -9.289999961853027,
            "mean_sigma0_dB": -2.25,
            "max_sigma0_dB": 10.149999618530273,
            "threshold_cfar_dB": -9.65,
            "pixel_coords": {
              "row": 282,
              "col": 1752,
              "row_resampled": 94,
              "col_resampled": 584
            },
            "bbox_pixel_coords": {
              "row_min": 276,
              "row_max": 285,
              "col_min": 1740,
              "col_max": 1761
            },
            "global_pixel_coords": {
              "row": 2122,
              "col": 7592
            },
            "source_product": "S1D_IW_GRDH_1SDV_20260802T083050_20260802T083115_003944_007255_E28D",
            "source_arquivo_id": null,
            "patch_id": 16,
            "patch_name": "patch_0017_VV",
            "geotiff_name": "patch_0017_VV_sigma0_preproc.tif",
            "polarization": "VV",
            "input_scale": "linear",
            "georef_method": "snap_geolocation_grid",
            "geocoding_method": "geolocation_grid",
            "geolocation_grid_status": null,
            "snap_geolocation_grid_used": null,
            "raster_crs": "EPSG:4326",
            "raster_transform": [
              0.00011260467649425172,
              0.0,
              -47.24896674093974,
              0.0,
              -0.00012306709066932562,
              -24.475761215488273,
              0.0,
              0.0,
              1.0
            ],
            "core_bbox_pixels": {
              "x0": 6000,
              "y0": 2000,
              "x1": 8000,
              "y1": 4000
            },
            "processing_bbox_pixels": {
              "x0": 5840,
              "y0": 1840,
              "x1": 8160,
              "y1": 4160
            },
            "core_bounds_lonlat": {
              "west": -45.91146010638854,
              "south": -25.048125129174572,
              "east": -45.67105007572055,
              "north": -24.82581180219913
            },
            "processing_bounds_lonlat": {
              "west": -45.930727309898856,
              "south": -25.06591076797302,
              "east": -45.6518261329335,
              "north": -24.808011000215746
            },
            "halo_pixels": 160,
            "valid_bbox_fraction": 1.0,
            "artifact_aspect_ratio": 2.0,
            "land_mask_info": {
              "enabled": true,
              "applied": true,
              "status": "ok",
              "stage": "cfar_water_mask",
              "resampled_shape": [
                773,
                773
              ],
              "sample_shape": [
                128,
                128
              ],
              "sample_max_dim": 128,
              "available": true,
              "method": "natural_earth_land_point_mask",
              "bounds_lonlat": {
                "west": -45.91146010638854,
                "south": -25.048125129174572,
                "east": -45.67105007572055,
                "north": -24.82581180219913
              },
              "mask_path": "/content/sismom_colab_work_v2/sources/api/copernicus_meta_1-main/copernicus-platform/frontend/public/shapes/ne_10m_land/ne_10m_land.shp",
              "land_buffer_degrees": 0.0,
              "valid_geolocation_points": 16384,
              "land_points": 0,
              "water_points": 16384,
              "land_fraction": 0.0,
              "water_fraction": 1.0,
              "valid_pixels_before_land_mask": 597529,
              "valid_pixels_after_land_mask": 597529,
              "pixels_masked_by_land": 0,
              "valid_water_fraction": 1.0,
              "land_skip_threshold": 0.99,
              "min_water_fraction": 0.01,
              "skip_land_tiles": true,
              "skipped": false,
              "reason": "water_candidate",
              "message": "CFAR restrito aos pixels de água."
            },
            "land_fraction": 0.0,
            "water_fraction": 1.0,
            "valid_water_fraction": 1.0,
            "land_mask_method": "natural_earth_land_point_mask",
            "wave_age": null,
            "wave_age_class": null,
            "wave_age_factor": 1.35,
            "wave_age_status": "fallback",
            "era5_time": null,
            "era5_lon": null,
            "era5_lat": null,
            "u10": null,
            "peak_wave_period": null,
            "friction_velocity": null,
            "phase_speed": null,
            "patch_label": "P017",
            "id": 19,
            "source": "cfar",
            "detection_method": "cfar"
          }
        ],
        "yolo_properties": {
          "detection_method": "yolo8",
          "confidence": 0.8263469934463501,
          "class": "ship-1",
          "bbox_pixel": [
            7580.139266967773,
            2114.6371459960938,
            7605.304046630859,
            2124.7052001953125
          ],
          "bbox_geo": [
            -45.82794332518213,
            -24.845662543023476,
            -45.82530291339144,
            -24.845332985916016
          ],
          "model": "SAR-MULTI-1280p",
          "class_id": 0,
          "class_name": "ship-1",
          "tile_id": 80,
          "land_mask_checked": true,
          "center_is_water": true,
          "bbox_water_fraction": 1.0,
          "land_mask_method": "natural_earth_land_point_mask",
          "id": 10,
          "source": "yolo",
          "centroid_lon": -45.82657518134826,
          "centroid_lat": -24.84550894154483,
          "score": 0.8263469934463501,
          "patch_id": 3,
          "patch_label": "P004"
        }
      }
    },
    {
      "type": "Feature",
      "geometry": {
        "type": "Polygon",
        "coordinates": [
          [
            [
              -46.58055860964536,
              -24.791321116209158
            ],
            [
              -46.57908367046761,
              -24.791321116209158
            ],
            [
              -46.57908367046761,
              -24.790064407501124
            ],
            [
              -46.58055860964536,
              -24.790064407501124
            ],
            [
              -46.58055860964536,
              -24.791321116209158
            ]
          ]
        ]
      },
      "properties": {
        "id": 11,
        "target_id": "T0011",
        "source": "cfar_yolo",
        "detection_method": "cfar+yolo",
        "methods": [
          "cfar",
          "yolo"
        ],
        "fusion_status": "matched",
        "fusion_rule": "geometry_overlap",
        "cfar_id": 23,
        "cfar_ids": [
          23
        ],
        "cfar_fragment_count": 1,
        "yolo_id": 11,
        "cfar_patch_id": 20,
        "cfar_patch_ids": [
          20
        ],
        "yolo_patch_id": 20,
        "patch_id": 20,
        "patch_label": "P021",
        "yolo_confidence": 0.818993091583252,
        "match_distance_m": 43.307,
        "match_distances_m": [
          43.307
        ],
        "nearest_match_distance_m": 43.307,
        "max_match_distance_m": 43.307,
        "geometries_overlap": true,
        "overlap_by_cfar": [
          true
        ],
        "display_geometry_source": "yolo",
        "cfar_properties": {
          "lat": -24.790439402305893,
          "lon": -46.57949495989799,
          "area_px": 13,
          "min_sigma0_dB": -7.670000076293945,
          "mean_sigma0_dB": 2.940000057220459,
          "max_sigma0_dB": 15.029999732971191,
          "threshold_cfar_dB": -7.85,
          "pixel_coords": {
            "row": 1578,
            "col": 1281,
            "row_resampled": 526,
            "col_resampled": 427
          },
          "bbox_pixel_coords": {
            "row_min": 1569,
            "row_max": 1587,
            "col_min": 1278,
            "col_max": 1284
          },
          "global_pixel_coords": {
            "row": 3418,
            "col": 15121
          },
          "source_product": "S1D_IW_GRDH_1SDV_20260802T083050_20260802T083115_003944_007255_E28D",
          "source_arquivo_id": null,
          "patch_id": 20,
          "patch_name": "patch_0021_VV",
          "geotiff_name": "patch_0021_VV_sigma0_preproc.tif",
          "polarization": "VV",
          "input_scale": "linear",
          "georef_method": "snap_geolocation_grid",
          "geocoding_method": "geolocation_grid",
          "geolocation_grid_status": null,
          "snap_geolocation_grid_used": null,
          "raster_crs": "EPSG:4326",
          "raster_transform": [
            0.00011260467649425172,
            0.0,
            -46.34812932898573,
            0.0,
            -0.00012306709066932562,
            -24.475761215488273,
            0.0,
            0.0,
            1.0
          ],
          "core_bbox_pixels": {
            "x0": 14000,
            "y0": 2000,
            "x1": 16000,
            "y1": 4000
          },
          "processing_bbox_pixels": {
            "x0": 13840,
            "y0": 1840,
            "x1": 16160,
            "y1": 4160
          },
          "core_bounds_lonlat": {
            "west": -46.677959304239046,
            "south": -24.867587486189482,
            "east": -46.43709629535212,
            "north": -24.644571413245455
          },
          "processing_bounds_lonlat": {
            "west": -46.69726530542976,
            "south": -24.88542814334563,
            "east": -46.41783496910006,
            "north": -24.626719526464132
          },
          "halo_pixels": 160,
          "valid_bbox_fraction": 1.0,
          "artifact_aspect_ratio": 2.3333,
          "land_mask_info": {
            "enabled": true,
            "applied": true,
            "status": "ok",
            "stage": "cfar_water_mask",
            "resampled_shape": [
              773,
              773
            ],
            "sample_shape": [
              128,
              128
            ],
            "sample_max_dim": 128,
            "available": true,
            "method": "natural_earth_land_point_mask",
            "bounds_lonlat": {
              "west": -46.677959304239046,
              "south": -24.867587486189482,
              "east": -46.43709629535212,
              "north": -24.644571413245455
            },
            "mask_path": "/content/sismom_colab_work_v2/sources/api/copernicus_meta_1-main/copernicus-platform/frontend/public/shapes/ne_10m_land/ne_10m_land.shp",
            "land_buffer_degrees": 0.0,
            "valid_geolocation_points": 16384,
            "land_points": 0,
            "water_points": 16384,
            "land_fraction": 0.0,
            "water_fraction": 1.0,
            "valid_pixels_before_land_mask": 597529,
            "valid_pixels_after_land_mask": 597529,
            "pixels_masked_by_land": 0,
            "valid_water_fraction": 1.0,
            "land_skip_threshold": 0.99,
            "min_water_fraction": 0.01,
            "skip_land_tiles": true,
            "skipped": false,
            "reason": "water_candidate",
            "message": "CFAR restrito aos pixels de água."
          },
          "land_fraction": 0.0,
          "water_fraction": 1.0,
          "valid_water_fraction": 1.0,
          "land_mask_method": "natural_earth_land_point_mask",
          "wave_age": null,
          "wave_age_class": null,
          "wave_age_factor": 1.35,
          "wave_age_status": "fallback",
          "era5_time": null,
          "era5_lon": null,
          "era5_lat": null,
          "u10": null,
          "peak_wave_period": null,
          "friction_velocity": null,
          "phase_speed": null,
          "patch_label": "P021",
          "id": 23,
          "source": "cfar",
          "detection_method": "cfar"
        },
        "cfar_properties_list": [
          {
            "lat": -24.790439402305893,
            "lon": -46.57949495989799,
            "area_px": 13,
            "min_sigma0_dB": -7.670000076293945,
            "mean_sigma0_dB": 2.940000057220459,
            "max_sigma0_dB": 15.029999732971191,
            "threshold_cfar_dB": -7.85,
            "pixel_coords": {
              "row": 1578,
              "col": 1281,
              "row_resampled": 526,
              "col_resampled": 427
            },
            "bbox_pixel_coords": {
              "row_min": 1569,
              "row_max": 1587,
              "col_min": 1278,
              "col_max": 1284
            },
            "global_pixel_coords": {
              "row": 3418,
              "col": 15121
            },
            "source_product": "S1D_IW_GRDH_1SDV_20260802T083050_20260802T083115_003944_007255_E28D",
            "source_arquivo_id": null,
            "patch_id": 20,
            "patch_name": "patch_0021_VV",
            "geotiff_name": "patch_0021_VV_sigma0_preproc.tif",
            "polarization": "VV",
            "input_scale": "linear",
            "georef_method": "snap_geolocation_grid",
            "geocoding_method": "geolocation_grid",
            "geolocation_grid_status": null,
            "snap_geolocation_grid_used": null,
            "raster_crs": "EPSG:4326",
            "raster_transform": [
              0.00011260467649425172,
              0.0,
              -46.34812932898573,
              0.0,
              -0.00012306709066932562,
              -24.475761215488273,
              0.0,
              0.0,
              1.0
            ],
            "core_bbox_pixels": {
              "x0": 14000,
              "y0": 2000,
              "x1": 16000,
              "y1": 4000
            },
            "processing_bbox_pixels": {
              "x0": 13840,
              "y0": 1840,
              "x1": 16160,
              "y1": 4160
            },
            "core_bounds_lonlat": {
              "west": -46.677959304239046,
              "south": -24.867587486189482,
              "east": -46.43709629535212,
              "north": -24.644571413245455
            },
            "processing_bounds_lonlat": {
              "west": -46.69726530542976,
              "south": -24.88542814334563,
              "east": -46.41783496910006,
              "north": -24.626719526464132
            },
            "halo_pixels": 160,
            "valid_bbox_fraction": 1.0,
            "artifact_aspect_ratio": 2.3333,
            "land_mask_info": {
              "enabled": true,
              "applied": true,
              "status": "ok",
              "stage": "cfar_water_mask",
              "resampled_shape": [
                773,
                773
              ],
              "sample_shape": [
                128,
                128
              ],
              "sample_max_dim": 128,
              "available": true,
              "method": "natural_earth_land_point_mask",
              "bounds_lonlat": {
                "west": -46.677959304239046,
                "south": -24.867587486189482,
                "east": -46.43709629535212,
                "north": -24.644571413245455
              },
              "mask_path": "/content/sismom_colab_work_v2/sources/api/copernicus_meta_1-main/copernicus-platform/frontend/public/shapes/ne_10m_land/ne_10m_land.shp",
              "land_buffer_degrees": 0.0,
              "valid_geolocation_points": 16384,
              "land_points": 0,
              "water_points": 16384,
              "land_fraction": 0.0,
              "water_fraction": 1.0,
              "valid_pixels_before_land_mask": 597529,
              "valid_pixels_after_land_mask": 597529,
              "pixels_masked_by_land": 0,
              "valid_water_fraction": 1.0,
              "land_skip_threshold": 0.99,
              "min_water_fraction": 0.01,
              "skip_land_tiles": true,
              "skipped": false,
              "reason": "water_candidate",
              "message": "CFAR restrito aos pixels de água."
            },
            "land_fraction": 0.0,
            "water_fraction": 1.0,
            "valid_water_fraction": 1.0,
            "land_mask_method": "natural_earth_land_point_mask",
            "wave_age": null,
            "wave_age_class": null,
            "wave_age_factor": 1.35,
            "wave_age_status": "fallback",
            "era5_time": null,
            "era5_lon": null,
            "era5_lat": null,
            "u10": null,
            "peak_wave_period": null,
            "friction_velocity": null,
            "phase_speed": null,
            "patch_label": "P021",
            "id": 23,
            "source": "cfar",
            "detection_method": "cfar"
          }
        ],
        "yolo_properties": {
          "detection_method": "yolo8",
          "confidence": 0.818993091583252,
          "class": "ship-1",
          "bbox_pixel": [
            15118.80224609375,
            3413.7804565429688,
            15129.251190185547,
            3430.8038024902344
          ],
          "bbox_geo": [
            -46.58055860964536,
            -24.791321116209158,
            -46.57908367046761,
            -24.790064407501124
          ],
          "model": "SAR-MULTI-1280p",
          "class_id": 0,
          "class_name": "ship-1",
          "tile_id": 160,
          "land_mask_checked": true,
          "center_is_water": true,
          "bbox_water_fraction": 1.0,
          "land_mask_method": "natural_earth_land_point_mask",
          "id": 11,
          "source": "yolo",
          "centroid_lon": -46.57988140311557,
          "centroid_lat": -24.790725694371716,
          "score": 0.818993091583252,
          "patch_id": 20,
          "patch_label": "P021"
        }
      }
    },
    {
      "type": "Feature",
      "geometry": {
        "type": "Polygon",
        "coordinates": [
          [
            [
              -45.82942151156225,
              -25.67250488113594
            ],
            [
              -45.82782125791836,
              -25.67250488113594
            ],
            [
              -45.82782125791836,
              -25.670797103783734
            ],
            [
              -45.82942151156225,
              -25.670797103783734
            ],
            [
              -45.82942151156225,
              -25.67250488113594
            ]
          ]
        ]
      },
      "properties": {
        "id": 12,
        "target_id": "T0012",
        "source": "cfar_yolo",
        "detection_method": "cfar+yolo",
        "methods": [
          "cfar",
          "yolo"
        ],
        "fusion_status": "matched",
        "fusion_rule": "geometry_overlap",
        "cfar_id": 38,
        "cfar_ids": [
          38
        ],
        "cfar_fragment_count": 1,
        "yolo_id": 12,
        "cfar_patch_id": 67,
        "cfar_patch_ids": [
          67
        ],
        "yolo_patch_id": 67,
        "patch_id": 67,
        "patch_label": "P068",
        "yolo_confidence": 0.7899757623672485,
        "match_distance_m": 32.201,
        "match_distances_m": [
          32.201
        ],
        "nearest_match_distance_m": 32.201,
        "max_match_distance_m": 32.201,
        "geometries_overlap": true,
        "overlap_by_cfar": [
          true
        ],
        "display_geometry_source": "yolo",
        "cfar_properties": {
          "lat": -25.671374115919356,
          "lon": -45.82818570307513,
          "area_px": 12,
          "min_sigma0_dB": -3.7100000381469727,
          "mean_sigma0_dB": 1.7799999713897705,
          "max_sigma0_dB": 7.409999847412109,
          "threshold_cfar_dB": -5.9,
          "pixel_coords": {
            "row": 1020,
            "col": 1548,
            "row_resampled": 340,
            "col_resampled": 516
          },
          "bbox_pixel_coords": {
            "row_min": 1011,
            "row_max": 1032,
            "col_min": 1545,
            "col_max": 1554
          },
          "global_pixel_coords": {
            "row": 10860,
            "col": 5388
          },
          "source_product": "S1D_IW_GRDH_1SDV_20260802T083050_20260802T083115_003944_007255_E28D",
          "source_arquivo_id": null,
          "patch_id": 67,
          "patch_name": "patch_0068_VV",
          "geotiff_name": "patch_0068_VV_sigma0_preproc.tif",
          "polarization": "VV",
          "input_scale": "linear",
          "georef_method": "snap_geolocation_grid",
          "geocoding_method": "geolocation_grid",
          "geolocation_grid_status": null,
          "snap_geolocation_grid_used": null,
          "raster_crs": "EPSG:4326",
          "raster_transform": [
            0.00011260467649425172,
            0.0,
            -47.47417609392825,
            0.0,
            -0.00012306709066932562,
            -25.460297940842878,
            0.0,
            0.0,
            1.0
          ],
          "core_bbox_pixels": {
            "x0": 4000,
            "y0": 10000,
            "x1": 6000,
            "y1": 12000
          },
          "processing_bbox_pixels": {
            "x0": 3840,
            "y0": 9840,
            "x1": 6160,
            "y1": 12160
          },
          "core_bounds_lonlat": {
            "west": -45.915136692540045,
            "south": -25.80360782157258,
            "east": -45.673232766418536,
            "north": -25.58128634852173
          },
          "processing_bounds_lonlat": {
            "west": -45.93452482945809,
            "south": -25.821401299815445,
            "east": -45.65389504079203,
            "north": -25.56348990542323
          },
          "halo_pixels": 160,
          "valid_bbox_fraction": 1.0,
          "artifact_aspect_ratio": 2.0,
          "land_mask_info": {
            "enabled": true,
            "applied": true,
            "status": "ok",
            "stage": "cfar_water_mask",
            "resampled_shape": [
              773,
              773
            ],
            "sample_shape": [
              128,
              128
            ],
            "sample_max_dim": 128,
            "available": true,
            "method": "natural_earth_land_point_mask",
            "bounds_lonlat": {
              "west": -45.915136692540045,
              "south": -25.80360782157258,
              "east": -45.673232766418536,
              "north": -25.58128634852173
            },
            "mask_path": "/content/sismom_colab_work_v2/sources/api/copernicus_meta_1-main/copernicus-platform/frontend/public/shapes/ne_10m_land/ne_10m_land.shp",
            "land_buffer_degrees": 0.0,
            "valid_geolocation_points": 16384,
            "land_points": 0,
            "water_points": 16384,
            "land_fraction": 0.0,
            "water_fraction": 1.0,
            "valid_pixels_before_land_mask": 597529,
            "valid_pixels_after_land_mask": 597529,
            "pixels_masked_by_land": 0,
            "valid_water_fraction": 1.0,
            "land_skip_threshold": 0.99,
            "min_water_fraction": 0.01,
            "skip_land_tiles": true,
            "skipped": false,
            "reason": "water_candidate",
            "message": "CFAR restrito aos pixels de água."
          },
          "land_fraction": 0.0,
          "water_fraction": 1.0,
          "valid_water_fraction": 1.0,
          "land_mask_method": "natural_earth_land_point_mask",
          "wave_age": null,
          "wave_age_class": null,
          "wave_age_factor": 1.35,
          "wave_age_status": "fallback",
          "era5_time": null,
          "era5_lon": null,
          "era5_lat": null,
          "u10": null,
          "peak_wave_period": null,
          "friction_velocity": null,
          "phase_speed": null,
          "patch_label": "P068",
          "id": 38,
          "source": "cfar",
          "detection_method": "cfar"
        },
        "cfar_properties_list": [
          {
            "lat": -25.671374115919356,
            "lon": -45.82818570307513,
            "area_px": 12,
            "min_sigma0_dB": -3.7100000381469727,
            "mean_sigma0_dB": 1.7799999713897705,
            "max_sigma0_dB": 7.409999847412109,
            "threshold_cfar_dB": -5.9,
            "pixel_coords": {
              "row": 1020,
              "col": 1548,
              "row_resampled": 340,
              "col_resampled": 516
            },
            "bbox_pixel_coords": {
              "row_min": 1011,
              "row_max": 1032,
              "col_min": 1545,
              "col_max": 1554
            },
            "global_pixel_coords": {
              "row": 10860,
              "col": 5388
            },
            "source_product": "S1D_IW_GRDH_1SDV_20260802T083050_20260802T083115_003944_007255_E28D",
            "source_arquivo_id": null,
            "patch_id": 67,
            "patch_name": "patch_0068_VV",
            "geotiff_name": "patch_0068_VV_sigma0_preproc.tif",
            "polarization": "VV",
            "input_scale": "linear",
            "georef_method": "snap_geolocation_grid",
            "geocoding_method": "geolocation_grid",
            "geolocation_grid_status": null,
            "snap_geolocation_grid_used": null,
            "raster_crs": "EPSG:4326",
            "raster_transform": [
              0.00011260467649425172,
              0.0,
              -47.47417609392825,
              0.0,
              -0.00012306709066932562,
              -25.460297940842878,
              0.0,
              0.0,
              1.0
            ],
            "core_bbox_pixels": {
              "x0": 4000,
              "y0": 10000,
              "x1": 6000,
              "y1": 12000
            },
            "processing_bbox_pixels": {
              "x0": 3840,
              "y0": 9840,
              "x1": 6160,
              "y1": 12160
            },
            "core_bounds_lonlat": {
              "west": -45.915136692540045,
              "south": -25.80360782157258,
              "east": -45.673232766418536,
              "north": -25.58128634852173
            },
            "processing_bounds_lonlat": {
              "west": -45.93452482945809,
              "south": -25.821401299815445,
              "east": -45.65389504079203,
              "north": -25.56348990542323
            },
            "halo_pixels": 160,
            "valid_bbox_fraction": 1.0,
            "artifact_aspect_ratio": 2.0,
            "land_mask_info": {
              "enabled": true,
              "applied": true,
              "status": "ok",
              "stage": "cfar_water_mask",
              "resampled_shape": [
                773,
                773
              ],
              "sample_shape": [
                128,
                128
              ],
              "sample_max_dim": 128,
              "available": true,
              "method": "natural_earth_land_point_mask",
              "bounds_lonlat": {
                "west": -45.915136692540045,
                "south": -25.80360782157258,
                "east": -45.673232766418536,
                "north": -25.58128634852173
              },
              "mask_path": "/content/sismom_colab_work_v2/sources/api/copernicus_meta_1-main/copernicus-platform/frontend/public/shapes/ne_10m_land/ne_10m_land.shp",
              "land_buffer_degrees": 0.0,
              "valid_geolocation_points": 16384,
              "land_points": 0,
              "water_points": 16384,
              "land_fraction": 0.0,
              "water_fraction": 1.0,
              "valid_pixels_before_land_mask": 597529,
              "valid_pixels_after_land_mask": 597529,
              "pixels_masked_by_land": 0,
              "valid_water_fraction": 1.0,
              "land_skip_threshold": 0.99,
              "min_water_fraction": 0.01,
              "skip_land_tiles": true,
              "skipped": false,
              "reason": "water_candidate",
              "message": "CFAR restrito aos pixels de água."
            },
            "land_fraction": 0.0,
            "water_fraction": 1.0,
            "valid_water_fraction": 1.0,
            "land_mask_method": "natural_earth_land_point_mask",
            "wave_age": null,
            "wave_age_class": null,
            "wave_age_factor": 1.35,
            "wave_age_status": "fallback",
            "era5_time": null,
            "era5_lon": null,
            "era5_lat": null,
            "u10": null,
            "peak_wave_period": null,
            "friction_velocity": null,
            "phase_speed": null,
            "patch_label": "P068",
            "id": 38,
            "source": "cfar",
            "detection_method": "cfar"
          }
        ],
        "yolo_properties": {
          "detection_method": "yolo8",
          "confidence": 0.7899757623672485,
          "class": "ship-1",
          "bbox_pixel": [
            5386.964797973633,
            10853.221618652344,
            5397.524475097656,
            10875.535034179688
          ],
          "bbox_geo": [
            -45.82942151156225,
            -25.67250488113594,
            -45.82782125791836,
            -25.670797103783734
          ],
          "model": "SAR-MULTI-1280p",
          "class_id": 0,
          "class_name": "ship-1",
          "tile_id": 497,
          "land_mask_checked": true,
          "center_is_water": true,
          "bbox_water_fraction": 1.0,
          "land_mask_method": "natural_earth_land_point_mask",
          "id": 12,
          "source": "yolo",
          "centroid_lon": -45.82866962184611,
          "centroid_lat": -25.671639784200934,
          "score": 0.7899757623672485,
          "patch_id": 67,
          "patch_label": "P068"
        }
      }
    },
    {
      "type": "Feature",
      "geometry": {
        "type": "Polygon",
        "coordinates": [
          [
            [
              -47.56727905119402,
              -25.59837000662705
            ],
            [
              -47.56564314070806,
              -25.59837000662705
            ],
            [
              -47.56564314070806,
              -25.597348459777788
            ],
            [
              -47.56727905119402,
              -25.597348459777788
            ],
            [
              -47.56727905119402,
              -25.59837000662705
            ]
          ]
        ]
      },
      "properties": {
        "id": 13,
        "target_id": "T0013",
        "source": "cfar_yolo",
        "detection_method": "cfar+yolo",
        "methods": [
          "cfar",
          "yolo"
        ],
        "fusion_status": "matched",
        "fusion_rule": "geometry_overlap",
        "cfar_id": 44,
        "cfar_ids": [
          44
        ],
        "cfar_fragment_count": 1,
        "yolo_id": 13,
        "cfar_patch_id": 102,
        "cfar_patch_ids": [
          102
        ],
        "yolo_patch_id": 102,
        "patch_id": 102,
        "patch_label": "P103",
        "yolo_confidence": 0.7761591672897339,
        "match_distance_m": 25.809,
        "match_distances_m": [
          25.809
        ],
        "nearest_match_distance_m": 25.809,
        "max_match_distance_m": 25.809,
        "geometries_overlap": true,
        "overlap_by_cfar": [
          true
        ],
        "display_geometry_source": "yolo",
        "cfar_properties": {
          "lat": -25.59764976429935,
          "lon": -47.56634862899975,
          "area_px": 11,
          "min_sigma0_dB": -9.880000114440918,
          "mean_sigma0_dB": -1.6200000047683716,
          "max_sigma0_dB": 12.279999732971191,
          "threshold_cfar_dB": -13.37,
          "pixel_coords": {
            "row": 621,
            "col": 657,
            "row_resampled": 207,
            "col_resampled": 219
          },
          "bbox_pixel_coords": {
            "row_min": 615,
            "row_max": 627,
            "col_min": 651,
            "col_max": 663
          },
          "global_pixel_coords": {
            "row": 14461,
            "col": 22497
          },
          "source_product": "S1D_IW_GRDH_1SDV_20260802T083050_20260802T083115_003944_007255_E28D",
          "source_arquivo_id": null,
          "patch_id": 102,
          "patch_name": "patch_0103_VV",
          "geotiff_name": "patch_0103_VV_sigma0_preproc.tif",
          "polarization": "VV",
          "input_scale": "linear",
          "georef_method": "snap_geolocation_grid",
          "geocoding_method": "geolocation_grid",
          "geolocation_grid_status": null,
          "snap_geolocation_grid_used": null,
          "raster_crs": "EPSG:4326",
          "raster_transform": [
            0.00011260467649425172,
            0.0,
            -45.44729191703171,
            0.0,
            -0.00012306709066932562,
            -25.95256630352018,
            0.0,
            0.0,
            1.0
          ],
          "core_bbox_pixels": {
            "x0": 22000,
            "y0": 14000,
            "x1": 24000,
            "y1": 16000
          },
          "processing_bbox_pixels": {
            "x0": 21840,
            "y0": 13840,
            "x1": 24160,
            "y1": 16160
          },
          "core_bounds_lonlat": {
            "west": -47.75047927772229,
            "south": -25.745403868985743,
            "east": -47.50671950076356,
            "north": -25.521439166255675
          },
          "processing_bounds_lonlat": {
            "west": -47.77000845372326,
            "south": -25.763325435780033,
            "east": -47.48723156545846,
            "north": -25.50350806507444
          },
          "halo_pixels": 160,
          "valid_bbox_fraction": 1.0,
          "artifact_aspect_ratio": 1.0,
          "land_mask_info": {
            "enabled": true,
            "applied": true,
            "status": "ok",
            "stage": "cfar_water_mask",
            "resampled_shape": [
              773,
              773
            ],
            "sample_shape": [
              128,
              128
            ],
            "sample_max_dim": 128,
            "available": true,
            "method": "natural_earth_land_point_mask",
            "bounds_lonlat": {
              "west": -47.75047927772229,
              "south": -25.745403868985743,
              "east": -47.50671950076356,
              "north": -25.521439166255675
            },
            "mask_path": "/content/sismom_colab_work_v2/sources/api/copernicus_meta_1-main/copernicus-platform/frontend/public/shapes/ne_10m_land/ne_10m_land.shp",
            "land_buffer_degrees": 0.0,
            "valid_geolocation_points": 16384,
            "land_points": 0,
            "water_points": 16384,
            "land_fraction": 0.0,
            "water_fraction": 1.0,
            "valid_pixels_before_land_mask": 597529,
            "valid_pixels_after_land_mask": 597529,
            "pixels_masked_by_land": 0,
            "valid_water_fraction": 1.0,
            "land_skip_threshold": 0.99,
            "min_water_fraction": 0.01,
            "skip_land_tiles": true,
            "skipped": false,
            "reason": "water_candidate",
            "message": "CFAR restrito aos pixels de água."
          },
          "land_fraction": 0.0,
          "water_fraction": 1.0,
          "valid_water_fraction": 1.0,
          "land_mask_method": "natural_earth_land_point_mask",
          "wave_age": null,
          "wave_age_class": null,
          "wave_age_factor": 1.35,
          "wave_age_status": "fallback",
          "era5_time": null,
          "era5_lon": null,
          "era5_lat": null,
          "u10": null,
          "peak_wave_period": null,
          "friction_velocity": null,
          "phase_speed": null,
          "patch_label": "P103",
          "id": 44,
          "source": "cfar",
          "detection_method": "cfar"
        },
        "cfar_properties_list": [
          {
            "lat": -25.59764976429935,
            "lon": -47.56634862899975,
            "area_px": 11,
            "min_sigma0_dB": -9.880000114440918,
            "mean_sigma0_dB": -1.6200000047683716,
            "max_sigma0_dB": 12.279999732971191,
            "threshold_cfar_dB": -13.37,
            "pixel_coords": {
              "row": 621,
              "col": 657,
              "row_resampled": 207,
              "col_resampled": 219
            },
            "bbox_pixel_coords": {
              "row_min": 615,
              "row_max": 627,
              "col_min": 651,
              "col_max": 663
            },
            "global_pixel_coords": {
              "row": 14461,
              "col": 22497
            },
            "source_product": "S1D_IW_GRDH_1SDV_20260802T083050_20260802T083115_003944_007255_E28D",
            "source_arquivo_id": null,
            "patch_id": 102,
            "patch_name": "patch_0103_VV",
            "geotiff_name": "patch_0103_VV_sigma0_preproc.tif",
            "polarization": "VV",
            "input_scale": "linear",
            "georef_method": "snap_geolocation_grid",
            "geocoding_method": "geolocation_grid",
            "geolocation_grid_status": null,
            "snap_geolocation_grid_used": null,
            "raster_crs": "EPSG:4326",
            "raster_transform": [
              0.00011260467649425172,
              0.0,
              -45.44729191703171,
              0.0,
              -0.00012306709066932562,
              -25.95256630352018,
              0.0,
              0.0,
              1.0
            ],
            "core_bbox_pixels": {
              "x0": 22000,
              "y0": 14000,
              "x1": 24000,
              "y1": 16000
            },
            "processing_bbox_pixels": {
              "x0": 21840,
              "y0": 13840,
              "x1": 24160,
              "y1": 16160
            },
            "core_bounds_lonlat": {
              "west": -47.75047927772229,
              "south": -25.745403868985743,
              "east": -47.50671950076356,
              "north": -25.521439166255675
            },
            "processing_bounds_lonlat": {
              "west": -47.77000845372326,
              "south": -25.763325435780033,
              "east": -47.48723156545846,
              "north": -25.50350806507444
            },
            "halo_pixels": 160,
            "valid_bbox_fraction": 1.0,
            "artifact_aspect_ratio": 1.0,
            "land_mask_info": {
              "enabled": true,
              "applied": true,
              "status": "ok",
              "stage": "cfar_water_mask",
              "resampled_shape": [
                773,
                773
              ],
              "sample_shape": [
                128,
                128
              ],
              "sample_max_dim": 128,
              "available": true,
              "method": "natural_earth_land_point_mask",
              "bounds_lonlat": {
                "west": -47.75047927772229,
                "south": -25.745403868985743,
                "east": -47.50671950076356,
                "north": -25.521439166255675
              },
              "mask_path": "/content/sismom_colab_work_v2/sources/api/copernicus_meta_1-main/copernicus-platform/frontend/public/shapes/ne_10m_land/ne_10m_land.shp",
              "land_buffer_degrees": 0.0,
              "valid_geolocation_points": 16384,
              "land_points": 0,
              "water_points": 16384,
              "land_fraction": 0.0,
              "water_fraction": 1.0,
              "valid_pixels_before_land_mask": 597529,
              "valid_pixels_after_land_mask": 597529,
              "pixels_masked_by_land": 0,
              "valid_water_fraction": 1.0,
              "land_skip_threshold": 0.99,
              "min_water_fraction": 0.01,
              "skip_land_tiles": true,
              "skipped": false,
              "reason": "water_candidate",
              "message": "CFAR restrito aos pixels de água."
            },
            "land_fraction": 0.0,
            "water_fraction": 1.0,
            "valid_water_fraction": 1.0,
            "land_mask_method": "natural_earth_land_point_mask",
            "wave_age": null,
            "wave_age_class": null,
            "wave_age_factor": 1.35,
            "wave_age_status": "fallback",
            "era5_time": null,
            "era5_lon": null,
            "era5_lat": null,
            "u10": null,
            "peak_wave_period": null,
            "friction_velocity": null,
            "phase_speed": null,
            "patch_label": "P103",
            "id": 44,
            "source": "cfar",
            "detection_method": "cfar"
          }
        ],
        "yolo_properties": {
          "detection_method": "yolo8",
          "confidence": 0.7761591672897339,
          "class": "ship-1",
          "bbox_pixel": [
            22491.86541748047,
            14456.045471191406,
            22504.93814086914,
            14471.617126464844
          ],
          "bbox_geo": [
            -47.56727905119402,
            -25.59837000662705,
            -47.56564314070806,
            -25.597348459777788
          ],
          "model": "SAR-MULTI-1280p",
          "class_id": 0,
          "class_name": "ship-1",
          "tile_id": 695,
          "land_mask_checked": true,
          "center_is_water": true,
          "bbox_water_fraction": 1.0,
          "land_mask_method": "natural_earth_land_point_mask",
          "id": 13,
          "source": "yolo",
          "centroid_lon": -47.56649626763688,
          "centroid_lat": -25.597803223876635,
          "score": 0.7761591672897339,
          "patch_id": 102,
          "patch_label": "P103"
        }
      }
    },
    {
      "type": "Feature",
      "geometry": {
        "type": "Polygon",
        "coordinates": [
          [
            [
              -46.197008637061856,
              -25.15174652233704
            ],
            [
              -46.19540955608972,
              -25.15174652233704
            ],
            [
              -46.19540955608972,
              -25.150042832248587
            ],
            [
              -46.197008637061856,
              -25.150042832248587
            ],
            [
              -46.197008637061856,
              -25.15174652233704
            ]
          ]
        ]
      },
      "properties": {
        "id": 14,
        "target_id": "T0014",
        "source": "cfar_yolo",
        "detection_method": "cfar+yolo",
        "methods": [
          "cfar",
          "yolo"
        ],
        "fusion_status": "matched",
        "fusion_rule": "geometry_overlap",
        "cfar_id": 36,
        "cfar_ids": [
          36
        ],
        "cfar_fragment_count": 1,
        "yolo_id": 14,
        "cfar_patch_id": 44,
        "cfar_patch_ids": [
          44
        ],
        "yolo_patch_id": 43,
        "patch_id": 43,
        "patch_label": "P044",
        "yolo_confidence": 0.7554992437362671,
        "match_distance_m": 18.158,
        "match_distances_m": [
          18.158
        ],
        "nearest_match_distance_m": 18.158,
        "max_match_distance_m": 18.158,
        "geometries_overlap": true,
        "overlap_by_cfar": [
          true
        ],
        "display_geometry_source": "yolo",
        "cfar_properties": {
          "lat": -25.150883349772897,
          "lon": -46.19625709200753,
          "area_px": 8,
          "min_sigma0_dB": -9.920000076293945,
          "mean_sigma0_dB": -4.389999866485596,
          "max_sigma0_dB": 1.3200000524520874,
          "threshold_cfar_dB": -10.78,
          "pixel_coords": {
            "row": 426,
            "col": 546,
            "row_resampled": 142,
            "col_resampled": 182
          },
          "bbox_pixel_coords": {
            "row_min": 417,
            "row_max": 432,
            "col_min": 543,
            "col_max": 546
          },
          "global_pixel_coords": {
            "row": 6266,
            "col": 10386
          },
          "source_product": "S1D_IW_GRDH_1SDV_20260802T083050_20260802T083115_003944_007255_E28D",
          "source_arquivo_id": null,
          "patch_id": 44,
          "patch_name": "patch_0045_VV",
          "geotiff_name": "patch_0045_VV_sigma0_preproc.tif",
          "polarization": "VV",
          "input_scale": "linear",
          "georef_method": "snap_geolocation_grid",
          "geocoding_method": "geolocation_grid",
          "geolocation_grid_status": null,
          "snap_geolocation_grid_used": null,
          "raster_crs": "EPSG:4326",
          "raster_transform": [
            0.00011260467649425172,
            0.0,
            -46.798548034962735,
            0.0,
            -0.00012306709066932562,
            -24.968029578165574,
            0.0,
            0.0,
            1.0
          ],
          "core_bbox_pixels": {
            "x0": 10000,
            "y0": 6000,
            "x1": 12000,
            "y1": 8000
          },
          "processing_bbox_pixels": {
            "x0": 9840,
            "y0": 5840,
            "x1": 12160,
            "y1": 8160
          },
          "core_bounds_lonlat": {
            "west": -46.394075732036676,
            "south": -25.31346053997789,
            "east": -46.152634546006645,
            "north": -25.090687090246913
          },
          "processing_bounds_lonlat": {
            "west": -46.41342619685071,
            "south": -25.33128100701517,
            "east": -46.13332603502902,
            "north": -25.072852103501297
          },
          "halo_pixels": 160,
          "valid_bbox_fraction": 1.0,
          "artifact_aspect_ratio": 3.0,
          "land_mask_info": {
            "enabled": true,
            "applied": true,
            "status": "ok",
            "stage": "cfar_water_mask",
            "resampled_shape": [
              773,
              773
            ],
            "sample_shape": [
              128,
              128
            ],
            "sample_max_dim": 128,
            "available": true,
            "method": "natural_earth_land_point_mask",
            "bounds_lonlat": {
              "west": -46.394075732036676,
              "south": -25.31346053997789,
              "east": -46.152634546006645,
              "north": -25.090687090246913
            },
            "mask_path": "/content/sismom_colab_work_v2/sources/api/copernicus_meta_1-main/copernicus-platform/frontend/public/shapes/ne_10m_land/ne_10m_land.shp",
            "land_buffer_degrees": 0.0,
            "valid_geolocation_points": 16384,
            "land_points": 0,
            "water_points": 16384,
            "land_fraction": 0.0,
            "water_fraction": 1.0,
            "valid_pixels_before_land_mask": 597529,
            "valid_pixels_after_land_mask": 597529,
            "pixels_masked_by_land": 0,
            "valid_water_fraction": 1.0,
            "land_skip_threshold": 0.99,
            "min_water_fraction": 0.01,
            "skip_land_tiles": true,
            "skipped": false,
            "reason": "water_candidate",
            "message": "CFAR restrito aos pixels de água."
          },
          "land_fraction": 0.0,
          "water_fraction": 1.0,
          "valid_water_fraction": 1.0,
          "land_mask_method": "natural_earth_land_point_mask",
          "wave_age": null,
          "wave_age_class": null,
          "wave_age_factor": 1.35,
          "wave_age_status": "fallback",
          "era5_time": null,
          "era5_lon": null,
          "era5_lat": null,
          "u10": null,
          "peak_wave_period": null,
          "friction_velocity": null,
          "phase_speed": null,
          "patch_label": "P045",
          "id": 36,
          "source": "cfar",
          "detection_method": "cfar"
        },
        "cfar_properties_list": [
          {
            "lat": -25.150883349772897,
            "lon": -46.19625709200753,
            "area_px": 8,
            "min_sigma0_dB": -9.920000076293945,
            "mean_sigma0_dB": -4.389999866485596,
            "max_sigma0_dB": 1.3200000524520874,
            "threshold_cfar_dB": -10.78,
            "pixel_coords": {
              "row": 426,
              "col": 546,
              "row_resampled": 142,
              "col_resampled": 182
            },
            "bbox_pixel_coords": {
              "row_min": 417,
              "row_max": 432,
              "col_min": 543,
              "col_max": 546
            },
            "global_pixel_coords": {
              "row": 6266,
              "col": 10386
            },
            "source_product": "S1D_IW_GRDH_1SDV_20260802T083050_20260802T083115_003944_007255_E28D",
            "source_arquivo_id": null,
            "patch_id": 44,
            "patch_name": "patch_0045_VV",
            "geotiff_name": "patch_0045_VV_sigma0_preproc.tif",
            "polarization": "VV",
            "input_scale": "linear",
            "georef_method": "snap_geolocation_grid",
            "geocoding_method": "geolocation_grid",
            "geolocation_grid_status": null,
            "snap_geolocation_grid_used": null,
            "raster_crs": "EPSG:4326",
            "raster_transform": [
              0.00011260467649425172,
              0.0,
              -46.798548034962735,
              0.0,
              -0.00012306709066932562,
              -24.968029578165574,
              0.0,
              0.0,
              1.0
            ],
            "core_bbox_pixels": {
              "x0": 10000,
              "y0": 6000,
              "x1": 12000,
              "y1": 8000
            },
            "processing_bbox_pixels": {
              "x0": 9840,
              "y0": 5840,
              "x1": 12160,
              "y1": 8160
            },
            "core_bounds_lonlat": {
              "west": -46.394075732036676,
              "south": -25.31346053997789,
              "east": -46.152634546006645,
              "north": -25.090687090246913
            },
            "processing_bounds_lonlat": {
              "west": -46.41342619685071,
              "south": -25.33128100701517,
              "east": -46.13332603502902,
              "north": -25.072852103501297
            },
            "halo_pixels": 160,
            "valid_bbox_fraction": 1.0,
            "artifact_aspect_ratio": 3.0,
            "land_mask_info": {
              "enabled": true,
              "applied": true,
              "status": "ok",
              "stage": "cfar_water_mask",
              "resampled_shape": [
                773,
                773
              ],
              "sample_shape": [
                128,
                128
              ],
              "sample_max_dim": 128,
              "available": true,
              "method": "natural_earth_land_point_mask",
              "bounds_lonlat": {
                "west": -46.394075732036676,
                "south": -25.31346053997789,
                "east": -46.152634546006645,
                "north": -25.090687090246913
              },
              "mask_path": "/content/sismom_colab_work_v2/sources/api/copernicus_meta_1-main/copernicus-platform/frontend/public/shapes/ne_10m_land/ne_10m_land.shp",
              "land_buffer_degrees": 0.0,
              "valid_geolocation_points": 16384,
              "land_points": 0,
              "water_points": 16384,
              "land_fraction": 0.0,
              "water_fraction": 1.0,
              "valid_pixels_before_land_mask": 597529,
              "valid_pixels_after_land_mask": 597529,
              "pixels_masked_by_land": 0,
              "valid_water_fraction": 1.0,
              "land_skip_threshold": 0.99,
              "min_water_fraction": 0.01,
              "skip_land_tiles": true,
              "skipped": false,
              "reason": "water_candidate",
              "message": "CFAR restrito aos pixels de água."
            },
            "land_fraction": 0.0,
            "water_fraction": 1.0,
            "valid_water_fraction": 1.0,
            "land_mask_method": "natural_earth_land_point_mask",
            "wave_age": null,
            "wave_age_class": null,
            "wave_age_factor": 1.35,
            "wave_age_status": "fallback",
            "era5_time": null,
            "era5_lon": null,
            "era5_lat": null,
            "u10": null,
            "peak_wave_period": null,
            "friction_velocity": null,
            "phase_speed": null,
            "patch_label": "P045",
            "id": 36,
            "source": "cfar",
            "detection_method": "cfar"
          }
        ],
        "yolo_properties": {
          "detection_method": "yolo8",
          "confidence": 0.7554992437362671,
          "class": "ship-1",
          "bbox_pixel": [
            10380.925277709961,
            6255.497955322266,
            10391.023651123047,
            6277.196716308594
          ],
          "bbox_geo": [
            -46.197008637061856,
            -25.15174652233704,
            -46.19540955608972,
            -25.150042832248587
          ],
          "model": "SAR-MULTI-1280p",
          "class_id": 0,
          "class_name": "ship-1",
          "tile_id": 294,
          "land_mask_checked": true,
          "center_is_water": true,
          "bbox_water_fraction": 1.0,
          "land_mask_method": "natural_earth_land_point_mask",
          "id": 14,
          "source": "yolo",
          "centroid_lon": -46.19616109361514,
          "centroid_lat": -25.15090600704399,
          "score": 0.7554992437362671,
          "patch_id": 43,
          "patch_label": "P044"
        }
      }
    },
    {
      "type": "Feature",
      "geometry": {
        "type": "Polygon",
        "coordinates": [
          [
            [
              -45.97261832527689,
              -25.08218931517439
            ],
            [
              -45.97170330497799,
              -25.08218931517439
            ],
            [
              -45.97170330497799,
              -25.081836261250935
            ],
            [
              -45.97261832527689,
              -25.081836261250935
            ],
            [
              -45.97261832527689,
              -25.08218931517439
            ]
          ]
        ]
      },
      "properties": {
        "id": 15,
        "target_id": "T0015",
        "source": "cfar_yolo",
        "detection_method": "cfar+yolo",
        "methods": [
          "cfar",
          "yolo"
        ],
        "fusion_status": "matched",
        "fusion_rule": "geometry_overlap",
        "cfar_id": 30,
        "cfar_ids": [
          30
        ],
        "cfar_fragment_count": 1,
        "yolo_id": 15,
        "cfar_patch_id": 30,
        "cfar_patch_ids": [
          30
        ],
        "yolo_patch_id": 30,
        "patch_id": 30,
        "patch_label": "P031",
        "yolo_confidence": 0.7397146224975586,
        "match_distance_m": 55.875,
        "match_distances_m": [
          55.875
        ],
        "nearest_match_distance_m": 55.875,
        "max_match_distance_m": 55.875,
        "geometries_overlap": true,
        "overlap_by_cfar": [
          true
        ],
        "display_geometry_source": "yolo",
        "cfar_properties": {
          "lat": -25.08208132041756,
          "lon": -45.971464258746984,
          "area_px": 9,
          "min_sigma0_dB": 5.170000076293945,
          "mean_sigma0_dB": 11.199999809265137,
          "max_sigma0_dB": 25.43000030517578,
          "threshold_cfar_dB": 5.13,
          "pixel_coords": {
            "row": 1140,
            "col": 534,
            "row_resampled": 380,
            "col_resampled": 178
          },
          "bbox_pixel_coords": {
            "row_min": 1137,
            "row_max": 1143,
            "col_min": 528,
            "col_max": 543
          },
          "global_pixel_coords": {
            "row": 4980,
            "col": 8374
          },
          "source_product": "S1D_IW_GRDH_1SDV_20260802T083050_20260802T083115_003944_007255_E28D",
          "source_arquivo_id": null,
          "patch_id": 30,
          "patch_name": "patch_0031_VV",
          "geotiff_name": "patch_0031_VV_sigma0_preproc.tif",
          "polarization": "VV",
          "input_scale": "linear",
          "georef_method": "snap_geolocation_grid",
          "geocoding_method": "geolocation_grid",
          "geolocation_grid_status": null,
          "snap_geolocation_grid_used": null,
          "raster_crs": "EPSG:4326",
          "raster_transform": [
            0.00011260467649425172,
            0.0,
            -47.02375738795124,
            0.0,
            -0.00012306709066932562,
            -24.721895396826923,
            0.0,
            0.0,
            1.0
          ],
          "core_bbox_pixels": {
            "x0": 8000,
            "y0": 4000,
            "x1": 10000,
            "y1": 6000
          },
          "processing_bbox_pixels": {
            "x0": 7840,
            "y0": 3840,
            "x1": 10160,
            "y1": 6160
          },
          "core_bounds_lonlat": {
            "west": -46.15251385737118,
            "south": -25.180991757167263,
            "east": -45.91158051580185,
            "north": -24.958458011159482
          },
          "processing_bounds_lonlat": {
            "west": -46.17182561169664,
            "south": -25.19880117026523,
            "east": -45.89231670780002,
            "north": -24.940646266437245
          },
          "halo_pixels": 160,
          "valid_bbox_fraction": 1.0,
          "artifact_aspect_ratio": 2.0,
          "land_mask_info": {
            "enabled": true,
            "applied": true,
            "status": "ok",
            "stage": "cfar_water_mask",
            "resampled_shape": [
              773,
              773
            ],
            "sample_shape": [
              128,
              128
            ],
            "sample_max_dim": 128,
            "available": true,
            "method": "natural_earth_land_point_mask",
            "bounds_lonlat": {
              "west": -46.15251385737118,
              "south": -25.180991757167263,
              "east": -45.91158051580185,
              "north": -24.958458011159482
            },
            "mask_path": "/content/sismom_colab_work_v2/sources/api/copernicus_meta_1-main/copernicus-platform/frontend/public/shapes/ne_10m_land/ne_10m_land.shp",
            "land_buffer_degrees": 0.0,
            "valid_geolocation_points": 16384,
            "land_points": 0,
            "water_points": 16384,
            "land_fraction": 0.0,
            "water_fraction": 1.0,
            "valid_pixels_before_land_mask": 597529,
            "valid_pixels_after_land_mask": 597529,
            "pixels_masked_by_land": 0,
            "valid_water_fraction": 1.0,
            "land_skip_threshold": 0.99,
            "min_water_fraction": 0.01,
            "skip_land_tiles": true,
            "skipped": false,
            "reason": "water_candidate",
            "message": "CFAR restrito aos pixels de água."
          },
          "land_fraction": 0.0,
          "water_fraction": 1.0,
          "valid_water_fraction": 1.0,
          "land_mask_method": "natural_earth_land_point_mask",
          "wave_age": null,
          "wave_age_class": null,
          "wave_age_factor": 1.35,
          "wave_age_status": "fallback",
          "era5_time": null,
          "era5_lon": null,
          "era5_lat": null,
          "u10": null,
          "peak_wave_period": null,
          "friction_velocity": null,
          "phase_speed": null,
          "patch_label": "P031",
          "id": 30,
          "source": "cfar",
          "detection_method": "cfar"
        },
        "cfar_properties_list": [
          {
            "lat": -25.08208132041756,
            "lon": -45.971464258746984,
            "area_px": 9,
            "min_sigma0_dB": 5.170000076293945,
            "mean_sigma0_dB": 11.199999809265137,
            "max_sigma0_dB": 25.43000030517578,
            "threshold_cfar_dB": 5.13,
            "pixel_coords": {
              "row": 1140,
              "col": 534,
              "row_resampled": 380,
              "col_resampled": 178
            },
            "bbox_pixel_coords": {
              "row_min": 1137,
              "row_max": 1143,
              "col_min": 528,
              "col_max": 543
            },
            "global_pixel_coords": {
              "row": 4980,
              "col": 8374
            },
            "source_product": "S1D_IW_GRDH_1SDV_20260802T083050_20260802T083115_003944_007255_E28D",
            "source_arquivo_id": null,
            "patch_id": 30,
            "patch_name": "patch_0031_VV",
            "geotiff_name": "patch_0031_VV_sigma0_preproc.tif",
            "polarization": "VV",
            "input_scale": "linear",
            "georef_method": "snap_geolocation_grid",
            "geocoding_method": "geolocation_grid",
            "geolocation_grid_status": null,
            "snap_geolocation_grid_used": null,
            "raster_crs": "EPSG:4326",
            "raster_transform": [
              0.00011260467649425172,
              0.0,
              -47.02375738795124,
              0.0,
              -0.00012306709066932562,
              -24.721895396826923,
              0.0,
              0.0,
              1.0
            ],
            "core_bbox_pixels": {
              "x0": 8000,
              "y0": 4000,
              "x1": 10000,
              "y1": 6000
            },
            "processing_bbox_pixels": {
              "x0": 7840,
              "y0": 3840,
              "x1": 10160,
              "y1": 6160
            },
            "core_bounds_lonlat": {
              "west": -46.15251385737118,
              "south": -25.180991757167263,
              "east": -45.91158051580185,
              "north": -24.958458011159482
            },
            "processing_bounds_lonlat": {
              "west": -46.17182561169664,
              "south": -25.19880117026523,
              "east": -45.89231670780002,
              "north": -24.940646266437245
            },
            "halo_pixels": 160,
            "valid_bbox_fraction": 1.0,
            "artifact_aspect_ratio": 2.0,
            "land_mask_info": {
              "enabled": true,
              "applied": true,
              "status": "ok",
              "stage": "cfar_water_mask",
              "resampled_shape": [
                773,
                773
              ],
              "sample_shape": [
                128,
                128
              ],
              "sample_max_dim": 128,
              "available": true,
              "method": "natural_earth_land_point_mask",
              "bounds_lonlat": {
                "west": -46.15251385737118,
                "south": -25.180991757167263,
                "east": -45.91158051580185,
                "north": -24.958458011159482
              },
              "mask_path": "/content/sismom_colab_work_v2/sources/api/copernicus_meta_1-main/copernicus-platform/frontend/public/shapes/ne_10m_land/ne_10m_land.shp",
              "land_buffer_degrees": 0.0,
              "valid_geolocation_points": 16384,
              "land_points": 0,
              "water_points": 16384,
              "land_fraction": 0.0,
              "water_fraction": 1.0,
              "valid_pixels_before_land_mask": 597529,
              "valid_pixels_after_land_mask": 597529,
              "pixels_masked_by_land": 0,
              "valid_water_fraction": 1.0,
              "land_skip_threshold": 0.99,
              "min_water_fraction": 0.01,
              "skip_land_tiles": true,
              "skipped": false,
              "reason": "water_candidate",
              "message": "CFAR restrito aos pixels de água."
            },
            "land_fraction": 0.0,
            "water_fraction": 1.0,
            "valid_water_fraction": 1.0,
            "land_mask_method": "natural_earth_land_point_mask",
            "wave_age": null,
            "wave_age_class": null,
            "wave_age_factor": 1.35,
            "wave_age_status": "fallback",
            "era5_time": null,
            "era5_lon": null,
            "era5_lat": null,
            "u10": null,
            "peak_wave_period": null,
            "friction_velocity": null,
            "phase_speed": null,
            "patch_label": "P031",
            "id": 30,
            "source": "cfar",
            "detection_method": "cfar"
          }
        ],
        "yolo_properties": {
          "detection_method": "yolo8",
          "confidence": 0.7397146224975586,
          "class": "ship-1",
          "bbox_pixel": [
            8377.370819091797,
            4978.416931152344,
            8385.36849975586,
            4984.823181152344
          ],
          "bbox_geo": [
            -45.97261832527689,
            -25.08218931517439,
            -45.97170330497799,
            -25.081836261250935
          ],
          "model": "SAR-MULTI-1280p",
          "class_id": 0,
          "class_name": "ship-1",
          "tile_id": 221,
          "land_mask_checked": true,
          "center_is_water": true,
          "bbox_water_fraction": 1.0,
          "land_mask_method": "natural_earth_land_point_mask",
          "id": 15,
          "source": "yolo",
          "centroid_lon": -45.97216081432805,
          "centroid_lat": -25.082012788424322,
          "score": 0.7397146224975586,
          "patch_id": 30,
          "patch_label": "P031"
        }
      }
    },
    {
      "type": "Feature",
      "geometry": {
        "type": "Polygon",
        "coordinates": [
          [
            [
              -46.56490584880169,
              -24.535832231028294
            ],
            [
              -46.561482408648146,
              -24.535832231028294
            ],
            [
              -46.561482408648146,
              -24.53561106193308
            ],
            [
              -46.56490584880169,
              -24.53561106193308
            ],
            [
              -46.56490584880169,
              -24.535832231028294
            ]
          ]
        ]
      },
      "properties": {
        "id": 16,
        "target_id": "T0016",
        "source": "cfar_yolo",
        "detection_method": "cfar+yolo",
        "methods": [
          "cfar",
          "yolo"
        ],
        "fusion_status": "matched",
        "fusion_rule": "geometry_overlap",
        "cfar_id": 6,
        "cfar_ids": [
          6
        ],
        "cfar_fragment_count": 1,
        "yolo_id": 16,
        "cfar_patch_id": 7,
        "cfar_patch_ids": [
          7
        ],
        "yolo_patch_id": 7,
        "patch_id": 7,
        "patch_label": "P008",
        "yolo_confidence": 0.7396960854530334,
        "match_distance_m": 60.518,
        "match_distances_m": [
          60.518
        ],
        "nearest_match_distance_m": 60.518,
        "max_match_distance_m": 60.518,
        "geometries_overlap": true,
        "overlap_by_cfar": [
          true
        ],
        "display_geometry_source": "yolo",
        "cfar_properties": {
          "lat": -24.53537965073273,
          "lon": -46.56284380386336,
          "area_px": 34,
          "min_sigma0_dB": -2.740000009536743,
          "mean_sigma0_dB": 5.690000057220459,
          "max_sigma0_dB": 22.399999618530273,
          "threshold_cfar_dB": -4.12,
          "pixel_coords": {
            "row": 681,
            "col": 1818,
            "row_resampled": 227,
            "col_resampled": 606
          },
          "bbox_pixel_coords": {
            "row_min": 675,
            "row_max": 687,
            "col_min": 1800,
            "col_max": 1833
          },
          "global_pixel_coords": {
            "row": 681,
            "col": 15658
          },
          "source_product": "S1D_IW_GRDH_1SDV_20260802T083050_20260802T083115_003944_007255_E28D",
          "source_arquivo_id": null,
          "patch_id": 7,
          "patch_name": "patch_0008_VV",
          "geotiff_name": "patch_0008_VV_sigma0_preproc.tif",
          "polarization": "VV",
          "input_scale": "linear",
          "georef_method": "snap_geolocation_grid",
          "geocoding_method": "geolocation_grid",
          "geolocation_grid_status": null,
          "snap_geolocation_grid_used": null,
          "raster_crs": "EPSG:4326",
          "raster_transform": [
            0.00011260467649425172,
            0.0,
            -46.34812932898573,
            0.0,
            -0.00012306709066932562,
            -24.249317768656713,
            0.0,
            0.0,
            1.0
          ],
          "core_bbox_pixels": {
            "x0": 14000,
            "y0": 0,
            "x1": 16000,
            "y1": 2000
          },
          "processing_bbox_pixels": {
            "x0": 13840,
            "y0": 0,
            "x1": 16160,
            "y1": 2160
          },
          "core_bounds_lonlat": {
            "west": -46.62813464566065,
            "south": -24.690142707313647,
            "east": -46.387670609627925,
            "north": -24.467180536621203
          },
          "processing_bounds_lonlat": {
            "west": -46.6474089858936,
            "south": -24.70797936671041,
            "east": -46.37238975418079,
            "north": -24.463524101714555
          },
          "halo_pixels": 160,
          "valid_bbox_fraction": 1.0,
          "artifact_aspect_ratio": 2.4,
          "land_mask_info": {
            "enabled": true,
            "applied": true,
            "status": "ok",
            "stage": "cfar_water_mask",
            "resampled_shape": [
              720,
              773
            ],
            "sample_shape": [
              119,
              128
            ],
            "sample_max_dim": 128,
            "available": true,
            "method": "natural_earth_land_point_mask",
            "bounds_lonlat": {
              "west": -46.62813464566065,
              "south": -24.690142707313647,
              "east": -46.387670609627925,
              "north": -24.467180536621203
            },
            "mask_path": "/content/sismom_colab_work_v2/sources/api/copernicus_meta_1-main/copernicus-platform/frontend/public/shapes/ne_10m_land/ne_10m_land.shp",
            "land_buffer_degrees": 0.0,
            "valid_geolocation_points": 15232,
            "land_points": 0,
            "water_points": 15232,
            "land_fraction": 0.0,
            "water_fraction": 1.0,
            "valid_pixels_before_land_mask": 556560,
            "valid_pixels_after_land_mask": 556560,
            "pixels_masked_by_land": 0,
            "valid_water_fraction": 1.0,
            "land_skip_threshold": 0.99,
            "min_water_fraction": 0.01,
            "skip_land_tiles": true,
            "skipped": false,
            "reason": "water_candidate",
            "message": "CFAR restrito aos pixels de água."
          },
          "land_fraction": 0.0,
          "water_fraction": 1.0,
          "valid_water_fraction": 1.0,
          "land_mask_method": "natural_earth_land_point_mask",
          "wave_age": null,
          "wave_age_class": null,
          "wave_age_factor": 1.35,
          "wave_age_status": "fallback",
          "era5_time": null,
          "era5_lon": null,
          "era5_lat": null,
          "u10": null,
          "peak_wave_period": null,
          "friction_velocity": null,
          "phase_speed": null,
          "patch_label": "P008",
          "id": 6,
          "source": "cfar",
          "detection_method": "cfar"
        },
        "cfar_properties_list": [
          {
            "lat": -24.53537965073273,
            "lon": -46.56284380386336,
            "area_px": 34,
            "min_sigma0_dB": -2.740000009536743,
            "mean_sigma0_dB": 5.690000057220459,
            "max_sigma0_dB": 22.399999618530273,
            "threshold_cfar_dB": -4.12,
            "pixel_coords": {
              "row": 681,
              "col": 1818,
              "row_resampled": 227,
              "col_resampled": 606
            },
            "bbox_pixel_coords": {
              "row_min": 675,
              "row_max": 687,
              "col_min": 1800,
              "col_max": 1833
            },
            "global_pixel_coords": {
              "row": 681,
              "col": 15658
            },
            "source_product": "S1D_IW_GRDH_1SDV_20260802T083050_20260802T083115_003944_007255_E28D",
            "source_arquivo_id": null,
            "patch_id": 7,
            "patch_name": "patch_0008_VV",
            "geotiff_name": "patch_0008_VV_sigma0_preproc.tif",
            "polarization": "VV",
            "input_scale": "linear",
            "georef_method": "snap_geolocation_grid",
            "geocoding_method": "geolocation_grid",
            "geolocation_grid_status": null,
            "snap_geolocation_grid_used": null,
            "raster_crs": "EPSG:4326",
            "raster_transform": [
              0.00011260467649425172,
              0.0,
              -46.34812932898573,
              0.0,
              -0.00012306709066932562,
              -24.249317768656713,
              0.0,
              0.0,
              1.0
            ],
            "core_bbox_pixels": {
              "x0": 14000,
              "y0": 0,
              "x1": 16000,
              "y1": 2000
            },
            "processing_bbox_pixels": {
              "x0": 13840,
              "y0": 0,
              "x1": 16160,
              "y1": 2160
            },
            "core_bounds_lonlat": {
              "west": -46.62813464566065,
              "south": -24.690142707313647,
              "east": -46.387670609627925,
              "north": -24.467180536621203
            },
            "processing_bounds_lonlat": {
              "west": -46.6474089858936,
              "south": -24.70797936671041,
              "east": -46.37238975418079,
              "north": -24.463524101714555
            },
            "halo_pixels": 160,
            "valid_bbox_fraction": 1.0,
            "artifact_aspect_ratio": 2.4,
            "land_mask_info": {
              "enabled": true,
              "applied": true,
              "status": "ok",
              "stage": "cfar_water_mask",
              "resampled_shape": [
                720,
                773
              ],
              "sample_shape": [
                119,
                128
              ],
              "sample_max_dim": 128,
              "available": true,
              "method": "natural_earth_land_point_mask",
              "bounds_lonlat": {
                "west": -46.62813464566065,
                "south": -24.690142707313647,
                "east": -46.387670609627925,
                "north": -24.467180536621203
              },
              "mask_path": "/content/sismom_colab_work_v2/sources/api/copernicus_meta_1-main/copernicus-platform/frontend/public/shapes/ne_10m_land/ne_10m_land.shp",
              "land_buffer_degrees": 0.0,
              "valid_geolocation_points": 15232,
              "land_points": 0,
              "water_points": 15232,
              "land_fraction": 0.0,
              "water_fraction": 1.0,
              "valid_pixels_before_land_mask": 556560,
              "valid_pixels_after_land_mask": 556560,
              "pixels_masked_by_land": 0,
              "valid_water_fraction": 1.0,
              "land_skip_threshold": 0.99,
              "min_water_fraction": 0.01,
              "skip_land_tiles": true,
              "skipped": false,
              "reason": "water_candidate",
              "message": "CFAR restrito aos pixels de água."
            },
            "land_fraction": 0.0,
            "water_fraction": 1.0,
            "valid_water_fraction": 1.0,
            "land_mask_method": "natural_earth_land_point_mask",
            "wave_age": null,
            "wave_age_class": null,
            "wave_age_factor": 1.35,
            "wave_age_status": "fallback",
            "era5_time": null,
            "era5_lon": null,
            "era5_lat": null,
            "u10": null,
            "peak_wave_period": null,
            "friction_velocity": null,
            "phase_speed": null,
            "patch_label": "P008",
            "id": 6,
            "source": "cfar",
            "detection_method": "cfar"
          }
        ],
        "yolo_properties": {
          "detection_method": "yolo8",
          "confidence": 0.7396960854530334,
          "class": "ship-1",
          "bbox_pixel": [
            15644.25276184082,
            680.3937377929688,
            15677.333389282227,
            691.8013305664062
          ],
          "bbox_geo": [
            -46.56490584880169,
            -24.535832231028294,
            -46.561482408648146,
            -24.53561106193308
          ],
          "model": "SAR-MULTI-1280p",
          "class_id": 0,
          "class_name": "ship-1",
          "tile_id": 21,
          "land_mask_checked": true,
          "center_is_water": true,
          "bbox_water_fraction": 1.0,
          "land_mask_method": "natural_earth_land_point_mask",
          "id": 16,
          "source": "yolo",
          "centroid_lon": -46.56315879258481,
          "centroid_lat": -24.535777432017202,
          "score": 0.7396960854530334,
          "patch_id": 7,
          "patch_label": "P008"
        }
      }
    },
    {
      "type": "Feature",
      "geometry": {
        "type": "Polygon",
        "coordinates": [
          [
            [
              -46.428180429291494,
              -24.623846885613904
            ],
            [
              -46.42606837348095,
              -24.623846885613904
            ],
            [
              -46.42606837348095,
              -24.623215270830226
            ],
            [
              -46.428180429291494,
              -24.623215270830226
            ],
            [
              -46.428180429291494,
              -24.623846885613904
            ]
          ]
        ]
      },
      "properties": {
        "id": 17,
        "target_id": "T0017",
        "source": "cfar_yolo",
        "detection_method": "cfar+yolo",
        "methods": [
          "cfar",
          "yolo"
        ],
        "fusion_status": "matched",
        "fusion_rule": "geometry_overlap",
        "cfar_id": 7,
        "cfar_ids": [
          7
        ],
        "cfar_fragment_count": 1,
        "yolo_id": 17,
        "cfar_patch_id": 7,
        "cfar_patch_ids": [
          7
        ],
        "yolo_patch_id": 6,
        "patch_id": 6,
        "patch_label": "P007",
        "yolo_confidence": 0.7123580574989319,
        "match_distance_m": 60.907,
        "match_distances_m": [
          60.907
        ],
        "nearest_match_distance_m": 60.907,
        "max_match_distance_m": 60.907,
        "geometries_overlap": true,
        "overlap_by_cfar": [
          true
        ],
        "display_geometry_source": "yolo",
        "cfar_properties": {
          "lat": -24.623271362891995,
          "lon": -46.427816326304026,
          "area_px": 15,
          "min_sigma0_dB": 7.880000114440918,
          "mean_sigma0_dB": 11.569999694824219,
          "max_sigma0_dB": 22.389999389648438,
          "threshold_cfar_dB": 6.97,
          "pixel_coords": {
            "row": 1269,
            "col": 252,
            "row_resampled": 423,
            "col_resampled": 84
          },
          "bbox_pixel_coords": {
            "row_min": 1266,
            "row_max": 1272,
            "col_min": 240,
            "col_max": 261
          },
          "global_pixel_coords": {
            "row": 1269,
            "col": 14092
          },
          "source_product": "S1D_IW_GRDH_1SDV_20260802T083050_20260802T083115_003944_007255_E28D",
          "source_arquivo_id": null,
          "patch_id": 7,
          "patch_name": "patch_0008_VV",
          "geotiff_name": "patch_0008_VV_sigma0_preproc.tif",
          "polarization": "VV",
          "input_scale": "linear",
          "georef_method": "snap_geolocation_grid",
          "geocoding_method": "geolocation_grid",
          "geolocation_grid_status": null,
          "snap_geolocation_grid_used": null,
          "raster_crs": "EPSG:4326",
          "raster_transform": [
            0.00011260467649425172,
            0.0,
            -46.34812932898573,
            0.0,
            -0.00012306709066932562,
            -24.249317768656713,
            0.0,
            0.0,
            1.0
          ],
          "core_bbox_pixels": {
            "x0": 14000,
            "y0": 0,
            "x1": 16000,
            "y1": 2000
          },
          "processing_bbox_pixels": {
            "x0": 13840,
            "y0": 0,
            "x1": 16160,
            "y1": 2160
          },
          "core_bounds_lonlat": {
            "west": -46.62813464566065,
            "south": -24.690142707313647,
            "east": -46.387670609627925,
            "north": -24.467180536621203
          },
          "processing_bounds_lonlat": {
            "west": -46.6474089858936,
            "south": -24.70797936671041,
            "east": -46.37238975418079,
            "north": -24.463524101714555
          },
          "halo_pixels": 160,
          "valid_bbox_fraction": 1.0,
          "artifact_aspect_ratio": 2.6667,
          "land_mask_info": {
            "enabled": true,
            "applied": true,
            "status": "ok",
            "stage": "cfar_water_mask",
            "resampled_shape": [
              720,
              773
            ],
            "sample_shape": [
              119,
              128
            ],
            "sample_max_dim": 128,
            "available": true,
            "method": "natural_earth_land_point_mask",
            "bounds_lonlat": {
              "west": -46.62813464566065,
              "south": -24.690142707313647,
              "east": -46.387670609627925,
              "north": -24.467180536621203
            },
            "mask_path": "/content/sismom_colab_work_v2/sources/api/copernicus_meta_1-main/copernicus-platform/frontend/public/shapes/ne_10m_land/ne_10m_land.shp",
            "land_buffer_degrees": 0.0,
            "valid_geolocation_points": 15232,
            "land_points": 0,
            "water_points": 15232,
            "land_fraction": 0.0,
            "water_fraction": 1.0,
            "valid_pixels_before_land_mask": 556560,
            "valid_pixels_after_land_mask": 556560,
            "pixels_masked_by_land": 0,
            "valid_water_fraction": 1.0,
            "land_skip_threshold": 0.99,
            "min_water_fraction": 0.01,
            "skip_land_tiles": true,
            "skipped": false,
            "reason": "water_candidate",
            "message": "CFAR restrito aos pixels de água."
          },
          "land_fraction": 0.0,
          "water_fraction": 1.0,
          "valid_water_fraction": 1.0,
          "land_mask_method": "natural_earth_land_point_mask",
          "wave_age": null,
          "wave_age_class": null,
          "wave_age_factor": 1.35,
          "wave_age_status": "fallback",
          "era5_time": null,
          "era5_lon": null,
          "era5_lat": null,
          "u10": null,
          "peak_wave_period": null,
          "friction_velocity": null,
          "phase_speed": null,
          "patch_label": "P008",
          "id": 7,
          "source": "cfar",
          "detection_method": "cfar"
        },
        "cfar_properties_list": [
          {
            "lat": -24.623271362891995,
            "lon": -46.427816326304026,
            "area_px": 15,
            "min_sigma0_dB": 7.880000114440918,
            "mean_sigma0_dB": 11.569999694824219,
            "max_sigma0_dB": 22.389999389648438,
            "threshold_cfar_dB": 6.97,
            "pixel_coords": {
              "row": 1269,
              "col": 252,
              "row_resampled": 423,
              "col_resampled": 84
            },
            "bbox_pixel_coords": {
              "row_min": 1266,
              "row_max": 1272,
              "col_min": 240,
              "col_max": 261
            },
            "global_pixel_coords": {
              "row": 1269,
              "col": 14092
            },
            "source_product": "S1D_IW_GRDH_1SDV_20260802T083050_20260802T083115_003944_007255_E28D",
            "source_arquivo_id": null,
            "patch_id": 7,
            "patch_name": "patch_0008_VV",
            "geotiff_name": "patch_0008_VV_sigma0_preproc.tif",
            "polarization": "VV",
            "input_scale": "linear",
            "georef_method": "snap_geolocation_grid",
            "geocoding_method": "geolocation_grid",
            "geolocation_grid_status": null,
            "snap_geolocation_grid_used": null,
            "raster_crs": "EPSG:4326",
            "raster_transform": [
              0.00011260467649425172,
              0.0,
              -46.34812932898573,
              0.0,
              -0.00012306709066932562,
              -24.249317768656713,
              0.0,
              0.0,
              1.0
            ],
            "core_bbox_pixels": {
              "x0": 14000,
              "y0": 0,
              "x1": 16000,
              "y1": 2000
            },
            "processing_bbox_pixels": {
              "x0": 13840,
              "y0": 0,
              "x1": 16160,
              "y1": 2160
            },
            "core_bounds_lonlat": {
              "west": -46.62813464566065,
              "south": -24.690142707313647,
              "east": -46.387670609627925,
              "north": -24.467180536621203
            },
            "processing_bounds_lonlat": {
              "west": -46.6474089858936,
              "south": -24.70797936671041,
              "east": -46.37238975418079,
              "north": -24.463524101714555
            },
            "halo_pixels": 160,
            "valid_bbox_fraction": 1.0,
            "artifact_aspect_ratio": 2.6667,
            "land_mask_info": {
              "enabled": true,
              "applied": true,
              "status": "ok",
              "stage": "cfar_water_mask",
              "resampled_shape": [
                720,
                773
              ],
              "sample_shape": [
                119,
                128
              ],
              "sample_max_dim": 128,
              "available": true,
              "method": "natural_earth_land_point_mask",
              "bounds_lonlat": {
                "west": -46.62813464566065,
                "south": -24.690142707313647,
                "east": -46.387670609627925,
                "north": -24.467180536621203
              },
              "mask_path": "/content/sismom_colab_work_v2/sources/api/copernicus_meta_1-main/copernicus-platform/frontend/public/shapes/ne_10m_land/ne_10m_land.shp",
              "land_buffer_degrees": 0.0,
              "valid_geolocation_points": 15232,
              "land_points": 0,
              "water_points": 15232,
              "land_fraction": 0.0,
              "water_fraction": 1.0,
              "valid_pixels_before_land_mask": 556560,
              "valid_pixels_after_land_mask": 556560,
              "pixels_masked_by_land": 0,
              "valid_water_fraction": 1.0,
              "land_skip_threshold": 0.99,
              "min_water_fraction": 0.01,
              "skip_land_tiles": true,
              "skipped": false,
              "reason": "water_candidate",
              "message": "CFAR restrito aos pixels de água."
            },
            "land_fraction": 0.0,
            "water_fraction": 1.0,
            "valid_water_fraction": 1.0,
            "land_mask_method": "natural_earth_land_point_mask",
            "wave_age": null,
            "wave_age_class": null,
            "wave_age_factor": 1.35,
            "wave_age_status": "fallback",
            "era5_time": null,
            "era5_lon": null,
            "era5_lat": null,
            "u10": null,
            "peak_wave_period": null,
            "friction_velocity": null,
            "phase_speed": null,
            "patch_label": "P008",
            "id": 7,
            "source": "cfar",
            "detection_method": "cfar"
          }
        ],
        "yolo_properties": {
          "detection_method": "yolo8",
          "confidence": 0.7123580574989319,
          "class": "ship-1",
          "bbox_pixel": [
            14075.855880737305,
            1264.8236694335938,
            14094.075736999512,
            1276.4415283203125
          ],
          "bbox_geo": [
            -46.428180429291494,
            -24.623846885613904,
            -46.42606837348095,
            -24.623215270830226
          ],
          "model": "SAR-MULTI-1280p",
          "class_id": 0,
          "class_name": "ship-1",
          "tile_id": 54,
          "land_mask_checked": true,
          "center_is_water": true,
          "bbox_water_fraction": 1.0,
          "land_mask_method": "natural_earth_land_point_mask",
          "id": 17,
          "source": "yolo",
          "centroid_lon": -46.42707662175176,
          "centroid_lat": -24.623542478279806,
          "score": 0.7123580574989319,
          "patch_id": 6,
          "patch_label": "P007"
        }
      }
    },
    {
      "type": "Feature",
      "geometry": {
        "type": "Polygon",
        "coordinates": [
          [
            [
              -45.69001031328991,
              -24.741152997263328
            ],
            [
              -45.688451311992885,
              -24.741152997263328
            ],
            [
              -45.688451311992885,
              -24.7406658185514
            ],
            [
              -45.69001031328991,
              -24.7406658185514
            ],
            [
              -45.69001031328991,
              -24.741152997263328
            ]
          ]
        ]
      },
      "properties": {
        "id": 18,
        "target_id": "T0018",
        "source": "cfar_yolo",
        "detection_method": "cfar+yolo",
        "methods": [
          "cfar",
          "yolo"
        ],
        "fusion_status": "matched",
        "fusion_rule": "geometry_overlap",
        "cfar_id": 5,
        "cfar_ids": [
          5
        ],
        "cfar_fragment_count": 1,
        "yolo_id": 18,
        "cfar_patch_id": 3,
        "cfar_patch_ids": [
          3
        ],
        "yolo_patch_id": 3,
        "patch_id": 3,
        "patch_label": "P004",
        "yolo_confidence": 0.7123073935508728,
        "match_distance_m": 18.256,
        "match_distances_m": [
          18.256
        ],
        "nearest_match_distance_m": 18.256,
        "max_match_distance_m": 18.256,
        "geometries_overlap": true,
        "overlap_by_cfar": [
          true
        ],
        "display_geometry_source": "yolo",
        "cfar_properties": {
          "lat": -24.741065030608965,
          "lon": -45.68917139404279,
          "area_px": 7,
          "min_sigma0_dB": -6.610000133514404,
          "mean_sigma0_dB": 3.109999895095825,
          "max_sigma0_dB": 12.90999984741211,
          "threshold_cfar_dB": -6.9,
          "pixel_coords": {
            "row": 675,
            "col": 684,
            "row_resampled": 225,
            "col_resampled": 228
          },
          "bbox_pixel_coords": {
            "row_min": 672,
            "row_max": 678,
            "col_min": 678,
            "col_max": 690
          },
          "global_pixel_coords": {
            "row": 675,
            "col": 6524
          },
          "source_product": "S1D_IW_GRDH_1SDV_20260802T083050_20260802T083115_003944_007255_E28D",
          "source_arquivo_id": null,
          "patch_id": 3,
          "patch_name": "patch_0004_VV",
          "geotiff_name": "patch_0004_VV_sigma0_preproc.tif",
          "polarization": "VV",
          "input_scale": "linear",
          "georef_method": "snap_geolocation_grid",
          "geocoding_method": "geolocation_grid",
          "geolocation_grid_status": null,
          "snap_geolocation_grid_used": null,
          "raster_crs": "EPSG:4326",
          "raster_transform": [
            0.00011260467649425172,
            0.0,
            -47.24896674093974,
            0.0,
            -0.00012306709066932562,
            -24.249317768656713,
            0.0,
            0.0,
            1.0
          ],
          "core_bbox_pixels": {
            "x0": 6000,
            "y0": 0,
            "x1": 8000,
            "y1": 2000
          },
          "processing_bbox_pixels": {
            "x0": 5840,
            "y0": 0,
            "x1": 8160,
            "y1": 2160
          },
          "core_bounds_lonlat": {
            "west": -45.862648132853415,
            "south": -24.870402640241267,
            "east": -45.6226316934858,
            "north": -24.648136097417535
          },
          "processing_bounds_lonlat": {
            "west": -45.8818836259464,
            "south": -24.888184516221564,
            "east": -45.60730769008918,
            "north": -24.644552978543334
          },
          "halo_pixels": 160,
          "valid_bbox_fraction": 1.0,
          "artifact_aspect_ratio": 1.6667,
          "land_mask_info": {
            "enabled": true,
            "applied": true,
            "status": "ok",
            "stage": "cfar_water_mask",
            "resampled_shape": [
              720,
              773
            ],
            "sample_shape": [
              119,
              128
            ],
            "sample_max_dim": 128,
            "available": true,
            "method": "natural_earth_land_point_mask",
            "bounds_lonlat": {
              "west": -45.862648132853415,
              "south": -24.870402640241267,
              "east": -45.6226316934858,
              "north": -24.648136097417535
            },
            "mask_path": "/content/sismom_colab_work_v2/sources/api/copernicus_meta_1-main/copernicus-platform/frontend/public/shapes/ne_10m_land/ne_10m_land.shp",
            "land_buffer_degrees": 0.0,
            "valid_geolocation_points": 15232,
            "land_points": 0,
            "water_points": 15232,
            "land_fraction": 0.0,
            "water_fraction": 1.0,
            "valid_pixels_before_land_mask": 556560,
            "valid_pixels_after_land_mask": 556560,
            "pixels_masked_by_land": 0,
            "valid_water_fraction": 1.0,
            "land_skip_threshold": 0.99,
            "min_water_fraction": 0.01,
            "skip_land_tiles": true,
            "skipped": false,
            "reason": "water_candidate",
            "message": "CFAR restrito aos pixels de água."
          },
          "land_fraction": 0.0,
          "water_fraction": 1.0,
          "valid_water_fraction": 1.0,
          "land_mask_method": "natural_earth_land_point_mask",
          "wave_age": null,
          "wave_age_class": null,
          "wave_age_factor": 1.35,
          "wave_age_status": "fallback",
          "era5_time": null,
          "era5_lon": null,
          "era5_lat": null,
          "u10": null,
          "peak_wave_period": null,
          "friction_velocity": null,
          "phase_speed": null,
          "patch_label": "P004",
          "id": 5,
          "source": "cfar",
          "detection_method": "cfar"
        },
        "cfar_properties_list": [
          {
            "lat": -24.741065030608965,
            "lon": -45.68917139404279,
            "area_px": 7,
            "min_sigma0_dB": -6.610000133514404,
            "mean_sigma0_dB": 3.109999895095825,
            "max_sigma0_dB": 12.90999984741211,
            "threshold_cfar_dB": -6.9,
            "pixel_coords": {
              "row": 675,
              "col": 684,
              "row_resampled": 225,
              "col_resampled": 228
            },
            "bbox_pixel_coords": {
              "row_min": 672,
              "row_max": 678,
              "col_min": 678,
              "col_max": 690
            },
            "global_pixel_coords": {
              "row": 675,
              "col": 6524
            },
            "source_product": "S1D_IW_GRDH_1SDV_20260802T083050_20260802T083115_003944_007255_E28D",
            "source_arquivo_id": null,
            "patch_id": 3,
            "patch_name": "patch_0004_VV",
            "geotiff_name": "patch_0004_VV_sigma0_preproc.tif",
            "polarization": "VV",
            "input_scale": "linear",
            "georef_method": "snap_geolocation_grid",
            "geocoding_method": "geolocation_grid",
            "geolocation_grid_status": null,
            "snap_geolocation_grid_used": null,
            "raster_crs": "EPSG:4326",
            "raster_transform": [
              0.00011260467649425172,
              0.0,
              -47.24896674093974,
              0.0,
              -0.00012306709066932562,
              -24.249317768656713,
              0.0,
              0.0,
              1.0
            ],
            "core_bbox_pixels": {
              "x0": 6000,
              "y0": 0,
              "x1": 8000,
              "y1": 2000
            },
            "processing_bbox_pixels": {
              "x0": 5840,
              "y0": 0,
              "x1": 8160,
              "y1": 2160
            },
            "core_bounds_lonlat": {
              "west": -45.862648132853415,
              "south": -24.870402640241267,
              "east": -45.6226316934858,
              "north": -24.648136097417535
            },
            "processing_bounds_lonlat": {
              "west": -45.8818836259464,
              "south": -24.888184516221564,
              "east": -45.60730769008918,
              "north": -24.644552978543334
            },
            "halo_pixels": 160,
            "valid_bbox_fraction": 1.0,
            "artifact_aspect_ratio": 1.6667,
            "land_mask_info": {
              "enabled": true,
              "applied": true,
              "status": "ok",
              "stage": "cfar_water_mask",
              "resampled_shape": [
                720,
                773
              ],
              "sample_shape": [
                119,
                128
              ],
              "sample_max_dim": 128,
              "available": true,
              "method": "natural_earth_land_point_mask",
              "bounds_lonlat": {
                "west": -45.862648132853415,
                "south": -24.870402640241267,
                "east": -45.6226316934858,
                "north": -24.648136097417535
              },
              "mask_path": "/content/sismom_colab_work_v2/sources/api/copernicus_meta_1-main/copernicus-platform/frontend/public/shapes/ne_10m_land/ne_10m_land.shp",
              "land_buffer_degrees": 0.0,
              "valid_geolocation_points": 15232,
              "land_points": 0,
              "water_points": 15232,
              "land_fraction": 0.0,
              "water_fraction": 1.0,
              "valid_pixels_before_land_mask": 556560,
              "valid_pixels_after_land_mask": 556560,
              "pixels_masked_by_land": 0,
              "valid_water_fraction": 1.0,
              "land_skip_threshold": 0.99,
              "min_water_fraction": 0.01,
              "skip_land_tiles": true,
              "skipped": false,
              "reason": "water_candidate",
              "message": "CFAR restrito aos pixels de água."
            },
            "land_fraction": 0.0,
            "water_fraction": 1.0,
            "valid_water_fraction": 1.0,
            "land_mask_method": "natural_earth_land_point_mask",
            "wave_age": null,
            "wave_age_class": null,
            "wave_age_factor": 1.35,
            "wave_age_status": "fallback",
            "era5_time": null,
            "era5_lon": null,
            "era5_lat": null,
            "u10": null,
            "peak_wave_period": null,
            "friction_velocity": null,
            "phase_speed": null,
            "patch_label": "P004",
            "id": 5,
            "source": "cfar",
            "detection_method": "cfar"
          }
        ],
        "yolo_properties": {
          "detection_method": "yolo8",
          "confidence": 0.7123073935508728,
          "class": "ship-1",
          "bbox_pixel": [
            6518.54150390625,
            669.9461669921875,
            6532.602844238281,
            678.0489501953125
          ],
          "bbox_geo": [
            -45.69001031328991,
            -24.741152997263328,
            -45.688451311992885,
            -24.7406658185514
          ],
          "model": "SAR-MULTI-1280p",
          "class_id": 0,
          "class_name": "ship-1",
          "tile_id": 8,
          "land_mask_checked": true,
          "center_is_water": true,
          "bbox_water_fraction": 1.0,
          "land_mask_method": "natural_earth_land_point_mask",
          "id": 18,
          "source": "yolo",
          "centroid_lon": -45.68921869113801,
          "centroid_lat": -24.740864976958452,
          "score": 0.7123073935508728,
          "patch_id": 3,
          "patch_label": "P004"
        }
      }
    },
    {
      "type": "Feature",
      "geometry": {
        "type": "Polygon",
        "coordinates": [
          [
            [
              -45.483048418565886,
              -24.88817514059762
            ],
            [
              -45.48002284780409,
              -24.88817514059762
            ],
            [
              -45.48002284780409,
              -24.885285022073575
            ],
            [
              -45.483048418565886,
              -24.885285022073575
            ],
            [
              -45.483048418565886,
              -24.88817514059762
            ]
          ]
        ]
      },
      "properties": {
        "id": 19,
        "target_id": "T0019",
        "source": "cfar_yolo",
        "detection_method": "cfar+yolo",
        "methods": [
          "cfar",
          "yolo"
        ],
        "fusion_status": "matched",
        "fusion_rule": "geometry_overlap",
        "cfar_id": 4,
        "cfar_ids": [
          4
        ],
        "cfar_fragment_count": 1,
        "yolo_id": 19,
        "cfar_patch_id": 2,
        "cfar_patch_ids": [
          2
        ],
        "yolo_patch_id": 2,
        "patch_id": 2,
        "patch_label": "P003",
        "yolo_confidence": 0.6969025135040283,
        "match_distance_m": 135.383,
        "match_distances_m": [
          135.383
        ],
        "nearest_match_distance_m": 135.383,
        "max_match_distance_m": 135.383,
        "geometries_overlap": true,
        "overlap_by_cfar": [
          true
        ],
        "display_geometry_source": "yolo",
        "cfar_properties": {
          "lat": -24.885796392184922,
          "lon": -45.480671059144115,
          "area_px": 9,
          "min_sigma0_dB": 2.549999952316284,
          "mean_sigma0_dB": 9.100000381469727,
          "max_sigma0_dB": 19.139999389648438,
          "threshold_cfar_dB": 2.5,
          "pixel_coords": {
            "row": 1695,
            "col": 252,
            "row_resampled": 565,
            "col_resampled": 84
          },
          "bbox_pixel_coords": {
            "row_min": 1689,
            "row_max": 1701,
            "col_min": 249,
            "col_max": 255
          },
          "global_pixel_coords": {
            "row": 1695,
            "col": 4092
          },
          "source_product": "S1D_IW_GRDH_1SDV_20260802T083050_20260802T083115_003944_007255_E28D",
          "source_arquivo_id": null,
          "patch_id": 2,
          "patch_name": "patch_0003_VV",
          "geotiff_name": "patch_0003_VV_sigma0_preproc.tif",
          "polarization": "VV",
          "input_scale": "linear",
          "georef_method": "snap_geolocation_grid",
          "geocoding_method": "geolocation_grid",
          "geolocation_grid_status": null,
          "snap_geolocation_grid_used": null,
          "raster_crs": "EPSG:4326",
          "raster_transform": [
            0.00011260467649425172,
            0.0,
            -47.47417609392825,
            0.0,
            -0.00012306709066932562,
            -24.249317768656713,
            0.0,
            0.0,
            1.0
          ],
          "core_bbox_pixels": {
            "x0": 4000,
            "y0": 0,
            "x1": 6000,
            "y1": 2000
          },
          "processing_bbox_pixels": {
            "x0": 3840,
            "y0": 0,
            "x1": 6160,
            "y1": 2160
          },
          "core_bounds_lonlat": {
            "west": -45.670929902002925,
            "south": -24.914863591529876,
            "east": -45.431034470845894,
            "north": -24.69277185590747
          },
          "processing_bounds_lonlat": {
            "west": -45.69015930743978,
            "south": -24.932638339245937,
            "east": -45.4157034750392,
            "north": -24.689213496282978
          },
          "halo_pixels": 160,
          "valid_bbox_fraction": 1.0,
          "artifact_aspect_ratio": 1.6667,
          "land_mask_info": {
            "enabled": true,
            "applied": true,
            "status": "ok",
            "stage": "cfar_water_mask",
            "resampled_shape": [
              720,
              773
            ],
            "sample_shape": [
              119,
              128
            ],
            "sample_max_dim": 128,
            "available": true,
            "method": "natural_earth_land_point_mask",
            "bounds_lonlat": {
              "west": -45.670929902002925,
              "south": -24.914863591529876,
              "east": -45.431034470845894,
              "north": -24.69277185590747
            },
            "mask_path": "/content/sismom_colab_work_v2/sources/api/copernicus_meta_1-main/copernicus-platform/frontend/public/shapes/ne_10m_land/ne_10m_land.shp",
            "land_buffer_degrees": 0.0,
            "valid_geolocation_points": 15232,
            "land_points": 0,
            "water_points": 15232,
            "land_fraction": 0.0,
            "water_fraction": 1.0,
            "valid_pixels_before_land_mask": 556560,
            "valid_pixels_after_land_mask": 556560,
            "pixels_masked_by_land": 0,
            "valid_water_fraction": 1.0,
            "land_skip_threshold": 0.99,
            "min_water_fraction": 0.01,
            "skip_land_tiles": true,
            "skipped": false,
            "reason": "water_candidate",
            "message": "CFAR restrito aos pixels de água."
          },
          "land_fraction": 0.0,
          "water_fraction": 1.0,
          "valid_water_fraction": 1.0,
          "land_mask_method": "natural_earth_land_point_mask",
          "wave_age": null,
          "wave_age_class": null,
          "wave_age_factor": 1.35,
          "wave_age_status": "fallback",
          "era5_time": null,
          "era5_lon": null,
          "era5_lat": null,
          "u10": null,
          "peak_wave_period": null,
          "friction_velocity": null,
          "phase_speed": null,
          "patch_label": "P003",
          "id": 4,
          "source": "cfar",
          "detection_method": "cfar"
        },
        "cfar_properties_list": [
          {
            "lat": -24.885796392184922,
            "lon": -45.480671059144115,
            "area_px": 9,
            "min_sigma0_dB": 2.549999952316284,
            "mean_sigma0_dB": 9.100000381469727,
            "max_sigma0_dB": 19.139999389648438,
            "threshold_cfar_dB": 2.5,
            "pixel_coords": {
              "row": 1695,
              "col": 252,
              "row_resampled": 565,
              "col_resampled": 84
            },
            "bbox_pixel_coords": {
              "row_min": 1689,
              "row_max": 1701,
              "col_min": 249,
              "col_max": 255
            },
            "global_pixel_coords": {
              "row": 1695,
              "col": 4092
            },
            "source_product": "S1D_IW_GRDH_1SDV_20260802T083050_20260802T083115_003944_007255_E28D",
            "source_arquivo_id": null,
            "patch_id": 2,
            "patch_name": "patch_0003_VV",
            "geotiff_name": "patch_0003_VV_sigma0_preproc.tif",
            "polarization": "VV",
            "input_scale": "linear",
            "georef_method": "snap_geolocation_grid",
            "geocoding_method": "geolocation_grid",
            "geolocation_grid_status": null,
            "snap_geolocation_grid_used": null,
            "raster_crs": "EPSG:4326",
            "raster_transform": [
              0.00011260467649425172,
              0.0,
              -47.47417609392825,
              0.0,
              -0.00012306709066932562,
              -24.249317768656713,
              0.0,
              0.0,
              1.0
            ],
            "core_bbox_pixels": {
              "x0": 4000,
              "y0": 0,
              "x1": 6000,
              "y1": 2000
            },
            "processing_bbox_pixels": {
              "x0": 3840,
              "y0": 0,
              "x1": 6160,
              "y1": 2160
            },
            "core_bounds_lonlat": {
              "west": -45.670929902002925,
              "south": -24.914863591529876,
              "east": -45.431034470845894,
              "north": -24.69277185590747
            },
            "processing_bounds_lonlat": {
              "west": -45.69015930743978,
              "south": -24.932638339245937,
              "east": -45.4157034750392,
              "north": -24.689213496282978
            },
            "halo_pixels": 160,
            "valid_bbox_fraction": 1.0,
            "artifact_aspect_ratio": 1.6667,
            "land_mask_info": {
              "enabled": true,
              "applied": true,
              "status": "ok",
              "stage": "cfar_water_mask",
              "resampled_shape": [
                720,
                773
              ],
              "sample_shape": [
                119,
                128
              ],
              "sample_max_dim": 128,
              "available": true,
              "method": "natural_earth_land_point_mask",
              "bounds_lonlat": {
                "west": -45.670929902002925,
                "south": -24.914863591529876,
                "east": -45.431034470845894,
                "north": -24.69277185590747
              },
              "mask_path": "/content/sismom_colab_work_v2/sources/api/copernicus_meta_1-main/copernicus-platform/frontend/public/shapes/ne_10m_land/ne_10m_land.shp",
              "land_buffer_degrees": 0.0,
              "valid_geolocation_points": 15232,
              "land_points": 0,
              "water_points": 15232,
              "land_fraction": 0.0,
              "water_fraction": 1.0,
              "valid_pixels_before_land_mask": 556560,
              "valid_pixels_after_land_mask": 556560,
              "pixels_masked_by_land": 0,
              "valid_water_fraction": 1.0,
              "land_skip_threshold": 0.99,
              "min_water_fraction": 0.01,
              "skip_land_tiles": true,
              "skipped": false,
              "reason": "water_candidate",
              "message": "CFAR restrito aos pixels de água."
            },
            "land_fraction": 0.0,
            "water_fraction": 1.0,
            "valid_water_fraction": 1.0,
            "land_mask_method": "natural_earth_land_point_mask",
            "wave_age": null,
            "wave_age_class": null,
            "wave_age_factor": 1.35,
            "wave_age_status": "fallback",
            "era5_time": null,
            "era5_lon": null,
            "era5_lat": null,
            "u10": null,
            "peak_wave_period": null,
            "friction_velocity": null,
            "phase_speed": null,
            "patch_label": "P003",
            "id": 4,
            "source": "cfar",
            "detection_method": "cfar"
          }
        ],
        "yolo_properties": {
          "detection_method": "yolo8",
          "confidence": 0.6969025135040283,
          "class": "ship-1",
          "bbox_pixel": [
            4087.844268798828,
            1688.0447387695312,
            4109.050231933594,
            1726.1409759521484
          ],
          "bbox_geo": [
            -45.483048418565886,
            -24.88817514059762,
            -45.48002284780409,
            -24.885285022073575
          ],
          "model": "SAR-MULTI-1280p",
          "class_id": 0,
          "class_name": "ship-1",
          "tile_id": 75,
          "land_mask_checked": true,
          "center_is_water": true,
          "bbox_water_fraction": 1.0,
          "land_mask_method": "natural_earth_land_point_mask",
          "id": 19,
          "source": "yolo",
          "centroid_lon": -45.48153561994843,
          "centroid_lat": -24.88673008485446,
          "score": 0.6969025135040283,
          "patch_id": 2,
          "patch_label": "P003"
        }
      }
    },
    {
      "type": "Feature",
      "geometry": {
        "type": "Polygon",
        "coordinates": [
          [
            [
              -46.644535225550946,
              -24.979429030327584
            ],
            [
              -46.642773971311314,
              -24.979429030327584
            ],
            [
              -46.642773971311314,
              -24.978619470610315
            ],
            [
              -46.644535225550946,
              -24.978619470610315
            ],
            [
              -46.644535225550946,
              -24.979429030327584
            ]
          ]
        ]
      },
      "properties": {
        "id": 20,
        "target_id": "T0020",
        "source": "cfar_yolo",
        "detection_method": "cfar+yolo",
        "methods": [
          "cfar",
          "yolo"
        ],
        "fusion_status": "matched",
        "fusion_rule": "geometry_overlap",
        "cfar_id": 34,
        "cfar_ids": [
          34
        ],
        "cfar_fragment_count": 1,
        "yolo_id": 20,
        "cfar_patch_id": 33,
        "cfar_patch_ids": [
          33
        ],
        "yolo_patch_id": 33,
        "patch_id": 33,
        "patch_label": "P034",
        "yolo_confidence": 0.6894341111183167,
        "match_distance_m": 33.938,
        "match_distances_m": [
          33.938
        ],
        "nearest_match_distance_m": 33.938,
        "max_match_distance_m": 33.938,
        "geometries_overlap": true,
        "overlap_by_cfar": [
          true
        ],
        "display_geometry_source": "yolo",
        "cfar_properties": {
          "lat": -24.978658741796913,
          "lon": -46.64339825074315,
          "area_px": 8,
          "min_sigma0_dB": -9.84000015258789,
          "mean_sigma0_dB": -2.0899999141693115,
          "max_sigma0_dB": 8.270000457763672,
          "threshold_cfar_dB": -12.03,
          "pixel_coords": {
            "row": 1728,
            "col": 1389,
            "row_resampled": 576,
            "col_resampled": 463
          },
          "bbox_pixel_coords": {
            "row_min": 1725,
            "row_max": 1734,
            "col_min": 1383,
            "col_max": 1395
          },
          "global_pixel_coords": {
            "row": 5568,
            "col": 15229
          },
          "source_product": "S1D_IW_GRDH_1SDV_20260802T083050_20260802T083115_003944_007255_E28D",
          "source_arquivo_id": null,
          "patch_id": 33,
          "patch_name": "patch_0034_VV",
          "geotiff_name": "patch_0034_VV_sigma0_preproc.tif",
          "polarization": "VV",
          "input_scale": "linear",
          "georef_method": "snap_geolocation_grid",
          "geocoding_method": "geolocation_grid",
          "geolocation_grid_status": null,
          "snap_geolocation_grid_used": null,
          "raster_crs": "EPSG:4326",
          "raster_transform": [
            0.00011260467649425172,
            0.0,
            -46.34812932898573,
            0.0,
            -0.00012306709066932562,
            -24.721895396826923,
            0.0,
            0.0,
            1.0
          ],
          "core_bbox_pixels": {
            "x0": 14000,
            "y0": 4000,
            "x1": 16000,
            "y1": 6000
          },
          "processing_bbox_pixels": {
            "x0": 13840,
            "y0": 3840,
            "x1": 16160,
            "y1": 6160
          },
          "core_bounds_lonlat": {
            "west": -46.72793698187924,
            "south": -25.045009265277102,
            "east": -46.48667274971732,
            "north": -24.82193965531744
          },
          "processing_bounds_lonlat": {
            "west": -46.747274530445175,
            "south": -25.062854367974715,
            "east": -46.46737766916143,
            "north": -24.804083528977056
          },
          "halo_pixels": 160,
          "valid_bbox_fraction": 1.0,
          "artifact_aspect_ratio": 1.25,
          "land_mask_info": {
            "enabled": true,
            "applied": true,
            "status": "ok",
            "stage": "cfar_water_mask",
            "resampled_shape": [
              773,
              773
            ],
            "sample_shape": [
              128,
              128
            ],
            "sample_max_dim": 128,
            "available": true,
            "method": "natural_earth_land_point_mask",
            "bounds_lonlat": {
              "west": -46.72793698187924,
              "south": -25.045009265277102,
              "east": -46.48667274971732,
              "north": -24.82193965531744
            },
            "mask_path": "/content/sismom_colab_work_v2/sources/api/copernicus_meta_1-main/copernicus-platform/frontend/public/shapes/ne_10m_land/ne_10m_land.shp",
            "land_buffer_degrees": 0.0,
            "valid_geolocation_points": 16384,
            "land_points": 0,
            "water_points": 16384,
            "land_fraction": 0.0,
            "water_fraction": 1.0,
            "valid_pixels_before_land_mask": 597529,
            "valid_pixels_after_land_mask": 597529,
            "pixels_masked_by_land": 0,
            "valid_water_fraction": 1.0,
            "land_skip_threshold": 0.99,
            "min_water_fraction": 0.01,
            "skip_land_tiles": true,
            "skipped": false,
            "reason": "water_candidate",
            "message": "CFAR restrito aos pixels de água."
          },
          "land_fraction": 0.0,
          "water_fraction": 1.0,
          "valid_water_fraction": 1.0,
          "land_mask_method": "natural_earth_land_point_mask",
          "wave_age": null,
          "wave_age_class": null,
          "wave_age_factor": 1.35,
          "wave_age_status": "fallback",
          "era5_time": null,
          "era5_lon": null,
          "era5_lat": null,
          "u10": null,
          "peak_wave_period": null,
          "friction_velocity": null,
          "phase_speed": null,
          "patch_label": "P034",
          "id": 34,
          "source": "cfar",
          "detection_method": "cfar"
        },
        "cfar_properties_list": [
          {
            "lat": -24.978658741796913,
            "lon": -46.64339825074315,
            "area_px": 8,
            "min_sigma0_dB": -9.84000015258789,
            "mean_sigma0_dB": -2.0899999141693115,
            "max_sigma0_dB": 8.270000457763672,
            "threshold_cfar_dB": -12.03,
            "pixel_coords": {
              "row": 1728,
              "col": 1389,
              "row_resampled": 576,
              "col_resampled": 463
            },
            "bbox_pixel_coords": {
              "row_min": 1725,
              "row_max": 1734,
              "col_min": 1383,
              "col_max": 1395
            },
            "global_pixel_coords": {
              "row": 5568,
              "col": 15229
            },
            "source_product": "S1D_IW_GRDH_1SDV_20260802T083050_20260802T083115_003944_007255_E28D",
            "source_arquivo_id": null,
            "patch_id": 33,
            "patch_name": "patch_0034_VV",
            "geotiff_name": "patch_0034_VV_sigma0_preproc.tif",
            "polarization": "VV",
            "input_scale": "linear",
            "georef_method": "snap_geolocation_grid",
            "geocoding_method": "geolocation_grid",
            "geolocation_grid_status": null,
            "snap_geolocation_grid_used": null,
            "raster_crs": "EPSG:4326",
            "raster_transform": [
              0.00011260467649425172,
              0.0,
              -46.34812932898573,
              0.0,
              -0.00012306709066932562,
              -24.721895396826923,
              0.0,
              0.0,
              1.0
            ],
            "core_bbox_pixels": {
              "x0": 14000,
              "y0": 4000,
              "x1": 16000,
              "y1": 6000
            },
            "processing_bbox_pixels": {
              "x0": 13840,
              "y0": 3840,
              "x1": 16160,
              "y1": 6160
            },
            "core_bounds_lonlat": {
              "west": -46.72793698187924,
              "south": -25.045009265277102,
              "east": -46.48667274971732,
              "north": -24.82193965531744
            },
            "processing_bounds_lonlat": {
              "west": -46.747274530445175,
              "south": -25.062854367974715,
              "east": -46.46737766916143,
              "north": -24.804083528977056
            },
            "halo_pixels": 160,
            "valid_bbox_fraction": 1.0,
            "artifact_aspect_ratio": 1.25,
            "land_mask_info": {
              "enabled": true,
              "applied": true,
              "status": "ok",
              "stage": "cfar_water_mask",
              "resampled_shape": [
                773,
                773
              ],
              "sample_shape": [
                128,
                128
              ],
              "sample_max_dim": 128,
              "available": true,
              "method": "natural_earth_land_point_mask",
              "bounds_lonlat": {
                "west": -46.72793698187924,
                "south": -25.045009265277102,
                "east": -46.48667274971732,
                "north": -24.82193965531744
              },
              "mask_path": "/content/sismom_colab_work_v2/sources/api/copernicus_meta_1-main/copernicus-platform/frontend/public/shapes/ne_10m_land/ne_10m_land.shp",
              "land_buffer_degrees": 0.0,
              "valid_geolocation_points": 16384,
              "land_points": 0,
              "water_points": 16384,
              "land_fraction": 0.0,
              "water_fraction": 1.0,
              "valid_pixels_before_land_mask": 597529,
              "valid_pixels_after_land_mask": 597529,
              "pixels_masked_by_land": 0,
              "valid_water_fraction": 1.0,
              "land_skip_threshold": 0.99,
              "min_water_fraction": 0.01,
              "skip_land_tiles": true,
              "skipped": false,
              "reason": "water_candidate",
              "message": "CFAR restrito aos pixels de água."
            },
            "land_fraction": 0.0,
            "water_fraction": 1.0,
            "valid_water_fraction": 1.0,
            "land_mask_method": "natural_earth_land_point_mask",
            "wave_age": null,
            "wave_age_class": null,
            "wave_age_factor": 1.35,
            "wave_age_status": "fallback",
            "era5_time": null,
            "era5_lon": null,
            "era5_lat": null,
            "u10": null,
            "peak_wave_period": null,
            "friction_velocity": null,
            "phase_speed": null,
            "patch_label": "P034",
            "id": 34,
            "source": "cfar",
            "detection_method": "cfar"
          }
        ],
        "yolo_properties": {
          "detection_method": "yolo8",
          "confidence": 0.6894341111183167,
          "class": "ship-1",
          "bbox_pixel": [
            15223.338470458984,
            5566.567840576172,
            15238.025085449219,
            5579.259490966797
          ],
          "bbox_geo": [
            -46.644535225550946,
            -24.979429030327584,
            -46.642773971311314,
            -24.978619470610315
          ],
          "model": "SAR-MULTI-1280p",
          "class_id": 0,
          "class_name": "ship-1",
          "tile_id": 265,
          "land_mask_checked": true,
          "center_is_water": true,
          "bbox_water_fraction": 1.0,
          "land_mask_method": "natural_earth_land_point_mask",
          "id": 20,
          "source": "yolo",
          "centroid_lon": -46.64359428900874,
          "centroid_lat": -24.978991459104982,
          "score": 0.6894341111183167,
          "patch_id": 33,
          "patch_label": "P034"
        }
      }
    },
    {
      "type": "Feature",
      "geometry": {
        "type": "Polygon",
        "coordinates": [
          [
            [
              -46.27647574752865,
              -24.984564654419366
            ],
            [
              -46.27515258638308,
              -24.984564654419366
            ],
            [
              -46.27515258638308,
              -24.984215855710413
            ],
            [
              -46.27647574752865,
              -24.984215855710413
            ],
            [
              -46.27647574752865,
              -24.984564654419366
            ]
          ]
        ]
      },
      "properties": {
        "id": 21,
        "target_id": "T0021",
        "source": "cfar_yolo",
        "detection_method": "cfar+yolo",
        "methods": [
          "cfar",
          "yolo"
        ],
        "fusion_status": "matched",
        "fusion_rule": "geometry_overlap",
        "cfar_id": 31,
        "cfar_ids": [
          31
        ],
        "cfar_fragment_count": 1,
        "yolo_id": 21,
        "cfar_patch_id": 31,
        "cfar_patch_ids": [
          31
        ],
        "yolo_patch_id": 31,
        "patch_id": 31,
        "patch_label": "P032",
        "yolo_confidence": 0.639983057975769,
        "match_distance_m": 44.741,
        "match_distances_m": [
          44.741
        ],
        "nearest_match_distance_m": 44.741,
        "max_match_distance_m": 44.741,
        "geometries_overlap": true,
        "overlap_by_cfar": [
          true
        ],
        "display_geometry_source": "yolo",
        "cfar_properties": {
          "lat": -24.984436709545598,
          "lon": -46.27541839145709,
          "area_px": 6,
          "min_sigma0_dB": -9.430000305175781,
          "mean_sigma0_dB": -0.6800000071525574,
          "max_sigma0_dB": 10.920000076293945,
          "threshold_cfar_dB": -9.52,
          "pixel_coords": {
            "row": 864,
            "col": 1773,
            "row_resampled": 288,
            "col_resampled": 591
          },
          "bbox_pixel_coords": {
            "row_min": 861,
            "row_max": 864,
            "col_min": 1767,
            "col_max": 1779
          },
          "global_pixel_coords": {
            "row": 4704,
            "col": 11613
          },
          "source_product": "S1D_IW_GRDH_1SDV_20260802T083050_20260802T083115_003944_007255_E28D",
          "source_arquivo_id": null,
          "patch_id": 31,
          "patch_name": "patch_0032_VV",
          "geotiff_name": "patch_0032_VV_sigma0_preproc.tif",
          "polarization": "VV",
          "input_scale": "linear",
          "georef_method": "snap_geolocation_grid",
          "geocoding_method": "geolocation_grid",
          "geolocation_grid_status": null,
          "snap_geolocation_grid_used": null,
          "raster_crs": "EPSG:4326",
          "raster_transform": [
            0.00011260467649425172,
            0.0,
            -46.798548034962735,
            0.0,
            -0.00012306709066932562,
            -24.721895396826923,
            0.0,
            0.0,
            1.0
          ],
          "core_bbox_pixels": {
            "x0": 10000,
            "y0": 4000,
            "x1": 12000,
            "y1": 6000
          },
          "processing_bbox_pixels": {
            "x0": 9840,
            "y0": 3840,
            "x1": 12160,
            "y1": 6160
          },
          "core_bounds_lonlat": {
            "west": -46.34445988673276,
            "south": -25.135913505236648,
            "east": -46.103422020352426,
            "north": -24.913191723601077
          },
          "processing_bounds_lonlat": {
            "west": -46.363778251840515,
            "south": -25.153729956556084,
            "east": -46.084144287224696,
            "north": -24.895361054634602
          },
          "halo_pixels": 160,
          "valid_bbox_fraction": 1.0,
          "artifact_aspect_ratio": 2.5,
          "land_mask_info": {
            "enabled": true,
            "applied": true,
            "status": "ok",
            "stage": "cfar_water_mask",
            "resampled_shape": [
              773,
              773
            ],
            "sample_shape": [
              128,
              128
            ],
            "sample_max_dim": 128,
            "available": true,
            "method": "natural_earth_land_point_mask",
            "bounds_lonlat": {
              "west": -46.34445988673276,
              "south": -25.135913505236648,
              "east": -46.103422020352426,
              "north": -24.913191723601077
            },
            "mask_path": "/content/sismom_colab_work_v2/sources/api/copernicus_meta_1-main/copernicus-platform/frontend/public/shapes/ne_10m_land/ne_10m_land.shp",
            "land_buffer_degrees": 0.0,
            "valid_geolocation_points": 16384,
            "land_points": 0,
            "water_points": 16384,
            "land_fraction": 0.0,
            "water_fraction": 1.0,
            "valid_pixels_before_land_mask": 597529,
            "valid_pixels_after_land_mask": 597529,
            "pixels_masked_by_land": 0,
            "valid_water_fraction": 1.0,
            "land_skip_threshold": 0.99,
            "min_water_fraction": 0.01,
            "skip_land_tiles": true,
            "skipped": false,
            "reason": "water_candidate",
            "message": "CFAR restrito aos pixels de água."
          },
          "land_fraction": 0.0,
          "water_fraction": 1.0,
          "valid_water_fraction": 1.0,
          "land_mask_method": "natural_earth_land_point_mask",
          "wave_age": null,
          "wave_age_class": null,
          "wave_age_factor": 1.35,
          "wave_age_status": "fallback",
          "era5_time": null,
          "era5_lon": null,
          "era5_lat": null,
          "u10": null,
          "peak_wave_period": null,
          "friction_velocity": null,
          "phase_speed": null,
          "patch_label": "P032",
          "id": 31,
          "source": "cfar",
          "detection_method": "cfar"
        },
        "cfar_properties_list": [
          {
            "lat": -24.984436709545598,
            "lon": -46.27541839145709,
            "area_px": 6,
            "min_sigma0_dB": -9.430000305175781,
            "mean_sigma0_dB": -0.6800000071525574,
            "max_sigma0_dB": 10.920000076293945,
            "threshold_cfar_dB": -9.52,
            "pixel_coords": {
              "row": 864,
              "col": 1773,
              "row_resampled": 288,
              "col_resampled": 591
            },
            "bbox_pixel_coords": {
              "row_min": 861,
              "row_max": 864,
              "col_min": 1767,
              "col_max": 1779
            },
            "global_pixel_coords": {
              "row": 4704,
              "col": 11613
            },
            "source_product": "S1D_IW_GRDH_1SDV_20260802T083050_20260802T083115_003944_007255_E28D",
            "source_arquivo_id": null,
            "patch_id": 31,
            "patch_name": "patch_0032_VV",
            "geotiff_name": "patch_0032_VV_sigma0_preproc.tif",
            "polarization": "VV",
            "input_scale": "linear",
            "georef_method": "snap_geolocation_grid",
            "geocoding_method": "geolocation_grid",
            "geolocation_grid_status": null,
            "snap_geolocation_grid_used": null,
            "raster_crs": "EPSG:4326",
            "raster_transform": [
              0.00011260467649425172,
              0.0,
              -46.798548034962735,
              0.0,
              -0.00012306709066932562,
              -24.721895396826923,
              0.0,
              0.0,
              1.0
            ],
            "core_bbox_pixels": {
              "x0": 10000,
              "y0": 4000,
              "x1": 12000,
              "y1": 6000
            },
            "processing_bbox_pixels": {
              "x0": 9840,
              "y0": 3840,
              "x1": 12160,
              "y1": 6160
            },
            "core_bounds_lonlat": {
              "west": -46.34445988673276,
              "south": -25.135913505236648,
              "east": -46.103422020352426,
              "north": -24.913191723601077
            },
            "processing_bounds_lonlat": {
              "west": -46.363778251840515,
              "south": -25.153729956556084,
              "east": -46.084144287224696,
              "north": -24.895361054634602
            },
            "halo_pixels": 160,
            "valid_bbox_fraction": 1.0,
            "artifact_aspect_ratio": 2.5,
            "land_mask_info": {
              "enabled": true,
              "applied": true,
              "status": "ok",
              "stage": "cfar_water_mask",
              "resampled_shape": [
                773,
                773
              ],
              "sample_shape": [
                128,
                128
              ],
              "sample_max_dim": 128,
              "available": true,
              "method": "natural_earth_land_point_mask",
              "bounds_lonlat": {
                "west": -46.34445988673276,
                "south": -25.135913505236648,
                "east": -46.103422020352426,
                "north": -24.913191723601077
              },
              "mask_path": "/content/sismom_colab_work_v2/sources/api/copernicus_meta_1-main/copernicus-platform/frontend/public/shapes/ne_10m_land/ne_10m_land.shp",
              "land_buffer_degrees": 0.0,
              "valid_geolocation_points": 16384,
              "land_points": 0,
              "water_points": 16384,
              "land_fraction": 0.0,
              "water_fraction": 1.0,
              "valid_pixels_before_land_mask": 597529,
              "valid_pixels_after_land_mask": 597529,
              "pixels_masked_by_land": 0,
              "valid_water_fraction": 1.0,
              "land_skip_threshold": 0.99,
              "min_water_fraction": 0.01,
              "skip_land_tiles": true,
              "skipped": false,
              "reason": "water_candidate",
              "message": "CFAR restrito aos pixels de água."
            },
            "land_fraction": 0.0,
            "water_fraction": 1.0,
            "valid_water_fraction": 1.0,
            "land_mask_method": "natural_earth_land_point_mask",
            "wave_age": null,
            "wave_age_class": null,
            "wave_age_factor": 1.35,
            "wave_age_status": "fallback",
            "era5_time": null,
            "era5_lon": null,
            "era5_lat": null,
            "u10": null,
            "peak_wave_period": null,
            "friction_velocity": null,
            "phase_speed": null,
            "patch_label": "P032",
            "id": 31,
            "source": "cfar",
            "detection_method": "cfar"
          }
        ],
        "yolo_properties": {
          "detection_method": "yolo8",
          "confidence": 0.639983057975769,
          "class": "ship-1",
          "bbox_pixel": [
            11611.888244628906,
            4701.770538330078,
            11623.316589355469,
            4708.779754638672
          ],
          "bbox_geo": [
            -46.27647574752865,
            -24.984564654419366,
            -46.27515258638308,
            -24.984215855710413
          ],
          "model": "SAR-MULTI-1280p",
          "class_id": 0,
          "class_name": "ship-1",
          "tile_id": 225,
          "land_mask_checked": true,
          "center_is_water": true,
          "bbox_water_fraction": 1.0,
          "land_mask_method": "natural_earth_land_point_mask",
          "id": 21,
          "source": "yolo",
          "centroid_lon": -46.27582651447514,
          "centroid_lat": -24.98443463373395,
          "score": 0.639983057975769,
          "patch_id": 31,
          "patch_label": "P032"
        }
      }
    },
    {
      "type": "Feature",
      "geometry": {
        "type": "Polygon",
        "coordinates": [
          [
            [
              -46.841478268813646,
              -24.863699305214197
            ],
            [
              -46.838195173654434,
              -24.863699305214197
            ],
            [
              -46.838195173654434,
              -24.86003933920289
            ],
            [
              -46.841478268813646,
              -24.86003933920289
            ],
            [
              -46.841478268813646,
              -24.863699305214197
            ]
          ]
        ]
      },
      "properties": {
        "id": 22,
        "target_id": "T0022",
        "source": "cfar_yolo",
        "detection_method": "cfar+yolo",
        "methods": [
          "cfar",
          "yolo"
        ],
        "fusion_status": "matched",
        "fusion_rule": "geometry_overlap",
        "cfar_id": 35,
        "cfar_ids": [
          35
        ],
        "cfar_fragment_count": 1,
        "yolo_id": 22,
        "cfar_patch_id": 34,
        "cfar_patch_ids": [
          34
        ],
        "yolo_patch_id": 34,
        "patch_id": 34,
        "patch_label": "P035",
        "yolo_confidence": 0.6137039661407471,
        "match_distance_m": 68.462,
        "match_distances_m": [
          68.462
        ],
        "nearest_match_distance_m": 68.462,
        "max_match_distance_m": 68.462,
        "geometries_overlap": true,
        "overlap_by_cfar": [
          true
        ],
        "display_geometry_source": "yolo",
        "cfar_properties": {
          "lat": -24.861473849069682,
          "lon": -46.839316114966195,
          "area_px": 64,
          "min_sigma0_dB": -9.289999961853027,
          "mean_sigma0_dB": -1.190000057220459,
          "max_sigma0_dB": 16.280000686645508,
          "threshold_cfar_dB": -9.51,
          "pixel_coords": {
            "row": 987,
            "col": 1629,
            "row_resampled": 329,
            "col_resampled": 543
          },
          "bbox_pixel_coords": {
            "row_min": 960,
            "row_max": 1014,
            "col_min": 1620,
            "col_max": 1638
          },
          "global_pixel_coords": {
            "row": 4827,
            "col": 17469
          },
          "source_product": "S1D_IW_GRDH_1SDV_20260802T083050_20260802T083115_003944_007255_E28D",
          "source_arquivo_id": null,
          "patch_id": 34,
          "patch_name": "patch_0035_VV",
          "geotiff_name": "patch_0035_VV_sigma0_preproc.tif",
          "polarization": "VV",
          "input_scale": "linear",
          "georef_method": "snap_geolocation_grid",
          "geocoding_method": "geolocation_grid",
          "geolocation_grid_status": null,
          "snap_geolocation_grid_used": null,
          "raster_crs": "EPSG:4326",
          "raster_transform": [
            0.00011260467649425172,
            0.0,
            -46.12291997599723,
            0.0,
            -0.00012306709066932562,
            -24.721895396826923,
            0.0,
            0.0,
            1.0
          ],
          "core_bbox_pixels": {
            "x0": 16000,
            "y0": 4000,
            "x1": 18000,
            "y1": 6000
          },
          "processing_bbox_pixels": {
            "x0": 15840,
            "y0": 3840,
            "x1": 18160,
            "y1": 6160
          },
          "core_bounds_lonlat": {
            "west": -46.91946181869835,
            "south": -24.999175696959703,
            "east": -46.67807995687483,
            "north": -24.775953318836685
          },
          "processing_bounds_lonlat": {
            "west": -46.93880562618143,
            "south": -25.01703703381089,
            "east": -46.65877711536438,
            "north": -24.75807891725822
          },
          "halo_pixels": 160,
          "valid_bbox_fraction": 1.0,
          "artifact_aspect_ratio": 2.7143,
          "land_mask_info": {
            "enabled": true,
            "applied": true,
            "status": "ok",
            "stage": "cfar_water_mask",
            "resampled_shape": [
              773,
              773
            ],
            "sample_shape": [
              128,
              128
            ],
            "sample_max_dim": 128,
            "available": true,
            "method": "natural_earth_land_point_mask",
            "bounds_lonlat": {
              "west": -46.91946181869835,
              "south": -24.999175696959703,
              "east": -46.67807995687483,
              "north": -24.775953318836685
            },
            "mask_path": "/content/sismom_colab_work_v2/sources/api/copernicus_meta_1-main/copernicus-platform/frontend/public/shapes/ne_10m_land/ne_10m_land.shp",
            "land_buffer_degrees": 0.0,
            "valid_geolocation_points": 16384,
            "land_points": 0,
            "water_points": 16384,
            "land_fraction": 0.0,
            "water_fraction": 1.0,
            "valid_pixels_before_land_mask": 597529,
            "valid_pixels_after_land_mask": 597529,
            "pixels_masked_by_land": 0,
            "valid_water_fraction": 1.0,
            "land_skip_threshold": 0.99,
            "min_water_fraction": 0.01,
            "skip_land_tiles": true,
            "skipped": false,
            "reason": "water_candidate",
            "message": "CFAR restrito aos pixels de água."
          },
          "land_fraction": 0.0,
          "water_fraction": 1.0,
          "valid_water_fraction": 1.0,
          "land_mask_method": "natural_earth_land_point_mask",
          "wave_age": null,
          "wave_age_class": null,
          "wave_age_factor": 1.35,
          "wave_age_status": "fallback",
          "era5_time": null,
          "era5_lon": null,
          "era5_lat": null,
          "u10": null,
          "peak_wave_period": null,
          "friction_velocity": null,
          "phase_speed": null,
          "patch_label": "P035",
          "id": 35,
          "source": "cfar",
          "detection_method": "cfar"
        },
        "cfar_properties_list": [
          {
            "lat": -24.861473849069682,
            "lon": -46.839316114966195,
            "area_px": 64,
            "min_sigma0_dB": -9.289999961853027,
            "mean_sigma0_dB": -1.190000057220459,
            "max_sigma0_dB": 16.280000686645508,
            "threshold_cfar_dB": -9.51,
            "pixel_coords": {
              "row": 987,
              "col": 1629,
              "row_resampled": 329,
              "col_resampled": 543
            },
            "bbox_pixel_coords": {
              "row_min": 960,
              "row_max": 1014,
              "col_min": 1620,
              "col_max": 1638
            },
            "global_pixel_coords": {
              "row": 4827,
              "col": 17469
            },
            "source_product": "S1D_IW_GRDH_1SDV_20260802T083050_20260802T083115_003944_007255_E28D",
            "source_arquivo_id": null,
            "patch_id": 34,
            "patch_name": "patch_0035_VV",
            "geotiff_name": "patch_0035_VV_sigma0_preproc.tif",
            "polarization": "VV",
            "input_scale": "linear",
            "georef_method": "snap_geolocation_grid",
            "geocoding_method": "geolocation_grid",
            "geolocation_grid_status": null,
            "snap_geolocation_grid_used": null,
            "raster_crs": "EPSG:4326",
            "raster_transform": [
              0.00011260467649425172,
              0.0,
              -46.12291997599723,
              0.0,
              -0.00012306709066932562,
              -24.721895396826923,
              0.0,
              0.0,
              1.0
            ],
            "core_bbox_pixels": {
              "x0": 16000,
              "y0": 4000,
              "x1": 18000,
              "y1": 6000
            },
            "processing_bbox_pixels": {
              "x0": 15840,
              "y0": 3840,
              "x1": 18160,
              "y1": 6160
            },
            "core_bounds_lonlat": {
              "west": -46.91946181869835,
              "south": -24.999175696959703,
              "east": -46.67807995687483,
              "north": -24.775953318836685
            },
            "processing_bounds_lonlat": {
              "west": -46.93880562618143,
              "south": -25.01703703381089,
              "east": -46.65877711536438,
              "north": -24.75807891725822
            },
            "halo_pixels": 160,
            "valid_bbox_fraction": 1.0,
            "artifact_aspect_ratio": 2.7143,
            "land_mask_info": {
              "enabled": true,
              "applied": true,
              "status": "ok",
              "stage": "cfar_water_mask",
              "resampled_shape": [
                773,
                773
              ],
              "sample_shape": [
                128,
                128
              ],
              "sample_max_dim": 128,
              "available": true,
              "method": "natural_earth_land_point_mask",
              "bounds_lonlat": {
                "west": -46.91946181869835,
                "south": -24.999175696959703,
                "east": -46.67807995687483,
                "north": -24.775953318836685
              },
              "mask_path": "/content/sismom_colab_work_v2/sources/api/copernicus_meta_1-main/copernicus-platform/frontend/public/shapes/ne_10m_land/ne_10m_land.shp",
              "land_buffer_degrees": 0.0,
              "valid_geolocation_points": 16384,
              "land_points": 0,
              "water_points": 16384,
              "land_fraction": 0.0,
              "water_fraction": 1.0,
              "valid_pixels_before_land_mask": 597529,
              "valid_pixels_after_land_mask": 597529,
              "pixels_masked_by_land": 0,
              "valid_water_fraction": 1.0,
              "land_skip_threshold": 0.99,
              "min_water_fraction": 0.01,
              "skip_land_tiles": true,
              "skipped": false,
              "reason": "water_candidate",
              "message": "CFAR restrito aos pixels de água."
            },
            "land_fraction": 0.0,
            "water_fraction": 1.0,
            "valid_water_fraction": 1.0,
            "land_mask_method": "natural_earth_land_point_mask",
            "wave_age": null,
            "wave_age_class": null,
            "wave_age_factor": 1.35,
            "wave_age_status": "fallback",
            "era5_time": null,
            "era5_lon": null,
            "era5_lat": null,
            "u10": null,
            "peak_wave_period": null,
            "friction_velocity": null,
            "phase_speed": null,
            "patch_label": "P035",
            "id": 35,
            "source": "cfar",
            "detection_method": "cfar"
          }
        ],
        "yolo_properties": {
          "detection_method": "yolo8",
          "confidence": 0.6137039661407471,
          "class": "ship-1",
          "bbox_pixel": [
            17462.774841308594,
            4809.7806396484375,
            17484.040588378906,
            4856.431854248047
          ],
          "bbox_geo": [
            -46.841478268813646,
            -24.863699305214197,
            -46.838195173654434,
            -24.86003933920289
          ],
          "model": "SAR-MULTI-1280p",
          "class_id": 0,
          "class_name": "ship-1",
          "tile_id": 233,
          "land_mask_checked": true,
          "center_is_water": true,
          "bbox_water_fraction": 1.0,
          "land_mask_method": "natural_earth_land_point_mask",
          "id": 22,
          "source": "yolo",
          "centroid_lon": -46.83984923820807,
          "centroid_lat": -24.861913650902533,
          "score": 0.6137039661407471,
          "patch_id": 34,
          "patch_label": "P035"
        }
      }
    },
    {
      "type": "Feature",
      "geometry": {
        "type": "Polygon",
        "coordinates": [
          [
            [
              -47.51068408258309,
              -25.349926819632664
            ],
            [
              -47.50938389994653,
              -25.349926819632664
            ],
            [
              -47.50938389994653,
              -25.34863354420662
            ],
            [
              -47.51068408258309,
              -25.34863354420662
            ],
            [
              -47.51068408258309,
              -25.349926819632664
            ]
          ]
        ]
      },
      "properties": {
        "id": 23,
        "target_id": "T0023",
        "source": "cfar_yolo",
        "detection_method": "cfar+yolo",
        "methods": [
          "cfar",
          "yolo"
        ],
        "fusion_status": "matched",
        "fusion_rule": "geometry_overlap",
        "cfar_id": 41,
        "cfar_ids": [
          41
        ],
        "cfar_fragment_count": 1,
        "yolo_id": 23,
        "cfar_patch_id": 76,
        "cfar_patch_ids": [
          76
        ],
        "yolo_patch_id": 76,
        "patch_id": 76,
        "patch_label": "P077",
        "yolo_confidence": 0.5395519137382507,
        "match_distance_m": 15.001,
        "match_distances_m": [
          15.001
        ],
        "nearest_match_distance_m": 15.001,
        "max_match_distance_m": 15.001,
        "geometries_overlap": true,
        "overlap_by_cfar": [
          true
        ],
        "display_geometry_source": "yolo",
        "cfar_properties": {
          "lat": -25.349112225892306,
          "lon": -47.51013934268325,
          "area_px": 43,
          "min_sigma0_dB": -5.329999923706055,
          "mean_sigma0_dB": 4.670000076293945,
          "max_sigma0_dB": 22.149999618530273,
          "threshold_cfar_dB": -4.07,
          "pixel_coords": {
            "row": 1854,
            "col": 813,
            "row_resampled": 618,
            "col_resampled": 271
          },
          "bbox_pixel_coords": {
            "row_min": 1839,
            "row_max": 1872,
            "col_min": 804,
            "col_max": 822
          },
          "global_pixel_coords": {
            "row": 11694,
            "col": 22653
          },
          "source_product": "S1D_IW_GRDH_1SDV_20260802T083050_20260802T083115_003944_007255_E28D",
          "source_arquivo_id": null,
          "patch_id": 76,
          "patch_name": "patch_0077_VV",
          "geotiff_name": "patch_0077_VV_sigma0_preproc.tif",
          "polarization": "VV",
          "input_scale": "linear",
          "georef_method": "snap_geolocation_grid",
          "geocoding_method": "geolocation_grid",
          "geolocation_grid_status": null,
          "snap_geolocation_grid_used": null,
          "raster_crs": "EPSG:4326",
          "raster_transform": [
            0.00011260467649425172,
            0.0,
            -45.44729191703171,
            0.0,
            -0.00012306709066932562,
            -25.460297940842878,
            0.0,
            0.0,
            1.0
          ],
          "core_bbox_pixels": {
            "x0": 22000,
            "y0": 10000,
            "x1": 24000,
            "y1": 12000
          },
          "processing_bbox_pixels": {
            "x0": 21840,
            "y0": 9840,
            "x1": 24160,
            "y1": 12160
          },
          "core_bounds_lonlat": {
            "west": -47.64707885402706,
            "south": -25.391435349438563,
            "east": -47.40413590987213,
            "north": -25.167544825367592
          },
          "processing_bounds_lonlat": {
            "west": -47.666545808522955,
            "south": -25.409354467888633,
            "east": -47.38471328181292,
            "north": -25.149623632501818
          },
          "halo_pixels": 160,
          "valid_bbox_fraction": 1.0,
          "artifact_aspect_ratio": 1.7143,
          "land_mask_info": {
            "enabled": true,
            "applied": true,
            "status": "ok",
            "stage": "cfar_water_mask",
            "resampled_shape": [
              773,
              773
            ],
            "sample_shape": [
              128,
              128
            ],
            "sample_max_dim": 128,
            "available": true,
            "method": "natural_earth_land_point_mask",
            "bounds_lonlat": {
              "west": -47.64707885402706,
              "south": -25.391435349438563,
              "east": -47.40413590987213,
              "north": -25.167544825367592
            },
            "mask_path": "/content/sismom_colab_work_v2/sources/api/copernicus_meta_1-main/copernicus-platform/frontend/public/shapes/ne_10m_land/ne_10m_land.shp",
            "land_buffer_degrees": 0.0,
            "valid_geolocation_points": 16384,
            "land_points": 0,
            "water_points": 16384,
            "land_fraction": 0.0,
            "water_fraction": 1.0,
            "valid_pixels_before_land_mask": 597529,
            "valid_pixels_after_land_mask": 597529,
            "pixels_masked_by_land": 0,
            "valid_water_fraction": 1.0,
            "land_skip_threshold": 0.99,
            "min_water_fraction": 0.01,
            "skip_land_tiles": true,
            "skipped": false,
            "reason": "water_candidate",
            "message": "CFAR restrito aos pixels de água."
          },
          "land_fraction": 0.0,
          "water_fraction": 1.0,
          "valid_water_fraction": 1.0,
          "land_mask_method": "natural_earth_land_point_mask",
          "wave_age": null,
          "wave_age_class": null,
          "wave_age_factor": 1.35,
          "wave_age_status": "fallback",
          "era5_time": null,
          "era5_lon": null,
          "era5_lat": null,
          "u10": null,
          "peak_wave_period": null,
          "friction_velocity": null,
          "phase_speed": null,
          "patch_label": "P077",
          "id": 41,
          "source": "cfar",
          "detection_method": "cfar"
        },
        "cfar_properties_list": [
          {
            "lat": -25.349112225892306,
            "lon": -47.51013934268325,
            "area_px": 43,
            "min_sigma0_dB": -5.329999923706055,
            "mean_sigma0_dB": 4.670000076293945,
            "max_sigma0_dB": 22.149999618530273,
            "threshold_cfar_dB": -4.07,
            "pixel_coords": {
              "row": 1854,
              "col": 813,
              "row_resampled": 618,
              "col_resampled": 271
            },
            "bbox_pixel_coords": {
              "row_min": 1839,
              "row_max": 1872,
              "col_min": 804,
              "col_max": 822
            },
            "global_pixel_coords": {
              "row": 11694,
              "col": 22653
            },
            "source_product": "S1D_IW_GRDH_1SDV_20260802T083050_20260802T083115_003944_007255_E28D",
            "source_arquivo_id": null,
            "patch_id": 76,
            "patch_name": "patch_0077_VV",
            "geotiff_name": "patch_0077_VV_sigma0_preproc.tif",
            "polarization": "VV",
            "input_scale": "linear",
            "georef_method": "snap_geolocation_grid",
            "geocoding_method": "geolocation_grid",
            "geolocation_grid_status": null,
            "snap_geolocation_grid_used": null,
            "raster_crs": "EPSG:4326",
            "raster_transform": [
              0.00011260467649425172,
              0.0,
              -45.44729191703171,
              0.0,
              -0.00012306709066932562,
              -25.460297940842878,
              0.0,
              0.0,
              1.0
            ],
            "core_bbox_pixels": {
              "x0": 22000,
              "y0": 10000,
              "x1": 24000,
              "y1": 12000
            },
            "processing_bbox_pixels": {
              "x0": 21840,
              "y0": 9840,
              "x1": 24160,
              "y1": 12160
            },
            "core_bounds_lonlat": {
              "west": -47.64707885402706,
              "south": -25.391435349438563,
              "east": -47.40413590987213,
              "north": -25.167544825367592
            },
            "processing_bounds_lonlat": {
              "west": -47.666545808522955,
              "south": -25.409354467888633,
              "east": -47.38471328181292,
              "north": -25.149623632501818
            },
            "halo_pixels": 160,
            "valid_bbox_fraction": 1.0,
            "artifact_aspect_ratio": 1.7143,
            "land_mask_info": {
              "enabled": true,
              "applied": true,
              "status": "ok",
              "stage": "cfar_water_mask",
              "resampled_shape": [
                773,
                773
              ],
              "sample_shape": [
                128,
                128
              ],
              "sample_max_dim": 128,
              "available": true,
              "method": "natural_earth_land_point_mask",
              "bounds_lonlat": {
                "west": -47.64707885402706,
                "south": -25.391435349438563,
                "east": -47.40413590987213,
                "north": -25.167544825367592
              },
              "mask_path": "/content/sismom_colab_work_v2/sources/api/copernicus_meta_1-main/copernicus-platform/frontend/public/shapes/ne_10m_land/ne_10m_land.shp",
              "land_buffer_degrees": 0.0,
              "valid_geolocation_points": 16384,
              "land_points": 0,
              "water_points": 16384,
              "land_fraction": 0.0,
              "water_fraction": 1.0,
              "valid_pixels_before_land_mask": 597529,
              "valid_pixels_after_land_mask": 597529,
              "pixels_masked_by_land": 0,
              "valid_water_fraction": 1.0,
              "land_skip_threshold": 0.99,
              "min_water_fraction": 0.01,
              "skip_land_tiles": true,
              "skipped": false,
              "reason": "water_candidate",
              "message": "CFAR restrito aos pixels de água."
            },
            "land_fraction": 0.0,
            "water_fraction": 1.0,
            "valid_water_fraction": 1.0,
            "land_mask_method": "natural_earth_land_point_mask",
            "wave_age": null,
            "wave_age_class": null,
            "wave_age_factor": 1.35,
            "wave_age_status": "fallback",
            "era5_time": null,
            "era5_lon": null,
            "era5_lat": null,
            "u10": null,
            "peak_wave_period": null,
            "friction_velocity": null,
            "phase_speed": null,
            "patch_label": "P077",
            "id": 41,
            "source": "cfar",
            "detection_method": "cfar"
          }
        ],
        "yolo_properties": {
          "detection_method": "yolo8",
          "confidence": 0.5395519137382507,
          "class": "ship-1",
          "bbox_pixel": [
            22647.107482910156,
            11687.471252441406,
            22656.930725097656,
            11704.788269042969
          ],
          "bbox_geo": [
            -47.51068408258309,
            -25.349926819632664,
            -47.50938389994653,
            -25.34863354420662
          ],
          "model": "SAR-MULTI-1280p",
          "class_id": 0,
          "class_name": "ship-1",
          "tile_id": 555,
          "land_mask_checked": true,
          "center_is_water": true,
          "bbox_water_fraction": 1.0,
          "land_mask_method": "natural_earth_land_point_mask",
          "id": 23,
          "source": "yolo",
          "centroid_lon": -47.51009480142302,
          "centroid_lat": -25.349312697728504,
          "score": 0.5395519137382507,
          "patch_id": 76,
          "patch_label": "P077"
        }
      }
    },
    {
      "type": "Feature",
      "geometry": {
        "type": "Polygon",
        "coordinates": [
          [
            [
              -46.678303234190174,
              -24.488290154292837
            ],
            [
              -46.668642402721694,
              -24.488290154292837
            ],
            [
              -46.668642402721694,
              -24.479631784001914
            ],
            [
              -46.678303234190174,
              -24.479631784001914
            ],
            [
              -46.678303234190174,
              -24.488290154292837
            ]
          ]
        ]
      },
      "properties": {
        "id": 24,
        "target_id": "T0024",
        "source": "cfar_yolo",
        "detection_method": "cfar+yolo",
        "methods": [
          "cfar",
          "yolo"
        ],
        "fusion_status": "matched",
        "fusion_rule": "geometry_overlap",
        "cfar_id": 10,
        "cfar_ids": [
          10,
          11,
          9,
          12
        ],
        "cfar_fragment_count": 4,
        "yolo_id": 27,
        "cfar_patch_id": 8,
        "cfar_patch_ids": [
          8,
          8,
          8,
          8
        ],
        "yolo_patch_id": 8,
        "patch_id": 8,
        "patch_label": "P009",
        "yolo_confidence": 0.424007385969162,
        "match_distance_m": 141.159,
        "match_distances_m": [
          141.159,
          155.877,
          332.89,
          488.963
        ],
        "nearest_match_distance_m": 141.159,
        "max_match_distance_m": 488.963,
        "geometries_overlap": true,
        "overlap_by_cfar": [
          true,
          true,
          true,
          true
        ],
        "display_geometry_source": "yolo",
        "cfar_properties": {
          "lat": -24.48329665757199,
          "lon": -46.674661198168536,
          "area_px": 5,
          "min_sigma0_dB": -0.25999999046325684,
          "mean_sigma0_dB": 3.0399999618530273,
          "max_sigma0_dB": 6.900000095367432,
          "threshold_cfar_dB": -1.17,
          "pixel_coords": {
            "row": 414,
            "col": 1059,
            "row_resampled": 138,
            "col_resampled": 353
          },
          "bbox_pixel_coords": {
            "row_min": 408,
            "row_max": 420,
            "col_min": 1059,
            "col_max": 1059
          },
          "global_pixel_coords": {
            "row": 414,
            "col": 16899
          },
          "source_product": "S1D_IW_GRDH_1SDV_20260802T083050_20260802T083115_003944_007255_E28D",
          "source_arquivo_id": null,
          "patch_id": 8,
          "patch_name": "patch_0009_VV",
          "geotiff_name": "patch_0009_VV_sigma0_preproc.tif",
          "polarization": "VV",
          "input_scale": "linear",
          "georef_method": "snap_geolocation_grid",
          "geocoding_method": "geolocation_grid",
          "geolocation_grid_status": null,
          "snap_geolocation_grid_used": null,
          "raster_crs": "EPSG:4326",
          "raster_transform": [
            0.00011260467649425172,
            0.0,
            -46.12291997599723,
            0.0,
            -0.00012306709066932562,
            -24.249317768656713,
            0.0,
            0.0,
            1.0
          ],
          "core_bbox_pixels": {
            "x0": 16000,
            "y0": 0,
            "x1": 18000,
            "y1": 2000
          },
          "processing_bbox_pixels": {
            "x0": 15840,
            "y0": 0,
            "x1": 18160,
            "y1": 2160
          },
          "core_bounds_lonlat": {
            "west": -46.8191647646061,
            "south": -24.6444598382405,
            "east": -46.57858524376601,
            "north": -24.421345960005926
          },
          "processing_bounds_lonlat": {
            "west": -46.83844522497204,
            "south": -24.662312328546815,
            "east": -46.56331662236463,
            "north": -24.41766548712104
          },
          "halo_pixels": 160,
          "valid_bbox_fraction": 1.0,
          "artifact_aspect_ratio": 5.0,
          "land_mask_info": {
            "enabled": true,
            "applied": true,
            "status": "ok",
            "stage": "cfar_water_mask",
            "resampled_shape": [
              720,
              773
            ],
            "sample_shape": [
              119,
              128
            ],
            "sample_max_dim": 128,
            "available": true,
            "method": "natural_earth_land_point_mask",
            "bounds_lonlat": {
              "west": -46.8191647646061,
              "south": -24.6444598382405,
              "east": -46.57858524376601,
              "north": -24.421345960005926
            },
            "mask_path": "/content/sismom_colab_work_v2/sources/api/copernicus_meta_1-main/copernicus-platform/frontend/public/shapes/ne_10m_land/ne_10m_land.shp",
            "land_buffer_degrees": 0.0,
            "valid_geolocation_points": 15232,
            "land_points": 0,
            "water_points": 15232,
            "land_fraction": 0.0,
            "water_fraction": 1.0,
            "valid_pixels_before_land_mask": 556560,
            "valid_pixels_after_land_mask": 556560,
            "pixels_masked_by_land": 0,
            "valid_water_fraction": 1.0,
            "land_skip_threshold": 0.99,
            "min_water_fraction": 0.01,
            "skip_land_tiles": true,
            "skipped": false,
            "reason": "water_candidate",
            "message": "CFAR restrito aos pixels de água."
          },
          "land_fraction": 0.0,
          "water_fraction": 1.0,
          "valid_water_fraction": 1.0,
          "land_mask_method": "natural_earth_land_point_mask",
          "wave_age": null,
          "wave_age_class": null,
          "wave_age_factor": 1.35,
          "wave_age_status": "fallback",
          "era5_time": null,
          "era5_lon": null,
          "era5_lat": null,
          "u10": null,
          "peak_wave_period": null,
          "friction_velocity": null,
          "phase_speed": null,
          "patch_label": "P009",
          "id": 10,
          "source": "cfar",
          "detection_method": "cfar"
        },
        "cfar_properties_list": [
          {
            "lat": -24.48329665757199,
            "lon": -46.674661198168536,
            "area_px": 5,
            "min_sigma0_dB": -0.25999999046325684,
            "mean_sigma0_dB": 3.0399999618530273,
            "max_sigma0_dB": 6.900000095367432,
            "threshold_cfar_dB": -1.17,
            "pixel_coords": {
              "row": 414,
              "col": 1059,
              "row_resampled": 138,
              "col_resampled": 353
            },
            "bbox_pixel_coords": {
              "row_min": 408,
              "row_max": 420,
              "col_min": 1059,
              "col_max": 1059
            },
            "global_pixel_coords": {
              "row": 414,
              "col": 16899
            },
            "source_product": "S1D_IW_GRDH_1SDV_20260802T083050_20260802T083115_003944_007255_E28D",
            "source_arquivo_id": null,
            "patch_id": 8,
            "patch_name": "patch_0009_VV",
            "geotiff_name": "patch_0009_VV_sigma0_preproc.tif",
            "polarization": "VV",
            "input_scale": "linear",
            "georef_method": "snap_geolocation_grid",
            "geocoding_method": "geolocation_grid",
            "geolocation_grid_status": null,
            "snap_geolocation_grid_used": null,
            "raster_crs": "EPSG:4326",
            "raster_transform": [
              0.00011260467649425172,
              0.0,
              -46.12291997599723,
              0.0,
              -0.00012306709066932562,
              -24.249317768656713,
              0.0,
              0.0,
              1.0
            ],
            "core_bbox_pixels": {
              "x0": 16000,
              "y0": 0,
              "x1": 18000,
              "y1": 2000
            },
            "processing_bbox_pixels": {
              "x0": 15840,
              "y0": 0,
              "x1": 18160,
              "y1": 2160
            },
            "core_bounds_lonlat": {
              "west": -46.8191647646061,
              "south": -24.6444598382405,
              "east": -46.57858524376601,
              "north": -24.421345960005926
            },
            "processing_bounds_lonlat": {
              "west": -46.83844522497204,
              "south": -24.662312328546815,
              "east": -46.56331662236463,
              "north": -24.41766548712104
            },
            "halo_pixels": 160,
            "valid_bbox_fraction": 1.0,
            "artifact_aspect_ratio": 5.0,
            "land_mask_info": {
              "enabled": true,
              "applied": true,
              "status": "ok",
              "stage": "cfar_water_mask",
              "resampled_shape": [
                720,
                773
              ],
              "sample_shape": [
                119,
                128
              ],
              "sample_max_dim": 128,
              "available": true,
              "method": "natural_earth_land_point_mask",
              "bounds_lonlat": {
                "west": -46.8191647646061,
                "south": -24.6444598382405,
                "east": -46.57858524376601,
                "north": -24.421345960005926
              },
              "mask_path": "/content/sismom_colab_work_v2/sources/api/copernicus_meta_1-main/copernicus-platform/frontend/public/shapes/ne_10m_land/ne_10m_land.shp",
              "land_buffer_degrees": 0.0,
              "valid_geolocation_points": 15232,
              "land_points": 0,
              "water_points": 15232,
              "land_fraction": 0.0,
              "water_fraction": 1.0,
              "valid_pixels_before_land_mask": 556560,
              "valid_pixels_after_land_mask": 556560,
              "pixels_masked_by_land": 0,
              "valid_water_fraction": 1.0,
              "land_skip_threshold": 0.99,
              "min_water_fraction": 0.01,
              "skip_land_tiles": true,
              "skipped": false,
              "reason": "water_candidate",
              "message": "CFAR restrito aos pixels de água."
            },
            "land_fraction": 0.0,
            "water_fraction": 1.0,
            "valid_water_fraction": 1.0,
            "land_mask_method": "natural_earth_land_point_mask",
            "wave_age": null,
            "wave_age_class": null,
            "wave_age_factor": 1.35,
            "wave_age_status": "fallback",
            "era5_time": null,
            "era5_lon": null,
            "era5_lat": null,
            "u10": null,
            "peak_wave_period": null,
            "friction_velocity": null,
            "phase_speed": null,
            "patch_label": "P009",
            "id": 10,
            "source": "cfar",
            "detection_method": "cfar"
          },
          {
            "lat": -24.48537454237573,
            "lon": -46.67310548816985,
            "area_px": 3,
            "min_sigma0_dB": -0.3400000035762787,
            "mean_sigma0_dB": 1.7300000190734863,
            "max_sigma0_dB": 3.8399999141693115,
            "threshold_cfar_dB": -1.71,
            "pixel_coords": {
              "row": 432,
              "col": 1038,
              "row_resampled": 144,
              "col_resampled": 346
            },
            "bbox_pixel_coords": {
              "row_min": 429,
              "row_max": 432,
              "col_min": 1035,
              "col_max": 1038
            },
            "global_pixel_coords": {
              "row": 432,
              "col": 16878
            },
            "source_product": "S1D_IW_GRDH_1SDV_20260802T083050_20260802T083115_003944_007255_E28D",
            "source_arquivo_id": null,
            "patch_id": 8,
            "patch_name": "patch_0009_VV",
            "geotiff_name": "patch_0009_VV_sigma0_preproc.tif",
            "polarization": "VV",
            "input_scale": "linear",
            "georef_method": "snap_geolocation_grid",
            "geocoding_method": "geolocation_grid",
            "geolocation_grid_status": null,
            "snap_geolocation_grid_used": null,
            "raster_crs": "EPSG:4326",
            "raster_transform": [
              0.00011260467649425172,
              0.0,
              -46.12291997599723,
              0.0,
              -0.00012306709066932562,
              -24.249317768656713,
              0.0,
              0.0,
              1.0
            ],
            "core_bbox_pixels": {
              "x0": 16000,
              "y0": 0,
              "x1": 18000,
              "y1": 2000
            },
            "processing_bbox_pixels": {
              "x0": 15840,
              "y0": 0,
              "x1": 18160,
              "y1": 2160
            },
            "core_bounds_lonlat": {
              "west": -46.8191647646061,
              "south": -24.6444598382405,
              "east": -46.57858524376601,
              "north": -24.421345960005926
            },
            "processing_bounds_lonlat": {
              "west": -46.83844522497204,
              "south": -24.662312328546815,
              "east": -46.56331662236463,
              "north": -24.41766548712104
            },
            "halo_pixels": 160,
            "valid_bbox_fraction": 1.0,
            "artifact_aspect_ratio": 1.0,
            "land_mask_info": {
              "enabled": true,
              "applied": true,
              "status": "ok",
              "stage": "cfar_water_mask",
              "resampled_shape": [
                720,
                773
              ],
              "sample_shape": [
                119,
                128
              ],
              "sample_max_dim": 128,
              "available": true,
              "method": "natural_earth_land_point_mask",
              "bounds_lonlat": {
                "west": -46.8191647646061,
                "south": -24.6444598382405,
                "east": -46.57858524376601,
                "north": -24.421345960005926
              },
              "mask_path": "/content/sismom_colab_work_v2/sources/api/copernicus_meta_1-main/copernicus-platform/frontend/public/shapes/ne_10m_land/ne_10m_land.shp",
              "land_buffer_degrees": 0.0,
              "valid_geolocation_points": 15232,
              "land_points": 0,
              "water_points": 15232,
              "land_fraction": 0.0,
              "water_fraction": 1.0,
              "valid_pixels_before_land_mask": 556560,
              "valid_pixels_after_land_mask": 556560,
              "pixels_masked_by_land": 0,
              "valid_water_fraction": 1.0,
              "land_skip_threshold": 0.99,
              "min_water_fraction": 0.01,
              "skip_land_tiles": true,
              "skipped": false,
              "reason": "water_candidate",
              "message": "CFAR restrito aos pixels de água."
            },
            "land_fraction": 0.0,
            "water_fraction": 1.0,
            "valid_water_fraction": 1.0,
            "land_mask_method": "natural_earth_land_point_mask",
            "wave_age": null,
            "wave_age_class": null,
            "wave_age_factor": 1.35,
            "wave_age_status": "fallback",
            "era5_time": null,
            "era5_lon": null,
            "era5_lat": null,
            "u10": null,
            "peak_wave_period": null,
            "friction_velocity": null,
            "phase_speed": null,
            "patch_label": "P009",
            "id": 11,
            "source": "cfar",
            "detection_method": "cfar"
          },
          {
            "lat": -24.481030744634857,
            "lon": -46.674636398364726,
            "area_px": 4,
            "min_sigma0_dB": -1.1799999475479126,
            "mean_sigma0_dB": 1.25,
            "max_sigma0_dB": 4.730000019073486,
            "threshold_cfar_dB": -1.52,
            "pixel_coords": {
              "row": 390,
              "col": 1065,
              "row_resampled": 130,
              "col_resampled": 355
            },
            "bbox_pixel_coords": {
              "row_min": 390,
              "row_max": 393,
              "col_min": 1062,
              "col_max": 1068
            },
            "global_pixel_coords": {
              "row": 390,
              "col": 16905
            },
            "source_product": "S1D_IW_GRDH_1SDV_20260802T083050_20260802T083115_003944_007255_E28D",
            "source_arquivo_id": null,
            "patch_id": 8,
            "patch_name": "patch_0009_VV",
            "geotiff_name": "patch_0009_VV_sigma0_preproc.tif",
            "polarization": "VV",
            "input_scale": "linear",
            "georef_method": "snap_geolocation_grid",
            "geocoding_method": "geolocation_grid",
            "geolocation_grid_status": null,
            "snap_geolocation_grid_used": null,
            "raster_crs": "EPSG:4326",
            "raster_transform": [
              0.00011260467649425172,
              0.0,
              -46.12291997599723,
              0.0,
              -0.00012306709066932562,
              -24.249317768656713,
              0.0,
              0.0,
              1.0
            ],
            "core_bbox_pixels": {
              "x0": 16000,
              "y0": 0,
              "x1": 18000,
              "y1": 2000
            },
            "processing_bbox_pixels": {
              "x0": 15840,
              "y0": 0,
              "x1": 18160,
              "y1": 2160
            },
            "core_bounds_lonlat": {
              "west": -46.8191647646061,
              "south": -24.6444598382405,
              "east": -46.57858524376601,
              "north": -24.421345960005926
            },
            "processing_bounds_lonlat": {
              "west": -46.83844522497204,
              "south": -24.662312328546815,
              "east": -46.56331662236463,
              "north": -24.41766548712104
            },
            "halo_pixels": 160,
            "valid_bbox_fraction": 1.0,
            "artifact_aspect_ratio": 1.5,
            "land_mask_info": {
              "enabled": true,
              "applied": true,
              "status": "ok",
              "stage": "cfar_water_mask",
              "resampled_shape": [
                720,
                773
              ],
              "sample_shape": [
                119,
                128
              ],
              "sample_max_dim": 128,
              "available": true,
              "method": "natural_earth_land_point_mask",
              "bounds_lonlat": {
                "west": -46.8191647646061,
                "south": -24.6444598382405,
                "east": -46.57858524376601,
                "north": -24.421345960005926
              },
              "mask_path": "/content/sismom_colab_work_v2/sources/api/copernicus_meta_1-main/copernicus-platform/frontend/public/shapes/ne_10m_land/ne_10m_land.shp",
              "land_buffer_degrees": 0.0,
              "valid_geolocation_points": 15232,
              "land_points": 0,
              "water_points": 15232,
              "land_fraction": 0.0,
              "water_fraction": 1.0,
              "valid_pixels_before_land_mask": 556560,
              "valid_pixels_after_land_mask": 556560,
              "pixels_masked_by_land": 0,
              "valid_water_fraction": 1.0,
              "land_skip_threshold": 0.99,
              "min_water_fraction": 0.01,
              "skip_land_tiles": true,
              "skipped": false,
              "reason": "water_candidate",
              "message": "CFAR restrito aos pixels de água."
            },
            "land_fraction": 0.0,
            "water_fraction": 1.0,
            "valid_water_fraction": 1.0,
            "land_mask_method": "natural_earth_land_point_mask",
            "wave_age": null,
            "wave_age_class": null,
            "wave_age_factor": 1.35,
            "wave_age_status": "fallback",
            "era5_time": null,
            "era5_lon": null,
            "era5_lat": null,
            "u10": null,
            "peak_wave_period": null,
            "friction_velocity": null,
            "phase_speed": null,
            "patch_label": "P009",
            "id": 9,
            "source": "cfar",
            "detection_method": "cfar"
          },
          {
            "lat": -24.488181751826914,
            "lon": -46.67205991985426,
            "area_px": 24,
            "min_sigma0_dB": -1.2599999904632568,
            "mean_sigma0_dB": 1.440000057220459,
            "max_sigma0_dB": 10.899999618530273,
            "threshold_cfar_dB": -1.7,
            "pixel_coords": {
              "row": 459,
              "col": 1020,
              "row_resampled": 153,
              "col_resampled": 340
            },
            "bbox_pixel_coords": {
              "row_min": 432,
              "row_max": 486,
              "col_min": 1014,
              "col_max": 1026
            },
            "global_pixel_coords": {
              "row": 459,
              "col": 16860
            },
            "source_product": "S1D_IW_GRDH_1SDV_20260802T083050_20260802T083115_003944_007255_E28D",
            "source_arquivo_id": null,
            "patch_id": 8,
            "patch_name": "patch_0009_VV",
            "geotiff_name": "patch_0009_VV_sigma0_preproc.tif",
            "polarization": "VV",
            "input_scale": "linear",
            "georef_method": "snap_geolocation_grid",
            "geocoding_method": "geolocation_grid",
            "geolocation_grid_status": null,
            "snap_geolocation_grid_used": null,
            "raster_crs": "EPSG:4326",
            "raster_transform": [
              0.00011260467649425172,
              0.0,
              -46.12291997599723,
              0.0,
              -0.00012306709066932562,
              -24.249317768656713,
              0.0,
              0.0,
              1.0
            ],
            "core_bbox_pixels": {
              "x0": 16000,
              "y0": 0,
              "x1": 18000,
              "y1": 2000
            },
            "processing_bbox_pixels": {
              "x0": 15840,
              "y0": 0,
              "x1": 18160,
              "y1": 2160
            },
            "core_bounds_lonlat": {
              "west": -46.8191647646061,
              "south": -24.6444598382405,
              "east": -46.57858524376601,
              "north": -24.421345960005926
            },
            "processing_bounds_lonlat": {
              "west": -46.83844522497204,
              "south": -24.662312328546815,
              "east": -46.56331662236463,
              "north": -24.41766548712104
            },
            "halo_pixels": 160,
            "valid_bbox_fraction": 1.0,
            "artifact_aspect_ratio": 3.8,
            "land_mask_info": {
              "enabled": true,
              "applied": true,
              "status": "ok",
              "stage": "cfar_water_mask",
              "resampled_shape": [
                720,
                773
              ],
              "sample_shape": [
                119,
                128
              ],
              "sample_max_dim": 128,
              "available": true,
              "method": "natural_earth_land_point_mask",
              "bounds_lonlat": {
                "west": -46.8191647646061,
                "south": -24.6444598382405,
                "east": -46.57858524376601,
                "north": -24.421345960005926
              },
              "mask_path": "/content/sismom_colab_work_v2/sources/api/copernicus_meta_1-main/copernicus-platform/frontend/public/shapes/ne_10m_land/ne_10m_land.shp",
              "land_buffer_degrees": 0.0,
              "valid_geolocation_points": 15232,
              "land_points": 0,
              "water_points": 15232,
              "land_fraction": 0.0,
              "water_fraction": 1.0,
              "valid_pixels_before_land_mask": 556560,
              "valid_pixels_after_land_mask": 556560,
              "pixels_masked_by_land": 0,
              "valid_water_fraction": 1.0,
              "land_skip_threshold": 0.99,
              "min_water_fraction": 0.01,
              "skip_land_tiles": true,
              "skipped": false,
              "reason": "water_candidate",
              "message": "CFAR restrito aos pixels de água."
            },
            "land_fraction": 0.0,
            "water_fraction": 1.0,
            "valid_water_fraction": 1.0,
            "land_mask_method": "natural_earth_land_point_mask",
            "wave_age": null,
            "wave_age_class": null,
            "wave_age_factor": 1.35,
            "wave_age_status": "fallback",
            "era5_time": null,
            "era5_lon": null,
            "era5_lat": null,
            "u10": null,
            "peak_wave_period": null,
            "friction_velocity": null,
            "phase_speed": null,
            "patch_label": "P009",
            "id": 12,
            "source": "cfar",
            "detection_method": "cfar"
          }
        ],
        "yolo_properties": {
          "detection_method": "yolo8",
          "confidence": 0.424007385969162,
          "class": "ship-1",
          "bbox_pixel": [
            16850.030334472656,
            360.55963134765625,
            16921.454162597656,
            476.13421630859375
          ],
          "bbox_geo": [
            -46.678303234190174,
            -24.488290154292837,
            -46.668642402721694,
            -24.479631784001914
          ],
          "model": "SAR-MULTI-1280p",
          "class_id": 0,
          "class_name": "ship-1",
          "tile_id": 22,
          "land_mask_checked": true,
          "center_is_water": true,
          "bbox_water_fraction": 1.0,
          "land_mask_method": "natural_earth_land_point_mask",
          "id": 27,
          "source": "yolo",
          "centroid_lon": -46.67342498482516,
          "centroid_lat": -24.483972476706406,
          "score": 0.424007385969162,
          "patch_id": 8,
          "patch_label": "P009"
        }
      }
    },
    {
      "type": "Feature",
      "geometry": {
        "type": "Polygon",
        "coordinates": [
          [
            [
              -46.627134862676115,
              -24.572508340141656
            ],
            [
              -46.6255455325243,
              -24.572508340141656
            ],
            [
              -46.6255455325243,
              -24.571564021327713
            ],
            [
              -46.627134862676115,
              -24.571564021327713
            ],
            [
              -46.627134862676115,
              -24.572508340141656
            ]
          ]
        ]
      },
      "properties": {
        "id": 25,
        "target_id": "T0025",
        "source": "cfar_yolo",
        "detection_method": "cfar+yolo",
        "methods": [
          "cfar",
          "yolo"
        ],
        "fusion_status": "matched",
        "fusion_rule": "geometry_overlap",
        "cfar_id": 14,
        "cfar_ids": [
          14
        ],
        "cfar_fragment_count": 1,
        "yolo_id": 32,
        "cfar_patch_id": 8,
        "cfar_patch_ids": [
          8
        ],
        "yolo_patch_id": 7,
        "patch_id": 7,
        "patch_label": "P008",
        "yolo_confidence": 0.3404485881328583,
        "match_distance_m": 18.062,
        "match_distances_m": [
          18.062
        ],
        "nearest_match_distance_m": 18.062,
        "max_match_distance_m": 18.062,
        "geometries_overlap": true,
        "overlap_by_cfar": [
          true
        ],
        "display_geometry_source": "yolo",
        "cfar_properties": {
          "lat": -24.57209056124356,
          "lon": -46.626508292006164,
          "area_px": 13,
          "min_sigma0_dB": 9.420000076293945,
          "mean_sigma0_dB": 14.350000381469727,
          "max_sigma0_dB": 22.81999969482422,
          "threshold_cfar_dB": 8.4,
          "pixel_coords": {
            "row": 1230,
            "col": 342,
            "row_resampled": 410,
            "col_resampled": 114
          },
          "bbox_pixel_coords": {
            "row_min": 1221,
            "row_max": 1239,
            "col_min": 336,
            "col_max": 348
          },
          "global_pixel_coords": {
            "row": 1230,
            "col": 16182
          },
          "source_product": "S1D_IW_GRDH_1SDV_20260802T083050_20260802T083115_003944_007255_E28D",
          "source_arquivo_id": null,
          "patch_id": 8,
          "patch_name": "patch_0009_VV",
          "geotiff_name": "patch_0009_VV_sigma0_preproc.tif",
          "polarization": "VV",
          "input_scale": "linear",
          "georef_method": "snap_geolocation_grid",
          "geocoding_method": "geolocation_grid",
          "geolocation_grid_status": null,
          "snap_geolocation_grid_used": null,
          "raster_crs": "EPSG:4326",
          "raster_transform": [
            0.00011260467649425172,
            0.0,
            -46.12291997599723,
            0.0,
            -0.00012306709066932562,
            -24.249317768656713,
            0.0,
            0.0,
            1.0
          ],
          "core_bbox_pixels": {
            "x0": 16000,
            "y0": 0,
            "x1": 18000,
            "y1": 2000
          },
          "processing_bbox_pixels": {
            "x0": 15840,
            "y0": 0,
            "x1": 18160,
            "y1": 2160
          },
          "core_bounds_lonlat": {
            "west": -46.8191647646061,
            "south": -24.6444598382405,
            "east": -46.57858524376601,
            "north": -24.421345960005926
          },
          "processing_bounds_lonlat": {
            "west": -46.83844522497204,
            "south": -24.662312328546815,
            "east": -46.56331662236463,
            "north": -24.41766548712104
          },
          "halo_pixels": 160,
          "valid_bbox_fraction": 1.0,
          "artifact_aspect_ratio": 1.4,
          "land_mask_info": {
            "enabled": true,
            "applied": true,
            "status": "ok",
            "stage": "cfar_water_mask",
            "resampled_shape": [
              720,
              773
            ],
            "sample_shape": [
              119,
              128
            ],
            "sample_max_dim": 128,
            "available": true,
            "method": "natural_earth_land_point_mask",
            "bounds_lonlat": {
              "west": -46.8191647646061,
              "south": -24.6444598382405,
              "east": -46.57858524376601,
              "north": -24.421345960005926
            },
            "mask_path": "/content/sismom_colab_work_v2/sources/api/copernicus_meta_1-main/copernicus-platform/frontend/public/shapes/ne_10m_land/ne_10m_land.shp",
            "land_buffer_degrees": 0.0,
            "valid_geolocation_points": 15232,
            "land_points": 0,
            "water_points": 15232,
            "land_fraction": 0.0,
            "water_fraction": 1.0,
            "valid_pixels_before_land_mask": 556560,
            "valid_pixels_after_land_mask": 556560,
            "pixels_masked_by_land": 0,
            "valid_water_fraction": 1.0,
            "land_skip_threshold": 0.99,
            "min_water_fraction": 0.01,
            "skip_land_tiles": true,
            "skipped": false,
            "reason": "water_candidate",
            "message": "CFAR restrito aos pixels de água."
          },
          "land_fraction": 0.0,
          "water_fraction": 1.0,
          "valid_water_fraction": 1.0,
          "land_mask_method": "natural_earth_land_point_mask",
          "wave_age": null,
          "wave_age_class": null,
          "wave_age_factor": 1.35,
          "wave_age_status": "fallback",
          "era5_time": null,
          "era5_lon": null,
          "era5_lat": null,
          "u10": null,
          "peak_wave_period": null,
          "friction_velocity": null,
          "phase_speed": null,
          "patch_label": "P009",
          "id": 14,
          "source": "cfar",
          "detection_method": "cfar"
        },
        "cfar_properties_list": [
          {
            "lat": -24.57209056124356,
            "lon": -46.626508292006164,
            "area_px": 13,
            "min_sigma0_dB": 9.420000076293945,
            "mean_sigma0_dB": 14.350000381469727,
            "max_sigma0_dB": 22.81999969482422,
            "threshold_cfar_dB": 8.4,
            "pixel_coords": {
              "row": 1230,
              "col": 342,
              "row_resampled": 410,
              "col_resampled": 114
            },
            "bbox_pixel_coords": {
              "row_min": 1221,
              "row_max": 1239,
              "col_min": 336,
              "col_max": 348
            },
            "global_pixel_coords": {
              "row": 1230,
              "col": 16182
            },
            "source_product": "S1D_IW_GRDH_1SDV_20260802T083050_20260802T083115_003944_007255_E28D",
            "source_arquivo_id": null,
            "patch_id": 8,
            "patch_name": "patch_0009_VV",
            "geotiff_name": "patch_0009_VV_sigma0_preproc.tif",
            "polarization": "VV",
            "input_scale": "linear",
            "georef_method": "snap_geolocation_grid",
            "geocoding_method": "geolocation_grid",
            "geolocation_grid_status": null,
            "snap_geolocation_grid_used": null,
            "raster_crs": "EPSG:4326",
            "raster_transform": [
              0.00011260467649425172,
              0.0,
              -46.12291997599723,
              0.0,
              -0.00012306709066932562,
              -24.249317768656713,
              0.0,
              0.0,
              1.0
            ],
            "core_bbox_pixels": {
              "x0": 16000,
              "y0": 0,
              "x1": 18000,
              "y1": 2000
            },
            "processing_bbox_pixels": {
              "x0": 15840,
              "y0": 0,
              "x1": 18160,
              "y1": 2160
            },
            "core_bounds_lonlat": {
              "west": -46.8191647646061,
              "south": -24.6444598382405,
              "east": -46.57858524376601,
              "north": -24.421345960005926
            },
            "processing_bounds_lonlat": {
              "west": -46.83844522497204,
              "south": -24.662312328546815,
              "east": -46.56331662236463,
              "north": -24.41766548712104
            },
            "halo_pixels": 160,
            "valid_bbox_fraction": 1.0,
            "artifact_aspect_ratio": 1.4,
            "land_mask_info": {
              "enabled": true,
              "applied": true,
              "status": "ok",
              "stage": "cfar_water_mask",
              "resampled_shape": [
                720,
                773
              ],
              "sample_shape": [
                119,
                128
              ],
              "sample_max_dim": 128,
              "available": true,
              "method": "natural_earth_land_point_mask",
              "bounds_lonlat": {
                "west": -46.8191647646061,
                "south": -24.6444598382405,
                "east": -46.57858524376601,
                "north": -24.421345960005926
              },
              "mask_path": "/content/sismom_colab_work_v2/sources/api/copernicus_meta_1-main/copernicus-platform/frontend/public/shapes/ne_10m_land/ne_10m_land.shp",
              "land_buffer_degrees": 0.0,
              "valid_geolocation_points": 15232,
              "land_points": 0,
              "water_points": 15232,
              "land_fraction": 0.0,
              "water_fraction": 1.0,
              "valid_pixels_before_land_mask": 556560,
              "valid_pixels_after_land_mask": 556560,
              "pixels_masked_by_land": 0,
              "valid_water_fraction": 1.0,
              "land_skip_threshold": 0.99,
              "min_water_fraction": 0.01,
              "skip_land_tiles": true,
              "skipped": false,
              "reason": "water_candidate",
              "message": "CFAR restrito aos pixels de água."
            },
            "land_fraction": 0.0,
            "water_fraction": 1.0,
            "valid_water_fraction": 1.0,
            "land_mask_method": "natural_earth_land_point_mask",
            "wave_age": null,
            "wave_age_class": null,
            "wave_age_factor": 1.35,
            "wave_age_status": "fallback",
            "era5_time": null,
            "era5_lon": null,
            "era5_lat": null,
            "u10": null,
            "peak_wave_period": null,
            "friction_velocity": null,
            "phase_speed": null,
            "patch_label": "P009",
            "id": 14,
            "source": "cfar",
            "detection_method": "cfar"
          }
        ],
        "yolo_properties": {
          "detection_method": "yolo8",
          "confidence": 0.3404485881328583,
          "class": "ship-1",
          "bbox_pixel": [
            16174.351745605469,
            1222.0877075195312,
            16187.200866699219,
            1236.44189453125
          ],
          "bbox_geo": [
            -46.627134862676115,
            -24.572508340141656,
            -46.6255455325243,
            -24.571564021327713
          ],
          "model": "SAR-MULTI-1280p",
          "class_id": 0,
          "class_name": "ship-1",
          "tile_id": 56,
          "land_mask_checked": true,
          "center_is_water": true,
          "bbox_water_fraction": 1.0,
          "land_mask_method": "natural_earth_land_point_mask",
          "id": 32,
          "source": "yolo",
          "centroid_lon": -46.62629244286298,
          "centroid_lat": -24.57204761926426,
          "score": 0.3404485881328583,
          "patch_id": 7,
          "patch_label": "P008"
        }
      }
    },
    {
      "type": "Feature",
      "geometry": {
        "type": "Polygon",
        "coordinates": [
          [
            [
              -47.81461839695187,
              -25.7114059869231
            ],
            [
              -47.813590418633446,
              -25.7114059869231
            ],
            [
              -47.813590418633446,
              -25.71071173910162
            ],
            [
              -47.81461839695187,
              -25.71071173910162
            ],
            [
              -47.81461839695187,
              -25.7114059869231
            ]
          ]
        ]
      },
      "properties": {
        "id": 26,
        "target_id": "T0026",
        "source": "cfar_yolo",
        "detection_method": "cfar+yolo",
        "methods": [
          "cfar",
          "yolo"
        ],
        "fusion_status": "matched",
        "fusion_rule": "geometry_overlap",
        "cfar_id": 45,
        "cfar_ids": [
          45
        ],
        "cfar_fragment_count": 1,
        "yolo_id": 33,
        "cfar_patch_id": 116,
        "cfar_patch_ids": [
          116
        ],
        "yolo_patch_id": 116,
        "patch_id": 116,
        "patch_label": "P117",
        "yolo_confidence": 0.3394828140735626,
        "match_distance_m": 111.849,
        "match_distances_m": [
          111.849
        ],
        "nearest_match_distance_m": 111.849,
        "max_match_distance_m": 111.849,
        "geometries_overlap": true,
        "overlap_by_cfar": [
          true
        ],
        "display_geometry_source": "yolo",
        "cfar_properties": {
          "lat": -25.71200746140939,
          "lon": -47.81448592432399,
          "area_px": 53,
          "min_sigma0_dB": -4.480000019073486,
          "mean_sigma0_dB": 2.9000000953674316,
          "max_sigma0_dB": 27.530000686645508,
          "threshold_cfar_dB": -4.4,
          "pixel_coords": {
            "row": 471,
            "col": 741,
            "row_resampled": 157,
            "col_resampled": 247
          },
          "bbox_pixel_coords": {
            "row_min": 447,
            "row_max": 495,
            "col_min": 729,
            "col_max": 753
          },
          "global_pixel_coords": {
            "row": 16311,
            "col": 24581
          },
          "source_product": "S1D_IW_GRDH_1SDV_20260802T083050_20260802T083115_003944_007255_E28D",
          "source_arquivo_id": null,
          "patch_id": 116,
          "patch_name": "patch_0117_VV",
          "geotiff_name": "patch_0117_VV_sigma0_preproc.tif",
          "polarization": "VV",
          "input_scale": "linear",
          "georef_method": "snap_geolocation_grid",
          "geocoding_method": "geolocation_grid",
          "geolocation_grid_status": null,
          "snap_geolocation_grid_used": null,
          "raster_crs": "EPSG:4326",
          "raster_transform": [
            0.00011260467649425172,
            0.0,
            -45.22208256404321,
            0.0,
            -0.00012306709066932562,
            -26.19870048485883,
            0.0,
            0.0,
            1.0
          ],
          "core_bbox_pixels": {
            "x0": 24000,
            "y0": 16000,
            "x1": 25391,
            "y1": 16865
          },
          "processing_bbox_pixels": {
            "x0": 23840,
            "y0": 15840,
            "x1": 25391,
            "y1": 16865
          },
          "core_bounds_lonlat": {
            "west": -47.90657805166617,
            "south": -25.774662200826018,
            "east": -47.75060135333387,
            "north": -25.665343054285696
          },
          "processing_bounds_lonlat": {
            "west": -47.90657805166617,
            "south": -25.778447476455906,
            "east": -47.731070907561,
            "north": -25.651203322144383
          },
          "halo_pixels": 160,
          "valid_bbox_fraction": 1.0,
          "artifact_aspect_ratio": 1.8889,
          "land_mask_info": {
            "enabled": true,
            "applied": true,
            "status": "ok",
            "stage": "cfar_water_mask",
            "resampled_shape": [
              342,
              517
            ],
            "sample_shape": [
              85,
              128
            ],
            "sample_max_dim": 128,
            "available": true,
            "method": "natural_earth_land_point_mask",
            "bounds_lonlat": {
              "west": -47.90657805166617,
              "south": -25.774662200826018,
              "east": -47.75060135333387,
              "north": -25.665343054285696
            },
            "mask_path": "/content/sismom_colab_work_v2/sources/api/copernicus_meta_1-main/copernicus-platform/frontend/public/shapes/ne_10m_land/ne_10m_land.shp",
            "land_buffer_degrees": 0.0,
            "valid_geolocation_points": 10880,
            "land_points": 0,
            "water_points": 10880,
            "land_fraction": 0.0,
            "water_fraction": 1.0,
            "valid_pixels_before_land_mask": 164540,
            "valid_pixels_after_land_mask": 164540,
            "pixels_masked_by_land": 0,
            "valid_water_fraction": 1.0,
            "land_skip_threshold": 0.99,
            "min_water_fraction": 0.01,
            "skip_land_tiles": true,
            "skipped": false,
            "reason": "water_candidate",
            "message": "CFAR restrito aos pixels de água."
          },
          "land_fraction": 0.0,
          "water_fraction": 1.0,
          "valid_water_fraction": 1.0,
          "land_mask_method": "natural_earth_land_point_mask",
          "wave_age": null,
          "wave_age_class": null,
          "wave_age_factor": 1.35,
          "wave_age_status": "fallback",
          "era5_time": null,
          "era5_lon": null,
          "era5_lat": null,
          "u10": null,
          "peak_wave_period": null,
          "friction_velocity": null,
          "phase_speed": null,
          "patch_label": "P117",
          "id": 45,
          "source": "cfar",
          "detection_method": "cfar"
        },
        "cfar_properties_list": [
          {
            "lat": -25.71200746140939,
            "lon": -47.81448592432399,
            "area_px": 53,
            "min_sigma0_dB": -4.480000019073486,
            "mean_sigma0_dB": 2.9000000953674316,
            "max_sigma0_dB": 27.530000686645508,
            "threshold_cfar_dB": -4.4,
            "pixel_coords": {
              "row": 471,
              "col": 741,
              "row_resampled": 157,
              "col_resampled": 247
            },
            "bbox_pixel_coords": {
              "row_min": 447,
              "row_max": 495,
              "col_min": 729,
              "col_max": 753
            },
            "global_pixel_coords": {
              "row": 16311,
              "col": 24581
            },
            "source_product": "S1D_IW_GRDH_1SDV_20260802T083050_20260802T083115_003944_007255_E28D",
            "source_arquivo_id": null,
            "patch_id": 116,
            "patch_name": "patch_0117_VV",
            "geotiff_name": "patch_0117_VV_sigma0_preproc.tif",
            "polarization": "VV",
            "input_scale": "linear",
            "georef_method": "snap_geolocation_grid",
            "geocoding_method": "geolocation_grid",
            "geolocation_grid_status": null,
            "snap_geolocation_grid_used": null,
            "raster_crs": "EPSG:4326",
            "raster_transform": [
              0.00011260467649425172,
              0.0,
              -45.22208256404321,
              0.0,
              -0.00012306709066932562,
              -26.19870048485883,
              0.0,
              0.0,
              1.0
            ],
            "core_bbox_pixels": {
              "x0": 24000,
              "y0": 16000,
              "x1": 25391,
              "y1": 16865
            },
            "processing_bbox_pixels": {
              "x0": 23840,
              "y0": 15840,
              "x1": 25391,
              "y1": 16865
            },
            "core_bounds_lonlat": {
              "west": -47.90657805166617,
              "south": -25.774662200826018,
              "east": -47.75060135333387,
              "north": -25.665343054285696
            },
            "processing_bounds_lonlat": {
              "west": -47.90657805166617,
              "south": -25.778447476455906,
              "east": -47.731070907561,
              "north": -25.651203322144383
            },
            "halo_pixels": 160,
            "valid_bbox_fraction": 1.0,
            "artifact_aspect_ratio": 1.8889,
            "land_mask_info": {
              "enabled": true,
              "applied": true,
              "status": "ok",
              "stage": "cfar_water_mask",
              "resampled_shape": [
                342,
                517
              ],
              "sample_shape": [
                85,
                128
              ],
              "sample_max_dim": 128,
              "available": true,
              "method": "natural_earth_land_point_mask",
              "bounds_lonlat": {
                "west": -47.90657805166617,
                "south": -25.774662200826018,
                "east": -47.75060135333387,
                "north": -25.665343054285696
              },
              "mask_path": "/content/sismom_colab_work_v2/sources/api/copernicus_meta_1-main/copernicus-platform/frontend/public/shapes/ne_10m_land/ne_10m_land.shp",
              "land_buffer_degrees": 0.0,
              "valid_geolocation_points": 10880,
              "land_points": 0,
              "water_points": 10880,
              "land_fraction": 0.0,
              "water_fraction": 1.0,
              "valid_pixels_before_land_mask": 164540,
              "valid_pixels_after_land_mask": 164540,
              "pixels_masked_by_land": 0,
              "valid_water_fraction": 1.0,
              "land_skip_threshold": 0.99,
              "min_water_fraction": 0.01,
              "skip_land_tiles": true,
              "skipped": false,
              "reason": "water_candidate",
              "message": "CFAR restrito aos pixels de água."
            },
            "land_fraction": 0.0,
            "water_fraction": 1.0,
            "valid_water_fraction": 1.0,
            "land_mask_method": "natural_earth_land_point_mask",
            "wave_age": null,
            "wave_age_class": null,
            "wave_age_factor": 1.35,
            "wave_age_status": "fallback",
            "era5_time": null,
            "era5_lon": null,
            "era5_lat": null,
            "u10": null,
            "peak_wave_period": null,
            "friction_velocity": null,
            "phase_speed": null,
            "patch_label": "P117",
            "id": 45,
            "source": "cfar",
            "detection_method": "cfar"
          }
        ],
        "yolo_properties": {
          "detection_method": "yolo8",
          "confidence": 0.3394828140735626,
          "class": "ship-1",
          "bbox_pixel": [
            24576.068298339844,
            16295.062484741211,
            24584.133758544922,
            16305.252410888672
          ],
          "bbox_geo": [
            -47.81461839695187,
            -25.7114059869231,
            -47.813590418633446,
            -25.71071173910162
          ],
          "model": "SAR-MULTI-1280p",
          "class_id": 0,
          "class_name": "ship-1",
          "tile_id": 803,
          "land_mask_checked": true,
          "center_is_water": true,
          "bbox_water_fraction": 1.0,
          "land_mask_method": "natural_earth_land_point_mask",
          "id": 33,
          "source": "yolo",
          "centroid_lon": -47.814104406488816,
          "centroid_lat": -25.711058863461336,
          "score": 0.3394828140735626,
          "patch_id": 116,
          "patch_label": "P117"
        }
      }
    },
    {
      "type": "Feature",
      "geometry": {
        "type": "Polygon",
        "coordinates": [
          [
            [
              -45.25315039859938,
              -25.267254500883556
            ],
            [
              -45.25180326674156,
              -25.267254500883556
            ],
            [
              -45.25180326674156,
              -25.266429378960662
            ],
            [
              -45.25315039859938,
              -25.266429378960662
            ],
            [
              -45.25315039859938,
              -25.267254500883556
            ]
          ]
        ]
      },
      "properties": {
        "id": 27,
        "target_id": "T0027",
        "source": "cfar_yolo",
        "detection_method": "cfar+yolo",
        "methods": [
          "cfar",
          "yolo"
        ],
        "fusion_status": "matched",
        "fusion_rule": "geometry_overlap",
        "cfar_id": 24,
        "cfar_ids": [
          24
        ],
        "cfar_fragment_count": 1,
        "yolo_id": 39,
        "cfar_patch_id": 26,
        "cfar_patch_ids": [
          26
        ],
        "yolo_patch_id": 26,
        "patch_id": 26,
        "patch_label": "P027",
        "yolo_confidence": 0.252054899930954,
        "match_distance_m": 28.409,
        "match_distances_m": [
          28.409
        ],
        "nearest_match_distance_m": 28.409,
        "max_match_distance_m": 28.409,
        "geometries_overlap": true,
        "overlap_by_cfar": [
          true
        ],
        "display_geometry_source": "yolo",
        "cfar_properties": {
          "lat": -25.266675075162084,
          "lon": -45.25238068550865,
          "area_px": 5,
          "min_sigma0_dB": -2.049999952316284,
          "mean_sigma0_dB": 2.119999885559082,
          "max_sigma0_dB": 9.359999656677246,
          "threshold_cfar_dB": -3.7,
          "pixel_coords": {
            "row": 1332,
            "col": 846,
            "row_resampled": 444,
            "col_resampled": 282
          },
          "bbox_pixel_coords": {
            "row_min": 1329,
            "row_max": 1335,
            "col_min": 843,
            "col_max": 846
          },
          "global_pixel_coords": {
            "row": 5172,
            "col": 846
          },
          "source_product": "S1D_IW_GRDH_1SDV_20260802T083050_20260802T083115_003944_007255_E28D",
          "source_arquivo_id": null,
          "patch_id": 26,
          "patch_name": "patch_0027_VV",
          "geotiff_name": "patch_0027_VV_sigma0_preproc.tif",
          "polarization": "VV",
          "input_scale": "linear",
          "georef_method": "snap_geolocation_grid",
          "geocoding_method": "geolocation_grid",
          "geolocation_grid_status": null,
          "snap_geolocation_grid_used": null,
          "raster_crs": "EPSG:4326",
          "raster_transform": [
            0.00011260467649425172,
            0.0,
            -47.90657805166617,
            0.0,
            -0.00012306709066932562,
            -24.721895396826923,
            0.0,
            0.0,
            1.0
          ],
          "core_bbox_pixels": {
            "x0": 0,
            "y0": 4000,
            "x1": 2000,
            "y1": 6000
          },
          "processing_bbox_pixels": {
            "x0": 0,
            "y0": 3840,
            "x1": 2160,
            "y1": 6160
          },
          "core_bounds_lonlat": {
            "west": -45.383299736637326,
            "south": -25.358851285621682,
            "east": -45.14286211227326,
            "north": -25.137030275279848
          },
          "processing_bounds_lonlat": {
            "west": -45.40257093406252,
            "south": -25.373081561979788,
            "east": -45.139030919537944,
            "north": -25.119272545793475
          },
          "halo_pixels": 160,
          "valid_bbox_fraction": 1.0,
          "artifact_aspect_ratio": 1.5,
          "land_mask_info": {
            "enabled": true,
            "applied": true,
            "status": "ok",
            "stage": "cfar_water_mask",
            "resampled_shape": [
              773,
              720
            ],
            "sample_shape": [
              128,
              119
            ],
            "sample_max_dim": 128,
            "available": true,
            "method": "natural_earth_land_point_mask",
            "bounds_lonlat": {
              "west": -45.383299736637326,
              "south": -25.358851285621682,
              "east": -45.14286211227326,
              "north": -25.137030275279848
            },
            "mask_path": "/content/sismom_colab_work_v2/sources/api/copernicus_meta_1-main/copernicus-platform/frontend/public/shapes/ne_10m_land/ne_10m_land.shp",
            "land_buffer_degrees": 0.0,
            "valid_geolocation_points": 15232,
            "land_points": 0,
            "water_points": 15232,
            "land_fraction": 0.0,
            "water_fraction": 1.0,
            "valid_pixels_before_land_mask": 521775,
            "valid_pixels_after_land_mask": 521775,
            "pixels_masked_by_land": 0,
            "valid_water_fraction": 1.0,
            "land_skip_threshold": 0.99,
            "min_water_fraction": 0.01,
            "skip_land_tiles": true,
            "skipped": false,
            "reason": "water_candidate",
            "message": "CFAR restrito aos pixels de água."
          },
          "land_fraction": 0.0,
          "water_fraction": 1.0,
          "valid_water_fraction": 1.0,
          "land_mask_method": "natural_earth_land_point_mask",
          "wave_age": null,
          "wave_age_class": null,
          "wave_age_factor": 1.35,
          "wave_age_status": "fallback",
          "era5_time": null,
          "era5_lon": null,
          "era5_lat": null,
          "u10": null,
          "peak_wave_period": null,
          "friction_velocity": null,
          "phase_speed": null,
          "patch_label": "P027",
          "id": 24,
          "source": "cfar",
          "detection_method": "cfar"
        },
        "cfar_properties_list": [
          {
            "lat": -25.266675075162084,
            "lon": -45.25238068550865,
            "area_px": 5,
            "min_sigma0_dB": -2.049999952316284,
            "mean_sigma0_dB": 2.119999885559082,
            "max_sigma0_dB": 9.359999656677246,
            "threshold_cfar_dB": -3.7,
            "pixel_coords": {
              "row": 1332,
              "col": 846,
              "row_resampled": 444,
              "col_resampled": 282
            },
            "bbox_pixel_coords": {
              "row_min": 1329,
              "row_max": 1335,
              "col_min": 843,
              "col_max": 846
            },
            "global_pixel_coords": {
              "row": 5172,
              "col": 846
            },
            "source_product": "S1D_IW_GRDH_1SDV_20260802T083050_20260802T083115_003944_007255_E28D",
            "source_arquivo_id": null,
            "patch_id": 26,
            "patch_name": "patch_0027_VV",
            "geotiff_name": "patch_0027_VV_sigma0_preproc.tif",
            "polarization": "VV",
            "input_scale": "linear",
            "georef_method": "snap_geolocation_grid",
            "geocoding_method": "geolocation_grid",
            "geolocation_grid_status": null,
            "snap_geolocation_grid_used": null,
            "raster_crs": "EPSG:4326",
            "raster_transform": [
              0.00011260467649425172,
              0.0,
              -47.90657805166617,
              0.0,
              -0.00012306709066932562,
              -24.721895396826923,
              0.0,
              0.0,
              1.0
            ],
            "core_bbox_pixels": {
              "x0": 0,
              "y0": 4000,
              "x1": 2000,
              "y1": 6000
            },
            "processing_bbox_pixels": {
              "x0": 0,
              "y0": 3840,
              "x1": 2160,
              "y1": 6160
            },
            "core_bounds_lonlat": {
              "west": -45.383299736637326,
              "south": -25.358851285621682,
              "east": -45.14286211227326,
              "north": -25.137030275279848
            },
            "processing_bounds_lonlat": {
              "west": -45.40257093406252,
              "south": -25.373081561979788,
              "east": -45.139030919537944,
              "north": -25.119272545793475
            },
            "halo_pixels": 160,
            "valid_bbox_fraction": 1.0,
            "artifact_aspect_ratio": 1.5,
            "land_mask_info": {
              "enabled": true,
              "applied": true,
              "status": "ok",
              "stage": "cfar_water_mask",
              "resampled_shape": [
                773,
                720
              ],
              "sample_shape": [
                128,
                119
              ],
              "sample_max_dim": 128,
              "available": true,
              "method": "natural_earth_land_point_mask",
              "bounds_lonlat": {
                "west": -45.383299736637326,
                "south": -25.358851285621682,
                "east": -45.14286211227326,
                "north": -25.137030275279848
              },
              "mask_path": "/content/sismom_colab_work_v2/sources/api/copernicus_meta_1-main/copernicus-platform/frontend/public/shapes/ne_10m_land/ne_10m_land.shp",
              "land_buffer_degrees": 0.0,
              "valid_geolocation_points": 15232,
              "land_points": 0,
              "water_points": 15232,
              "land_fraction": 0.0,
              "water_fraction": 1.0,
              "valid_pixels_before_land_mask": 521775,
              "valid_pixels_after_land_mask": 521775,
              "pixels_masked_by_land": 0,
              "valid_water_fraction": 1.0,
              "land_skip_threshold": 0.99,
              "min_water_fraction": 0.01,
              "skip_land_tiles": true,
              "skipped": false,
              "reason": "water_candidate",
              "message": "CFAR restrito aos pixels de água."
            },
            "land_fraction": 0.0,
            "water_fraction": 1.0,
            "valid_water_fraction": 1.0,
            "land_mask_method": "natural_earth_land_point_mask",
            "wave_age": null,
            "wave_age_class": null,
            "wave_age_factor": 1.35,
            "wave_age_status": "fallback",
            "era5_time": null,
            "era5_lon": null,
            "era5_lat": null,
            "u10": null,
            "peak_wave_period": null,
            "friction_velocity": null,
            "phase_speed": null,
            "patch_label": "P027",
            "id": 24,
            "source": "cfar",
            "detection_method": "cfar"
          }
        ],
        "yolo_properties": {
          "detection_method": "yolo8",
          "confidence": 0.252054899930954,
          "class": "ship-1",
          "bbox_pixel": [
            841.8625030517578,
            5168.303110122681,
            852.4836196899414,
            5180.240755081177
          ],
          "bbox_geo": [
            -45.25315039859938,
            -25.267254500883556,
            -45.25180326674156,
            -25.266429378960662
          ],
          "model": "SAR-MULTI-1280p",
          "class_id": 0,
          "class_name": "ship-1",
          "tile_id": 246,
          "land_mask_checked": true,
          "center_is_water": true,
          "bbox_water_fraction": 1.0,
          "land_mask_method": "natural_earth_land_point_mask",
          "id": 39,
          "source": "yolo",
          "centroid_lon": -45.25252497183395,
          "centroid_lat": -25.266830936094014,
          "score": 0.252054899930954,
          "patch_id": 26,
          "patch_label": "P027"
        }
      }
    },
    {
      "type": "Feature",
      "geometry": {
        "type": "Polygon",
        "coordinates": [
          [
            [
              -45.501840822193415,
              -24.790205216872963
            ],
            [
              -45.501840822193415,
              -24.790205216872963
            ],
            [
              -45.50198549766678,
              -24.790738587627242
            ],
            [
              -45.50198549766678,
              -24.790738587627242
            ],
            [
              -45.501840822193415,
              -24.790205216872963
            ]
          ]
        ]
      },
      "properties": {
        "lat": -24.790471902250104,
        "lon": -45.5019131599301,
        "area_px": 3,
        "min_sigma0_dB": -8.140000343322754,
        "mean_sigma0_dB": -6.920000076293945,
        "max_sigma0_dB": -4.909999847412109,
        "threshold_cfar_dB": -8.13,
        "pixel_coords": {
          "row": 738,
          "col": 714,
          "row_resampled": 246,
          "col_resampled": 238
        },
        "bbox_pixel_coords": {
          "row_min": 735,
          "row_max": 741,
          "col_min": 714,
          "col_max": 714
        },
        "global_pixel_coords": {
          "row": 738,
          "col": 4554
        },
        "source_product": "S1D_IW_GRDH_1SDV_20260802T083050_20260802T083115_003944_007255_E28D",
        "source_arquivo_id": null,
        "patch_id": 2,
        "patch_name": "patch_0003_VV",
        "geotiff_name": "patch_0003_VV_sigma0_preproc.tif",
        "polarization": "VV",
        "input_scale": "linear",
        "georef_method": "snap_geolocation_grid",
        "geocoding_method": "geolocation_grid",
        "geolocation_grid_status": null,
        "snap_geolocation_grid_used": null,
        "raster_crs": "EPSG:4326",
        "raster_transform": [
          0.00011260467649425172,
          0.0,
          -47.47417609392825,
          0.0,
          -0.00012306709066932562,
          -24.249317768656713,
          0.0,
          0.0,
          1.0
        ],
        "core_bbox_pixels": {
          "x0": 4000,
          "y0": 0,
          "x1": 6000,
          "y1": 2000
        },
        "processing_bbox_pixels": {
          "x0": 3840,
          "y0": 0,
          "x1": 6160,
          "y1": 2160
        },
        "core_bounds_lonlat": {
          "west": -45.670929902002925,
          "south": -24.914863591529876,
          "east": -45.431034470845894,
          "north": -24.69277185590747
        },
        "processing_bounds_lonlat": {
          "west": -45.69015930743978,
          "south": -24.932638339245937,
          "east": -45.4157034750392,
          "north": -24.689213496282978
        },
        "halo_pixels": 160,
        "valid_bbox_fraction": 1.0,
        "artifact_aspect_ratio": 3.0,
        "land_mask_info": {
          "enabled": true,
          "applied": true,
          "status": "ok",
          "stage": "cfar_water_mask",
          "resampled_shape": [
            720,
            773
          ],
          "sample_shape": [
            119,
            128
          ],
          "sample_max_dim": 128,
          "available": true,
          "method": "natural_earth_land_point_mask",
          "bounds_lonlat": {
            "west": -45.670929902002925,
            "south": -24.914863591529876,
            "east": -45.431034470845894,
            "north": -24.69277185590747
          },
          "mask_path": "/content/sismom_colab_work_v2/sources/api/copernicus_meta_1-main/copernicus-platform/frontend/public/shapes/ne_10m_land/ne_10m_land.shp",
          "land_buffer_degrees": 0.0,
          "valid_geolocation_points": 15232,
          "land_points": 0,
          "water_points": 15232,
          "land_fraction": 0.0,
          "water_fraction": 1.0,
          "valid_pixels_before_land_mask": 556560,
          "valid_pixels_after_land_mask": 556560,
          "pixels_masked_by_land": 0,
          "valid_water_fraction": 1.0,
          "land_skip_threshold": 0.99,
          "min_water_fraction": 0.01,
          "skip_land_tiles": true,
          "skipped": false,
          "reason": "water_candidate",
          "message": "CFAR restrito aos pixels de água."
        },
        "land_fraction": 0.0,
        "water_fraction": 1.0,
        "valid_water_fraction": 1.0,
        "land_mask_method": "natural_earth_land_point_mask",
        "wave_age": null,
        "wave_age_class": null,
        "wave_age_factor": 1.35,
        "wave_age_status": "fallback",
        "era5_time": null,
        "era5_lon": null,
        "era5_lat": null,
        "u10": null,
        "peak_wave_period": null,
        "friction_velocity": null,
        "phase_speed": null,
        "patch_label": "P003",
        "id": 28,
        "source": "cfar",
        "detection_method": "cfar",
        "target_id": "T0028",
        "methods": [
          "cfar"
        ],
        "fusion_status": "cfar_only",
        "cfar_id": 1,
        "cfar_ids": [
          1
        ],
        "cfar_fragment_count": 1,
        "yolo_id": null
      }
    },
    {
      "type": "Feature",
      "geometry": {
        "type": "Polygon",
        "coordinates": [
          [
            [
              -46.67461158066786,
              -24.47876483723939
            ],
            [
              -46.67461158066786,
              -24.47876483723939
            ],
            [
              -46.6749848769622,
              -24.480095021832113
            ],
            [
              -46.6749848769622,
              -24.480095021832113
            ],
            [
              -46.67461158066786,
              -24.47876483723939
            ]
          ]
        ]
      },
      "properties": {
        "lat": -24.479296911076478,
        "lon": -46.67476089918559,
        "area_px": 6,
        "min_sigma0_dB": -0.4300000071525574,
        "mean_sigma0_dB": 3.380000114440918,
        "max_sigma0_dB": 6.940000057220459,
        "threshold_cfar_dB": -1.92,
        "pixel_coords": {
          "row": 372,
          "col": 1071,
          "row_resampled": 124,
          "col_resampled": 357
        },
        "bbox_pixel_coords": {
          "row_min": 366,
          "row_max": 381,
          "col_min": 1071,
          "col_max": 1071
        },
        "global_pixel_coords": {
          "row": 372,
          "col": 16911
        },
        "source_product": "S1D_IW_GRDH_1SDV_20260802T083050_20260802T083115_003944_007255_E28D",
        "source_arquivo_id": null,
        "patch_id": 8,
        "patch_name": "patch_0009_VV",
        "geotiff_name": "patch_0009_VV_sigma0_preproc.tif",
        "polarization": "VV",
        "input_scale": "linear",
        "georef_method": "snap_geolocation_grid",
        "geocoding_method": "geolocation_grid",
        "geolocation_grid_status": null,
        "snap_geolocation_grid_used": null,
        "raster_crs": "EPSG:4326",
        "raster_transform": [
          0.00011260467649425172,
          0.0,
          -46.12291997599723,
          0.0,
          -0.00012306709066932562,
          -24.249317768656713,
          0.0,
          0.0,
          1.0
        ],
        "core_bbox_pixels": {
          "x0": 16000,
          "y0": 0,
          "x1": 18000,
          "y1": 2000
        },
        "processing_bbox_pixels": {
          "x0": 15840,
          "y0": 0,
          "x1": 18160,
          "y1": 2160
        },
        "core_bounds_lonlat": {
          "west": -46.8191647646061,
          "south": -24.6444598382405,
          "east": -46.57858524376601,
          "north": -24.421345960005926
        },
        "processing_bounds_lonlat": {
          "west": -46.83844522497204,
          "south": -24.662312328546815,
          "east": -46.56331662236463,
          "north": -24.41766548712104
        },
        "halo_pixels": 160,
        "valid_bbox_fraction": 1.0,
        "artifact_aspect_ratio": 6.0,
        "land_mask_info": {
          "enabled": true,
          "applied": true,
          "status": "ok",
          "stage": "cfar_water_mask",
          "resampled_shape": [
            720,
            773
          ],
          "sample_shape": [
            119,
            128
          ],
          "sample_max_dim": 128,
          "available": true,
          "method": "natural_earth_land_point_mask",
          "bounds_lonlat": {
            "west": -46.8191647646061,
            "south": -24.6444598382405,
            "east": -46.57858524376601,
            "north": -24.421345960005926
          },
          "mask_path": "/content/sismom_colab_work_v2/sources/api/copernicus_meta_1-main/copernicus-platform/frontend/public/shapes/ne_10m_land/ne_10m_land.shp",
          "land_buffer_degrees": 0.0,
          "valid_geolocation_points": 15232,
          "land_points": 0,
          "water_points": 15232,
          "land_fraction": 0.0,
          "water_fraction": 1.0,
          "valid_pixels_before_land_mask": 556560,
          "valid_pixels_after_land_mask": 556560,
          "pixels_masked_by_land": 0,
          "valid_water_fraction": 1.0,
          "land_skip_threshold": 0.99,
          "min_water_fraction": 0.01,
          "skip_land_tiles": true,
          "skipped": false,
          "reason": "water_candidate",
          "message": "CFAR restrito aos pixels de água."
        },
        "land_fraction": 0.0,
        "water_fraction": 1.0,
        "valid_water_fraction": 1.0,
        "land_mask_method": "natural_earth_land_point_mask",
        "wave_age": null,
        "wave_age_class": null,
        "wave_age_factor": 1.35,
        "wave_age_status": "fallback",
        "era5_time": null,
        "era5_lon": null,
        "era5_lat": null,
        "u10": null,
        "peak_wave_period": null,
        "friction_velocity": null,
        "phase_speed": null,
        "patch_label": "P009",
        "id": 29,
        "source": "cfar",
        "detection_method": "cfar",
        "target_id": "T0029",
        "methods": [
          "cfar"
        ],
        "fusion_status": "cfar_only",
        "cfar_id": 8,
        "cfar_ids": [
          8
        ],
        "cfar_fragment_count": 1,
        "yolo_id": null
      }
    },
    {
      "type": "Feature",
      "geometry": {
        "type": "Polygon",
        "coordinates": [
          [
            [
              -46.615741767514294,
              -24.53037655729486
            ],
            [
              -46.615741767514294,
              -24.53037655729486
            ],
            [
              -46.61596534559622,
              -24.531174790474722
            ],
            [
              -46.61596534559622,
              -24.531174790474722
            ],
            [
              -46.615741767514294,
              -24.53037655729486
            ]
          ]
        ]
      },
      "properties": {
        "lat": -24.5309087127481,
        "lon": -46.61589081956866,
        "area_px": 4,
        "min_sigma0_dB": -9.720000267028809,
        "mean_sigma0_dB": -7.840000152587891,
        "max_sigma0_dB": -6.699999809265137,
        "threshold_cfar_dB": -15.93,
        "pixel_coords": {
          "row": 768,
          "col": 351,
          "row_resampled": 256,
          "col_resampled": 117
        },
        "bbox_pixel_coords": {
          "row_min": 762,
          "row_max": 771,
          "col_min": 351,
          "col_max": 351
        },
        "global_pixel_coords": {
          "row": 768,
          "col": 16191
        },
        "source_product": "S1D_IW_GRDH_1SDV_20260802T083050_20260802T083115_003944_007255_E28D",
        "source_arquivo_id": null,
        "patch_id": 8,
        "patch_name": "patch_0009_VV",
        "geotiff_name": "patch_0009_VV_sigma0_preproc.tif",
        "polarization": "VV",
        "input_scale": "linear",
        "georef_method": "snap_geolocation_grid",
        "geocoding_method": "geolocation_grid",
        "geolocation_grid_status": null,
        "snap_geolocation_grid_used": null,
        "raster_crs": "EPSG:4326",
        "raster_transform": [
          0.00011260467649425172,
          0.0,
          -46.12291997599723,
          0.0,
          -0.00012306709066932562,
          -24.249317768656713,
          0.0,
          0.0,
          1.0
        ],
        "core_bbox_pixels": {
          "x0": 16000,
          "y0": 0,
          "x1": 18000,
          "y1": 2000
        },
        "processing_bbox_pixels": {
          "x0": 15840,
          "y0": 0,
          "x1": 18160,
          "y1": 2160
        },
        "core_bounds_lonlat": {
          "west": -46.8191647646061,
          "south": -24.6444598382405,
          "east": -46.57858524376601,
          "north": -24.421345960005926
        },
        "processing_bounds_lonlat": {
          "west": -46.83844522497204,
          "south": -24.662312328546815,
          "east": -46.56331662236463,
          "north": -24.41766548712104
        },
        "halo_pixels": 160,
        "valid_bbox_fraction": 1.0,
        "artifact_aspect_ratio": 4.0,
        "land_mask_info": {
          "enabled": true,
          "applied": true,
          "status": "ok",
          "stage": "cfar_water_mask",
          "resampled_shape": [
            720,
            773
          ],
          "sample_shape": [
            119,
            128
          ],
          "sample_max_dim": 128,
          "available": true,
          "method": "natural_earth_land_point_mask",
          "bounds_lonlat": {
            "west": -46.8191647646061,
            "south": -24.6444598382405,
            "east": -46.57858524376601,
            "north": -24.421345960005926
          },
          "mask_path": "/content/sismom_colab_work_v2/sources/api/copernicus_meta_1-main/copernicus-platform/frontend/public/shapes/ne_10m_land/ne_10m_land.shp",
          "land_buffer_degrees": 0.0,
          "valid_geolocation_points": 15232,
          "land_points": 0,
          "water_points": 15232,
          "land_fraction": 0.0,
          "water_fraction": 1.0,
          "valid_pixels_before_land_mask": 556560,
          "valid_pixels_after_land_mask": 556560,
          "pixels_masked_by_land": 0,
          "valid_water_fraction": 1.0,
          "land_skip_threshold": 0.99,
          "min_water_fraction": 0.01,
          "skip_land_tiles": true,
          "skipped": false,
          "reason": "water_candidate",
          "message": "CFAR restrito aos pixels de água."
        },
        "land_fraction": 0.0,
        "water_fraction": 1.0,
        "valid_water_fraction": 1.0,
        "land_mask_method": "natural_earth_land_point_mask",
        "wave_age": null,
        "wave_age_class": null,
        "wave_age_factor": 1.35,
        "wave_age_status": "fallback",
        "era5_time": null,
        "era5_lon": null,
        "era5_lat": null,
        "u10": null,
        "peak_wave_period": null,
        "friction_velocity": null,
        "phase_speed": null,
        "patch_label": "P009",
        "id": 30,
        "source": "cfar",
        "detection_method": "cfar",
        "target_id": "T0030",
        "methods": [
          "cfar"
        ],
        "fusion_status": "cfar_only",
        "cfar_id": 13,
        "cfar_ids": [
          13
        ],
        "cfar_fragment_count": 1,
        "yolo_id": null
      }
    },
    {
      "type": "Feature",
      "geometry": {
        "type": "Polygon",
        "coordinates": [
          [
            [
              -46.98415309350915,
              -24.381042744240354
            ],
            [
              -46.98443900128929,
              -24.38097349840791
            ],
            [
              -46.9847401000105,
              -24.38203686888733
            ],
            [
              -46.98445419002199,
              -24.38210611541248
            ],
            [
              -46.98415309350915,
              -24.381042744240354
            ]
          ]
        ]
      },
      "properties": {
        "lat": -24.38150518364762,
        "lon": -46.9845895506485,
        "area_px": 8,
        "min_sigma0_dB": -2.559999942779541,
        "mean_sigma0_dB": -0.6200000047683716,
        "max_sigma0_dB": 2.450000047683716,
        "threshold_cfar_dB": -3.14,
        "pixel_coords": {
          "row": 129,
          "col": 384,
          "row_resampled": 43,
          "col_resampled": 128
        },
        "bbox_pixel_coords": {
          "row_min": 123,
          "row_max": 135,
          "col_min": 381,
          "col_max": 384
        },
        "global_pixel_coords": {
          "row": 129,
          "col": 20224
        },
        "source_product": "S1D_IW_GRDH_1SDV_20260802T083050_20260802T083115_003944_007255_E28D",
        "source_arquivo_id": null,
        "patch_id": 10,
        "patch_name": "patch_0011_VV",
        "geotiff_name": "patch_0011_VV_sigma0_preproc.tif",
        "polarization": "VV",
        "input_scale": "linear",
        "georef_method": "snap_geolocation_grid",
        "geocoding_method": "geolocation_grid",
        "geolocation_grid_status": null,
        "snap_geolocation_grid_used": null,
        "raster_crs": "EPSG:4326",
        "raster_transform": [
          0.00011260467649425172,
          0.0,
          -45.67250127002022,
          0.0,
          -0.00012306709066932562,
          -24.249317768656713,
          0.0,
          0.0,
          1.0
        ],
        "core_bbox_pixels": {
          "x0": 20000,
          "y0": 0,
          "x1": 22000,
          "y1": 2000
        },
        "processing_bbox_pixels": {
          "x0": 19840,
          "y0": 0,
          "x1": 22160,
          "y1": 2160
        },
        "core_bounds_lonlat": {
          "west": -47.201205278940535,
          "south": -24.55239095435538,
          "east": -46.960006644474404,
          "north": -24.328831644063616
        },
        "processing_bounds_lonlat": {
          "west": -47.22061703188527,
          "south": -24.57026774447499,
          "east": -46.9447594282592,
          "north": -24.32506944052621
        },
        "halo_pixels": 160,
        "valid_bbox_fraction": 1.0,
        "artifact_aspect_ratio": 2.5,
        "land_mask_info": {
          "enabled": true,
          "applied": true,
          "status": "ok",
          "stage": "cfar_water_mask",
          "resampled_shape": [
            720,
            773
          ],
          "sample_shape": [
            119,
            128
          ],
          "sample_max_dim": 128,
          "available": true,
          "method": "natural_earth_land_point_mask",
          "bounds_lonlat": {
            "west": -47.201205278940535,
            "south": -24.55239095435538,
            "east": -46.960006644474404,
            "north": -24.328831644063616
          },
          "mask_path": "/content/sismom_colab_work_v2/sources/api/copernicus_meta_1-main/copernicus-platform/frontend/public/shapes/ne_10m_land/ne_10m_land.shp",
          "land_buffer_degrees": 0.0,
          "valid_geolocation_points": 15232,
          "land_points": 7938,
          "water_points": 7294,
          "land_fraction": 0.5211397058823529,
          "water_fraction": 0.4788602941176471,
          "valid_pixels_before_land_mask": 556560,
          "valid_pixels_after_land_mask": 266318,
          "pixels_masked_by_land": 290242,
          "valid_water_fraction": 0.4785072588759523,
          "land_skip_threshold": 0.99,
          "min_water_fraction": 0.01,
          "skip_land_tiles": true,
          "skipped": false,
          "reason": "water_candidate",
          "message": "CFAR restrito aos pixels de água."
        },
        "land_fraction": 0.5211397058823529,
        "water_fraction": 0.4788602941176471,
        "valid_water_fraction": 0.4785072588759523,
        "land_mask_method": "natural_earth_land_point_mask",
        "wave_age": null,
        "wave_age_class": null,
        "wave_age_factor": 1.35,
        "wave_age_status": "fallback",
        "era5_time": null,
        "era5_lon": null,
        "era5_lat": null,
        "u10": null,
        "peak_wave_period": null,
        "friction_velocity": null,
        "phase_speed": null,
        "patch_label": "P011",
        "id": 31,
        "source": "cfar",
        "detection_method": "cfar",
        "target_id": "T0031",
        "methods": [
          "cfar"
        ],
        "fusion_status": "cfar_only",
        "cfar_id": 15,
        "cfar_ids": [
          15
        ],
        "cfar_fragment_count": 1,
        "yolo_id": null
      }
    },
    {
      "type": "Feature",
      "geometry": {
        "type": "Polygon",
        "coordinates": [
          [
            [
              -47.00123530643716,
              -24.39820818451087
            ],
            [
              -47.00123530643716,
              -24.39820818451087
            ],
            [
              -47.00138589868575,
              -24.398739856088607
            ],
            [
              -47.00138589868575,
              -24.398739856088607
            ],
            [
              -47.00123530643716,
              -24.39820818451087
            ]
          ]
        ]
      },
      "properties": {
        "lat": -24.398474020299737,
        "lon": -47.00131060256146,
        "area_px": 3,
        "min_sigma0_dB": -5.320000171661377,
        "mean_sigma0_dB": -2.25,
        "max_sigma0_dB": 1.9500000476837158,
        "threshold_cfar_dB": -14.51,
        "pixel_coords": {
          "row": 351,
          "col": 501,
          "row_resampled": 117,
          "col_resampled": 167
        },
        "bbox_pixel_coords": {
          "row_min": 348,
          "row_max": 354,
          "col_min": 501,
          "col_max": 501
        },
        "global_pixel_coords": {
          "row": 351,
          "col": 20341
        },
        "source_product": "S1D_IW_GRDH_1SDV_20260802T083050_20260802T083115_003944_007255_E28D",
        "source_arquivo_id": null,
        "patch_id": 10,
        "patch_name": "patch_0011_VV",
        "geotiff_name": "patch_0011_VV_sigma0_preproc.tif",
        "polarization": "VV",
        "input_scale": "linear",
        "georef_method": "snap_geolocation_grid",
        "geocoding_method": "geolocation_grid",
        "geolocation_grid_status": null,
        "snap_geolocation_grid_used": null,
        "raster_crs": "EPSG:4326",
        "raster_transform": [
          0.00011260467649425172,
          0.0,
          -45.67250127002022,
          0.0,
          -0.00012306709066932562,
          -24.249317768656713,
          0.0,
          0.0,
          1.0
        ],
        "core_bbox_pixels": {
          "x0": 20000,
          "y0": 0,
          "x1": 22000,
          "y1": 2000
        },
        "processing_bbox_pixels": {
          "x0": 19840,
          "y0": 0,
          "x1": 22160,
          "y1": 2160
        },
        "core_bounds_lonlat": {
          "west": -47.201205278940535,
          "south": -24.55239095435538,
          "east": -46.960006644474404,
          "north": -24.328831644063616
        },
        "processing_bounds_lonlat": {
          "west": -47.22061703188527,
          "south": -24.57026774447499,
          "east": -46.9447594282592,
          "north": -24.32506944052621
        },
        "halo_pixels": 160,
        "valid_bbox_fraction": 1.0,
        "artifact_aspect_ratio": 3.0,
        "land_mask_info": {
          "enabled": true,
          "applied": true,
          "status": "ok",
          "stage": "cfar_water_mask",
          "resampled_shape": [
            720,
            773
          ],
          "sample_shape": [
            119,
            128
          ],
          "sample_max_dim": 128,
          "available": true,
          "method": "natural_earth_land_point_mask",
          "bounds_lonlat": {
            "west": -47.201205278940535,
            "south": -24.55239095435538,
            "east": -46.960006644474404,
            "north": -24.328831644063616
          },
          "mask_path": "/content/sismom_colab_work_v2/sources/api/copernicus_meta_1-main/copernicus-platform/frontend/public/shapes/ne_10m_land/ne_10m_land.shp",
          "land_buffer_degrees": 0.0,
          "valid_geolocation_points": 15232,
          "land_points": 7938,
          "water_points": 7294,
          "land_fraction": 0.5211397058823529,
          "water_fraction": 0.4788602941176471,
          "valid_pixels_before_land_mask": 556560,
          "valid_pixels_after_land_mask": 266318,
          "pixels_masked_by_land": 290242,
          "valid_water_fraction": 0.4785072588759523,
          "land_skip_threshold": 0.99,
          "min_water_fraction": 0.01,
          "skip_land_tiles": true,
          "skipped": false,
          "reason": "water_candidate",
          "message": "CFAR restrito aos pixels de água."
        },
        "land_fraction": 0.5211397058823529,
        "water_fraction": 0.4788602941176471,
        "valid_water_fraction": 0.4785072588759523,
        "land_mask_method": "natural_earth_land_point_mask",
        "wave_age": null,
        "wave_age_class": null,
        "wave_age_factor": 1.35,
        "wave_age_status": "fallback",
        "era5_time": null,
        "era5_lon": null,
        "era5_lat": null,
        "u10": null,
        "peak_wave_period": null,
        "friction_velocity": null,
        "phase_speed": null,
        "patch_label": "P011",
        "id": 32,
        "source": "cfar",
        "detection_method": "cfar",
        "target_id": "T0032",
        "methods": [
          "cfar"
        ],
        "fusion_status": "cfar_only",
        "cfar_id": 16,
        "cfar_ids": [
          16
        ],
        "cfar_fragment_count": 1,
        "yolo_id": null
      }
    },
    {
      "type": "Feature",
      "geometry": {
        "type": "Polygon",
        "coordinates": [
          [
            [
              -47.00053049395644,
              -24.409743851145436
            ],
            [
              -47.00081639068665,
              -24.409674448446985
            ],
            [
              -47.000891680250966,
              -24.40994028636634
            ],
            [
              -47.00060578297389,
              -24.410009689242326
            ],
            [
              -47.00053049395644,
              -24.409743851145436
            ]
          ]
        ]
      },
      "properties": {
        "lat": -24.409743851145436,
        "lon": -47.00053049395644,
        "area_px": 3,
        "min_sigma0_dB": -9.079999923706055,
        "mean_sigma0_dB": -7.28000020980835,
        "max_sigma0_dB": -5.21999979019165,
        "threshold_cfar_dB": -15.85,
        "pixel_coords": {
          "row": 468,
          "col": 462,
          "row_resampled": 156,
          "col_resampled": 154
        },
        "bbox_pixel_coords": {
          "row_min": 468,
          "row_max": 471,
          "col_min": 462,
          "col_max": 465
        },
        "global_pixel_coords": {
          "row": 468,
          "col": 20302
        },
        "source_product": "S1D_IW_GRDH_1SDV_20260802T083050_20260802T083115_003944_007255_E28D",
        "source_arquivo_id": null,
        "patch_id": 10,
        "patch_name": "patch_0011_VV",
        "geotiff_name": "patch_0011_VV_sigma0_preproc.tif",
        "polarization": "VV",
        "input_scale": "linear",
        "georef_method": "snap_geolocation_grid",
        "geocoding_method": "geolocation_grid",
        "geolocation_grid_status": null,
        "snap_geolocation_grid_used": null,
        "raster_crs": "EPSG:4326",
        "raster_transform": [
          0.00011260467649425172,
          0.0,
          -45.67250127002022,
          0.0,
          -0.00012306709066932562,
          -24.249317768656713,
          0.0,
          0.0,
          1.0
        ],
        "core_bbox_pixels": {
          "x0": 20000,
          "y0": 0,
          "x1": 22000,
          "y1": 2000
        },
        "processing_bbox_pixels": {
          "x0": 19840,
          "y0": 0,
          "x1": 22160,
          "y1": 2160
        },
        "core_bounds_lonlat": {
          "west": -47.201205278940535,
          "south": -24.55239095435538,
          "east": -46.960006644474404,
          "north": -24.328831644063616
        },
        "processing_bounds_lonlat": {
          "west": -47.22061703188527,
          "south": -24.57026774447499,
          "east": -46.9447594282592,
          "north": -24.32506944052621
        },
        "halo_pixels": 160,
        "valid_bbox_fraction": 1.0,
        "artifact_aspect_ratio": 1.0,
        "land_mask_info": {
          "enabled": true,
          "applied": true,
          "status": "ok",
          "stage": "cfar_water_mask",
          "resampled_shape": [
            720,
            773
          ],
          "sample_shape": [
            119,
            128
          ],
          "sample_max_dim": 128,
          "available": true,
          "method": "natural_earth_land_point_mask",
          "bounds_lonlat": {
            "west": -47.201205278940535,
            "south": -24.55239095435538,
            "east": -46.960006644474404,
            "north": -24.328831644063616
          },
          "mask_path": "/content/sismom_colab_work_v2/sources/api/copernicus_meta_1-main/copernicus-platform/frontend/public/shapes/ne_10m_land/ne_10m_land.shp",
          "land_buffer_degrees": 0.0,
          "valid_geolocation_points": 15232,
          "land_points": 7938,
          "water_points": 7294,
          "land_fraction": 0.5211397058823529,
          "water_fraction": 0.4788602941176471,
          "valid_pixels_before_land_mask": 556560,
          "valid_pixels_after_land_mask": 266318,
          "pixels_masked_by_land": 290242,
          "valid_water_fraction": 0.4785072588759523,
          "land_skip_threshold": 0.99,
          "min_water_fraction": 0.01,
          "skip_land_tiles": true,
          "skipped": false,
          "reason": "water_candidate",
          "message": "CFAR restrito aos pixels de água."
        },
        "land_fraction": 0.5211397058823529,
        "water_fraction": 0.4788602941176471,
        "valid_water_fraction": 0.4785072588759523,
        "land_mask_method": "natural_earth_land_point_mask",
        "wave_age": null,
        "wave_age_class": null,
        "wave_age_factor": 1.35,
        "wave_age_status": "fallback",
        "era5_time": null,
        "era5_lon": null,
        "era5_lat": null,
        "u10": null,
        "peak_wave_period": null,
        "friction_velocity": null,
        "phase_speed": null,
        "patch_label": "P011",
        "id": 33,
        "source": "cfar",
        "detection_method": "cfar",
        "target_id": "T0033",
        "methods": [
          "cfar"
        ],
        "fusion_status": "cfar_only",
        "cfar_id": 17,
        "cfar_ids": [
          17
        ],
        "cfar_fragment_count": 1,
        "yolo_id": null
      }
    },
    {
      "type": "Feature",
      "geometry": {
        "type": "Polygon",
        "coordinates": [
          [
            [
              -45.11629747011267,
              -25.010371425907344
            ],
            [
              -45.11629747011267,
              -25.010371425907344
            ],
            [
              -45.11644083996676,
              -25.010905148726838
            ],
            [
              -45.11644083996676,
              -25.010905148726838
            ],
            [
              -45.11629747011267,
              -25.010371425907344
            ]
          ]
        ]
      },
      "properties": {
        "lat": -25.010638287317093,
        "lon": -45.11636915503972,
        "area_px": 3,
        "min_sigma0_dB": -5.590000152587891,
        "mean_sigma0_dB": -5.269999980926514,
        "max_sigma0_dB": -4.730000019073486,
        "threshold_cfar_dB": -6.35,
        "pixel_coords": {
          "row": 291,
          "col": 189,
          "row_resampled": 97,
          "col_resampled": 63
        },
        "bbox_pixel_coords": {
          "row_min": 288,
          "row_max": 294,
          "col_min": 189,
          "col_max": 189
        },
        "global_pixel_coords": {
          "row": 2131,
          "col": 189
        },
        "source_product": "S1D_IW_GRDH_1SDV_20260802T083050_20260802T083115_003944_007255_E28D",
        "source_arquivo_id": null,
        "patch_id": 13,
        "patch_name": "patch_0014_VV",
        "geotiff_name": "patch_0014_VV_sigma0_preproc.tif",
        "polarization": "VV",
        "input_scale": "linear",
        "georef_method": "snap_geolocation_grid",
        "geocoding_method": "geolocation_grid",
        "geolocation_grid_status": null,
        "snap_geolocation_grid_used": null,
        "raster_crs": "EPSG:4326",
        "raster_transform": [
          0.00011260467649425172,
          0.0,
          -47.90657805166617,
          0.0,
          -0.00012306709066932562,
          -24.475761215488273,
          0.0,
          0.0,
          1.0
        ],
        "core_bbox_pixels": {
          "x0": 0,
          "y0": 2000,
          "x1": 2000,
          "y1": 4000
        },
        "processing_bbox_pixels": {
          "x0": 0,
          "y0": 1840,
          "x1": 2160,
          "y1": 4160
        },
        "core_bounds_lonlat": {
          "west": -45.33512203541371,
          "south": -25.180957960497857,
          "east": -45.09508041427054,
          "north": -24.959179516176704
        },
        "processing_bounds_lonlat": {
          "west": -45.354362564262374,
          "south": -25.195189702696563,
          "east": -45.09126129766139,
          "north": -24.941425148244583
        },
        "halo_pixels": 160,
        "valid_bbox_fraction": 1.0,
        "artifact_aspect_ratio": 3.0,
        "land_mask_info": {
          "enabled": true,
          "applied": true,
          "status": "ok",
          "stage": "cfar_water_mask",
          "resampled_shape": [
            773,
            720
          ],
          "sample_shape": [
            128,
            119
          ],
          "sample_max_dim": 128,
          "available": true,
          "method": "natural_earth_land_point_mask",
          "bounds_lonlat": {
            "west": -45.33512203541371,
            "south": -25.180957960497857,
            "east": -45.09508041427054,
            "north": -24.959179516176704
          },
          "mask_path": "/content/sismom_colab_work_v2/sources/api/copernicus_meta_1-main/copernicus-platform/frontend/public/shapes/ne_10m_land/ne_10m_land.shp",
          "land_buffer_degrees": 0.0,
          "valid_geolocation_points": 15232,
          "land_points": 0,
          "water_points": 15232,
          "land_fraction": 0.0,
          "water_fraction": 1.0,
          "valid_pixels_before_land_mask": 521775,
          "valid_pixels_after_land_mask": 521775,
          "pixels_masked_by_land": 0,
          "valid_water_fraction": 1.0,
          "land_skip_threshold": 0.99,
          "min_water_fraction": 0.01,
          "skip_land_tiles": true,
          "skipped": false,
          "reason": "water_candidate",
          "message": "CFAR restrito aos pixels de água."
        },
        "land_fraction": 0.0,
        "water_fraction": 1.0,
        "valid_water_fraction": 1.0,
        "land_mask_method": "natural_earth_land_point_mask",
        "wave_age": null,
        "wave_age_class": null,
        "wave_age_factor": 1.35,
        "wave_age_status": "fallback",
        "era5_time": null,
        "era5_lon": null,
        "era5_lat": null,
        "u10": null,
        "peak_wave_period": null,
        "friction_velocity": null,
        "phase_speed": null,
        "patch_label": "P014",
        "id": 34,
        "source": "cfar",
        "detection_method": "cfar",
        "target_id": "T0034",
        "methods": [
          "cfar"
        ],
        "fusion_status": "cfar_only",
        "cfar_id": 18,
        "cfar_ids": [
          18
        ],
        "cfar_fragment_count": 1,
        "yolo_id": null
      }
    },
    {
      "type": "Feature",
      "geometry": {
        "type": "Polygon",
        "coordinates": [
          [
            [
              -45.75743506778836,
              -24.990932944685177
            ],
            [
              -45.75772293252194,
              -24.99086581945081
            ],
            [
              -45.757868753728204,
              -24.99139894203573
            ],
            [
              -45.75758088785145,
              -24.991466067573153
            ],
            [
              -45.75743506778836,
              -24.990932944685177
            ]
          ]
        ]
      },
      "properties": {
        "lat": -24.991199506129163,
        "lon": -45.7575079778199,
        "area_px": 3,
        "min_sigma0_dB": -9.59000015258789,
        "mean_sigma0_dB": -8.699999809265137,
        "max_sigma0_dB": -8.180000305175781,
        "threshold_cfar_dB": -9.86,
        "pixel_coords": {
          "row": 1650,
          "col": 684,
          "row_resampled": 550,
          "col_resampled": 228
        },
        "bbox_pixel_coords": {
          "row_min": 1647,
          "row_max": 1653,
          "col_min": 684,
          "col_max": 687
        },
        "global_pixel_coords": {
          "row": 3490,
          "col": 6524
        },
        "source_product": "S1D_IW_GRDH_1SDV_20260802T083050_20260802T083115_003944_007255_E28D",
        "source_arquivo_id": null,
        "patch_id": 16,
        "patch_name": "patch_0017_VV",
        "geotiff_name": "patch_0017_VV_sigma0_preproc.tif",
        "polarization": "VV",
        "input_scale": "linear",
        "georef_method": "snap_geolocation_grid",
        "geocoding_method": "geolocation_grid",
        "geolocation_grid_status": null,
        "snap_geolocation_grid_used": null,
        "raster_crs": "EPSG:4326",
        "raster_transform": [
          0.00011260467649425172,
          0.0,
          -47.24896674093974,
          0.0,
          -0.00012306709066932562,
          -24.475761215488273,
          0.0,
          0.0,
          1.0
        ],
        "core_bbox_pixels": {
          "x0": 6000,
          "y0": 2000,
          "x1": 8000,
          "y1": 4000
        },
        "processing_bbox_pixels": {
          "x0": 5840,
          "y0": 1840,
          "x1": 8160,
          "y1": 4160
        },
        "core_bounds_lonlat": {
          "west": -45.91146010638854,
          "south": -25.048125129174572,
          "east": -45.67105007572055,
          "north": -24.82581180219913
        },
        "processing_bounds_lonlat": {
          "west": -45.930727309898856,
          "south": -25.06591076797302,
          "east": -45.6518261329335,
          "north": -24.808011000215746
        },
        "halo_pixels": 160,
        "valid_bbox_fraction": 1.0,
        "artifact_aspect_ratio": 1.5,
        "land_mask_info": {
          "enabled": true,
          "applied": true,
          "status": "ok",
          "stage": "cfar_water_mask",
          "resampled_shape": [
            773,
            773
          ],
          "sample_shape": [
            128,
            128
          ],
          "sample_max_dim": 128,
          "available": true,
          "method": "natural_earth_land_point_mask",
          "bounds_lonlat": {
            "west": -45.91146010638854,
            "south": -25.048125129174572,
            "east": -45.67105007572055,
            "north": -24.82581180219913
          },
          "mask_path": "/content/sismom_colab_work_v2/sources/api/copernicus_meta_1-main/copernicus-platform/frontend/public/shapes/ne_10m_land/ne_10m_land.shp",
          "land_buffer_degrees": 0.0,
          "valid_geolocation_points": 16384,
          "land_points": 0,
          "water_points": 16384,
          "land_fraction": 0.0,
          "water_fraction": 1.0,
          "valid_pixels_before_land_mask": 597529,
          "valid_pixels_after_land_mask": 597529,
          "pixels_masked_by_land": 0,
          "valid_water_fraction": 1.0,
          "land_skip_threshold": 0.99,
          "min_water_fraction": 0.01,
          "skip_land_tiles": true,
          "skipped": false,
          "reason": "water_candidate",
          "message": "CFAR restrito aos pixels de água."
        },
        "land_fraction": 0.0,
        "water_fraction": 1.0,
        "valid_water_fraction": 1.0,
        "land_mask_method": "natural_earth_land_point_mask",
        "wave_age": null,
        "wave_age_class": null,
        "wave_age_factor": 1.35,
        "wave_age_status": "fallback",
        "era5_time": null,
        "era5_lon": null,
        "era5_lat": null,
        "u10": null,
        "peak_wave_period": null,
        "friction_velocity": null,
        "phase_speed": null,
        "patch_label": "P017",
        "id": 35,
        "source": "cfar",
        "detection_method": "cfar",
        "target_id": "T0035",
        "methods": [
          "cfar"
        ],
        "fusion_status": "cfar_only",
        "cfar_id": 20,
        "cfar_ids": [
          20
        ],
        "cfar_fragment_count": 1,
        "yolo_id": null
      }
    },
    {
      "type": "Feature",
      "geometry": {
        "type": "Polygon",
        "coordinates": [
          [
            [
              -45.897959788888585,
              -25.021855657181707
            ],
            [
              -45.897959788888585,
              -25.021855657181707
            ],
            [
              -45.898106509342604,
              -25.022388593528486
            ],
            [
              -45.898106509342604,
              -25.022388593528486
            ],
            [
              -45.897959788888585,
              -25.021855657181707
            ]
          ]
        ]
      },
      "properties": {
        "lat": -25.022122125355097,
        "lon": -45.898033149115605,
        "area_px": 3,
        "min_sigma0_dB": -9.880000114440918,
        "mean_sigma0_dB": -9.34000015258789,
        "max_sigma0_dB": -8.760000228881836,
        "threshold_cfar_dB": -10.38,
        "pixel_coords": {
          "row": 324,
          "col": 1977,
          "row_resampled": 108,
          "col_resampled": 659
        },
        "bbox_pixel_coords": {
          "row_min": 321,
          "row_max": 327,
          "col_min": 1977,
          "col_max": 1977
        },
        "global_pixel_coords": {
          "row": 4164,
          "col": 7817
        },
        "source_product": "S1D_IW_GRDH_1SDV_20260802T083050_20260802T083115_003944_007255_E28D",
        "source_arquivo_id": null,
        "patch_id": 29,
        "patch_name": "patch_0030_VV",
        "geotiff_name": "patch_0030_VV_sigma0_preproc.tif",
        "polarization": "VV",
        "input_scale": "linear",
        "georef_method": "snap_geolocation_grid",
        "geocoding_method": "geolocation_grid",
        "geolocation_grid_status": null,
        "snap_geolocation_grid_used": null,
        "raster_crs": "EPSG:4326",
        "raster_transform": [
          0.00011260467649425172,
          0.0,
          -47.24896674093974,
          0.0,
          -0.00012306709066932562,
          -24.721895396826923,
          0.0,
          0.0,
          1.0
        ],
        "core_bbox_pixels": {
          "x0": 6000,
          "y0": 4000,
          "x1": 8000,
          "y1": 6000
        },
        "processing_bbox_pixels": {
          "x0": 5840,
          "y0": 3840,
          "x1": 8160,
          "y1": 6160
        },
        "core_bounds_lonlat": {
          "west": -45.960416810720936,
          "south": -25.225828629849584,
          "east": -45.71960713602838,
          "north": -25.00346738051703
        },
        "processing_bounds_lonlat": {
          "west": -45.979715793442054,
          "south": -25.2436181906643,
          "east": -45.70034993997174,
          "north": -24.98566302359923
        },
        "halo_pixels": 160,
        "valid_bbox_fraction": 1.0,
        "artifact_aspect_ratio": 3.0,
        "land_mask_info": {
          "enabled": true,
          "applied": true,
          "status": "ok",
          "stage": "cfar_water_mask",
          "resampled_shape": [
            773,
            773
          ],
          "sample_shape": [
            128,
            128
          ],
          "sample_max_dim": 128,
          "available": true,
          "method": "natural_earth_land_point_mask",
          "bounds_lonlat": {
            "west": -45.960416810720936,
            "south": -25.225828629849584,
            "east": -45.71960713602838,
            "north": -25.00346738051703
          },
          "mask_path": "/content/sismom_colab_work_v2/sources/api/copernicus_meta_1-main/copernicus-platform/frontend/public/shapes/ne_10m_land/ne_10m_land.shp",
          "land_buffer_degrees": 0.0,
          "valid_geolocation_points": 16384,
          "land_points": 0,
          "water_points": 16384,
          "land_fraction": 0.0,
          "water_fraction": 1.0,
          "valid_pixels_before_land_mask": 597529,
          "valid_pixels_after_land_mask": 597529,
          "pixels_masked_by_land": 0,
          "valid_water_fraction": 1.0,
          "land_skip_threshold": 0.99,
          "min_water_fraction": 0.01,
          "skip_land_tiles": true,
          "skipped": false,
          "reason": "water_candidate",
          "message": "CFAR restrito aos pixels de água."
        },
        "land_fraction": 0.0,
        "water_fraction": 1.0,
        "valid_water_fraction": 1.0,
        "land_mask_method": "natural_earth_land_point_mask",
        "wave_age": null,
        "wave_age_class": null,
        "wave_age_factor": 1.35,
        "wave_age_status": "fallback",
        "era5_time": null,
        "era5_lon": null,
        "era5_lat": null,
        "u10": null,
        "peak_wave_period": null,
        "friction_velocity": null,
        "phase_speed": null,
        "patch_label": "P030",
        "id": 36,
        "source": "cfar",
        "detection_method": "cfar",
        "target_id": "T0036",
        "methods": [
          "cfar"
        ],
        "fusion_status": "cfar_only",
        "cfar_id": 25,
        "cfar_ids": [
          25
        ],
        "cfar_fragment_count": 1,
        "yolo_id": null
      }
    },
    {
      "type": "Feature",
      "geometry": {
        "type": "Polygon",
        "coordinates": [
          [
            [
              -47.607714163652865,
              -24.786706410161923
            ],
            [
              -47.60800084185986,
              -24.78663583331104
            ],
            [
              -47.6080774239706,
              -24.78690134522273
            ],
            [
              -47.607790745700285,
              -24.78697192213856
            ],
            [
              -47.607714163652865,
              -24.786706410161923
            ]
          ]
        ]
      },
      "properties": {
        "lat": -24.78663583331104,
        "lon": -47.60800084185986,
        "area_px": 3,
        "min_sigma0_dB": -8.829999923706055,
        "mean_sigma0_dB": -7.670000076293945,
        "max_sigma0_dB": -7.050000190734863,
        "threshold_cfar_dB": -9.76,
        "pixel_coords": {
          "row": 174,
          "col": 1356,
          "row_resampled": 58,
          "col_resampled": 452
        },
        "bbox_pixel_coords": {
          "row_min": 174,
          "row_max": 177,
          "col_min": 1353,
          "col_max": 1356
        },
        "global_pixel_coords": {
          "row": 6014,
          "col": 25196
        },
        "source_product": "S1D_IW_GRDH_1SDV_20260802T083050_20260802T083115_003944_007255_E28D",
        "source_arquivo_id": null,
        "patch_id": 51,
        "patch_name": "patch_0052_VV",
        "geotiff_name": "patch_0052_VV_sigma0_preproc.tif",
        "polarization": "VV",
        "input_scale": "linear",
        "georef_method": "snap_geolocation_grid",
        "geocoding_method": "geolocation_grid",
        "geolocation_grid_status": null,
        "snap_geolocation_grid_used": null,
        "raster_crs": "EPSG:4326",
        "raster_transform": [
          0.00011260467649425172,
          0.0,
          -45.22208256404321,
          0.0,
          -0.00012306709066932562,
          -24.968029578165574,
          0.0,
          0.0,
          1.0
        ],
        "core_bbox_pixels": {
          "x0": 24000,
          "y0": 6000,
          "x1": 25391,
          "y1": 8000
        },
        "processing_bbox_pixels": {
          "x0": 23840,
          "y0": 5840,
          "x1": 25391,
          "y1": 8160
        },
        "core_bounds_lonlat": {
          "west": -47.67728249969532,
          "south": -24.990451285942022,
          "east": -47.49335309668726,
          "north": -24.78083282763064
        },
        "processing_bounds_lonlat": {
          "west": -47.6813889203044,
          "south": -25.008366172944175,
          "east": -47.47398018921974,
          "north": -24.766672416315878
        },
        "halo_pixels": 160,
        "valid_bbox_fraction": 1.0,
        "artifact_aspect_ratio": 1.0,
        "land_mask_info": {
          "enabled": true,
          "applied": true,
          "status": "ok",
          "stage": "cfar_water_mask",
          "resampled_shape": [
            773,
            517
          ],
          "sample_shape": [
            128,
            86
          ],
          "sample_max_dim": 128,
          "available": true,
          "method": "natural_earth_land_point_mask",
          "bounds_lonlat": {
            "west": -47.67728249969532,
            "south": -24.990451285942022,
            "east": -47.49335309668726,
            "north": -24.78083282763064
          },
          "mask_path": "/content/sismom_colab_work_v2/sources/api/copernicus_meta_1-main/copernicus-platform/frontend/public/shapes/ne_10m_land/ne_10m_land.shp",
          "land_buffer_degrees": 0.0,
          "valid_geolocation_points": 11008,
          "land_points": 238,
          "water_points": 10770,
          "land_fraction": 0.02162063953488372,
          "water_fraction": 0.9783793604651163,
          "valid_pixels_before_land_mask": 366228,
          "valid_pixels_after_land_mask": 363400,
          "pixels_masked_by_land": 2828,
          "valid_water_fraction": 0.9922780344484856,
          "land_skip_threshold": 0.99,
          "min_water_fraction": 0.01,
          "skip_land_tiles": true,
          "skipped": false,
          "reason": "water_candidate",
          "message": "CFAR restrito aos pixels de água."
        },
        "land_fraction": 0.02162063953488372,
        "water_fraction": 0.9783793604651163,
        "valid_water_fraction": 0.9922780344484856,
        "land_mask_method": "natural_earth_land_point_mask",
        "wave_age": null,
        "wave_age_class": null,
        "wave_age_factor": 1.35,
        "wave_age_status": "fallback",
        "era5_time": null,
        "era5_lon": null,
        "era5_lat": null,
        "u10": null,
        "peak_wave_period": null,
        "friction_velocity": null,
        "phase_speed": null,
        "patch_label": "P052",
        "id": 37,
        "source": "cfar",
        "detection_method": "cfar",
        "target_id": "T0037",
        "methods": [
          "cfar"
        ],
        "fusion_status": "cfar_only",
        "cfar_id": 37,
        "cfar_ids": [
          37
        ],
        "cfar_fragment_count": 1,
        "yolo_id": null
      }
    },
    {
      "type": "Feature",
      "geometry": {
        "type": "Polygon",
        "coordinates": [
          [
            [
              -46.75008493297651,
              -25.93588190198131
            ],
            [
              -46.75008493297651,
              -25.93588190198131
            ],
            [
              -46.750236343205145,
              -25.93641358534614
            ],
            [
              -46.750236343205145,
              -25.93641358534614
            ],
            [
              -46.75008493297651,
              -25.93588190198131
            ]
          ]
        ]
      },
      "properties": {
        "lat": -25.936147743663724,
        "lon": -46.750160638090804,
        "area_px": 3,
        "min_sigma0_dB": -7.480000019073486,
        "mean_sigma0_dB": -3.5899999141693115,
        "max_sigma0_dB": -0.9700000286102295,
        "threshold_cfar_dB": -12.53,
        "pixel_coords": {
          "row": 2112,
          "col": 1788,
          "row_resampled": 704,
          "col_resampled": 596
        },
        "bbox_pixel_coords": {
          "row_min": 2109,
          "row_max": 2115,
          "col_min": 1788,
          "col_max": 1788
        },
        "global_pixel_coords": {
          "row": 15952,
          "col": 13628
        },
        "source_product": "S1D_IW_GRDH_1SDV_20260802T083050_20260802T083115_003944_007255_E28D",
        "source_arquivo_id": null,
        "patch_id": 97,
        "patch_name": "patch_0098_VV",
        "geotiff_name": "patch_0098_VV_sigma0_preproc.tif",
        "polarization": "VV",
        "input_scale": "linear",
        "georef_method": "snap_geolocation_grid",
        "geocoding_method": "geolocation_grid",
        "geolocation_grid_status": null,
        "snap_geolocation_grid_used": null,
        "raster_crs": "EPSG:4326",
        "raster_transform": [
          0.00011260467649425172,
          0.0,
          -46.573338681974235,
          0.0,
          -0.00012306709066932562,
          -25.95256630352018,
          0.0,
          0.0,
          1.0
        ],
        "core_bbox_pixels": {
          "x0": 12000,
          "y0": 14000,
          "x1": 14000,
          "y1": 16000
        },
        "processing_bbox_pixels": {
          "x0": 11840,
          "y0": 13840,
          "x1": 14160,
          "y1": 16160
        },
        "core_bounds_lonlat": {
          "west": -46.78716376154382,
          "south": -25.977692411941252,
          "east": -46.54395915224169,
          "north": -25.754598207652844
        },
        "processing_bounds_lonlat": {
          "west": -46.80664634558155,
          "south": -25.99554217053733,
          "east": -46.52451546655202,
          "north": -25.736726586919136
        },
        "halo_pixels": 160,
        "valid_bbox_fraction": 1.0,
        "artifact_aspect_ratio": 3.0,
        "land_mask_info": {
          "enabled": true,
          "applied": true,
          "status": "ok",
          "stage": "cfar_water_mask",
          "resampled_shape": [
            773,
            773
          ],
          "sample_shape": [
            128,
            128
          ],
          "sample_max_dim": 128,
          "available": true,
          "method": "natural_earth_land_point_mask",
          "bounds_lonlat": {
            "west": -46.78716376154382,
            "south": -25.977692411941252,
            "east": -46.54395915224169,
            "north": -25.754598207652844
          },
          "mask_path": "/content/sismom_colab_work_v2/sources/api/copernicus_meta_1-main/copernicus-platform/frontend/public/shapes/ne_10m_land/ne_10m_land.shp",
          "land_buffer_degrees": 0.0,
          "valid_geolocation_points": 16384,
          "land_points": 0,
          "water_points": 16384,
          "land_fraction": 0.0,
          "water_fraction": 1.0,
          "valid_pixels_before_land_mask": 597529,
          "valid_pixels_after_land_mask": 597529,
          "pixels_masked_by_land": 0,
          "valid_water_fraction": 1.0,
          "land_skip_threshold": 0.99,
          "min_water_fraction": 0.01,
          "skip_land_tiles": true,
          "skipped": false,
          "reason": "water_candidate",
          "message": "CFAR restrito aos pixels de água."
        },
        "land_fraction": 0.0,
        "water_fraction": 1.0,
        "valid_water_fraction": 1.0,
        "land_mask_method": "natural_earth_land_point_mask",
        "wave_age": null,
        "wave_age_class": null,
        "wave_age_factor": 1.35,
        "wave_age_status": "fallback",
        "era5_time": null,
        "era5_lon": null,
        "era5_lat": null,
        "u10": null,
        "peak_wave_period": null,
        "friction_velocity": null,
        "phase_speed": null,
        "patch_label": "P098",
        "id": 38,
        "source": "cfar",
        "detection_method": "cfar",
        "target_id": "T0038",
        "methods": [
          "cfar"
        ],
        "fusion_status": "cfar_only",
        "cfar_id": 42,
        "cfar_ids": [
          42
        ],
        "cfar_fragment_count": 1,
        "yolo_id": null
      }
    },
    {
      "type": "Feature",
      "geometry": {
        "type": "Polygon",
        "coordinates": [
          [
            [
              -47.09299215175264,
              -25.845714461664247
            ],
            [
              -47.09299215175264,
              -25.845714461664247
            ],
            [
              -47.093144983536945,
              -25.84624572869067
            ],
            [
              -47.093144983536945,
              -25.84624572869067
            ],
            [
              -47.09299215175264,
              -25.845714461664247
            ]
          ]
        ]
      },
      "properties": {
        "lat": -25.845980095177453,
        "lon": -47.0930685676448,
        "area_px": 3,
        "min_sigma0_dB": -9.859999656677246,
        "mean_sigma0_dB": -8.079999923706055,
        "max_sigma0_dB": -6.190000057220459,
        "threshold_cfar_dB": -13.82,
        "pixel_coords": {
          "row": 2028,
          "col": 1365,
          "row_resampled": 676,
          "col_resampled": 455
        },
        "bbox_pixel_coords": {
          "row_min": 2025,
          "row_max": 2031,
          "col_min": 1365,
          "col_max": 1365
        },
        "global_pixel_coords": {
          "row": 15868,
          "col": 17205
        },
        "source_product": "S1D_IW_GRDH_1SDV_20260802T083050_20260802T083115_003944_007255_E28D",
        "source_arquivo_id": null,
        "patch_id": 99,
        "patch_name": "patch_0100_VV",
        "geotiff_name": "patch_0100_VV_sigma0_preproc.tif",
        "polarization": "VV",
        "input_scale": "linear",
        "georef_method": "snap_geolocation_grid",
        "geocoding_method": "geolocation_grid",
        "geolocation_grid_status": null,
        "snap_geolocation_grid_used": null,
        "raster_crs": "EPSG:4326",
        "raster_transform": [
          0.00011260467649425172,
          0.0,
          -46.12291997599723,
          0.0,
          -0.00012306709066932562,
          -25.95256630352018,
          0.0,
          0.0,
          1.0
        ],
        "core_bbox_pixels": {
          "x0": 16000,
          "y0": 14000,
          "x1": 18000,
          "y1": 16000
        },
        "processing_bbox_pixels": {
          "x0": 15840,
          "y0": 13840,
          "x1": 18160,
          "y1": 16160
        },
        "core_bounds_lonlat": {
          "west": -47.17293808480932,
          "south": -25.885540621712533,
          "east": -46.929509661106145,
          "north": -25.662086053872585
        },
        "processing_bounds_lonlat": {
          "west": -47.19244033819392,
          "south": -25.903417244920167,
          "east": -46.910046187432584,
          "north": -25.644188386017497
        },
        "halo_pixels": 160,
        "valid_bbox_fraction": 1.0,
        "artifact_aspect_ratio": 3.0,
        "land_mask_info": {
          "enabled": true,
          "applied": true,
          "status": "ok",
          "stage": "cfar_water_mask",
          "resampled_shape": [
            773,
            773
          ],
          "sample_shape": [
            128,
            128
          ],
          "sample_max_dim": 128,
          "available": true,
          "method": "natural_earth_land_point_mask",
          "bounds_lonlat": {
            "west": -47.17293808480932,
            "south": -25.885540621712533,
            "east": -46.929509661106145,
            "north": -25.662086053872585
          },
          "mask_path": "/content/sismom_colab_work_v2/sources/api/copernicus_meta_1-main/copernicus-platform/frontend/public/shapes/ne_10m_land/ne_10m_land.shp",
          "land_buffer_degrees": 0.0,
          "valid_geolocation_points": 16384,
          "land_points": 0,
          "water_points": 16384,
          "land_fraction": 0.0,
          "water_fraction": 1.0,
          "valid_pixels_before_land_mask": 597529,
          "valid_pixels_after_land_mask": 597529,
          "pixels_masked_by_land": 0,
          "valid_water_fraction": 1.0,
          "land_skip_threshold": 0.99,
          "min_water_fraction": 0.01,
          "skip_land_tiles": true,
          "skipped": false,
          "reason": "water_candidate",
          "message": "CFAR restrito aos pixels de água."
        },
        "land_fraction": 0.0,
        "water_fraction": 1.0,
        "valid_water_fraction": 1.0,
        "land_mask_method": "natural_earth_land_point_mask",
        "wave_age": null,
        "wave_age_class": null,
        "wave_age_factor": 1.35,
        "wave_age_status": "fallback",
        "era5_time": null,
        "era5_lon": null,
        "era5_lat": null,
        "u10": null,
        "peak_wave_period": null,
        "friction_velocity": null,
        "phase_speed": null,
        "patch_label": "P100",
        "id": 39,
        "source": "cfar",
        "detection_method": "cfar",
        "target_id": "T0039",
        "methods": [
          "cfar"
        ],
        "fusion_status": "cfar_only",
        "cfar_id": 43,
        "cfar_ids": [
          43
        ],
        "cfar_fragment_count": 1,
        "yolo_id": null
      }
    },
    {
      "type": "Feature",
      "geometry": {
        "type": "Polygon",
        "coordinates": [
          [
            [
              -46.62761624811018,
              -24.572771608403087
            ],
            [
              -46.62679866646292,
              -24.572771608403087
            ],
            [
              -46.62679866646292,
              -24.572399581262957
            ],
            [
              -46.62761624811018,
              -24.572399581262957
            ],
            [
              -46.62761624811018,
              -24.572771608403087
            ]
          ]
        ]
      },
      "properties": {
        "detection_method": "yolo8",
        "confidence": 0.49756619334220886,
        "class": "ship-1",
        "bbox_pixel": [
          16184.293090820312,
          1234.5706481933594,
          16191.518432617188,
          1240.8489685058594
        ],
        "bbox_geo": [
          -46.62761624811018,
          -24.572771608403087,
          -46.62679866646292,
          -24.572399581262957
        ],
        "model": "SAR-MULTI-1280p",
        "class_id": 0,
        "class_name": "ship-1",
        "tile_id": 56,
        "land_mask_checked": true,
        "center_is_water": true,
        "bbox_water_fraction": 1.0,
        "land_mask_method": "natural_earth_land_point_mask",
        "id": 40,
        "source": "yolo",
        "centroid_lon": -46.62715970444085,
        "centroid_lat": -24.572597032790956,
        "score": 0.49756619334220886,
        "patch_id": 7,
        "patch_label": "P008",
        "target_id": "T0040",
        "methods": [
          "yolo"
        ],
        "fusion_status": "yolo_only",
        "cfar_id": null,
        "cfar_ids": [],
        "cfar_fragment_count": 0,
        "yolo_id": 24
      }
    },
    {
      "type": "Feature",
      "geometry": {
        "type": "Polygon",
        "coordinates": [
          [
            [
              -45.97252427087339,
              -25.082589521928483
            ],
            [
              -45.96918063252804,
              -25.082589521928483
            ],
            [
              -45.96918063252804,
              -25.08195413953529
            ],
            [
              -45.97252427087339,
              -25.08195413953529
            ],
            [
              -45.97252427087339,
              -25.082589521928483
            ]
          ]
        ]
      },
      "properties": {
        "detection_method": "yolo8",
        "confidence": 0.4849798381328583,
        "class": "ship-1",
        "bbox_pixel": [
          8352.012664794922,
          4973.0911865234375,
          8383.942169189453,
          4988.108093261719
        ],
        "bbox_geo": [
          -45.97252427087339,
          -25.082589521928483,
          -45.96918063252804,
          -25.08195413953529
        ],
        "model": "SAR-MULTI-1280p",
        "class_id": 0,
        "class_name": "ship-1",
        "tile_id": 221,
        "land_mask_checked": true,
        "center_is_water": true,
        "bbox_water_fraction": 1.0,
        "land_mask_method": "natural_earth_land_point_mask",
        "id": 41,
        "source": "yolo",
        "centroid_lon": -45.970792194296834,
        "centroid_lat": -25.082238665187205,
        "score": 0.4849798381328583,
        "patch_id": 30,
        "patch_label": "P031",
        "target_id": "T0041",
        "methods": [
          "yolo"
        ],
        "fusion_status": "yolo_only",
        "cfar_id": null,
        "cfar_ids": [],
        "cfar_fragment_count": 0,
        "yolo_id": 25
      }
    },
    {
      "type": "Feature",
      "geometry": {
        "type": "Polygon",
        "coordinates": [
          [
            [
              -47.29437654689849,
              -25.36530445854294
            ],
            [
              -47.29346853912868,
              -25.36530445854294
            ],
            [
              -47.29346853912868,
              -25.3642936649963
            ],
            [
              -47.29437654689849,
              -25.3642936649963
            ],
            [
              -47.29437654689849,
              -25.36530445854294
            ]
          ]
        ]
      },
      "properties": {
        "detection_method": "yolo8",
        "confidence": 0.43812960386276245,
        "class": "ship-1",
        "bbox_pixel": [
          20501.9208984375,
          11296.033172607422,
          20507.648071289062,
          11309.239501953125
        ],
        "bbox_geo": [
          -47.29437654689849,
          -25.36530445854294,
          -47.29346853912868,
          -25.3642936649963
        ],
        "model": "SAR-MULTI-1280p",
        "class_id": 0,
        "class_name": "ship-1",
        "tile_id": 552,
        "land_mask_checked": true,
        "center_is_water": true,
        "bbox_water_fraction": 1.0,
        "land_mask_method": "natural_earth_land_point_mask",
        "id": 42,
        "source": "yolo",
        "centroid_lon": -47.29390976250196,
        "centroid_lat": -25.364754789473086,
        "score": 0.43812960386276245,
        "patch_id": 75,
        "patch_label": "P076",
        "target_id": "T0042",
        "methods": [
          "yolo"
        ],
        "fusion_status": "yolo_only",
        "cfar_id": null,
        "cfar_ids": [],
        "cfar_fragment_count": 0,
        "yolo_id": 26
      }
    },
    {
      "type": "Feature",
      "geometry": {
        "type": "Polygon",
        "coordinates": [
          [
            [
              -46.74006220107249,
              -25.305125655751432
            ],
            [
              -46.73883855721686,
              -25.305125655751432
            ],
            [
              -46.73883855721686,
              -25.303336113016417
            ],
            [
              -46.74006220107249,
              -25.303336113016417
            ],
            [
              -46.74006220107249,
              -25.305125655751432
            ]
          ]
        ]
      },
      "properties": {
        "detection_method": "yolo8",
        "confidence": 0.4203207194805145,
        "class": "ship-1",
        "bbox_pixel": [
          15266.807373046875,
          9239.94287109375,
          15273.027404785156,
          9261.479919433594
        ],
        "bbox_geo": [
          -46.74006220107249,
          -25.305125655751432,
          -46.73883855721686,
          -25.303336113016417
        ],
        "model": "SAR-MULTI-1280p",
        "class_id": 0,
        "class_name": "ship-1",
        "tile_id": 440,
        "land_mask_checked": true,
        "center_is_water": true,
        "bbox_water_fraction": 1.0,
        "land_mask_method": "natural_earth_land_point_mask",
        "id": 43,
        "source": "yolo",
        "centroid_lon": -46.739402372038285,
        "centroid_lat": -25.304242398957754,
        "score": 0.4203207194805145,
        "patch_id": 59,
        "patch_label": "P060",
        "target_id": "T0043",
        "methods": [
          "yolo"
        ],
        "fusion_status": "yolo_only",
        "cfar_id": null,
        "cfar_ids": [],
        "cfar_fragment_count": 0,
        "yolo_id": 28
      }
    },
    {
      "type": "Feature",
      "geometry": {
        "type": "Polygon",
        "coordinates": [
          [
            [
              -46.42884929795919,
              -24.623687298746308
            ],
            [
              -46.427862450348385,
              -24.623687298746308
            ],
            [
              -46.427862450348385,
              -24.623071102371217
            ],
            [
              -46.42884929795919,
              -24.623071102371217
            ],
            [
              -46.42884929795919,
              -24.623687298746308
            ]
          ]
        ]
      },
      "properties": {
        "detection_method": "yolo8",
        "confidence": 0.4006529450416565,
        "class": "ship-1",
        "bbox_pixel": [
          14093.658111572266,
          1267.8816528320312,
          14101.912246704102,
          1276.6088256835938
        ],
        "bbox_geo": [
          -46.42884929795919,
          -24.623687298746308,
          -46.427862450348385,
          -24.623071102371217
        ],
        "model": "SAR-MULTI-1280p",
        "class_id": 0,
        "class_name": "ship-1",
        "tile_id": 54,
        "land_mask_checked": true,
        "center_is_water": true,
        "bbox_water_fraction": 1.0,
        "land_mask_method": "natural_earth_land_point_mask",
        "id": 44,
        "source": "yolo",
        "centroid_lon": -46.42836823019209,
        "centroid_lat": -24.623423566485283,
        "score": 0.4006529450416565,
        "patch_id": 6,
        "patch_label": "P007",
        "target_id": "T0044",
        "methods": [
          "yolo"
        ],
        "fusion_status": "yolo_only",
        "cfar_id": null,
        "cfar_ids": [],
        "cfar_fragment_count": 0,
        "yolo_id": 29
      }
    },
    {
      "type": "Feature",
      "geometry": {
        "type": "Polygon",
        "coordinates": [
          [
            [
              -47.32260932216575,
              -25.3285737546104
            ],
            [
              -47.32142764094621,
              -25.3285737546104
            ],
            [
              -47.32142764094621,
              -25.32696642569398
            ],
            [
              -47.32260932216575,
              -25.32696642569398
            ],
            [
              -47.32260932216575,
              -25.3285737546104
            ]
          ]
        ]
      },
      "properties": {
        "detection_method": "yolo8",
        "confidence": 0.3983593285083771,
        "class": "ship-1",
        "bbox_pixel": [
          20878.82781982422,
          10974.159484863281,
          20885.681854248047,
          10994.729309082031
        ],
        "bbox_geo": [
          -47.32260932216575,
          -25.3285737546104,
          -47.32142764094621,
          -25.32696642569398
        ],
        "model": "SAR-MULTI-1280p",
        "class_id": 0,
        "class_name": "ship-1",
        "tile_id": 518,
        "land_mask_checked": true,
        "center_is_water": true,
        "bbox_water_fraction": 1.0,
        "land_mask_method": "natural_earth_land_point_mask",
        "id": 45,
        "source": "yolo",
        "centroid_lon": -47.32206644810621,
        "centroid_lat": -25.327758402674853,
        "score": 0.3983593285083771,
        "patch_id": 75,
        "patch_label": "P076",
        "target_id": "T0045",
        "methods": [
          "yolo"
        ],
        "fusion_status": "yolo_only",
        "cfar_id": null,
        "cfar_ids": [],
        "cfar_fragment_count": 0,
        "yolo_id": 30
      }
    },
    {
      "type": "Feature",
      "geometry": {
        "type": "Polygon",
        "coordinates": [
          [
            [
              -46.7400607977679,
              -25.275395589819745
            ],
            [
              -46.73864088319838,
              -25.275395589819745
            ],
            [
              -46.73864088319838,
              -25.273274387224795
            ],
            [
              -46.7400607977679,
              -25.273274387224795
            ],
            [
              -46.7400607977679,
              -25.275395589819745
            ]
          ]
        ]
      },
      "properties": {
        "detection_method": "yolo8",
        "confidence": 0.35085761547088623,
        "class": "ship-1",
        "bbox_pixel": [
          15347.480407714844,
          8921.809799194336,
          15355.39697265625,
          8947.521339416504
        ],
        "bbox_geo": [
          -46.7400607977679,
          -25.275395589819745,
          -46.73864088319838,
          -25.273274387224795
        ],
        "model": "SAR-MULTI-1280p",
        "class_id": 0,
        "class_name": "ship-1",
        "tile_id": 440,
        "land_mask_checked": true,
        "center_is_water": true,
        "bbox_water_fraction": 1.0,
        "land_mask_method": "natural_earth_land_point_mask",
        "id": 46,
        "source": "yolo",
        "centroid_lon": -46.73935083719255,
        "centroid_lat": -25.274334989564537,
        "score": 0.35085761547088623,
        "patch_id": 59,
        "patch_label": "P060",
        "target_id": "T0046",
        "methods": [
          "yolo"
        ],
        "fusion_status": "yolo_only",
        "cfar_id": null,
        "cfar_ids": [],
        "cfar_fragment_count": 0,
        "yolo_id": 31
      }
    },
    {
      "type": "Feature",
      "geometry": {
        "type": "Polygon",
        "coordinates": [
          [
            [
              -46.53654431693695,
              -25.178306928482275
            ],
            [
              -46.535523916841,
              -25.178306928482275
            ],
            [
              -46.535523916841,
              -25.177224826305142
            ],
            [
              -46.53654431693695,
              -25.177224826305142
            ],
            [
              -46.53654431693695,
              -25.178306928482275
            ]
          ]
        ]
      },
      "properties": {
        "detection_method": "yolo8",
        "confidence": 0.3380122482776642,
        "class": "ship-1",
        "bbox_pixel": [
          13629.824401855469,
          7394.5300941467285,
          13636.292907714844,
          7408.847682952881
        ],
        "bbox_geo": [
          -46.53654431693695,
          -25.178306928482275,
          -46.535523916841,
          -25.177224826305142
        ],
        "model": "SAR-MULTI-1280p",
        "class_id": 0,
        "class_name": "ship-1",
        "tile_id": 368,
        "land_mask_checked": true,
        "center_is_water": true,
        "bbox_water_fraction": 1.0,
        "land_mask_method": "natural_earth_land_point_mask",
        "id": 47,
        "source": "yolo",
        "centroid_lon": -46.53608210606551,
        "centroid_lat": -25.17775446062132,
        "score": 0.3380122482776642,
        "patch_id": 45,
        "patch_label": "P046",
        "target_id": "T0047",
        "methods": [
          "yolo"
        ],
        "fusion_status": "yolo_only",
        "cfar_id": null,
        "cfar_ids": [],
        "cfar_fragment_count": 0,
        "yolo_id": 34
      }
    },
    {
      "type": "Feature",
      "geometry": {
        "type": "Polygon",
        "coordinates": [
          [
            [
              -47.56337567951222,
              -24.726532666819868
            ],
            [
              -47.5564771743449,
              -24.726532666819868
            ],
            [
              -47.5564771743449,
              -24.722449069558895
            ],
            [
              -47.56337567951222,
              -24.722449069558895
            ],
            [
              -47.56337567951222,
              -24.726532666819868
            ]
          ]
        ]
      },
      "properties": {
        "detection_method": "yolo8",
        "confidence": 0.3309328258037567,
        "class": "ship-1",
        "bbox_pixel": [
          24873.07583618164,
          5203.069087982178,
          24929.55551147461,
          5264.529067993164
        ],
        "bbox_geo": [
          -47.56337567951222,
          -24.726532666819868,
          -47.5564771743449,
          -24.722449069558895
        ],
        "model": "SAR-MULTI-1280p",
        "class_id": 0,
        "class_name": "ship-1",
        "tile_id": 279,
        "land_mask_checked": true,
        "center_is_water": true,
        "bbox_water_fraction": 1.0,
        "land_mask_method": "natural_earth_land_point_mask",
        "id": 48,
        "source": "yolo",
        "centroid_lon": -47.55991356582538,
        "centroid_lat": -24.724446649225882,
        "score": 0.3309328258037567,
        "patch_id": 38,
        "patch_label": "P039",
        "target_id": "T0048",
        "methods": [
          "yolo"
        ],
        "fusion_status": "yolo_only",
        "cfar_id": null,
        "cfar_ids": [],
        "cfar_fragment_count": 0,
        "yolo_id": 35
      }
    },
    {
      "type": "Feature",
      "geometry": {
        "type": "Polygon",
        "coordinates": [
          [
            [
              -46.850779862798156,
              -25.363787724474992
            ],
            [
              -46.8500474757573,
              -25.363787724474992
            ],
            [
              -46.8500474757573,
              -25.363016529519065
            ],
            [
              -46.850779862798156,
              -25.363016529519065
            ],
            [
              -46.850779862798156,
              -25.363787724474992
            ]
          ]
        ]
      },
      "properties": {
        "detection_method": "yolo8",
        "confidence": 0.3304370045661926,
        "class": "ship-1",
        "bbox_pixel": [
          16185.327697753906,
          10151.993713378906,
          16190.636535644531,
          10161.536987304688
        ],
        "bbox_geo": [
          -46.850779862798156,
          -25.363787724474992,
          -46.8500474757573,
          -25.363016529519065
        ],
        "model": "SAR-MULTI-1280p",
        "class_id": 0,
        "class_name": "ship-1",
        "tile_id": 476,
        "land_mask_checked": true,
        "center_is_water": true,
        "bbox_water_fraction": 1.0,
        "land_mask_method": "natural_earth_land_point_mask",
        "id": 49,
        "source": "yolo",
        "centroid_lon": -46.850365634694064,
        "centroid_lat": -25.36341364947923,
        "score": 0.3304370045661926,
        "patch_id": 72,
        "patch_label": "P073",
        "target_id": "T0049",
        "methods": [
          "yolo"
        ],
        "fusion_status": "yolo_only",
        "cfar_id": null,
        "cfar_ids": [],
        "cfar_fragment_count": 0,
        "yolo_id": 36
      }
    },
    {
      "type": "Feature",
      "geometry": {
        "type": "Polygon",
        "coordinates": [
          [
            [
              -47.290384393433214,
              -25.367130223552067
            ],
            [
              -47.28925268257636,
              -25.367130223552067
            ],
            [
              -47.28925268257636,
              -25.36570007001517
            ],
            [
              -47.290384393433214,
              -25.36570007001517
            ],
            [
              -47.290384393433214,
              -25.367130223552067
            ]
          ]
        ]
      },
      "properties": {
        "detection_method": "yolo8",
        "confidence": 0.3132377862930298,
        "class": "ship-1",
        "bbox_pixel": [
          20456.560302734375,
          11300.651947021484,
          20463.300720214844,
          11318.231140136719
        ],
        "bbox_geo": [
          -47.290384393433214,
          -25.367130223552067,
          -47.28925268257636,
          -25.36570007001517
        ],
        "model": "SAR-MULTI-1280p",
        "class_id": 0,
        "class_name": "ship-1",
        "tile_id": 552,
        "land_mask_checked": true,
        "center_is_water": true,
        "bbox_water_fraction": 1.0,
        "land_mask_method": "natural_earth_land_point_mask",
        "id": 50,
        "source": "yolo",
        "centroid_lon": -47.289770556966786,
        "centroid_lat": -25.366426838902324,
        "score": 0.3132377862930298,
        "patch_id": 75,
        "patch_label": "P076",
        "target_id": "T0050",
        "methods": [
          "yolo"
        ],
        "fusion_status": "yolo_only",
        "cfar_id": null,
        "cfar_ids": [],
        "cfar_fragment_count": 0,
        "yolo_id": 37
      }
    },
    {
      "type": "Feature",
      "geometry": {
        "type": "Polygon",
        "coordinates": [
          [
            [
              -47.29183431255155,
              -25.37322152286784
            ],
            [
              -47.290549242969746,
              -25.37322152286784
            ],
            [
              -47.290549242969746,
              -25.37126009931273
            ],
            [
              -47.29183431255155,
              -25.37126009931273
            ],
            [
              -47.29183431255155,
              -25.37322152286784
            ]
          ]
        ]
      },
      "properties": {
        "detection_method": "yolo8",
        "confidence": 0.31095054745674133,
        "class": "ship-1",
        "bbox_pixel": [
          20453.227294921875,
          11362.210540771484,
          20460.699645996094,
          11386.923400878906
        ],
        "bbox_geo": [
          -47.29183431255155,
          -25.37322152286784,
          -47.290549242969746,
          -25.37126009931273
        ],
        "model": "SAR-MULTI-1280p",
        "class_id": 0,
        "class_name": "ship-1",
        "tile_id": 552,
        "land_mask_checked": true,
        "center_is_water": true,
        "bbox_water_fraction": 1.0,
        "land_mask_method": "natural_earth_land_point_mask",
        "id": 51,
        "source": "yolo",
        "centroid_lon": -47.29114379402371,
        "centroid_lat": -25.372252504105344,
        "score": 0.31095054745674133,
        "patch_id": 75,
        "patch_label": "P076",
        "target_id": "T0051",
        "methods": [
          "yolo"
        ],
        "fusion_status": "yolo_only",
        "cfar_id": null,
        "cfar_ids": [],
        "cfar_fragment_count": 0,
        "yolo_id": 38
      }
    }
  ]
}