area_px,artifact_aspect_ratio,bbox_pixel_coords,core_bbox_pixels,core_bounds_lonlat,detection_method,era5_lat,era5_lon,era5_time,friction_velocity,geocoding_method,geolocation_grid_status,geometry_json,georef_method,geotiff_name,global_pixel_coords,halo_pixels,id,input_scale,land_fraction,land_mask_info,land_mask_method,lat,lon,max_sigma0_dB,mean_sigma0_dB,min_sigma0_dB,patch_id,patch_label,patch_name,peak_wave_period,phase_speed,pixel_coords,polarization,processing_bbox_pixels,processing_bounds_lonlat,raster_crs,raster_transform,snap_geolocation_grid_used,source,source_arquivo_id,source_product,threshold_cfar_dB,u10,valid_bbox_fraction,valid_water_fraction,water_fraction,wave_age,wave_age_class,wave_age_factor,wave_age_status
9,1.6667,"{""row_min"": 480, ""row_max"": 492, ""col_min"": 1662, ""col_max"": 1668}","{""x0"": 0, ""y0"": 0, ""x1"": 2000, ""y1"": 2000}","{""west"": -40.54927755945112, ""south"": -22.724738494207482, ""east"": -40.314351884219164, ""north"": -22.50346884005186}",cfar,,,,,geolocation_grid,,"{""type"": ""Polygon"", ""coordinates"": [[[-40.482326687927, -22.553519053543564], [-40.482893030557356, -22.55338930487292], [-40.48317035488096, -22.55445842871041], [-40.48260400806641, -22.554588178418975], [-40.482326687927, -22.553519053543564]]]}",snap_geolocation_grid,patch_0001_VV_sigma0_preproc.tif,"{""row"": 486, ""col"": 1665}",160,1,linear,0.0,"{""enabled"": true, ""applied"": true, ""status"": ""ok"", ""stage"": ""cfar_water_mask"", ""resampled_shape"": [720, 720], ""sample_shape"": [128, 128], ""sample_max_dim"": 128, ""available"": true, ""method"": ""natural_earth_land_point_mask"", ""bounds_lonlat"": {""west"": -40.54927755945112, ""south"": -22.724738494207482, ""east"": -40.314351884219164, ""north"": -22.50346884005186}, ""mask_path"": ""/content/sismom_colab_work_v2/sources/api/copernicus_meta_1-main/copernicus-platform/frontend/public/shapes/ne_10m_land/ne_10m_land.shp"", ""land_buffer_degrees"": 0.0, ""valid_geolocation_points"": 16384, ""land_points"": 0, ""water_points"": 16384, ""land_fraction"": 0.0, ""water_fraction"": 1.0, ""valid_pixels_before_land_mask"": 473040, ""valid_pixels_after_land_mask"": 473040, ""pixels_masked_by_land"": 0, ""valid_water_fraction"": 1.0, ""land_skip_threshold"": 0.99, ""min_water_fraction"": 0.01, ""skip_land_tiles"": true, ""skipped"": false, ""reason"": ""water_candidate"", ""message"": ""CFAR restrito aos pixels de água.""}",natural_earth_land_point_mask,-22.553988741386465,-40.48274852034986,9.779999732971191,1.2899999618530273,-5.670000076293945,0,P001,patch_0001_VV,,,"{""row"": 486, ""col"": 1665, ""row_resampled"": 162, ""col_resampled"": 555}",VV,"{""x0"": 0, ""y0"": 0, ""x1"": 2160, ""y1"": 2160}","{""west"": -40.5681056654313, ""south"": -22.73899602071324, ""east"": -40.314351884219164, ""north"": -22.500009982615495}",EPSG:4326,"[0.00011219933721810632, 0.0, -43.17150800647824, 0.0, -0.00011934673118661465, -21.98031304176977, 0.0, 0.0, 1.0]",,cfar,,S1C_IW_GRDH_1SDV_20260810T081331_20260810T081359_008930_011B7A_6FB2,-5.77,,1.0,1.0,1.0,,,1.35,fallback
6,1.0,"{""row_min"": 759, ""row_max"": 765, ""col_min"": 1809, ""col_max"": 1815}","{""x0"": 0, ""y0"": 0, ""x1"": 2000, ""y1"": 2000}","{""west"": -40.54927755945112, ""south"": -22.724738494207482, ""east"": -40.314351884219164, ""north"": -22.50346884005186}",cfar,,,,,geolocation_grid,,"{""type"": ""Polygon"", ""coordinates"": [[[-40.50265216002835, -22.57519677324111], [-40.5032186000153, -22.575067000438835], [-40.5033573134359, -22.575601549643064], [-40.50279087135688, -22.5757313229643], [-40.50265216002835, -22.57519677324111]]]}",snap_geolocation_grid,patch_0001_VV_sigma0_preproc.tif,"{""row"": 762, ""col"": 1812}",160,2,linear,0.0,"{""enabled"": true, ""applied"": true, ""status"": ""ok"", ""stage"": ""cfar_water_mask"", ""resampled_shape"": [720, 720], ""sample_shape"": [128, 128], ""sample_max_dim"": 128, ""available"": true, ""method"": ""natural_earth_land_point_mask"", ""bounds_lonlat"": {""west"": -40.54927755945112, ""south"": -22.724738494207482, ""east"": -40.314351884219164, ""north"": -22.50346884005186}, ""mask_path"": ""/content/sismom_colab_work_v2/sources/api/copernicus_meta_1-main/copernicus-platform/frontend/public/shapes/ne_10m_land/ne_10m_land.shp"", ""land_buffer_degrees"": 0.0, ""valid_geolocation_points"": 16384, ""land_points"": 0, ""water_points"": 16384, ""land_fraction"": 0.0, ""water_fraction"": 1.0, ""valid_pixels_before_land_mask"": 473040, ""valid_pixels_after_land_mask"": 473040, ""pixels_masked_by_land"": 0, ""valid_water_fraction"": 1.0, ""land_skip_threshold"": 0.99, ""min_water_fraction"": 0.01, ""skip_land_tiles"": true, ""skipped"": false, ""reason"": ""water_candidate"", ""message"": ""CFAR restrito aos pixels de água.""}",natural_earth_land_point_mask,-22.575399161571827,-40.50300473620911,12.949999809265137,2.440000057220459,-3.859999895095825,0,P001,patch_0001_VV,,,"{""row"": 762, ""col"": 1812, ""row_resampled"": 254, ""col_resampled"": 604}",VV,"{""x0"": 0, ""y0"": 0, ""x1"": 2160, ""y1"": 2160}","{""west"": -40.5681056654313, ""south"": -22.73899602071324, ""east"": -40.314351884219164, ""north"": -22.500009982615495}",EPSG:4326,"[0.00011219933721810632, 0.0, -43.17150800647824, 0.0, -0.00011934673118661465, -21.98031304176977, 0.0, 0.0, 1.0]",,cfar,,S1C_IW_GRDH_1SDV_20260810T081331_20260810T081359_008930_011B7A_6FB2,-4.45,,1.0,1.0,1.0,,,1.35,fallback
12,3.0,"{""row_min"": 1548, ""row_max"": 1563, ""col_min"": 819, ""col_max"": 822}","{""x0"": 0, ""y0"": 0, ""x1"": 2000, ""y1"": 2000}","{""west"": -40.54927755945112, ""south"": -22.724738494207482, ""east"": -40.314351884219164, ""north"": -22.50346884005186}",cfar,,,,,geolocation_grid,,"{""type"": ""Polygon"", ""coordinates"": [[[-40.42736784275153, -22.66688193451328], [-40.427651311820235, -22.66681722443473], [-40.427997243971596, -22.668153806738054], [-40.427713772382226, -22.668218517429267], [-40.42736784275153, -22.66688193451328]]]}",snap_geolocation_grid,patch_0001_VV_sigma0_preproc.tif,"{""row"": 1554, ""col"": 822}",160,3,linear,0.0,"{""enabled"": true, ""applied"": true, ""status"": ""ok"", ""stage"": ""cfar_water_mask"", ""resampled_shape"": [720, 720], ""sample_shape"": [128, 128], ""sample_max_dim"": 128, ""available"": true, ""method"": ""natural_earth_land_point_mask"", ""bounds_lonlat"": {""west"": -40.54927755945112, ""south"": -22.724738494207482, ""east"": -40.314351884219164, ""north"": -22.50346884005186}, ""mask_path"": ""/content/sismom_colab_work_v2/sources/api/copernicus_meta_1-main/copernicus-platform/frontend/public/shapes/ne_10m_land/ne_10m_land.shp"", ""land_buffer_degrees"": 0.0, ""valid_geolocation_points"": 16384, ""land_points"": 0, ""water_points"": 16384, ""land_fraction"": 0.0, ""water_fraction"": 1.0, ""valid_pixels_before_land_mask"": 473040, ""valid_pixels_after_land_mask"": 473040, ""pixels_masked_by_land"": 0, ""valid_water_fraction"": 1.0, ""land_skip_threshold"": 0.99, ""min_water_fraction"": 0.01, ""skip_land_tiles"": true, ""skipped"": false, ""reason"": ""water_candidate"", ""message"": ""CFAR restrito aos pixels de água.""}",natural_earth_land_point_mask,-22.66735185735606,-40.427789684680775,17.56999969482422,6.670000076293945,0.550000011920929,0,P001,patch_0001_VV,,,"{""row"": 1554, ""col"": 822, ""row_resampled"": 518, ""col_resampled"": 274}",VV,"{""x0"": 0, ""y0"": 0, ""x1"": 2160, ""y1"": 2160}","{""west"": -40.5681056654313, ""south"": -22.73899602071324, ""east"": -40.314351884219164, ""north"": -22.500009982615495}",EPSG:4326,"[0.00011219933721810632, 0.0, -43.17150800647824, 0.0, -0.00011934673118661465, -21.98031304176977, 0.0, 0.0, 1.0]",,cfar,,S1C_IW_GRDH_1SDV_20260810T081331_20260810T081359_008930_011B7A_6FB2,0.25,,1.0,1.0,1.0,,,1.35,fallback
8,1.5,"{""row_min"": 1746, ""row_max"": 1761, ""col_min"": 459, ""col_max"": 468}","{""x0"": 0, ""y0"": 0, ""x1"": 2000, ""y1"": 2000}","{""west"": -40.54927755945112, ""south"": -22.724738494207482, ""east"": -40.314351884219164, ""north"": -22.50346884005186}",cfar,,,,,geolocation_grid,,"{""type"": ""Polygon"", ""coordinates"": [[[-40.39791383142946, -22.692291008885018], [-40.398764338456, -22.692096854387998], [-40.39910997315139, -22.693433508985304], [-40.39825945856273, -22.693627665320307], [-40.39791383142946, -22.692291008885018]]]}",snap_geolocation_grid,patch_0001_VV_sigma0_preproc.tif,"{""row"": 1752, ""col"": 462}",160,4,linear,0.0,"{""enabled"": true, ""applied"": true, ""status"": ""ok"", ""stage"": ""cfar_water_mask"", ""resampled_shape"": [720, 720], ""sample_shape"": [128, 128], ""sample_max_dim"": 128, ""available"": true, ""method"": ""natural_earth_land_point_mask"", ""bounds_lonlat"": {""west"": -40.54927755945112, ""south"": -22.724738494207482, ""east"": -40.314351884219164, ""north"": -22.50346884005186}, ""mask_path"": ""/content/sismom_colab_work_v2/sources/api/copernicus_meta_1-main/copernicus-platform/frontend/public/shapes/ne_10m_land/ne_10m_land.shp"", ""land_buffer_degrees"": 0.0, ""valid_geolocation_points"": 16384, ""land_points"": 0, ""water_points"": 16384, ""land_fraction"": 0.0, ""water_fraction"": 1.0, ""valid_pixels_before_land_mask"": 473040, ""valid_pixels_after_land_mask"": 473040, ""pixels_masked_by_land"": 0, ""valid_water_fraction"": 1.0, ""land_skip_threshold"": 0.99, ""min_water_fraction"": 0.01, ""skip_land_tiles"": true, ""skipped"": false, ""reason"": ""water_candidate"", ""message"": ""CFAR restrito aos pixels de água.""}",natural_earth_land_point_mask,-22.692760953048396,-40.398335585633234,1.3799999952316284,-1.5099999904632568,-3.440000057220459,0,P001,patch_0001_VV,,,"{""row"": 1752, ""col"": 462, ""row_resampled"": 584, ""col_resampled"": 154}",VV,"{""x0"": 0, ""y0"": 0, ""x1"": 2160, ""y1"": 2160}","{""west"": -40.5681056654313, ""south"": -22.73899602071324, ""east"": -40.314351884219164, ""north"": -22.500009982615495}",EPSG:4326,"[0.00011219933721810632, 0.0, -43.17150800647824, 0.0, -0.00011934673118661465, -21.98031304176977, 0.0, 0.0, 1.0]",,cfar,,S1C_IW_GRDH_1SDV_20260810T081331_20260810T081359_008930_011B7A_6FB2,-4.52,,1.0,1.0,1.0,,,1.35,fallback
13,1.25,"{""row_min"": 1890, ""row_max"": 1902, ""col_min"": 1986, ""col_max"": 1995}","{""x0"": 0, ""y0"": 0, ""x1"": 2000, ""y1"": 2000}","{""west"": -40.54927755945112, ""south"": -22.724738494207482, ""east"": -40.314351884219164, ""north"": -22.50346884005186}",cfar,,,,,geolocation_grid,,"{""type"": ""Polygon"", ""coordinates"": [[[-40.54552236942387, -22.67212800023734], [-40.546372620885364, -22.67193319429805], [-40.54665070691393, -22.673002186620987], [-40.54580044918682, -22.673196994117152], [-40.54552236942387, -22.67212800023734]]]}",snap_geolocation_grid,patch_0001_VV_sigma0_preproc.tif,"{""row"": 1896, ""col"": 1992}",160,5,linear,0.0,"{""enabled"": true, ""applied"": true, ""status"": ""ok"", ""stage"": ""cfar_water_mask"", ""resampled_shape"": [720, 720], ""sample_shape"": [128, 128], ""sample_max_dim"": 128, ""available"": true, ""method"": ""natural_earth_land_point_mask"", ""bounds_lonlat"": {""west"": -40.54927755945112, ""south"": -22.724738494207482, ""east"": -40.314351884219164, ""north"": -22.50346884005186}, ""mask_path"": ""/content/sismom_colab_work_v2/sources/api/copernicus_meta_1-main/copernicus-platform/frontend/public/shapes/ne_10m_land/ne_10m_land.shp"", ""land_buffer_degrees"": 0.0, ""valid_geolocation_points"": 16384, ""land_points"": 0, ""water_points"": 16384, ""land_fraction"": 0.0, ""water_fraction"": 1.0, ""valid_pixels_before_land_mask"": 473040, ""valid_pixels_after_land_mask"": 473040, ""pixels_masked_by_land"": 0, ""valid_water_fraction"": 1.0, ""land_skip_threshold"": 0.99, ""min_water_fraction"": 0.01, ""skip_land_tiles"": true, ""skipped"": false, ""reason"": ""water_candidate"", ""message"": ""CFAR restrito aos pixels de água.""}",natural_earth_land_point_mask,-22.672532626032094,-40.54622824570155,11.5,0.49000000953674316,-3.8499999046325684,0,P001,patch_0001_VV,,,"{""row"": 1896, ""col"": 1992, ""row_resampled"": 632, ""col_resampled"": 664}",VV,"{""x0"": 0, ""y0"": 0, ""x1"": 2160, ""y1"": 2160}","{""west"": -40.5681056654313, ""south"": -22.73899602071324, ""east"": -40.314351884219164, ""north"": -22.500009982615495}",EPSG:4326,"[0.00011219933721810632, 0.0, -43.17150800647824, 0.0, -0.00011934673118661465, -21.98031304176977, 0.0, 0.0, 1.0]",,cfar,,S1C_IW_GRDH_1SDV_20260810T081331_20260810T081359_008930_011B7A_6FB2,-5.15,,1.0,1.0,1.0,,,1.35,fallback
5,5.0,"{""row_min"": 600, ""row_max"": 612, ""col_min"": 714, ""col_max"": 714}","{""x0"": 2000, ""y0"": 0, ""x1"": 4000, ""y1"": 2000}","{""west"": -40.73817456008263, ""south"": -22.681534823476685, ""east"": -40.50312842621911, ""north"": -22.460118574142786}",cfar,,,,,geolocation_grid,,"{""type"": ""Polygon"", ""coordinates"": [[[-40.56930172536963, -22.5449182066183], [-40.56930172536963, -22.5449182066183], [-40.56957966752865, -22.545987177189666], [-40.56957966752865, -22.545987177189666], [-40.56930172536963, -22.5449182066183]]]}",snap_geolocation_grid,patch_0002_VV_sigma0_preproc.tif,"{""row"": 606, ""col"": 2554}",160,6,linear,0.0,"{""enabled"": true, ""applied"": true, ""status"": ""ok"", ""stage"": ""cfar_water_mask"", ""resampled_shape"": [720, 773], ""sample_shape"": [119, 128], ""sample_max_dim"": 128, ""available"": true, ""method"": ""natural_earth_land_point_mask"", ""bounds_lonlat"": {""west"": -40.73817456008263, ""south"": -22.681534823476685, ""east"": -40.50312842621911, ""north"": -22.460118574142786}, ""mask_path"": ""/content/sismom_colab_work_v2/sources/api/copernicus_meta_1-main/copernicus-platform/frontend/public/shapes/ne_10m_land/ne_10m_land.shp"", ""land_buffer_degrees"": 0.0, ""valid_geolocation_points"": 15232, ""land_points"": 0, ""water_points"": 15232, ""land_fraction"": 0.0, ""water_fraction"": 1.0, ""valid_pixels_before_land_mask"": 556560, ""valid_pixels_after_land_mask"": 556560, ""pixels_masked_by_land"": 0, ""valid_water_fraction"": 1.0, ""land_skip_threshold"": 0.99, ""min_water_fraction"": 0.01, ""skip_land_tiles"": true, ""skipped"": false, ""reason"": ""water_candidate"", ""message"": ""CFAR restrito aos pixels de água.""}",natural_earth_land_point_mask,-22.545452691903982,-40.569440696449135,9.850000381469727,5.730000019073486,2.4100000858306885,1,P002,patch_0002_VV,,,"{""row"": 606, ""col"": 714, ""row_resampled"": 202, ""col_resampled"": 238}",VV,"{""x0"": 1840, ""y0"": 0, ""x1"": 4160, ""y1"": 2160}","{""west"": -40.75700851072773, ""south"": -22.699251574150374, ""east"": -40.48803041692579, ""north"": -22.456637426295206}",EPSG:4326,"[0.00011219933721810632, 0.0, -42.96506122599693, 0.0, -0.00011934673118661465, -21.98031304176977, 0.0, 0.0, 1.0]",,cfar,,S1C_IW_GRDH_1SDV_20260810T081331_20260810T081359_008930_011B7A_6FB2,1.31,,1.0,1.0,1.0,,,1.35,fallback
4,1.0,"{""row_min"": 609, ""row_max"": 612, ""col_min"": 705, ""col_max"": 708}","{""x0"": 2000, ""y0"": 0, ""x1"": 4000, ""y1"": 2000}","{""west"": -40.73817456008263, ""south"": -22.681534823476685, ""east"": -40.50312842621911, ""north"": -22.460118574142786}",cfar,,,,,geolocation_grid,,"{""type"": ""Polygon"", ""coordinates"": [[[-40.56866086275188, -22.54591508171284], [-40.56894396916422, -22.545850032657505], [-40.56901345365908, -22.546117275559826], [-40.5687303467243, -22.546182324744905], [-40.56866086275188, -22.54591508171284]]]}",snap_geolocation_grid,patch_0002_VV_sigma0_preproc.tif,"{""row"": 612, ""col"": 2548}",160,7,linear,0.0,"{""enabled"": true, ""applied"": true, ""status"": ""ok"", ""stage"": ""cfar_water_mask"", ""resampled_shape"": [720, 773], ""sample_shape"": [119, 128], ""sample_max_dim"": 128, ""available"": true, ""method"": ""natural_earth_land_point_mask"", ""bounds_lonlat"": {""west"": -40.73817456008263, ""south"": -22.681534823476685, ""east"": -40.50312842621911, ""north"": -22.460118574142786}, ""mask_path"": ""/content/sismom_colab_work_v2/sources/api/copernicus_meta_1-main/copernicus-platform/frontend/public/shapes/ne_10m_land/ne_10m_land.shp"", ""land_buffer_degrees"": 0.0, ""valid_geolocation_points"": 15232, ""land_points"": 0, ""water_points"": 15232, ""land_fraction"": 0.0, ""water_fraction"": 1.0, ""valid_pixels_before_land_mask"": 556560, ""valid_pixels_after_land_mask"": 556560, ""pixels_masked_by_land"": 0, ""valid_water_fraction"": 1.0, ""land_skip_threshold"": 0.99, ""min_water_fraction"": 0.01, ""skip_land_tiles"": true, ""skipped"": false, ""reason"": ""water_candidate"", ""message"": ""CFAR restrito aos pixels de água.""}",natural_earth_land_point_mask,-22.546117275559826,-40.56901345365908,15.359999656677246,11.8100004196167,7.190000057220459,1,P002,patch_0002_VV,,,"{""row"": 612, ""col"": 708, ""row_resampled"": 204, ""col_resampled"": 236}",VV,"{""x0"": 1840, ""y0"": 0, ""x1"": 4160, ""y1"": 2160}","{""west"": -40.75700851072773, ""south"": -22.699251574150374, ""east"": -40.48803041692579, ""north"": -22.456637426295206}",EPSG:4326,"[0.00011219933721810632, 0.0, -42.96506122599693, 0.0, -0.00011934673118661465, -21.98031304176977, 0.0, 0.0, 1.0]",,cfar,,S1C_IW_GRDH_1SDV_20260810T081331_20260810T081359_008930_011B7A_6FB2,1.34,,1.0,1.0,1.0,,,1.35,fallback
10,1.3333,"{""row_min"": 798, ""row_max"": 804, ""col_min"": 216, ""col_max"": 225}","{""x0"": 2000, ""y0"": 0, ""x1"": 4000, ""y1"": 2000}","{""west"": -40.73817456008263, ""south"": -22.681534823476685, ""east"": -40.50312842621911, ""north"": -22.460118574142786}",cfar,,,,,geolocation_grid,,"{""type"": ""Polygon"", ""coordinates"": [[[-40.52687278962551, -22.573328893883236], [-40.527722469962214, -22.573134229619967], [-40.527861270551874, -22.573668757200874], [-40.52701158707711, -22.57386342224258], [-40.52687278962551, -22.573328893883236]]]}",snap_geolocation_grid,patch_0002_VV_sigma0_preproc.tif,"{""row"": 801, ""col"": 2062}",160,8,linear,0.0,"{""enabled"": true, ""applied"": true, ""status"": ""ok"", ""stage"": ""cfar_water_mask"", ""resampled_shape"": [720, 773], ""sample_shape"": [119, 128], ""sample_max_dim"": 128, ""available"": true, ""method"": ""natural_earth_land_point_mask"", ""bounds_lonlat"": {""west"": -40.73817456008263, ""south"": -22.681534823476685, ""east"": -40.50312842621911, ""north"": -22.460118574142786}, ""mask_path"": ""/content/sismom_colab_work_v2/sources/api/copernicus_meta_1-main/copernicus-platform/frontend/public/shapes/ne_10m_land/ne_10m_land.shp"", ""land_buffer_degrees"": 0.0, ""valid_geolocation_points"": 15232, ""land_points"": 0, ""water_points"": 15232, ""land_fraction"": 0.0, ""water_fraction"": 1.0, ""valid_pixels_before_land_mask"": 556560, ""valid_pixels_after_land_mask"": 556560, ""pixels_masked_by_land"": 0, ""valid_water_fraction"": 1.0, ""land_skip_threshold"": 0.99, ""min_water_fraction"": 0.01, ""skip_land_tiles"": true, ""skipped"": false, ""reason"": ""water_candidate"", ""message"": ""CFAR restrito aos pixels de água.""}",natural_earth_land_point_mask,-22.573466381627917,-40.52750864295514,8.319999694824219,2.9000000953674316,-3.0299999713897705,1,P002,patch_0002_VV,,,"{""row"": 801, ""col"": 222, ""row_resampled"": 267, ""col_resampled"": 74}",VV,"{""x0"": 1840, ""y0"": 0, ""x1"": 4160, ""y1"": 2160}","{""west"": -40.75700851072773, ""south"": -22.699251574150374, ""east"": -40.48803041692579, ""north"": -22.456637426295206}",EPSG:4326,"[0.00011219933721810632, 0.0, -42.96506122599693, 0.0, -0.00011934673118661465, -21.98031304176977, 0.0, 0.0, 1.0]",,cfar,,S1C_IW_GRDH_1SDV_20260810T081331_20260810T081359_008930_011B7A_6FB2,-3.3,,1.0,1.0,1.0,,,1.35,fallback
3,1.0,"{""row_min"": 1296, ""row_max"": 1299, ""col_min"": 2094, ""col_max"": 2097}","{""x0"": 8000, ""y0"": 0, ""x1"": 10000, ""y1"": 2000}","{""west"": -41.304138598738625, ""south"": -22.5506329318803, ""east"": -41.068771628806665, ""north"": -22.328738949206944}",cfar,,,,,geolocation_grid,,"{""type"": ""Polygon"", ""coordinates"": [[[-41.28142942401531, -22.44547455389649], [-41.281712057133, -22.445408387320114], [-41.28178279125668, -22.445675292917805], [-41.281500157631214, -22.445741459631133], [-41.28142942401531, -22.44547455389649]]]}",snap_geolocation_grid,patch_0005_VV_sigma0_preproc.tif,"{""row"": 1296, ""col"": 9934}",160,9,linear,0.0,"{""enabled"": true, ""applied"": true, ""status"": ""ok"", ""stage"": ""cfar_water_mask"", ""resampled_shape"": [720, 773], ""sample_shape"": [119, 128], ""sample_max_dim"": 128, ""available"": true, ""method"": ""natural_earth_land_point_mask"", ""bounds_lonlat"": {""west"": -41.304138598738625, ""south"": -22.5506329318803, ""east"": -41.068771628806665, ""north"": -22.328738949206944}, ""mask_path"": ""/content/sismom_colab_work_v2/sources/api/copernicus_meta_1-main/copernicus-platform/frontend/public/shapes/ne_10m_land/ne_10m_land.shp"", ""land_buffer_degrees"": 0.0, ""valid_geolocation_points"": 15232, ""land_points"": 0, ""water_points"": 15232, ""land_fraction"": 0.0, ""water_fraction"": 1.0, ""valid_pixels_before_land_mask"": 556560, ""valid_pixels_after_land_mask"": 556560, ""pixels_masked_by_land"": 0, ""valid_water_fraction"": 1.0, ""land_skip_threshold"": 0.99, ""min_water_fraction"": 0.01, ""skip_land_tiles"": true, ""skipped"": false, ""reason"": ""water_candidate"", ""message"": ""CFAR restrito aos pixels de água.""}",natural_earth_land_point_mask,-22.44547455389649,-41.28142942401531,-5.059999942779541,-7.550000190734863,-9.149999618530273,4,P005,patch_0005_VV,,,"{""row"": 1296, ""col"": 2094, ""row_resampled"": 432, ""col_resampled"": 698}",VV,"{""x0"": 7840, ""y0"": 0, ""x1"": 10160, ""y1"": 2160}","{""west"": -41.323002736376196, ""south"": -22.5683915071875, ""east"": -41.053702882696385, ""north"": -22.325213220408795}",EPSG:4326,"[0.00011219933721810632, 0.0, -42.291865202688285, 0.0, -0.00011934673118661465, -21.98031304176977, 0.0, 0.0, 1.0]",,cfar,,S1C_IW_GRDH_1SDV_20260810T081331_20260810T081359_008930_011B7A_6FB2,-12.2,,1.0,1.0,1.0,,,1.35,fallback
4,4.0,"{""row_min"": 1332, ""row_max"": 1341, ""col_min"": 2109, ""col_max"": 2109}","{""x0"": 8000, ""y0"": 0, ""x1"": 10000, ""y1"": 2000}","{""west"": -41.304138598738625, ""south"": -22.5506329318803, ""east"": -41.068771628806665, ""north"": -22.328738949206944}",cfar,,,,,geolocation_grid,,"{""type"": ""Polygon"", ""coordinates"": [[[-41.28369142346128, -22.448346581613432], [-41.28369142346128, -22.448346581613432], [-41.28390363192567, -22.449147296763144], [-41.28390363192567, -22.449147296763144], [-41.28369142346128, -22.448346581613432]]]}",snap_geolocation_grid,patch_0005_VV_sigma0_preproc.tif,"{""row"": 1338, ""col"": 9949}",160,10,linear,0.0,"{""enabled"": true, ""applied"": true, ""status"": ""ok"", ""stage"": ""cfar_water_mask"", ""resampled_shape"": [720, 773], ""sample_shape"": [119, 128], ""sample_max_dim"": 128, ""available"": true, ""method"": ""natural_earth_land_point_mask"", ""bounds_lonlat"": {""west"": -41.304138598738625, ""south"": -22.5506329318803, ""east"": -41.068771628806665, ""north"": -22.328738949206944}, ""mask_path"": ""/content/sismom_colab_work_v2/sources/api/copernicus_meta_1-main/copernicus-platform/frontend/public/shapes/ne_10m_land/ne_10m_land.shp"", ""land_buffer_degrees"": 0.0, ""valid_geolocation_points"": 15232, ""land_points"": 0, ""water_points"": 15232, ""land_fraction"": 0.0, ""water_fraction"": 1.0, ""valid_pixels_before_land_mask"": 556560, ""valid_pixels_after_land_mask"": 556560, ""pixels_masked_by_land"": 0, ""valid_water_fraction"": 1.0, ""land_skip_threshold"": 0.99, ""min_water_fraction"": 0.01, ""skip_land_tiles"": true, ""skipped"": false, ""reason"": ""water_candidate"", ""message"": ""CFAR restrito aos pixels de água.""}",natural_earth_land_point_mask,-22.44888039171324,-41.28383289577087,-3.3399999141693115,-6.099999904632568,-9.59000015258789,4,P005,patch_0005_VV,,,"{""row"": 1338, ""col"": 2109, ""row_resampled"": 446, ""col_resampled"": 703}",VV,"{""x0"": 7840, ""y0"": 0, ""x1"": 10160, ""y1"": 2160}","{""west"": -41.323002736376196, ""south"": -22.5683915071875, ""east"": -41.053702882696385, ""north"": -22.325213220408795}",EPSG:4326,"[0.00011219933721810632, 0.0, -42.291865202688285, 0.0, -0.00011934673118661465, -21.98031304176977, 0.0, 0.0, 1.0]",,cfar,,S1C_IW_GRDH_1SDV_20260810T081331_20260810T081359_008930_011B7A_6FB2,-11.85,,1.0,1.0,1.0,,,1.35,fallback
18,1.4,"{""row_min"": 1128, ""row_max"": 1140, ""col_min"": 1221, ""col_max"": 1239}","{""x0"": 10000, ""y0"": 0, ""x1"": 12000, ""y1"": 2000}","{""west"": -41.49254848444236, ""south"": -22.506561938113396, ""east"": -41.25708560497265, ""north"": -22.284507192224627}",cfar,,,,,geolocation_grid,,"{""type"": ""Polygon"", ""coordinates"": [[[-41.383600302271084, -22.40561281695883], [-41.385295247383326, -22.40521460136159], [-41.38557893624519, -22.406281989494886], [-41.38388397936629, -22.406680208897832], [-41.383600302271084, -22.40561281695883]]]}",snap_geolocation_grid,patch_0006_VV_sigma0_preproc.tif,"{""row"": 1134, ""col"": 11070}",160,11,linear,0.0,"{""enabled"": true, ""applied"": true, ""status"": ""ok"", ""stage"": ""cfar_water_mask"", ""resampled_shape"": [720, 773], ""sample_shape"": [119, 128], ""sample_max_dim"": 128, ""available"": true, ""method"": ""natural_earth_land_point_mask"", ""bounds_lonlat"": {""west"": -41.49254848444236, ""south"": -22.506561938113396, ""east"": -41.25708560497265, ""north"": -22.284507192224627}, ""mask_path"": ""/content/sismom_colab_work_v2/sources/api/copernicus_meta_1-main/copernicus-platform/frontend/public/shapes/ne_10m_land/ne_10m_land.shp"", ""land_buffer_degrees"": 0.0, ""valid_geolocation_points"": 15232, ""land_points"": 0, ""water_points"": 15232, ""land_fraction"": 0.0, ""water_fraction"": 1.0, ""valid_pixels_before_land_mask"": 556560, ""valid_pixels_after_land_mask"": 556560, ""pixels_masked_by_land"": 0, ""valid_water_fraction"": 1.0, ""land_skip_threshold"": 0.99, ""min_water_fraction"": 0.01, ""skip_land_tiles"": true, ""skipped"": false, ""reason"": ""water_candidate"", ""message"": ""CFAR restrito aos pixels de água.""}",natural_earth_land_point_mask,-22.405947404178285,-41.38458961631647,16.219999313354492,1.5199999809265137,-7.349999904632568,5,P006,patch_0006_VV,,,"{""row"": 1134, ""col"": 1230, ""row_resampled"": 378, ""col_resampled"": 410}",VV,"{""x0"": 9840, ""y0"": 0, ""x1"": 12160, ""y1"": 2160}","{""west"": -41.511418296794474, ""south"": -22.524326327531902, ""east"": -41.24202353797985, ""north"": -22.28095941269779}",EPSG:4326,"[0.00011219933721810632, 0.0, -42.067466528252076, 0.0, -0.00011934673118661465, -21.98031304176977, 0.0, 0.0, 1.0]",,cfar,,S1C_IW_GRDH_1SDV_20260810T081331_20260810T081359_008930_011B7A_6FB2,-7.58,,1.0,1.0,1.0,,,1.35,fallback
3,1.5,"{""row_min"": 0, ""row_max"": 3, ""col_min"": 1656, ""col_max"": 1662}","{""x0"": 12000, ""y0"": 0, ""x1"": 14000, ""y1"": 2000}","{""west"": -41.68090011512896, ""south"": -22.462262359216396, ""east"": -41.44527663744559, ""north"": -22.239909572178938}",cfar,,,,,geolocation_grid,,"{""type"": ""Polygon"", ""coordinates"": [[[-41.586379091998424, -22.251162382034835], [-41.586946478398005, -22.25102815368665], [-41.58701718744504, -22.25129502657306], [-41.58644980481629, -22.251429254085142], [-41.586379091998424, -22.251162382034835]]]}",snap_geolocation_grid,patch_0007_VV_sigma0_preproc.tif,"{""row"": 0, ""col"": 13499}",160,12,linear,0.029411764705882353,"{""enabled"": true, ""applied"": true, ""status"": ""ok"", ""stage"": ""cfar_water_mask"", ""resampled_shape"": [720, 773], ""sample_shape"": [119, 128], ""sample_max_dim"": 128, ""available"": true, ""method"": ""natural_earth_land_point_mask"", ""bounds_lonlat"": {""west"": -41.68090011512896, ""south"": -22.462262359216396, ""east"": -41.44527663744559, ""north"": -22.239909572178938}, ""mask_path"": ""/content/sismom_colab_work_v2/sources/api/copernicus_meta_1-main/copernicus-platform/frontend/public/shapes/ne_10m_land/ne_10m_land.shp"", ""land_buffer_degrees"": 0.0, ""valid_geolocation_points"": 15232, ""land_points"": 448, ""water_points"": 14784, ""land_fraction"": 0.029411764705882353, ""water_fraction"": 0.9705882352941176, ""valid_pixels_before_land_mask"": 556560, ""valid_pixels_after_land_mask"": 540855, ""pixels_masked_by_land"": 15705, ""valid_water_fraction"": 0.9717820181112549, ""land_skip_threshold"": 0.99, ""min_water_fraction"": 0.01, ""skip_land_tiles"": true, ""skipped"": false, ""reason"": ""water_candidate"", ""message"": ""CFAR restrito aos pixels de água.""}",natural_earth_land_point_mask,-22.25109526786074,-41.586662785198214,-9.130000114440918,-9.5,-9.920000076293945,6,P007,patch_0007_VV,,,"{""row"": 0, ""col"": 1659, ""row_resampled"": 0, ""col_resampled"": 553}",VV,"{""x0"": 11840, ""y0"": 0, ""x1"": 14160, ""y1"": 2160}","{""west"": -41.699786784299675, ""south"": -22.480043848935885, ""east"": -41.430226191559605, ""north"": -22.236281401012075}",EPSG:4326,"[0.00011219933721810632, 0.0, -41.84306785381586, 0.0, -0.00011934673118661465, -21.98031304176977, 0.0, 0.0, 1.0]",,cfar,,S1C_IW_GRDH_1SDV_20260810T081331_20260810T081359_008930_011B7A_6FB2,-10.72,,1.0,0.9717820181112549,0.9705882352941176,,,1.35,fallback
5,1.5,"{""row_min"": 1548, ""row_max"": 1551, ""col_min"": 1899, ""col_max"": 1905}","{""x0"": 12000, ""y0"": 0, ""x1"": 14000, ""y1"": 2000}","{""west"": -41.68090011512896, ""south"": -22.462262359216396, ""east"": -41.44527663744559, ""north"": -22.239909572178938}",cfar,,,,,geolocation_grid,,"{""type"": ""Polygon"", ""coordinates"": [[[-41.64576725254523, -22.383449584749243], [-41.64633269301303, -22.38331578782962], [-41.64640324934646, -22.383582694578156], [-41.64583781264951, -22.38371649066168], [-41.64576725254523, -22.383449584749243]]]}",snap_geolocation_grid,patch_0007_VV_sigma0_preproc.tif,"{""row"": 1548, ""col"": 13742}",160,13,linear,0.029411764705882353,"{""enabled"": true, ""applied"": true, ""status"": ""ok"", ""stage"": ""cfar_water_mask"", ""resampled_shape"": [720, 773], ""sample_shape"": [119, 128], ""sample_max_dim"": 128, ""available"": true, ""method"": ""natural_earth_land_point_mask"", ""bounds_lonlat"": {""west"": -41.68090011512896, ""south"": -22.462262359216396, ""east"": -41.44527663744559, ""north"": -22.239909572178938}, ""mask_path"": ""/content/sismom_colab_work_v2/sources/api/copernicus_meta_1-main/copernicus-platform/frontend/public/shapes/ne_10m_land/ne_10m_land.shp"", ""land_buffer_degrees"": 0.0, ""valid_geolocation_points"": 15232, ""land_points"": 448, ""water_points"": 14784, ""land_fraction"": 0.029411764705882353, ""water_fraction"": 0.9705882352941176, ""valid_pixels_before_land_mask"": 556560, ""valid_pixels_after_land_mask"": 540855, ""pixels_masked_by_land"": 15705, ""valid_water_fraction"": 0.9717820181112549, ""land_skip_threshold"": 0.99, ""min_water_fraction"": 0.01, ""skip_land_tiles"": true, ""skipped"": false, ""reason"": ""water_candidate"", ""message"": ""CFAR restrito aos pixels de água.""}",natural_earth_land_point_mask,-22.38338268628943,-41.646049972779124,5.949999809265137,-0.5400000214576721,-10.0,6,P007,patch_0007_VV,,,"{""row"": 1548, ""col"": 1902, ""row_resampled"": 516, ""col_resampled"": 634}",VV,"{""x0"": 11840, ""y0"": 0, ""x1"": 14160, ""y1"": 2160}","{""west"": -41.699786784299675, ""south"": -22.480043848935885, ""east"": -41.430226191559605, ""north"": -22.236281401012075}",EPSG:4326,"[0.00011219933721810632, 0.0, -41.84306785381586, 0.0, -0.00011934673118661465, -21.98031304176977, 0.0, 0.0, 1.0]",,cfar,,S1C_IW_GRDH_1SDV_20260810T081331_20260810T081359_008930_011B7A_6FB2,-13.89,,1.0,0.9717820181112549,0.9705882352941176,,,1.35,fallback
6,1.5,"{""row_min"": 894, ""row_max"": 897, ""col_min"": 495, ""col_max"": 501}","{""x0"": 14000, ""y0"": 0, ""x1"": 16000, ""y1"": 2000}","{""west"": -41.87290556769201, ""south"": -22.41774921581737, ""east"": -41.634039529840116, ""north"": -22.19458714682835}",cfar,,,,,geolocation_grid,,"{""type"": ""Polygon"", ""coordinates"": [[[-41.68681237359219, -22.311887062488406], [-41.6873818939205, -22.31175183431618], [-41.68745155460274, -22.312018948778963], [-41.68688204738514, -22.312154173880675], [-41.68681237359219, -22.311887062488406]]]}",snap_geolocation_grid,patch_0008_VV_sigma0_preproc.tif,"{""row"": 894, ""col"": 14338}",160,14,linear,0.6636029411764706,"{""enabled"": true, ""applied"": true, ""status"": ""ok"", ""stage"": ""cfar_water_mask"", ""resampled_shape"": [720, 773], ""sample_shape"": [119, 128], ""sample_max_dim"": 128, ""available"": true, ""method"": ""natural_earth_land_point_mask"", ""bounds_lonlat"": {""west"": -41.87290556769201, ""south"": -22.41774921581737, ""east"": -41.634039529840116, ""north"": -22.19458714682835}, ""mask_path"": ""/content/sismom_colab_work_v2/sources/api/copernicus_meta_1-main/copernicus-platform/frontend/public/shapes/ne_10m_land/ne_10m_land.shp"", ""land_buffer_degrees"": 0.0, ""valid_geolocation_points"": 15232, ""land_points"": 10108, ""water_points"": 5124, ""land_fraction"": 0.6636029411764706, ""water_fraction"": 0.33639705882352944, ""valid_pixels_before_land_mask"": 556560, ""valid_pixels_after_land_mask"": 186945, ""pixels_masked_by_land"": 369615, ""valid_water_fraction"": 0.3358937041828374, ""land_skip_threshold"": 0.99, ""min_water_fraction"": 0.01, ""skip_land_tiles"": true, ""skipped"": false, ""reason"": ""water_candidate"", ""message"": ""CFAR restrito aos pixels de água.""}",natural_earth_land_point_mask,-22.311819448402293,-41.687097133756346,16.639999389648438,7.730000019073486,1.9199999570846558,7,P008,patch_0008_VV,,,"{""row"": 894, ""col"": 498, ""row_resampled"": 298, ""col_resampled"": 166}",VV,"{""x0"": 13840, ""y0"": 0, ""x1"": 16160, ""y1"": 2160}","{""west"": -41.892253132816684, ""south"": -22.435539013890534, ""east"": -41.618909237877375, ""north"": -22.190969186706273}",EPSG:4326,"[0.00011219933721810632, 0.0, -41.61866917937965, 0.0, -0.00011934673118661465, -21.98031304176977, 0.0, 0.0, 1.0]",,cfar,,S1C_IW_GRDH_1SDV_20260810T081331_20260810T081359_008930_011B7A_6FB2,-0.23,,1.0,0.3358937041828374,0.33639705882352944,,,1.35,fallback
3,3.0,"{""row_min"": 1596, ""row_max"": 1602, ""col_min"": 981, ""col_max"": 981}","{""x0"": 14000, ""y0"": 0, ""x1"": 16000, ""y1"": 2000}","{""west"": -41.87290556769201, ""south"": -22.41774921581737, ""east"": -41.634039529840116, ""north"": -22.19458714682835}",cfar,,,,,geolocation_grid,,"{""type"": ""Polygon"", ""coordinates"": [[[-41.748998696919315, -22.363495844813258], [-41.748998696919315, -22.363495844813258], [-41.74913592056106, -22.364030565020737], [-41.74913592056106, -22.364030565020737], [-41.748998696919315, -22.363495844813258]]]}",snap_geolocation_grid,patch_0008_VV_sigma0_preproc.tif,"{""row"": 1599, ""col"": 14821}",160,15,linear,0.6636029411764706,"{""enabled"": true, ""applied"": true, ""status"": ""ok"", ""stage"": ""cfar_water_mask"", ""resampled_shape"": [720, 773], ""sample_shape"": [119, 128], ""sample_max_dim"": 128, ""available"": true, ""method"": ""natural_earth_land_point_mask"", ""bounds_lonlat"": {""west"": -41.87290556769201, ""south"": -22.41774921581737, ""east"": -41.634039529840116, ""north"": -22.19458714682835}, ""mask_path"": ""/content/sismom_colab_work_v2/sources/api/copernicus_meta_1-main/copernicus-platform/frontend/public/shapes/ne_10m_land/ne_10m_land.shp"", ""land_buffer_degrees"": 0.0, ""valid_geolocation_points"": 15232, ""land_points"": 10108, ""water_points"": 5124, ""land_fraction"": 0.6636029411764706, ""water_fraction"": 0.33639705882352944, ""valid_pixels_before_land_mask"": 556560, ""valid_pixels_after_land_mask"": 186945, ""pixels_masked_by_land"": 369615, ""valid_water_fraction"": 0.3358937041828374, ""land_skip_threshold"": 0.99, ""min_water_fraction"": 0.01, ""skip_land_tiles"": true, ""skipped"": false, ""reason"": ""water_candidate"", ""message"": ""CFAR restrito aos pixels de água.""}",natural_earth_land_point_mask,-22.363763204917,-41.7490673087405,-1.940000057220459,-3.200000047683716,-5.380000114440918,7,P008,patch_0008_VV,,,"{""row"": 1599, ""col"": 981, ""row_resampled"": 533, ""col_resampled"": 327}",VV,"{""x0"": 13840, ""y0"": 0, ""x1"": 16160, ""y1"": 2160}","{""west"": -41.892253132816684, ""south"": -22.435539013890534, ""east"": -41.618909237877375, ""north"": -22.190969186706273}",EPSG:4326,"[0.00011219933721810632, 0.0, -41.61866917937965, 0.0, -0.00011934673118661465, -21.98031304176977, 0.0, 0.0, 1.0]",,cfar,,S1C_IW_GRDH_1SDV_20260810T081331_20260810T081359_008930_011B7A_6FB2,-14.18,,1.0,0.3358937041828374,0.33639705882352944,,,1.35,fallback
5,1.5,"{""row_min"": 1626, ""row_max"": 1632, ""col_min"": 825, ""col_max"": 828}","{""x0"": 14000, ""y0"": 0, ""x1"": 16000, ""y1"": 2000}","{""west"": -41.87290556769201, ""south"": -22.41774921581737, ""east"": -41.634039529840116, ""north"": -22.19458714682835}",cfar,,,,,geolocation_grid,,"{""type"": ""Polygon"", ""coordinates"": [[[-41.73496045726817, -22.369665899000672], [-41.73524361800613, -22.369598659517017], [-41.735381510291944, -22.370133223128384], [-41.73509836266469, -22.37020045954153], [-41.73496045726817, -22.369665899000672]]]}",snap_geolocation_grid,patch_0008_VV_sigma0_preproc.tif,"{""row"": 1629, ""col"": 14668}",160,16,linear,0.6636029411764706,"{""enabled"": true, ""applied"": true, ""status"": ""ok"", ""stage"": ""cfar_water_mask"", ""resampled_shape"": [720, 773], ""sample_shape"": [119, 128], ""sample_max_dim"": 128, ""available"": true, ""method"": ""natural_earth_land_point_mask"", ""bounds_lonlat"": {""west"": -41.87290556769201, ""south"": -22.41774921581737, ""east"": -41.634039529840116, ""north"": -22.19458714682835}, ""mask_path"": ""/content/sismom_colab_work_v2/sources/api/copernicus_meta_1-main/copernicus-platform/frontend/public/shapes/ne_10m_land/ne_10m_land.shp"", ""land_buffer_degrees"": 0.0, ""valid_geolocation_points"": 15232, ""land_points"": 10108, ""water_points"": 5124, ""land_fraction"": 0.6636029411764706, ""water_fraction"": 0.33639705882352944, ""valid_pixels_before_land_mask"": 556560, ""valid_pixels_after_land_mask"": 186945, ""pixels_masked_by_land"": 369615, ""valid_water_fraction"": 0.3358937041828374, ""land_skip_threshold"": 0.99, ""min_water_fraction"": 0.01, ""skip_land_tiles"": true, ""skipped"": false, ""reason"": ""water_candidate"", ""message"": ""CFAR restrito aos pixels de água.""}",natural_earth_land_point_mask,-22.3698659413227,-41.73531256414904,5.03000020980835,-2.059999942779541,-8.8100004196167,7,P008,patch_0008_VV,,,"{""row"": 1629, ""col"": 828, ""row_resampled"": 543, ""col_resampled"": 276}",VV,"{""x0"": 13840, ""y0"": 0, ""x1"": 16160, ""y1"": 2160}","{""west"": -41.892253132816684, ""south"": -22.435539013890534, ""east"": -41.618909237877375, ""north"": -22.190969186706273}",EPSG:4326,"[0.00011219933721810632, 0.0, -41.61866917937965, 0.0, -0.00011934673118661465, -21.98031304176977, 0.0, 0.0, 1.0]",,cfar,,S1C_IW_GRDH_1SDV_20260810T081331_20260810T081359_008930_011B7A_6FB2,-13.85,,1.0,0.3358937041828374,0.33639705882352944,,,1.35,fallback
9,1.6667,"{""row_min"": 378, ""row_max"": 390, ""col_min"": 807, ""col_max"": 813}","{""x0"": 0, ""y0"": 2000, ""x1"": 2000, ""y1"": 4000}","{""west"": -40.59566738952606, ""south"": -22.90295547484457, ""east"": -40.36039142887709, ""north"": -22.681645550876322}",cfar,,,,,geolocation_grid,,"{""type"": ""Polygon"", ""coordinates"": [[[-40.44170507358293, -22.72683888689315], [-40.44227223889402, -22.72670941033762], [-40.44254967147084, -22.72777858418745], [-40.44198250205772, -22.7279080617809], [-40.44170507358293, -22.72683888689315]]]}",snap_geolocation_grid,patch_0014_VV_sigma0_preproc.tif,"{""row"": 2224, ""col"": 810}",160,17,linear,0.0,"{""enabled"": true, ""applied"": true, ""status"": ""ok"", ""stage"": ""cfar_water_mask"", ""resampled_shape"": [773, 720], ""sample_shape"": [128, 119], ""sample_max_dim"": 128, ""available"": true, ""method"": ""natural_earth_land_point_mask"", ""bounds_lonlat"": {""west"": -40.59566738952606, ""south"": -22.90295547484457, ""east"": -40.36039142887709, ""north"": -22.681645550876322}, ""mask_path"": ""/content/sismom_colab_work_v2/sources/api/copernicus_meta_1-main/copernicus-platform/frontend/public/shapes/ne_10m_land/ne_10m_land.shp"", ""land_buffer_degrees"": 0.0, ""valid_geolocation_points"": 15232, ""land_points"": 0, ""water_points"": 15232, ""land_fraction"": 0.0, ""water_fraction"": 1.0, ""valid_pixels_before_land_mask"": 507429, ""valid_pixels_after_land_mask"": 507429, ""pixels_masked_by_land"": 0, ""valid_water_fraction"": 1.0, ""land_skip_threshold"": 0.99, ""min_water_fraction"": 0.01, ""skip_land_tiles"": true, ""skipped"": false, ""reason"": ""water_candidate"", ""message"": ""CFAR restrito aos pixels de água.""}",natural_earth_land_point_mask,-22.72730873579978,-40.44212737150057,13.3100004196167,8.329999923706055,2.369999885559082,13,P014,patch_0014_VV,,,"{""row"": 384, ""col"": 810, ""row_resampled"": 128, ""col_resampled"": 270}",VV,"{""x0"": 0, ""y0"": 1840, ""x1"": 2160, ""y1"": 4160}","{""west"": -40.61452297572255, ""south"": -22.917211696070407, ""east"": -40.35670150499491, ""north"": -22.663929280780202}",EPSG:4326,"[0.00011219933721810632, 0.0, -43.17150800647824, 0.0, -0.00011934673118661465, -22.19991102715314, 0.0, 0.0, 1.0]",,cfar,,S1C_IW_GRDH_1SDV_20260810T081331_20260810T081359_008930_011B7A_6FB2,2.01,,1.0,1.0,1.0,,,1.35,fallback
12,1.25,"{""row_min"": 483, ""row_max"": 492, ""col_min"": 1008, ""col_max"": 1020}","{""x0"": 0, ""y0"": 2000, ""x1"": 2000, ""y1"": 4000}","{""west"": -40.59566738952606, ""south"": -22.90295547484457, ""east"": -40.36039142887709, ""north"": -22.681645550876322}",cfar,,,,,geolocation_grid,,"{""type"": ""Polygon"", ""coordinates"": [[[-40.463133810500956, -22.731856398310505], [-40.46426821260255, -22.73159742703585], [-40.46447639317866, -22.73239928056706], [-40.463341984924014, -22.732658253398593], [-40.463133810500956, -22.731856398310505]]]}",snap_geolocation_grid,patch_0014_VV_sigma0_preproc.tif,"{""row"": 2326, ""col"": 1014}",160,18,linear,0.0,"{""enabled"": true, ""applied"": true, ""status"": ""ok"", ""stage"": ""cfar_water_mask"", ""resampled_shape"": [773, 720], ""sample_shape"": [128, 119], ""sample_max_dim"": 128, ""available"": true, ""method"": ""natural_earth_land_point_mask"", ""bounds_lonlat"": {""west"": -40.59566738952606, ""south"": -22.90295547484457, ""east"": -40.36039142887709, ""north"": -22.681645550876322}, ""mask_path"": ""/content/sismom_colab_work_v2/sources/api/copernicus_meta_1-main/copernicus-platform/frontend/public/shapes/ne_10m_land/ne_10m_land.shp"", ""land_buffer_degrees"": 0.0, ""valid_geolocation_points"": 15232, ""land_points"": 0, ""water_points"": 15232, ""land_fraction"": 0.0, ""water_fraction"": 1.0, ""valid_pixels_before_land_mask"": 507429, ""valid_pixels_after_land_mask"": 507429, ""pixels_masked_by_land"": 0, ""valid_water_fraction"": 1.0, ""land_skip_threshold"": 0.99, ""min_water_fraction"": 0.01, ""skip_land_tiles"": true, ""skipped"": false, ""reason"": ""water_candidate"", ""message"": ""CFAR restrito aos pixels de água.""}",natural_earth_land_point_mask,-22.73199419744306,-40.463770404051616,10.729999542236328,4.570000171661377,-0.8500000238418579,13,P014,patch_0014_VV,,,"{""row"": 486, ""col"": 1014, ""row_resampled"": 162, ""col_resampled"": 338}",VV,"{""x0"": 0, ""y0"": 1840, ""x1"": 2160, ""y1"": 4160}","{""west"": -40.61452297572255, ""south"": -22.917211696070407, ""east"": -40.35670150499491, ""north"": -22.663929280780202}",EPSG:4326,"[0.00011219933721810632, 0.0, -43.17150800647824, 0.0, -0.00011934673118661465, -22.19991102715314, 0.0, 0.0, 1.0]",,cfar,,S1C_IW_GRDH_1SDV_20260810T081331_20260810T081359_008930_011B7A_6FB2,-2.4,,1.0,1.0,1.0,,,1.35,fallback
7,1.6667,"{""row_min"": 495, ""row_max"": 507, ""col_min"": 1179, ""col_max"": 1185}","{""x0"": 0, ""y0"": 2000, ""x1"": 2000, ""y1"": 4000}","{""west"": -40.59566738952606, ""south"": -22.90295547484457, ""east"": -40.36039142887709, ""north"": -22.681645550876322}",cfar,,,,,geolocation_grid,,"{""type"": ""Polygon"", ""coordinates"": [[[-40.47957671947512, -22.729235168183394], [-40.480143924361, -22.729105681508145], [-40.48042161126825, -22.73017479100697], [-40.479854402280345, -22.730304278720137], [-40.47957671947512, -22.729235168183394]]]}",snap_geolocation_grid,patch_0014_VV_sigma0_preproc.tif,"{""row"": 2341, ""col"": 1182}",160,19,linear,0.0,"{""enabled"": true, ""applied"": true, ""status"": ""ok"", ""stage"": ""cfar_water_mask"", ""resampled_shape"": [773, 720], ""sample_shape"": [128, 119], ""sample_max_dim"": 128, ""available"": true, ""method"": ""natural_earth_land_point_mask"", ""bounds_lonlat"": {""west"": -40.59566738952606, ""south"": -22.90295547484457, ""east"": -40.36039142887709, ""north"": -22.681645550876322}, ""mask_path"": ""/content/sismom_colab_work_v2/sources/api/copernicus_meta_1-main/copernicus-platform/frontend/public/shapes/ne_10m_land/ne_10m_land.shp"", ""land_buffer_degrees"": 0.0, ""valid_geolocation_points"": 15232, ""land_points"": 0, ""water_points"": 15232, ""land_fraction"": 0.0, ""water_fraction"": 1.0, ""valid_pixels_before_land_mask"": 507429, ""valid_pixels_after_land_mask"": 507429, ""pixels_masked_by_land"": 0, ""valid_water_fraction"": 1.0, ""land_skip_threshold"": 0.99, ""min_water_fraction"": 0.01, ""skip_land_tiles"": true, ""skipped"": false, ""reason"": ""water_candidate"", ""message"": ""CFAR restrito aos pixels de água.""}",natural_earth_land_point_mask,-22.72970497985466,-40.47999916434618,10.880000114440918,3.2300000190734863,-3.430000066757202,13,P014,patch_0014_VV,,,"{""row"": 501, ""col"": 1182, ""row_resampled"": 167, ""col_resampled"": 394}",VV,"{""x0"": 0, ""y0"": 1840, ""x1"": 2160, ""y1"": 4160}","{""west"": -40.61452297572255, ""south"": -22.917211696070407, ""east"": -40.35670150499491, ""north"": -22.663929280780202}",EPSG:4326,"[0.00011219933721810632, 0.0, -43.17150800647824, 0.0, -0.00011934673118661465, -22.19991102715314, 0.0, 0.0, 1.0]",,cfar,,S1C_IW_GRDH_1SDV_20260810T081331_20260810T081359_008930_011B7A_6FB2,-3.65,,1.0,1.0,1.0,,,1.35,fallback
5,2.0,"{""row_min"": 675, ""row_max"": 684, ""col_min"": 867, ""col_max"": 870}","{""x0"": 0, ""y0"": 2000, ""x1"": 2000, ""y1"": 4000}","{""west"": -40.59566738952606, ""south"": -22.90295547484457, ""east"": -40.36039142887709, ""north"": -22.681645550876322}",cfar,,,,,geolocation_grid,,"{""type"": ""Polygon"", ""coordinates"": [[[-40.454244096624386, -22.752005942924654], [-40.45452773002342, -22.75194119180264], [-40.45473583369122, -22.752743064794835], [-40.45445219875392, -22.752807816306078], [-40.454244096624386, -22.752005942924654]]]}",snap_geolocation_grid,patch_0014_VV_sigma0_preproc.tif,"{""row"": 2518, ""col"": 870}",160,20,linear,0.0,"{""enabled"": true, ""applied"": true, ""status"": ""ok"", ""stage"": ""cfar_water_mask"", ""resampled_shape"": [773, 720], ""sample_shape"": [128, 119], ""sample_max_dim"": 128, ""available"": true, ""method"": ""natural_earth_land_point_mask"", ""bounds_lonlat"": {""west"": -40.59566738952606, ""south"": -22.90295547484457, ""east"": -40.36039142887709, ""north"": -22.681645550876322}, ""mask_path"": ""/content/sismom_colab_work_v2/sources/api/copernicus_meta_1-main/copernicus-platform/frontend/public/shapes/ne_10m_land/ne_10m_land.shp"", ""land_buffer_degrees"": 0.0, ""valid_geolocation_points"": 15232, ""land_points"": 0, ""water_points"": 15232, ""land_fraction"": 0.0, ""water_fraction"": 1.0, ""valid_pixels_before_land_mask"": 507429, ""valid_pixels_after_land_mask"": 507429, ""pixels_masked_by_land"": 0, ""valid_water_fraction"": 1.0, ""land_skip_threshold"": 0.99, ""min_water_fraction"": 0.01, ""skip_land_tiles"": true, ""skipped"": false, ""reason"": ""water_candidate"", ""message"": ""CFAR restrito aos pixels de água.""}",natural_earth_land_point_mask,-22.752208482800036,-40.45459709791268,4.309999942779541,-0.5899999737739563,-4.489999771118164,13,P014,patch_0014_VV,,,"{""row"": 678, ""col"": 870, ""row_resampled"": 226, ""col_resampled"": 290}",VV,"{""x0"": 0, ""y0"": 1840, ""x1"": 2160, ""y1"": 4160}","{""west"": -40.61452297572255, ""south"": -22.917211696070407, ""east"": -40.35670150499491, ""north"": -22.663929280780202}",EPSG:4326,"[0.00011219933721810632, 0.0, -43.17150800647824, 0.0, -0.00011934673118661465, -22.19991102715314, 0.0, 0.0, 1.0]",,cfar,,S1C_IW_GRDH_1SDV_20260810T081331_20260810T081359_008930_011B7A_6FB2,-4.9,,1.0,1.0,1.0,,,1.35,fallback
9,3.0,"{""row_min"": 222, ""row_max"": 237, ""col_min"": 702, ""col_max"": 705}","{""x0"": 2000, ""y0"": 2000, ""x1"": 4000, ""y1"": 4000}","{""west"": -40.78478983245399, ""south"": -22.859694404593142, ""east"": -40.54939522589947, ""north"": -22.638237336461962}",cfar,,,,,geolocation_grid,,"{""type"": ""Polygon"", ""coordinates"": [[[-40.602041935082326, -22.675413252724404], [-40.602325341064656, -22.675348232140433], [-40.60267363077385, -22.676684324936762], [-40.60239022222978, -22.676749346169434], [-40.602041935082326, -22.675413252724404]]]}",snap_geolocation_grid,patch_0015_VV_sigma0_preproc.tif,"{""row"": 2068, ""col"": 2542}",160,21,linear,0.0,"{""enabled"": true, ""applied"": true, ""status"": ""ok"", ""stage"": ""cfar_water_mask"", ""resampled_shape"": [773, 773], ""sample_shape"": [128, 128], ""sample_max_dim"": 128, ""available"": true, ""method"": ""natural_earth_land_point_mask"", ""bounds_lonlat"": {""west"": -40.78478983245399, ""south"": -22.859694404593142, ""east"": -40.54939522589947, ""north"": -22.638237336461962}, ""mask_path"": ""/content/sismom_colab_work_v2/sources/api/copernicus_meta_1-main/copernicus-platform/frontend/public/shapes/ne_10m_land/ne_10m_land.shp"", ""land_buffer_degrees"": 0.0, ""valid_geolocation_points"": 16384, ""land_points"": 0, ""water_points"": 16384, ""land_fraction"": 0.0, ""water_fraction"": 1.0, ""valid_pixels_before_land_mask"": 597529, ""valid_pixels_after_land_mask"": 597529, ""pixels_masked_by_land"": 0, ""valid_water_fraction"": 1.0, ""land_skip_threshold"": 0.99, ""min_water_fraction"": 0.01, ""skip_land_tiles"": true, ""skipped"": false, ""reason"": ""water_candidate"", ""message"": ""CFAR restrito aos pixels de água.""}",natural_earth_land_point_mask,-22.67594769010242,-40.6021812499413,11.350000381469727,4.550000190734863,-1.4700000286102295,14,P015,patch_0015_VV,,,"{""row"": 228, ""col"": 702, ""row_resampled"": 76, ""col_resampled"": 234}",VV,"{""x0"": 1840, ""y0"": 1840, ""x1"": 4160, ""y1"": 4160}","{""west"": -40.80365171489929, ""south"": -22.877414626178677, ""east"": -40.53057187052376, ""north"": -22.620503176060737}",EPSG:4326,"[0.00011219933721810632, 0.0, -42.96506122599693, 0.0, -0.00011934673118661465, -22.19991102715314, 0.0, 0.0, 1.0]",,cfar,,S1C_IW_GRDH_1SDV_20260810T081331_20260810T081359_008930_011B7A_6FB2,-4.79,,1.0,1.0,1.0,,,1.35,fallback
5,1.5,"{""row_min"": 228, ""row_max"": 234, ""col_min"": 471, ""col_max"": 474}","{""x0"": 2000, ""y0"": 2000, ""x1"": 4000, ""y1"": 4000}","{""west"": -40.78478983245399, ""south"": -22.859694404593142, ""east"": -40.54939522589947, ""north"": -22.638237336461962}",cfar,,,,,geolocation_grid,,"{""type"": ""Polygon"", ""coordinates"": [[[-40.58035610929622, -22.680948966962998], [-40.58063955729178, -22.680884023952], [-40.580778792988156, -22.681418481050482], [-40.58049534394885, -22.68148342432096], [-40.58035610929622, -22.680948966962998]]]}",snap_geolocation_grid,patch_0015_VV_sigma0_preproc.tif,"{""row"": 2071, ""col"": 2314}",160,22,linear,0.0,"{""enabled"": true, ""applied"": true, ""status"": ""ok"", ""stage"": ""cfar_water_mask"", ""resampled_shape"": [773, 773], ""sample_shape"": [128, 128], ""sample_max_dim"": 128, ""available"": true, ""method"": ""natural_earth_land_point_mask"", ""bounds_lonlat"": {""west"": -40.78478983245399, ""south"": -22.859694404593142, ""east"": -40.54939522589947, ""north"": -22.638237336461962}, ""mask_path"": ""/content/sismom_colab_work_v2/sources/api/copernicus_meta_1-main/copernicus-platform/frontend/public/shapes/ne_10m_land/ne_10m_land.shp"", ""land_buffer_degrees"": 0.0, ""valid_geolocation_points"": 16384, ""land_points"": 0, ""water_points"": 16384, ""land_fraction"": 0.0, ""water_fraction"": 1.0, ""valid_pixels_before_land_mask"": 597529, ""valid_pixels_after_land_mask"": 597529, ""pixels_masked_by_land"": 0, ""valid_water_fraction"": 1.0, ""land_skip_threshold"": 0.99, ""min_water_fraction"": 0.01, ""skip_land_tiles"": true, ""skipped"": false, ""reason"": ""water_candidate"", ""message"": ""CFAR restrito aos pixels de água.""}",natural_earth_land_point_mask,-22.68115125250124,-40.58070917513997,7.619999885559082,1.5199999809265137,-3.3499999046325684,14,P015,patch_0015_VV,,,"{""row"": 231, ""col"": 474, ""row_resampled"": 77, ""col_resampled"": 158}",VV,"{""x0"": 1840, ""y0"": 1840, ""x1"": 4160, ""y1"": 4160}","{""west"": -40.80365171489929, ""south"": -22.877414626178677, ""east"": -40.53057187052376, ""north"": -22.620503176060737}",EPSG:4326,"[0.00011219933721810632, 0.0, -42.96506122599693, 0.0, -0.00011934673118661465, -22.19991102715314, 0.0, 0.0, 1.0]",,cfar,,S1C_IW_GRDH_1SDV_20260810T081331_20260810T081359_008930_011B7A_6FB2,-5.4,,1.0,1.0,1.0,,,1.35,fallback
15,1.2,"{""row_min"": 672, ""row_max"": 687, ""col_min"": 1374, ""col_max"": 1386}","{""x0"": 2000, ""y0"": 2000, ""x1"": 4000, ""y1"": 4000}","{""west"": -40.78478983245399, ""south"": -22.859694404593142, ""east"": -40.54939522589947, ""north"": -22.638237336461962}",cfar,,,,,geolocation_grid,,"{""type"": ""Polygon"", ""coordinates"": [[[-40.67597507783884, -22.700898224188983], [-40.677108720666865, -22.700637530458025], [-40.677457573918254, -22.701973475999516], [-40.67632392117016, -22.702234172325273], [-40.67597507783884, -22.700898224188983]]]}",snap_geolocation_grid,patch_0015_VV_sigma0_preproc.tif,"{""row"": 2518, ""col"": 3220}",160,23,linear,0.0,"{""enabled"": true, ""applied"": true, ""status"": ""ok"", ""stage"": ""cfar_water_mask"", ""resampled_shape"": [773, 773], ""sample_shape"": [128, 128], ""sample_max_dim"": 128, ""available"": true, ""method"": ""natural_earth_land_point_mask"", ""bounds_lonlat"": {""west"": -40.78478983245399, ""south"": -22.859694404593142, ""east"": -40.54939522589947, ""north"": -22.638237336461962}, ""mask_path"": ""/content/sismom_colab_work_v2/sources/api/copernicus_meta_1-main/copernicus-platform/frontend/public/shapes/ne_10m_land/ne_10m_land.shp"", ""land_buffer_degrees"": 0.0, ""valid_geolocation_points"": 16384, ""land_points"": 0, ""water_points"": 16384, ""land_fraction"": 0.0, ""water_fraction"": 1.0, ""valid_pixels_before_land_mask"": 597529, ""valid_pixels_after_land_mask"": 597529, ""pixels_masked_by_land"": 0, ""valid_water_fraction"": 1.0, ""land_skip_threshold"": 0.99, ""min_water_fraction"": 0.01, ""skip_land_tiles"": true, ""skipped"": false, ""reason"": ""water_candidate"", ""message"": ""CFAR restrito aos pixels de água.""}",natural_earth_land_point_mask,-22.701302256059062,-40.67668143856939,7.070000171661377,1.659999966621399,-4.150000095367432,14,P015,patch_0015_VV,,,"{""row"": 678, ""col"": 1380, ""row_resampled"": 226, ""col_resampled"": 460}",VV,"{""x0"": 1840, ""y0"": 1840, ""x1"": 4160, ""y1"": 4160}","{""west"": -40.80365171489929, ""south"": -22.877414626178677, ""east"": -40.53057187052376, ""north"": -22.620503176060737}",EPSG:4326,"[0.00011219933721810632, 0.0, -42.96506122599693, 0.0, -0.00011934673118661465, -22.19991102715314, 0.0, 0.0, 1.0]",,cfar,,S1C_IW_GRDH_1SDV_20260810T081331_20260810T081359_008930_011B7A_6FB2,-4.25,,1.0,1.0,1.0,,,1.35,fallback
12,1.6667,"{""row_min"": 789, ""row_max"": 795, ""col_min"": 1515, ""col_max"": 1527}","{""x0"": 2000, ""y0"": 2000, ""x1"": 4000, ""y1"": 4000}","{""west"": -40.78478983245399, ""south"": -22.859694404593142, ""east"": -40.54939522589947, ""north"": -22.638237336461962}",cfar,,,,,geolocation_grid,,"{""type"": ""Polygon"", ""coordinates"": [[[-40.69201726785225, -22.70825523049999], [-40.69315098798371, -22.707994516529602], [-40.69329057591001, -22.708528882550645], [-40.69215685181055, -22.708789597558955], [-40.69201726785225, -22.70825523049999]]]}",snap_geolocation_grid,patch_0015_VV_sigma0_preproc.tif,"{""row"": 2632, ""col"": 3361}",160,24,linear,0.0,"{""enabled"": true, ""applied"": true, ""status"": ""ok"", ""stage"": ""cfar_water_mask"", ""resampled_shape"": [773, 773], ""sample_shape"": [128, 128], ""sample_max_dim"": 128, ""available"": true, ""method"": ""natural_earth_land_point_mask"", ""bounds_lonlat"": {""west"": -40.78478983245399, ""south"": -22.859694404593142, ""east"": -40.54939522589947, ""north"": -22.638237336461962}, ""mask_path"": ""/content/sismom_colab_work_v2/sources/api/copernicus_meta_1-main/copernicus-platform/frontend/public/shapes/ne_10m_land/ne_10m_land.shp"", ""land_buffer_degrees"": 0.0, ""valid_geolocation_points"": 16384, ""land_points"": 0, ""water_points"": 16384, ""land_fraction"": 0.0, ""water_fraction"": 1.0, ""valid_pixels_before_land_mask"": 597529, ""valid_pixels_after_land_mask"": 597529, ""pixels_masked_by_land"": 0, ""valid_water_fraction"": 1.0, ""land_skip_threshold"": 0.99, ""min_water_fraction"": 0.01, ""skip_land_tiles"": true, ""skipped"": false, ""reason"": ""water_candidate"", ""message"": ""CFAR restrito aos pixels de água.""}",natural_earth_land_point_mask,-22.708392056784795,-40.69265392088913,7.610000133514404,1.6699999570846558,-3.559999942779541,14,P015,patch_0015_VV,,,"{""row"": 792, ""col"": 1521, ""row_resampled"": 264, ""col_resampled"": 507}",VV,"{""x0"": 1840, ""y0"": 1840, ""x1"": 4160, ""y1"": 4160}","{""west"": -40.80365171489929, ""south"": -22.877414626178677, ""east"": -40.53057187052376, ""north"": -22.620503176060737}",EPSG:4326,"[0.00011219933721810632, 0.0, -42.96506122599693, 0.0, -0.00011934673118661465, -22.19991102715314, 0.0, 0.0, 1.0]",,cfar,,S1C_IW_GRDH_1SDV_20260810T081331_20260810T081359_008930_011B7A_6FB2,-3.69,,1.0,1.0,1.0,,,1.35,fallback
8,1.6667,"{""row_min"": 951, ""row_max"": 963, ""col_min"": 1611, ""col_max"": 1617}","{""x0"": 2000, ""y0"": 2000, ""x1"": 4000, ""y1"": 4000}","{""west"": -40.78478983245399, ""south"": -22.859694404593142, ""east"": -40.54939522589947, ""north"": -22.638237336461962}",cfar,,,,,geolocation_grid,,"{""type"": ""Polygon"", ""coordinates"": [[[-40.70485665232043, -22.72059720513824], [-40.70542356586685, -22.72046683414113], [-40.705702801240925, -22.721535550614423], [-40.70513588372653, -22.721665922649454], [-40.70485665232043, -22.72059720513824]]]}",snap_geolocation_grid,patch_0015_VV_sigma0_preproc.tif,"{""row"": 2797, ""col"": 3454}",160,25,linear,0.0,"{""enabled"": true, ""applied"": true, ""status"": ""ok"", ""stage"": ""cfar_water_mask"", ""resampled_shape"": [773, 773], ""sample_shape"": [128, 128], ""sample_max_dim"": 128, ""available"": true, ""method"": ""natural_earth_land_point_mask"", ""bounds_lonlat"": {""west"": -40.78478983245399, ""south"": -22.859694404593142, ""east"": -40.54939522589947, ""north"": -22.638237336461962}, ""mask_path"": ""/content/sismom_colab_work_v2/sources/api/copernicus_meta_1-main/copernicus-platform/frontend/public/shapes/ne_10m_land/ne_10m_land.shp"", ""land_buffer_degrees"": 0.0, ""valid_geolocation_points"": 16384, ""land_points"": 0, ""water_points"": 16384, ""land_fraction"": 0.0, ""water_fraction"": 1.0, ""valid_pixels_before_land_mask"": 597529, ""valid_pixels_after_land_mask"": 597529, ""pixels_masked_by_land"": 0, ""valid_water_fraction"": 1.0, ""land_skip_threshold"": 0.99, ""min_water_fraction"": 0.01, ""skip_land_tiles"": true, ""skipped"": false, ""reason"": ""water_candidate"", ""message"": ""CFAR restrito aos pixels de água.""}",natural_earth_land_point_mask,-22.721066378135816,-40.70527972578866,5.46999979019165,-1.590000033378601,-5.789999961853027,14,P015,patch_0015_VV,,,"{""row"": 957, ""col"": 1614, ""row_resampled"": 319, ""col_resampled"": 538}",VV,"{""x0"": 1840, ""y0"": 1840, ""x1"": 4160, ""y1"": 4160}","{""west"": -40.80365171489929, ""south"": -22.877414626178677, ""east"": -40.53057187052376, ""north"": -22.620503176060737}",EPSG:4326,"[0.00011219933721810632, 0.0, -42.96506122599693, 0.0, -0.00011934673118661465, -22.19991102715314, 0.0, 0.0, 1.0]",,cfar,,S1C_IW_GRDH_1SDV_20260810T081331_20260810T081359_008930_011B7A_6FB2,-6.19,,1.0,1.0,1.0,,,1.35,fallback
14,1.25,"{""row_min"": 1905, ""row_max"": 1917, ""col_min"": 1971, ""col_max"": 1980}","{""x0"": 2000, ""y0"": 2000, ""x1"": 4000, ""y1"": 4000}","{""west"": -40.78478983245399, ""south"": -22.859694404593142, ""east"": -40.54939522589947, ""north"": -22.638237336461962}",cfar,,,,,geolocation_grid,,"{""type"": ""Polygon"", ""coordinates"": [[[-40.761090054043855, -22.79773202671563], [-40.76194082689382, -22.79753619658735], [-40.762220590942476, -22.798604810664838], [-40.761369811984544, -22.79880064238879], [-40.761090054043855, -22.79773202671563]]]}",snap_geolocation_grid,patch_0015_VV_sigma0_preproc.tif,"{""row"": 3751, ""col"": 3814}",160,26,linear,0.0,"{""enabled"": true, ""applied"": true, ""status"": ""ok"", ""stage"": ""cfar_water_mask"", ""resampled_shape"": [773, 773], ""sample_shape"": [128, 128], ""sample_max_dim"": 128, ""available"": true, ""method"": ""natural_earth_land_point_mask"", ""bounds_lonlat"": {""west"": -40.78478983245399, ""south"": -22.859694404593142, ""east"": -40.54939522589947, ""north"": -22.638237336461962}, ""mask_path"": ""/content/sismom_colab_work_v2/sources/api/copernicus_meta_1-main/copernicus-platform/frontend/public/shapes/ne_10m_land/ne_10m_land.shp"", ""land_buffer_degrees"": 0.0, ""valid_geolocation_points"": 16384, ""land_points"": 0, ""water_points"": 16384, ""land_fraction"": 0.0, ""water_fraction"": 1.0, ""valid_pixels_before_land_mask"": 597529, ""valid_pixels_after_land_mask"": 597529, ""pixels_masked_by_land"": 0, ""valid_water_fraction"": 1.0, ""land_skip_threshold"": 0.99, ""min_water_fraction"": 0.01, ""skip_land_tiles"": true, ""skipped"": false, ""reason"": ""water_candidate"", ""message"": ""CFAR restrito aos pixels de água.""}",natural_earth_land_point_mask,-22.79820105757684,-40.76151352498218,6.980000019073486,-0.17000000178813934,-4.46999979019165,14,P015,patch_0015_VV,,,"{""row"": 1911, ""col"": 1974, ""row_resampled"": 637, ""col_resampled"": 658}",VV,"{""x0"": 1840, ""y0"": 1840, ""x1"": 4160, ""y1"": 4160}","{""west"": -40.80365171489929, ""south"": -22.877414626178677, ""east"": -40.53057187052376, ""north"": -22.620503176060737}",EPSG:4326,"[0.00011219933721810632, 0.0, -42.96506122599693, 0.0, -0.00011934673118661465, -22.19991102715314, 0.0, 0.0, 1.0]",,cfar,,S1C_IW_GRDH_1SDV_20260810T081331_20260810T081359_008930_011B7A_6FB2,-4.55,,1.0,1.0,1.0,,,1.35,fallback
28,1.6,"{""row_min"": 312, ""row_max"": 333, ""col_min"": 1980, ""col_max"": 1992}","{""x0"": 6000, ""y0"": 2000, ""x1"": 8000, ""y1"": 4000}","{""west"": -41.162671199510534, ""south"": -22.772528255451792, ""east"": -40.92706422217351, ""north"": -22.55074392055656}",cfar,,,,,geolocation_grid,,"{""type"": ""Polygon"", ""coordinates"": [[[-41.10232104648206, -22.568208584000963], [-41.1034526366344, -22.56794457032099], [-41.103946513337625, -22.569813410836808], [-41.102814908707884, -22.570077428351315], [-41.10232104648206, -22.568208584000963]]]}",snap_geolocation_grid,patch_0017_VV_sigma0_preproc.tif,"{""row"": 2164, ""col"": 7826}",160,27,linear,0.0,"{""enabled"": true, ""applied"": true, ""status"": ""ok"", ""stage"": ""cfar_water_mask"", ""resampled_shape"": [773, 773], ""sample_shape"": [128, 128], ""sample_max_dim"": 128, ""available"": true, ""method"": ""natural_earth_land_point_mask"", ""bounds_lonlat"": {""west"": -41.162671199510534, ""south"": -22.772528255451792, ""east"": -40.92706422217351, ""north"": -22.55074392055656}, ""mask_path"": ""/content/sismom_colab_work_v2/sources/api/copernicus_meta_1-main/copernicus-platform/frontend/public/shapes/ne_10m_land/ne_10m_land.shp"", ""land_buffer_degrees"": 0.0, ""valid_geolocation_points"": 16384, ""land_points"": 0, ""water_points"": 16384, ""land_fraction"": 0.0, ""water_fraction"": 1.0, ""valid_pixels_before_land_mask"": 597529, ""valid_pixels_after_land_mask"": 597529, ""pixels_masked_by_land"": 0, ""valid_water_fraction"": 1.0, ""land_skip_threshold"": 0.99, ""min_water_fraction"": 0.01, ""skip_land_tiles"": true, ""skipped"": false, ""reason"": ""water_candidate"", ""message"": ""CFAR restrito aos pixels de água.""}",natural_earth_land_point_mask,-22.56914448712274,-41.10316905264977,10.210000038146973,-2.119999885559082,-9.470000267028809,16,P017,patch_0017_VV,,,"{""row"": 324, ""col"": 1986, ""row_resampled"": 108, ""col_resampled"": 662}",VV,"{""x0"": 5840, ""y0"": 1840, ""x1"": 8160, ""y1"": 4160}","{""west"": -41.18155132974693, ""south"": -22.79027306019358, ""east"": -40.908222494264066, ""north"": -22.532985847849282}",EPSG:4326,"[0.00011219933721810632, 0.0, -42.5162638771245, 0.0, -0.00011934673118661465, -22.19991102715314, 0.0, 0.0, 1.0]",,cfar,,S1C_IW_GRDH_1SDV_20260810T081331_20260810T081359_008930_011B7A_6FB2,-10.19,,1.0,1.0,1.0,,,1.35,fallback
12,1.6667,"{""row_min"": 234, ""row_max"": 246, ""col_min"": 966, ""col_max"": 972}","{""x0"": 14000, ""y0"": 2000, ""x1"": 16000, ""y1"": 4000}","{""west"": -41.91752977992781, ""south"": -22.595542076270622, ""east"": -41.6810181282653, ""north"": -22.37219553301062}",cfar,,,,,geolocation_grid,,"{""type"": ""Polygon"", ""coordinates"": [[[-41.758712661810776, -22.4063854212681], [-41.7592779036375, -22.406251190132917], [-41.759563874053654, -22.407317948369187], [-41.758998632752316, -22.407452179677357], [-41.758712661810776, -22.4063854212681]]]}",snap_geolocation_grid,patch_0021_VV_sigma0_preproc.tif,"{""row"": 2080, ""col"": 14809}",160,28,linear,0.17529296875,"{""enabled"": true, ""applied"": true, ""status"": ""ok"", ""stage"": ""cfar_water_mask"", ""resampled_shape"": [773, 773], ""sample_shape"": [128, 128], ""sample_max_dim"": 128, ""available"": true, ""method"": ""natural_earth_land_point_mask"", ""bounds_lonlat"": {""west"": -41.91752977992781, ""south"": -22.595542076270622, ""east"": -41.6810181282653, ""north"": -22.37219553301062}, ""mask_path"": ""/content/sismom_colab_work_v2/sources/api/copernicus_meta_1-main/copernicus-platform/frontend/public/shapes/ne_10m_land/ne_10m_land.shp"", ""land_buffer_degrees"": 0.0, ""valid_geolocation_points"": 16384, ""land_points"": 2872, ""water_points"": 13512, ""land_fraction"": 0.17529296875, ""water_fraction"": 0.82470703125, ""valid_pixels_before_land_mask"": 597529, ""valid_pixels_after_land_mask"": 493849, ""pixels_masked_by_land"": 103680, ""valid_water_fraction"": 0.8264854090763796, ""land_skip_threshold"": 0.99, ""min_water_fraction"": 0.01, ""skip_land_tiles"": true, ""skipped"": false, ""reason"": ""water_candidate"", ""message"": ""CFAR restrito aos pixels de água.""}",natural_earth_land_point_mask,-22.40685168486189,-41.759138268063566,4.489999771118164,-3.759999990463257,-9.470000267028809,20,P021,patch_0021_VV,,,"{""row"": 240, ""col"": 969, ""row_resampled"": 80, ""col_resampled"": 323}",VV,"{""x0"": 13840, ""y0"": 1840, ""x1"": 16160, ""y1"": 4160}","{""west"": -41.936499441489964, ""south"": -22.613333286170633, ""east"": -41.66214717087882, ""north"": -22.35412972149832}",EPSG:4326,"[0.00011219933721810632, 0.0, -41.61866917937965, 0.0, -0.00011934673118661465, -22.19991102715314, 0.0, 0.0, 1.0]",,cfar,,S1C_IW_GRDH_1SDV_20260810T081331_20260810T081359_008930_011B7A_6FB2,-13.96,,1.0,0.8264854090763796,0.82470703125,,,1.35,fallback
3,1.0,"{""row_min"": 1320, ""row_max"": 1323, ""col_min"": 975, ""col_max"": 978}","{""x0"": 2000, ""y0"": 4000, ""x1"": 4000, ""y1"": 6000}","{""west"": -40.8315304099152, ""south"": -23.037838390929426, ""east"": -40.595785227869044, ""north"": -22.81633876417934}",cfar,,,,,geolocation_grid,,"{""type"": ""Polygon"", ""coordinates"": [[[-40.69988579335055, -22.945410469615847], [-40.70016965447472, -22.94534517825791], [-40.70023952707437, -22.945612362946036], [-40.69995566542733, -22.94567765444092], [-40.69988579335055, -22.945410469615847]]]}",snap_geolocation_grid,patch_0028_VV_sigma0_preproc.tif,"{""row"": 5160, ""col"": 2818}",160,29,linear,0.0,"{""enabled"": true, ""applied"": true, ""status"": ""ok"", ""stage"": ""cfar_water_mask"", ""resampled_shape"": [773, 773], ""sample_shape"": [128, 128], ""sample_max_dim"": 128, ""available"": true, ""method"": ""natural_earth_land_point_mask"", ""bounds_lonlat"": {""west"": -40.8315304099152, ""south"": -23.037838390929426, ""east"": -40.595785227869044, ""north"": -22.81633876417934}, ""mask_path"": ""/content/sismom_colab_work_v2/sources/api/copernicus_meta_1-main/copernicus-platform/frontend/public/shapes/ne_10m_land/ne_10m_land.shp"", ""land_buffer_degrees"": 0.0, ""valid_geolocation_points"": 16384, ""land_points"": 0, ""water_points"": 16384, ""land_fraction"": 0.0, ""water_fraction"": 1.0, ""valid_pixels_before_land_mask"": 597529, ""valid_pixels_after_land_mask"": 597529, ""pixels_masked_by_land"": 0, ""valid_water_fraction"": 1.0, ""land_skip_threshold"": 0.99, ""min_water_fraction"": 0.01, ""skip_land_tiles"": true, ""skipped"": false, ""reason"": ""water_candidate"", ""message"": ""CFAR restrito aos pixels de água.""}",natural_earth_land_point_mask,-22.94534517825791,-40.70016965447472,14.319999694824219,13.59000015258789,12.300000190734863,27,P028,patch_0028_VV,,,"{""row"": 1320, ""col"": 978, ""row_resampled"": 440, ""col_resampled"": 326}",VV,"{""x0"": 1840, ""y0"": 3840, ""x1"": 4160, ""y1"": 6160}","{""west"": -40.85041976127915, ""south"": -23.05556192027483, ""east"": -40.576932545025166, ""north"": -22.79860128234429}",EPSG:4326,"[0.00011219933721810632, 0.0, -42.96506122599693, 0.0, -0.00011934673118661465, -22.43860448952637, 0.0, 0.0, 1.0]",,cfar,,S1C_IW_GRDH_1SDV_20260810T081331_20260810T081359_008930_011B7A_6FB2,9.06,,1.0,1.0,1.0,,,1.35,fallback
4,4.0,"{""row_min"": 1329, ""row_max"": 1338, ""col_min"": 981, ""col_max"": 981}","{""x0"": 2000, ""y0"": 4000, ""x1"": 4000, ""y1"": 6000}","{""west"": -40.8315304099152, ""south"": -23.037838390929426, ""east"": -40.595785227869044, ""north"": -22.81633876417934}",cfar,,,,,geolocation_grid,,"{""type"": ""Polygon"", ""coordinates"": [[[-40.700663134966504, -22.94608144055352], [-40.700663134966504, -22.94608144055352], [-40.70087275433412, -22.94688299420707], [-40.70087275433412, -22.94688299420707], [-40.700663134966504, -22.94608144055352]]]}",snap_geolocation_grid,patch_0028_VV_sigma0_preproc.tif,"{""row"": 5172, ""col"": 2821}",160,30,linear,0.0,"{""enabled"": true, ""applied"": true, ""status"": ""ok"", ""stage"": ""cfar_water_mask"", ""resampled_shape"": [773, 773], ""sample_shape"": [128, 128], ""sample_max_dim"": 128, ""available"": true, ""method"": ""natural_earth_land_point_mask"", ""bounds_lonlat"": {""west"": -40.8315304099152, ""south"": -23.037838390929426, ""east"": -40.595785227869044, ""north"": -22.81633876417934}, ""mask_path"": ""/content/sismom_colab_work_v2/sources/api/copernicus_meta_1-main/copernicus-platform/frontend/public/shapes/ne_10m_land/ne_10m_land.shp"", ""land_buffer_degrees"": 0.0, ""valid_geolocation_points"": 16384, ""land_points"": 0, ""water_points"": 16384, ""land_fraction"": 0.0, ""water_fraction"": 1.0, ""valid_pixels_before_land_mask"": 597529, ""valid_pixels_after_land_mask"": 597529, ""pixels_masked_by_land"": 0, ""valid_water_fraction"": 1.0, ""land_skip_threshold"": 0.99, ""min_water_fraction"": 0.01, ""skip_land_tiles"": true, ""skipped"": false, ""reason"": ""water_candidate"", ""message"": ""CFAR restrito aos pixels de água.""}",natural_earth_land_point_mask,-22.9463486251047,-40.700733008089045,16.670000076293945,12.140000343322754,9.279999732971191,27,P028,patch_0028_VV,,,"{""row"": 1332, ""col"": 981, ""row_resampled"": 444, ""col_resampled"": 327}",VV,"{""x0"": 1840, ""y0"": 3840, ""x1"": 4160, ""y1"": 6160}","{""west"": -40.85041976127915, ""south"": -23.05556192027483, ""east"": -40.576932545025166, ""north"": -22.79860128234429}",EPSG:4326,"[0.00011219933721810632, 0.0, -42.96506122599693, 0.0, -0.00011934673118661465, -22.43860448952637, 0.0, 0.0, 1.0]",,cfar,,S1C_IW_GRDH_1SDV_20260810T081331_20260810T081359_008930_011B7A_6FB2,9.03,,1.0,1.0,1.0,,,1.35,fallback
12,2.3333,"{""row_min"": 1452, ""row_max"": 1470, ""col_min"": 1203, ""col_max"": 1209}","{""x0"": 2000, ""y0"": 4000, ""x1"": 4000, ""y1"": 6000}","{""west"": -40.8315304099152, ""south"": -23.037838390929426, ""east"": -40.595785227869044, ""north"": -22.81633876417934}",cfar,,,,,geolocation_grid,,"{""type"": ""Polygon"", ""coordinates"": [[[-40.724535361865634, -22.952204000762876], [-40.725103130281525, -22.9520734059956], [-40.72552260744219, -22.95367645085454], [-40.724954832751706, -22.953807047265187], [-40.724535361865634, -22.952204000762876]]]}",snap_geolocation_grid,patch_0028_VV_sigma0_preproc.tif,"{""row"": 5301, ""col"": 3046}",160,31,linear,0.0,"{""enabled"": true, ""applied"": true, ""status"": ""ok"", ""stage"": ""cfar_water_mask"", ""resampled_shape"": [773, 773], ""sample_shape"": [128, 128], ""sample_max_dim"": 128, ""available"": true, ""method"": ""natural_earth_land_point_mask"", ""bounds_lonlat"": {""west"": -40.8315304099152, ""south"": -23.037838390929426, ""east"": -40.595785227869044, ""north"": -22.81633876417934}, ""mask_path"": ""/content/sismom_colab_work_v2/sources/api/copernicus_meta_1-main/copernicus-platform/frontend/public/shapes/ne_10m_land/ne_10m_land.shp"", ""land_buffer_degrees"": 0.0, ""valid_geolocation_points"": 16384, ""land_points"": 0, ""water_points"": 16384, ""land_fraction"": 0.0, ""water_fraction"": 1.0, ""valid_pixels_before_land_mask"": 597529, ""valid_pixels_after_land_mask"": 597529, ""pixels_masked_by_land"": 0, ""valid_water_fraction"": 1.0, ""land_skip_threshold"": 0.99, ""min_water_fraction"": 0.01, ""skip_land_tiles"": true, ""skipped"": false, ""reason"": ""water_candidate"", ""message"": ""CFAR restrito aos pixels de água.""}",natural_earth_land_point_mask,-22.95294022621955,-40.72502898308527,25.729999542236328,17.020000457763672,14.34000015258789,27,P028,patch_0028_VV,,,"{""row"": 1461, ""col"": 1206, ""row_resampled"": 487, ""col_resampled"": 402}",VV,"{""x0"": 1840, ""y0"": 3840, ""x1"": 4160, ""y1"": 6160}","{""west"": -40.85041976127915, ""south"": -23.05556192027483, ""east"": -40.576932545025166, ""north"": -22.79860128234429}",EPSG:4326,"[0.00011219933721810632, 0.0, -42.96506122599693, 0.0, -0.00011934673118661465, -22.43860448952637, 0.0, 0.0, 1.0]",,cfar,,S1C_IW_GRDH_1SDV_20260810T081331_20260810T081359_008930_011B7A_6FB2,14.23,,1.0,1.0,1.0,,,1.35,fallback
6,3.0,"{""row_min"": 1980, ""row_max"": 1995, ""col_min"": 1911, ""col_max"": 1914}","{""x0"": 2000, ""y0"": 4000, ""x1"": 4000, ""y1"": 6000}","{""west"": -40.8315304099152, ""south"": -23.037838390929426, ""east"": -40.595785227869044, ""north"": -22.81633876417934}",cfar,,,,,geolocation_grid,,"{""type"": ""Polygon"", ""coordinates"": [[[-40.803870080275296, -22.98380933114663], [-40.804154056999764, -22.983744010159935], [-40.804505090931855, -22.985079612097806], [-40.80422111154291, -22.985144933733203], [-40.803870080275296, -22.98380933114663]]]}",snap_geolocation_grid,patch_0028_VV_sigma0_preproc.tif,"{""row"": 5826, ""col"": 3754}",160,32,linear,0.0,"{""enabled"": true, ""applied"": true, ""status"": ""ok"", ""stage"": ""cfar_water_mask"", ""resampled_shape"": [773, 773], ""sample_shape"": [128, 128], ""sample_max_dim"": 128, ""available"": true, ""method"": ""natural_earth_land_point_mask"", ""bounds_lonlat"": {""west"": -40.8315304099152, ""south"": -23.037838390929426, ""east"": -40.595785227869044, ""north"": -22.81633876417934}, ""mask_path"": ""/content/sismom_colab_work_v2/sources/api/copernicus_meta_1-main/copernicus-platform/frontend/public/shapes/ne_10m_land/ne_10m_land.shp"", ""land_buffer_degrees"": 0.0, ""valid_geolocation_points"": 16384, ""land_points"": 0, ""water_points"": 16384, ""land_fraction"": 0.0, ""water_fraction"": 1.0, ""valid_pixels_before_land_mask"": 597529, ""valid_pixels_after_land_mask"": 597529, ""pixels_masked_by_land"": 0, ""valid_water_fraction"": 1.0, ""land_skip_threshold"": 0.99, ""min_water_fraction"": 0.01, ""skip_land_tiles"": true, ""skipped"": false, ""reason"": ""water_candidate"", ""message"": ""CFAR restrito aos pixels de água.""}",natural_earth_land_point_mask,-22.98427825093508,-40.80429447057187,1.0299999713897705,-2.1700000762939453,-4.949999809265137,27,P028,patch_0028_VV,,,"{""row"": 1986, ""col"": 1914, ""row_resampled"": 662, ""col_resampled"": 638}",VV,"{""x0"": 1840, ""y0"": 3840, ""x1"": 4160, ""y1"": 6160}","{""west"": -40.85041976127915, ""south"": -23.05556192027483, ""east"": -40.576932545025166, ""north"": -22.79860128234429}",EPSG:4326,"[0.00011219933721810632, 0.0, -42.96506122599693, 0.0, -0.00011934673118661465, -22.43860448952637, 0.0, 0.0, 1.0]",,cfar,,S1C_IW_GRDH_1SDV_20260810T081331_20260810T081359_008930_011B7A_6FB2,-6.8,,1.0,1.0,1.0,,,1.35,fallback
14,1.0,"{""row_min"": 1941, ""row_max"": 1956, ""col_min"": 1236, ""col_max"": 1251}","{""x0"": 14000, ""y0"": 4000, ""x1"": 16000, ""y1"": 6000}","{""west"": -41.96508713609784, ""south"": -22.77330341833844, ""east"": -41.72871426517463, ""north"": -22.55071158097876}",cfar,,,,,geolocation_grid,,"{""type"": ""Polygon"", ""coordinates"": [[[-41.87281308910316, -22.729815817915462], [-41.874227717890214, -22.729479663443517], [-41.874588487776485, -22.73081248650199], [-41.873173846228966, -22.731148644938216], [-41.87281308910316, -22.729815817915462]]]}",snap_geolocation_grid,patch_0034_VV_sigma0_preproc.tif,"{""row"": 5790, ""col"": 15082}",160,33,linear,0.02392578125,"{""enabled"": true, ""applied"": true, ""status"": ""ok"", ""stage"": ""cfar_water_mask"", ""resampled_shape"": [773, 773], ""sample_shape"": [128, 128], ""sample_max_dim"": 128, ""available"": true, ""method"": ""natural_earth_land_point_mask"", ""bounds_lonlat"": {""west"": -41.96508713609784, ""south"": -22.77330341833844, ""east"": -41.72871426517463, ""north"": -22.55071158097876}, ""mask_path"": ""/content/sismom_colab_work_v2/sources/api/copernicus_meta_1-main/copernicus-platform/frontend/public/shapes/ne_10m_land/ne_10m_land.shp"", ""land_buffer_degrees"": 0.0, ""valid_geolocation_points"": 16384, ""land_points"": 392, ""water_points"": 15992, ""land_fraction"": 0.02392578125, ""water_fraction"": 0.97607421875, ""valid_pixels_before_land_mask"": 597529, ""valid_pixels_after_land_mask"": 583867, ""pixels_masked_by_land"": 13662, ""valid_water_fraction"": 0.9771358377585021, ""land_skip_threshold"": 0.99, ""min_water_fraction"": 0.01, ""skip_land_tiles"": true, ""skipped"": false, ""reason"": ""water_candidate"", ""message"": ""CFAR restrito aos pixels de água.""}",natural_earth_land_point_mask,-22.73048105138891,-41.873595397955974,-3.5999999046325684,-7.110000133514404,-9.539999961853027,33,P034,patch_0034_VV,,,"{""row"": 1950, ""col"": 1242, ""row_resampled"": 650, ""col_resampled"": 414}",VV,"{""x0"": 13840, ""y0"": 3840, ""x1"": 16160, ""y1"": 6160}","{""west"": -41.98403021113366, ""south"": -22.791098890211565, ""east"": -41.70980773291354, ""north"": -22.532859197158427}",EPSG:4326,"[0.00011219933721810632, 0.0, -41.61866917937965, 0.0, -0.00011934673118661465, -22.43860448952637, 0.0, 0.0, 1.0]",,cfar,,S1C_IW_GRDH_1SDV_20260810T081331_20260810T081359_008930_011B7A_6FB2,-12.17,,1.0,0.9771358377585021,0.97607421875,,,1.35,fallback
39,2.3333,"{""row_min"": 1974, ""row_max"": 2013, ""col_min"": 1722, ""col_max"": 1737}","{""x0"": 14000, ""y0"": 4000, ""x1"": 16000, ""y1"": 6000}","{""west"": -41.96508713609784, ""south"": -22.77330341833844, ""east"": -41.72871426517463, ""north"": -22.55071158097876}",cfar,,,,,geolocation_grid,,"{""type"": ""Polygon"", ""coordinates"": [[[-41.919430999215834, -22.72183603680642], [-41.92084509198773, -22.72149879504168], [-41.92178415723766, -22.7249638010431], [-41.9203700318634, -22.725301053114958], [-41.919430999215834, -22.72183603680642]]]}",snap_geolocation_grid,patch_0034_VV_sigma0_preproc.tif,"{""row"": 5832, ""col"": 15568}",160,34,linear,0.02392578125,"{""enabled"": true, ""applied"": true, ""status"": ""ok"", ""stage"": ""cfar_water_mask"", ""resampled_shape"": [773, 773], ""sample_shape"": [128, 128], ""sample_max_dim"": 128, ""available"": true, ""method"": ""natural_earth_land_point_mask"", ""bounds_lonlat"": {""west"": -41.96508713609784, ""south"": -22.77330341833844, ""east"": -41.72871426517463, ""north"": -22.55071158097876}, ""mask_path"": ""/content/sismom_colab_work_v2/sources/api/copernicus_meta_1-main/copernicus-platform/frontend/public/shapes/ne_10m_land/ne_10m_land.shp"", ""land_buffer_degrees"": 0.0, ""valid_geolocation_points"": 16384, ""land_points"": 392, ""water_points"": 15992, ""land_fraction"": 0.02392578125, ""water_fraction"": 0.97607421875, ""valid_pixels_before_land_mask"": 597529, ""valid_pixels_after_land_mask"": 583867, ""pixels_masked_by_land"": 13662, ""valid_water_fraction"": 0.9771358377585021, ""land_skip_threshold"": 0.99, ""min_water_fraction"": 0.01, ""skip_land_tiles"": true, ""skipped"": false, ""reason"": ""water_candidate"", ""message"": ""CFAR restrito aos pixels de água.""}",natural_earth_land_point_mask,-22.723300376493917,-41.920430041983565,1.0199999809265137,-4.909999847412109,-9.430000305175781,33,P034,patch_0034_VV,,,"{""row"": 1992, ""col"": 1728, ""row_resampled"": 664, ""col_resampled"": 576}",VV,"{""x0"": 13840, ""y0"": 3840, ""x1"": 16160, ""y1"": 6160}","{""west"": -41.98403021113366, ""south"": -22.791098890211565, ""east"": -41.70980773291354, ""north"": -22.532859197158427}",EPSG:4326,"[0.00011219933721810632, 0.0, -41.61866917937965, 0.0, -0.00011934673118661465, -22.43860448952637, 0.0, 0.0, 1.0]",,cfar,,S1C_IW_GRDH_1SDV_20260810T081331_20260810T081359_008930_011B7A_6FB2,-9.67,,1.0,0.9771358377585021,0.97607421875,,,1.35,fallback
3,1.0,"{""row_min"": 1983, ""row_max"": 1986, ""col_min"": 1764, ""col_max"": 1767}","{""x0"": 14000, ""y0"": 4000, ""x1"": 16000, ""y1"": 6000}","{""west"": -41.96508713609784, ""south"": -22.77330341833844, ""east"": -41.72871426517463, ""north"": -22.55071158097876}",cfar,,,,,geolocation_grid,,"{""type"": ""Polygon"", ""coordinates"": [[[-41.923607180006655, -22.72169137235329], [-41.92389000007955, -22.721623923524632], [-41.92396224088369, -22.72189046086211], [-41.923679420309206, -22.721957909849337], [-41.923607180006655, -22.72169137235329]]]}",snap_geolocation_grid,patch_0034_VV_sigma0_preproc.tif,"{""row"": 5826, ""col"": 15604}",160,35,linear,0.02392578125,"{""enabled"": true, ""applied"": true, ""status"": ""ok"", ""stage"": ""cfar_water_mask"", ""resampled_shape"": [773, 773], ""sample_shape"": [128, 128], ""sample_max_dim"": 128, ""available"": true, ""method"": ""natural_earth_land_point_mask"", ""bounds_lonlat"": {""west"": -41.96508713609784, ""south"": -22.77330341833844, ""east"": -41.72871426517463, ""north"": -22.55071158097876}, ""mask_path"": ""/content/sismom_colab_work_v2/sources/api/copernicus_meta_1-main/copernicus-platform/frontend/public/shapes/ne_10m_land/ne_10m_land.shp"", ""land_buffer_degrees"": 0.0, ""valid_geolocation_points"": 16384, ""land_points"": 392, ""water_points"": 15992, ""land_fraction"": 0.02392578125, ""water_fraction"": 0.97607421875, ""valid_pixels_before_land_mask"": 597529, ""valid_pixels_after_land_mask"": 583867, ""pixels_masked_by_land"": 13662, ""valid_water_fraction"": 0.9771358377585021, ""land_skip_threshold"": 0.99, ""min_water_fraction"": 0.01, ""skip_land_tiles"": true, ""skipped"": false, ""reason"": ""water_candidate"", ""message"": ""CFAR restrito aos pixels de água.""}",natural_earth_land_point_mask,-22.721957909849337,-41.923679420309206,-7.130000114440918,-8.479999542236328,-9.289999961853027,33,P034,patch_0034_VV,,,"{""row"": 1986, ""col"": 1764, ""row_resampled"": 662, ""col_resampled"": 588}",VV,"{""x0"": 13840, ""y0"": 3840, ""x1"": 16160, ""y1"": 6160}","{""west"": -41.98403021113366, ""south"": -22.791098890211565, ""east"": -41.70980773291354, ""north"": -22.532859197158427}",EPSG:4326,"[0.00011219933721810632, 0.0, -41.61866917937965, 0.0, -0.00011934673118661465, -22.43860448952637, 0.0, 0.0, 1.0]",,cfar,,S1C_IW_GRDH_1SDV_20260810T081331_20260810T081359_008930_011B7A_6FB2,-9.98,,1.0,0.9771358377585021,0.97607421875,,,1.35,fallback
6,1.3333,"{""row_min"": 1986, ""row_max"": 1995, ""col_min"": 1737, ""col_max"": 1743}","{""x0"": 14000, ""y0"": 4000, ""x1"": 16000, ""y1"": 6000}","{""west"": -41.96508713609784, ""south"": -22.77330341833844, ""east"": -41.72871426517463, ""north"": -22.55071158097876}",cfar,,,,,geolocation_grid,,"{""type"": ""Polygon"", ""coordinates"": [[[-41.92113403513895, -22.722564950734427], [-41.92169967628789, -22.72243005275996], [-41.9219163866636, -22.723229668578096], [-41.92135074250519, -22.72336456750398], [-41.92113403513895, -22.722564950734427]]]}",snap_geolocation_grid,patch_0034_VV_sigma0_preproc.tif,"{""row"": 5832, ""col"": 15580}",160,36,linear,0.02392578125,"{""enabled"": true, ""applied"": true, ""status"": ""ok"", ""stage"": ""cfar_water_mask"", ""resampled_shape"": [773, 773], ""sample_shape"": [128, 128], ""sample_max_dim"": 128, ""available"": true, ""method"": ""natural_earth_land_point_mask"", ""bounds_lonlat"": {""west"": -41.96508713609784, ""south"": -22.77330341833844, ""east"": -41.72871426517463, ""north"": -22.55071158097876}, ""mask_path"": ""/content/sismom_colab_work_v2/sources/api/copernicus_meta_1-main/copernicus-platform/frontend/public/shapes/ne_10m_land/ne_10m_land.shp"", ""land_buffer_degrees"": 0.0, ""valid_geolocation_points"": 16384, ""land_points"": 392, ""water_points"": 15992, ""land_fraction"": 0.02392578125, ""water_fraction"": 0.97607421875, ""valid_pixels_before_land_mask"": 597529, ""valid_pixels_after_land_mask"": 583867, ""pixels_masked_by_land"": 13662, ""valid_water_fraction"": 0.9771358377585021, ""land_skip_threshold"": 0.99, ""min_water_fraction"": 0.01, ""skip_land_tiles"": true, ""skipped"": false, ""reason"": ""water_candidate"", ""message"": ""CFAR restrito aos pixels de água.""}",natural_earth_land_point_mask,-22.723030579276422,-41.92156132829407,-5.199999809265137,-7.960000038146973,-9.65999984741211,33,P034,patch_0034_VV,,,"{""row"": 1992, ""col"": 1740, ""row_resampled"": 664, ""col_resampled"": 580}",VV,"{""x0"": 13840, ""y0"": 3840, ""x1"": 16160, ""y1"": 6160}","{""west"": -41.98403021113366, ""south"": -22.791098890211565, ""east"": -41.70980773291354, ""north"": -22.532859197158427}",EPSG:4326,"[0.00011219933721810632, 0.0, -41.61866917937965, 0.0, -0.00011934673118661465, -22.43860448952637, 0.0, 0.0, 1.0]",,cfar,,S1C_IW_GRDH_1SDV_20260810T081331_20260810T081359_008930_011B7A_6FB2,-9.8,,1.0,0.9771358377585021,0.97607421875,,,1.35,fallback
28,1.3333,"{""row_min"": 1986, ""row_max"": 2010, ""col_min"": 1749, ""col_max"": 1782}","{""x0"": 14000, ""y0"": 4000, ""x1"": 16000, ""y1"": 6000}","{""west"": -41.96508713609784, ""south"": -22.77330341833844, ""east"": -41.72871426517463, ""north"": -22.55071158097876}",cfar,,,,,geolocation_grid,,"{""type"": ""Polygon"", ""coordinates"": [[[-41.92226531743684, -22.7222951547855], [-41.92537634375605, -22.721553215925947], [-41.92595429025512, -22.723685508282912], [-41.92284321979723, -22.724427461096713], [-41.92226531743684, -22.7222951547855]]]}",snap_geolocation_grid,patch_0034_VV_sigma0_preproc.tif,"{""row"": 5838, ""col"": 15604}",160,37,linear,0.02392578125,"{""enabled"": true, ""applied"": true, ""status"": ""ok"", ""stage"": ""cfar_water_mask"", ""resampled_shape"": [773, 773], ""sample_shape"": [128, 128], ""sample_max_dim"": 128, ""available"": true, ""method"": ""natural_earth_land_point_mask"", ""bounds_lonlat"": {""west"": -41.96508713609784, ""south"": -22.77330341833844, ""east"": -41.72871426517463, ""north"": -22.55071158097876}, ""mask_path"": ""/content/sismom_colab_work_v2/sources/api/copernicus_meta_1-main/copernicus-platform/frontend/public/shapes/ne_10m_land/ne_10m_land.shp"", ""land_buffer_degrees"": 0.0, ""valid_geolocation_points"": 16384, ""land_points"": 392, ""water_points"": 15992, ""land_fraction"": 0.02392578125, ""water_fraction"": 0.97607421875, ""valid_pixels_before_land_mask"": 597529, ""valid_pixels_after_land_mask"": 583867, ""pixels_masked_by_land"": 13662, ""valid_water_fraction"": 0.9771358377585021, ""land_skip_threshold"": 0.99, ""min_water_fraction"": 0.01, ""skip_land_tiles"": true, ""skipped"": false, ""reason"": ""water_candidate"", ""message"": ""CFAR restrito aos pixels de água.""}",natural_earth_land_point_mask,-22.723024059833524,-41.92396838152092,-3.0999999046325684,-7.320000171661377,-9.8100004196167,33,P034,patch_0034_VV,,,"{""row"": 1998, ""col"": 1764, ""row_resampled"": 666, ""col_resampled"": 588}",VV,"{""x0"": 13840, ""y0"": 3840, ""x1"": 16160, ""y1"": 6160}","{""west"": -41.98403021113366, ""south"": -22.791098890211565, ""east"": -41.70980773291354, ""north"": -22.532859197158427}",EPSG:4326,"[0.00011219933721810632, 0.0, -41.61866917937965, 0.0, -0.00011934673118661465, -22.43860448952637, 0.0, 0.0, 1.0]",,cfar,,S1C_IW_GRDH_1SDV_20260810T081331_20260810T081359_008930_011B7A_6FB2,-9.87,,1.0,0.9771358377585021,0.97607421875,,,1.35,fallback
7,1.0,"{""row_min"": 2004, ""row_max"": 2013, ""col_min"": 1743, ""col_max"": 1752}","{""x0"": 14000, ""y0"": 4000, ""x1"": 16000, ""y1"": 6000}","{""west"": -41.96508713609784, ""south"": -22.77330341833844, ""east"": -41.72871426517463, ""north"": -22.55071158097876}",cfar,,,,,geolocation_grid,,"{""type"": ""Polygon"", ""coordinates"": [[[-41.92213309703928, -22.724029284396224], [-41.92298156779106, -22.72382693458025], [-41.92319828268094, -22.724626548971244], [-41.92234980741497, -22.72482890021436], [-41.92213309703928, -22.724029284396224]]]}",snap_geolocation_grid,patch_0034_VV_sigma0_preproc.tif,"{""row"": 5850, ""col"": 15586}",160,38,linear,0.02392578125,"{""enabled"": true, ""applied"": true, ""status"": ""ok"", ""stage"": ""cfar_water_mask"", ""resampled_shape"": [773, 773], ""sample_shape"": [128, 128], ""sample_max_dim"": 128, ""available"": true, ""method"": ""natural_earth_land_point_mask"", ""bounds_lonlat"": {""west"": -41.96508713609784, ""south"": -22.77330341833844, ""east"": -41.72871426517463, ""north"": -22.55071158097876}, ""mask_path"": ""/content/sismom_colab_work_v2/sources/api/copernicus_meta_1-main/copernicus-platform/frontend/public/shapes/ne_10m_land/ne_10m_land.shp"", ""land_buffer_degrees"": 0.0, ""valid_geolocation_points"": 16384, ""land_points"": 392, ""water_points"": 15992, ""land_fraction"": 0.02392578125, ""water_fraction"": 0.97607421875, ""valid_pixels_before_land_mask"": 597529, ""valid_pixels_after_land_mask"": 583867, ""pixels_masked_by_land"": 13662, ""valid_water_fraction"": 0.9771358377585021, ""land_skip_threshold"": 0.99, ""min_water_fraction"": 0.01, ""skip_land_tiles"": true, ""skipped"": false, ""reason"": ""water_candidate"", ""message"": ""CFAR restrito aos pixels de água.""}",natural_earth_land_point_mask,-22.724494911352515,-41.92256039521016,-6.579999923706055,-8.260000228881836,-9.65999984741211,33,P034,patch_0034_VV,,,"{""row"": 2010, ""col"": 1746, ""row_resampled"": 670, ""col_resampled"": 582}",VV,"{""x0"": 13840, ""y0"": 3840, ""x1"": 16160, ""y1"": 6160}","{""west"": -41.98403021113366, ""south"": -22.791098890211565, ""east"": -41.70980773291354, ""north"": -22.532859197158427}",EPSG:4326,"[0.00011219933721810632, 0.0, -41.61866917937965, 0.0, -0.00011934673118661465, -22.43860448952637, 0.0, 0.0, 1.0]",,cfar,,S1C_IW_GRDH_1SDV_20260810T081331_20260810T081359_008930_011B7A_6FB2,-10.01,,1.0,0.9771358377585021,0.97607421875,,,1.35,fallback
3,3.0,"{""row_min"": 2025, ""row_max"": 2031, ""col_min"": 1194, ""col_max"": 1194}","{""x0"": 14000, ""y0"": 4000, ""x1"": 16000, ""y1"": 6000}","{""west"": -41.96508713609784, ""south"": -22.77330341833844, ""east"": -41.72871426517463, ""north"": -22.55071158097876}",cfar,,,,,geolocation_grid,,"{""type"": ""Polygon"", ""coordinates"": [[[-41.87087216803107, -22.738220943924162], [-41.87087216803107, -22.738220943924162], [-41.871016456591825, -22.738754079173255], [-41.871016456591825, -22.738754079173255], [-41.87087216803107, -22.738220943924162]]]}",snap_geolocation_grid,patch_0034_VV_sigma0_preproc.tif,"{""row"": 5868, ""col"": 15034}",160,39,linear,0.02392578125,"{""enabled"": true, ""applied"": true, ""status"": ""ok"", ""stage"": ""cfar_water_mask"", ""resampled_shape"": [773, 773], ""sample_shape"": [128, 128], ""sample_max_dim"": 128, ""available"": true, ""method"": ""natural_earth_land_point_mask"", ""bounds_lonlat"": {""west"": -41.96508713609784, ""south"": -22.77330341833844, ""east"": -41.72871426517463, ""north"": -22.55071158097876}, ""mask_path"": ""/content/sismom_colab_work_v2/sources/api/copernicus_meta_1-main/copernicus-platform/frontend/public/shapes/ne_10m_land/ne_10m_land.shp"", ""land_buffer_degrees"": 0.0, ""valid_geolocation_points"": 16384, ""land_points"": 392, ""water_points"": 15992, ""land_fraction"": 0.02392578125, ""water_fraction"": 0.97607421875, ""valid_pixels_before_land_mask"": 597529, ""valid_pixels_after_land_mask"": 583867, ""pixels_masked_by_land"": 13662, ""valid_water_fraction"": 0.9771358377585021, ""land_skip_threshold"": 0.99, ""min_water_fraction"": 0.01, ""skip_land_tiles"": true, ""skipped"": false, ""reason"": ""water_candidate"", ""message"": ""CFAR restrito aos pixels de água.""}",natural_earth_land_point_mask,-22.738487511548705,-41.87094431231145,-7.329999923706055,-7.519999980926514,-7.78000020980835,33,P034,patch_0034_VV,,,"{""row"": 2028, ""col"": 1194, ""row_resampled"": 676, ""col_resampled"": 398}",VV,"{""x0"": 13840, ""y0"": 3840, ""x1"": 16160, ""y1"": 6160}","{""west"": -41.98403021113366, ""south"": -22.791098890211565, ""east"": -41.70980773291354, ""north"": -22.532859197158427}",EPSG:4326,"[0.00011219933721810632, 0.0, -41.61866917937965, 0.0, -0.00011934673118661465, -22.43860448952637, 0.0, 0.0, 1.0]",,cfar,,S1C_IW_GRDH_1SDV_20260810T081331_20260810T081359_008930_011B7A_6FB2,-7.68,,1.0,0.9771358377585021,0.97607421875,,,1.35,fallback
4,4.0,"{""row_min"": 2046, ""row_max"": 2055, ""col_min"": 1176, ""col_max"": 1176}","{""x0"": 14000, ""y0"": 4000, ""x1"": 16000, ""y1"": 6000}","{""west"": -41.96508713609784, ""south"": -22.77330341833844, ""east"": -41.72871426517463, ""north"": -22.55071158097876}",cfar,,,,,geolocation_grid,,"{""type"": ""Polygon"", ""coordinates"": [[[-41.86967951601304, -22.74049033596223], [-41.86967951601304, -22.74049033596223], [-41.869895939668915, -22.741290041690142], [-41.869895939668915, -22.741290041690142], [-41.86967951601304, -22.74049033596223]]]}",snap_geolocation_grid,patch_0034_VV_sigma0_preproc.tif,"{""row"": 5892, ""col"": 15016}",160,40,linear,0.02392578125,"{""enabled"": true, ""applied"": true, ""status"": ""ok"", ""stage"": ""cfar_water_mask"", ""resampled_shape"": [773, 773], ""sample_shape"": [128, 128], ""sample_max_dim"": 128, ""available"": true, ""method"": ""natural_earth_land_point_mask"", ""bounds_lonlat"": {""west"": -41.96508713609784, ""south"": -22.77330341833844, ""east"": -41.72871426517463, ""north"": -22.55071158097876}, ""mask_path"": ""/content/sismom_colab_work_v2/sources/api/copernicus_meta_1-main/copernicus-platform/frontend/public/shapes/ne_10m_land/ne_10m_land.shp"", ""land_buffer_degrees"": 0.0, ""valid_geolocation_points"": 16384, ""land_points"": 392, ""water_points"": 15992, ""land_fraction"": 0.02392578125, ""water_fraction"": 0.97607421875, ""valid_pixels_before_land_mask"": 597529, ""valid_pixels_after_land_mask"": 583867, ""pixels_masked_by_land"": 13662, ""valid_water_fraction"": 0.9771358377585021, ""land_skip_threshold"": 0.99, ""min_water_fraction"": 0.01, ""skip_land_tiles"": true, ""skipped"": false, ""reason"": ""water_candidate"", ""message"": ""CFAR restrito aos pixels de água.""}",natural_earth_land_point_mask,-22.741023473114172,-41.86982379845007,-3.4000000953674316,-5.619999885559082,-6.949999809265137,33,P034,patch_0034_VV,,,"{""row"": 2052, ""col"": 1176, ""row_resampled"": 684, ""col_resampled"": 392}",VV,"{""x0"": 13840, ""y0"": 3840, ""x1"": 16160, ""y1"": 6160}","{""west"": -41.98403021113366, ""south"": -22.791098890211565, ""east"": -41.70980773291354, ""north"": -22.532859197158427}",EPSG:4326,"[0.00011219933721810632, 0.0, -41.61866917937965, 0.0, -0.00011934673118661465, -22.43860448952637, 0.0, 0.0, 1.0]",,cfar,,S1C_IW_GRDH_1SDV_20260810T081331_20260810T081359_008930_011B7A_6FB2,-7.75,,1.0,0.9771358377585021,0.97607421875,,,1.35,fallback
5,2.5,"{""row_min"": 2049, ""row_max"": 2061, ""col_min"": 1155, ""col_max"": 1158}","{""x0"": 14000, ""y0"": 4000, ""x1"": 16000, ""y1"": 6000}","{""west"": -41.96508713609784, ""south"": -22.77330341833844, ""east"": -41.72871426517463, ""north"": -22.55071158097876}",cfar,,,,,geolocation_grid,,"{""type"": ""Polygon"", ""coordinates"": [[[-41.86777104801419, -22.74122756075883], [-41.868053992188045, -22.74116032415588], [-41.86834254481337, -22.742226602265468], [-41.868059598597824, -22.742293839502704], [-41.86777104801419, -22.74122756075883]]]}",snap_geolocation_grid,patch_0034_VV_sigma0_preproc.tif,"{""row"": 5895, ""col"": 14998}",160,41,linear,0.02392578125,"{""enabled"": true, ""applied"": true, ""status"": ""ok"", ""stage"": ""cfar_water_mask"", ""resampled_shape"": [773, 773], ""sample_shape"": [128, 128], ""sample_max_dim"": 128, ""available"": true, ""method"": ""natural_earth_land_point_mask"", ""bounds_lonlat"": {""west"": -41.96508713609784, ""south"": -22.77330341833844, ""east"": -41.72871426517463, ""north"": -22.55071158097876}, ""mask_path"": ""/content/sismom_colab_work_v2/sources/api/copernicus_meta_1-main/copernicus-platform/frontend/public/shapes/ne_10m_land/ne_10m_land.shp"", ""land_buffer_degrees"": 0.0, ""valid_geolocation_points"": 16384, ""land_points"": 392, ""water_points"": 15992, ""land_fraction"": 0.02392578125, ""water_fraction"": 0.97607421875, ""valid_pixels_before_land_mask"": 597529, ""valid_pixels_after_land_mask"": 583867, ""pixels_masked_by_land"": 13662, ""valid_water_fraction"": 0.9771358377585021, ""land_skip_threshold"": 0.99, ""min_water_fraction"": 0.01, ""skip_land_tiles"": true, ""skipped"": false, ""reason"": ""water_candidate"", ""message"": ""CFAR restrito aos pixels de água.""}",natural_earth_land_point_mask,-22.74169346321068,-41.86819826850071,-1.9900000095367432,-5.369999885559082,-7.340000152587891,33,P034,patch_0034_VV,,,"{""row"": 2055, ""col"": 1158, ""row_resampled"": 685, ""col_resampled"": 386}",VV,"{""x0"": 13840, ""y0"": 3840, ""x1"": 16160, ""y1"": 6160}","{""west"": -41.98403021113366, ""south"": -22.791098890211565, ""east"": -41.70980773291354, ""north"": -22.532859197158427}",EPSG:4326,"[0.00011219933721810632, 0.0, -41.61866917937965, 0.0, -0.00011934673118661465, -22.43860448952637, 0.0, 0.0, 1.0]",,cfar,,S1C_IW_GRDH_1SDV_20260810T081331_20260810T081359_008930_011B7A_6FB2,-7.35,,1.0,0.9771358377585021,0.97607421875,,,1.35,fallback
7,1.0,"{""row_min"": 2061, ""row_max"": 2070, ""col_min"": 1161, ""col_max"": 1170}","{""x0"": 14000, ""y0"": 4000, ""x1"": 16000, ""y1"": 6000}","{""west"": -41.96508713609784, ""south"": -22.77330341833844, ""east"": -41.72871426517463, ""north"": -22.55071158097876}",cfar,,,,,geolocation_grid,,"{""type"": ""Polygon"", ""coordinates"": [[[-41.8686254910289, -22.74215936502824], [-41.86947432967552, -22.741957653316547], [-41.869690750269534, -22.742757359995885], [-41.86884190702915, -22.742959073134717], [-41.8686254910289, -22.74215936502824]]]}",snap_geolocation_grid,patch_0034_VV_sigma0_preproc.tif,"{""row"": 5904, ""col"": 15004}",160,42,linear,0.02392578125,"{""enabled"": true, ""applied"": true, ""status"": ""ok"", ""stage"": ""cfar_water_mask"", ""resampled_shape"": [773, 773], ""sample_shape"": [128, 128], ""sample_max_dim"": 128, ""available"": true, ""method"": ""natural_earth_land_point_mask"", ""bounds_lonlat"": {""west"": -41.96508713609784, ""south"": -22.77330341833844, ""east"": -41.72871426517463, ""north"": -22.55071158097876}, ""mask_path"": ""/content/sismom_colab_work_v2/sources/api/copernicus_meta_1-main/copernicus-platform/frontend/public/shapes/ne_10m_land/ne_10m_land.shp"", ""land_buffer_degrees"": 0.0, ""valid_geolocation_points"": 16384, ""land_points"": 392, ""water_points"": 15992, ""land_fraction"": 0.02392578125, ""water_fraction"": 0.97607421875, ""valid_pixels_before_land_mask"": 597529, ""valid_pixels_after_land_mask"": 583867, ""pixels_masked_by_land"": 13662, ""valid_water_fraction"": 0.9771358377585021, ""land_skip_threshold"": 0.99, ""min_water_fraction"": 0.01, ""skip_land_tiles"": true, ""skipped"": false, ""reason"": ""water_candidate"", ""message"": ""CFAR restrito aos pixels de água.""}",natural_earth_land_point_mask,-22.742358697001258,-41.86898057642161,-0.7900000214576721,-3.930000066757202,-6.119999885559082,33,P034,patch_0034_VV,,,"{""row"": 2064, ""col"": 1164, ""row_resampled"": 688, ""col_resampled"": 388}",VV,"{""x0"": 13840, ""y0"": 3840, ""x1"": 16160, ""y1"": 6160}","{""west"": -41.98403021113366, ""south"": -22.791098890211565, ""east"": -41.70980773291354, ""north"": -22.532859197158427}",EPSG:4326,"[0.00011219933721810632, 0.0, -41.61866917937965, 0.0, -0.00011934673118661465, -22.43860448952637, 0.0, 0.0, 1.0]",,cfar,,S1C_IW_GRDH_1SDV_20260810T081331_20260810T081359_008930_011B7A_6FB2,-6.42,,1.0,0.9771358377585021,0.97607421875,,,1.35,fallback
5,1.5,"{""row_min"": 2076, ""row_max"": 2082, ""col_min"": 1164, ""col_max"": 1167}","{""x0"": 14000, ""y0"": 4000, ""x1"": 16000, ""y1"": 6000}","{""west"": -41.96508713609784, ""south"": -22.77330341833844, ""east"": -41.72871426517463, ""north"": -22.55071158097876}",cfar,,,,,geolocation_grid,,"{""type"": ""Polygon"", ""coordinates"": [[[-41.869269133130274, -22.74342497384228], [-41.869552081897915, -22.743357735812197], [-41.869696361273085, -22.743890873915564], [-41.869413411484615, -22.74395811226279], [-41.869269133130274, -22.74342497384228]]]}",snap_geolocation_grid,patch_0034_VV_sigma0_preproc.tif,"{""row"": 5919, ""col"": 15004}",160,43,linear,0.02392578125,"{""enabled"": true, ""applied"": true, ""status"": ""ok"", ""stage"": ""cfar_water_mask"", ""resampled_shape"": [773, 773], ""sample_shape"": [128, 128], ""sample_max_dim"": 128, ""available"": true, ""method"": ""natural_earth_land_point_mask"", ""bounds_lonlat"": {""west"": -41.96508713609784, ""south"": -22.77330341833844, ""east"": -41.72871426517463, ""north"": -22.55071158097876}, ""mask_path"": ""/content/sismom_colab_work_v2/sources/api/copernicus_meta_1-main/copernicus-platform/frontend/public/shapes/ne_10m_land/ne_10m_land.shp"", ""land_buffer_degrees"": 0.0, ""valid_geolocation_points"": 16384, ""land_points"": 392, ""water_points"": 15992, ""land_fraction"": 0.02392578125, ""water_fraction"": 0.97607421875, ""valid_pixels_before_land_mask"": 597529, ""valid_pixels_after_land_mask"": 583867, ""pixels_masked_by_land"": 13662, ""valid_water_fraction"": 0.9771358377585021, ""land_skip_threshold"": 0.99, ""min_water_fraction"": 0.01, ""skip_land_tiles"": true, ""skipped"": false, ""reason"": ""water_candidate"", ""message"": ""CFAR restrito aos pixels de água.""}",natural_earth_land_point_mask,-22.743691543052535,-41.869341272307445,1.690000057220459,-2.119999885559082,-4.340000152587891,33,P034,patch_0034_VV,,,"{""row"": 2079, ""col"": 1164, ""row_resampled"": 693, ""col_resampled"": 388}",VV,"{""x0"": 13840, ""y0"": 3840, ""x1"": 16160, ""y1"": 6160}","{""west"": -41.98403021113366, ""south"": -22.791098890211565, ""east"": -41.70980773291354, ""north"": -22.532859197158427}",EPSG:4326,"[0.00011219933721810632, 0.0, -41.61866917937965, 0.0, -0.00011934673118661465, -22.43860448952637, 0.0, 0.0, 1.0]",,cfar,,S1C_IW_GRDH_1SDV_20260810T081331_20260810T081359_008930_011B7A_6FB2,-4.86,,1.0,0.9771358377585021,0.97607421875,,,1.35,fallback
3,1.5,"{""row_min"": 1695, ""row_max"": 1701, ""col_min"": 606, ""col_max"": 609}","{""x0"": 16000, ""y0"": 4000, ""x1"": 18000, ""y1"": 6000}","{""west"": -42.15823813818318, ""south"": -22.728423765430662, ""east"": -41.9176484057226, ""north"": -22.50399160991979}",cfar,,,,,geolocation_grid,,"{""type"": ""Polygon"", ""coordinates"": [[[-41.99608372670842, -22.67716655801538], [-41.99636660638814, -22.677099098324604], [-41.99650770220296, -22.67763293142442], [-41.996224829927485, -22.677700389399746], [-41.99608372670842, -22.67716655801538]]]}",snap_geolocation_grid,patch_0035_VV_sigma0_preproc.tif,"{""row"": 5538, ""col"": 16446}",160,44,linear,0.72381591796875,"{""enabled"": true, ""applied"": true, ""status"": ""ok"", ""stage"": ""cfar_water_mask"", ""resampled_shape"": [773, 773], ""sample_shape"": [128, 128], ""sample_max_dim"": 128, ""available"": true, ""method"": ""natural_earth_land_point_mask"", ""bounds_lonlat"": {""west"": -42.15823813818318, ""south"": -22.728423765430662, ""east"": -41.9176484057226, ""north"": -22.50399160991979}, ""mask_path"": ""/content/sismom_colab_work_v2/sources/api/copernicus_meta_1-main/copernicus-platform/frontend/public/shapes/ne_10m_land/ne_10m_land.shp"", ""land_buffer_degrees"": 0.0, ""valid_geolocation_points"": 16384, ""land_points"": 11859, ""water_points"": 4525, ""land_fraction"": 0.72381591796875, ""water_fraction"": 0.27618408203125, ""valid_pixels_before_land_mask"": 597529, ""valid_pixels_after_land_mask"": 164805, ""pixels_masked_by_land"": 432724, ""valid_water_fraction"": 0.2758108811455176, ""land_skip_threshold"": 0.99, ""min_water_fraction"": 0.01, ""skip_land_tiles"": true, ""skipped"": false, ""reason"": ""water_candidate"", ""message"": ""CFAR restrito aos pixels de água.""}",natural_earth_land_point_mask,-22.67743347370756,-41.99615427831796,-6.380000114440918,-8.3100004196167,-9.920000076293945,34,P035,patch_0035_VV,,,"{""row"": 1698, ""col"": 606, ""row_resampled"": 566, ""col_resampled"": 202}",VV,"{""x0"": 15840, ""y0"": 3840, ""x1"": 18160, ""y1"": 6160}","{""west"": -42.177127584735864, ""south"": -22.746236200272637, ""east"": -41.898657813656406, ""north"": -22.48608045143905}",EPSG:4326,"[0.00011219933721810632, 0.0, -41.394270504943435, 0.0, -0.00011934673118661465, -22.43860448952637, 0.0, 0.0, 1.0]",,cfar,,S1C_IW_GRDH_1SDV_20260810T081331_20260810T081359_008930_011B7A_6FB2,-12.78,,1.0,0.2758108811455176,0.27618408203125,,,1.35,fallback
3,1.5,"{""row_min"": 1908, ""row_max"": 1914, ""col_min"": 516, ""col_max"": 519}","{""x0"": 16000, ""y0"": 4000, ""x1"": 18000, ""y1"": 6000}","{""west"": -42.15823813818318, ""south"": -22.728423765430662, ""east"": -41.9176484057226, ""north"": -22.50399160991979}",cfar,,,,,geolocation_grid,,"{""type"": ""Polygon"", ""coordinates"": [[[-41.99269160397417, -22.698121755612963], [-41.99297441142046, -22.698054310748578], [-41.99311914448609, -22.698587305926583], [-41.99283633603662, -22.69865475110811], [-41.99269160397417, -22.698121755612963]]]}",snap_geolocation_grid,patch_0035_VV_sigma0_preproc.tif,"{""row"": 5751, ""col"": 16356}",160,45,linear,0.72381591796875,"{""enabled"": true, ""applied"": true, ""status"": ""ok"", ""stage"": ""cfar_water_mask"", ""resampled_shape"": [773, 773], ""sample_shape"": [128, 128], ""sample_max_dim"": 128, ""available"": true, ""method"": ""natural_earth_land_point_mask"", ""bounds_lonlat"": {""west"": -42.15823813818318, ""south"": -22.728423765430662, ""east"": -41.9176484057226, ""north"": -22.50399160991979}, ""mask_path"": ""/content/sismom_colab_work_v2/sources/api/copernicus_meta_1-main/copernicus-platform/frontend/public/shapes/ne_10m_land/ne_10m_land.shp"", ""land_buffer_degrees"": 0.0, ""valid_geolocation_points"": 16384, ""land_points"": 11859, ""water_points"": 4525, ""land_fraction"": 0.72381591796875, ""water_fraction"": 0.27618408203125, ""valid_pixels_before_land_mask"": 597529, ""valid_pixels_after_land_mask"": 164805, ""pixels_masked_by_land"": 432724, ""valid_water_fraction"": 0.2758108811455176, ""land_skip_threshold"": 0.99, ""min_water_fraction"": 0.01, ""skip_land_tiles"": true, ""skipped"": false, ""reason"": ""water_candidate"", ""message"": ""CFAR restrito aos pixels de água.""}",natural_earth_land_point_mask,-22.698388253360534,-41.99276397000539,-3.9000000953674316,-4.78000020980835,-5.75,34,P035,patch_0035_VV,,,"{""row"": 1911, ""col"": 516, ""row_resampled"": 637, ""col_resampled"": 172}",VV,"{""x0"": 15840, ""y0"": 3840, ""x1"": 18160, ""y1"": 6160}","{""west"": -42.177127584735864, ""south"": -22.746236200272637, ""east"": -41.898657813656406, ""north"": -22.48608045143905}",EPSG:4326,"[0.00011219933721810632, 0.0, -41.394270504943435, 0.0, -0.00011934673118661465, -22.43860448952637, 0.0, 0.0, 1.0]",,cfar,,S1C_IW_GRDH_1SDV_20260810T081331_20260810T081359_008930_011B7A_6FB2,-6.62,,1.0,0.2758108811455176,0.27618408203125,,,1.35,fallback
13,1.25,"{""row_min"": 1497, ""row_max"": 1509, ""col_min"": 1548, ""col_max"": 1557}","{""x0"": 4000, ""y0"": 6000, ""x1"": 6000, ""y1"": 8000}","{""west"": -41.067856199930866, ""south"": -23.172380469310646, ""east"": -40.83164845891714, ""north"": -22.950663955271153}",cfar,,,,,geolocation_grid,,"{""type"": ""Polygon"", ""coordinates"": [[[-40.994403926106756, -23.08306850817337], [-40.99525595009861, -23.082871055160858], [-40.99553793455949, -23.083939225104647], [-40.99468590450646, -23.08413667976053], [-40.994403926106756, -23.08306850817337]]]}",snap_geolocation_grid,patch_0042_VV_sigma0_preproc.tif,"{""row"": 7343, ""col"": 5394}",160,46,linear,0.0,"{""enabled"": true, ""applied"": true, ""status"": ""ok"", ""stage"": ""cfar_water_mask"", ""resampled_shape"": [773, 773], ""sample_shape"": [128, 128], ""sample_max_dim"": 128, ""available"": true, ""method"": ""natural_earth_land_point_mask"", ""bounds_lonlat"": {""west"": -41.067856199930866, ""south"": -23.172380469310646, ""east"": -40.83164845891714, ""north"": -22.950663955271153}, ""mask_path"": ""/content/sismom_colab_work_v2/sources/api/copernicus_meta_1-main/copernicus-platform/frontend/public/shapes/ne_10m_land/ne_10m_land.shp"", ""land_buffer_degrees"": 0.0, ""valid_geolocation_points"": 16384, ""land_points"": 0, ""water_points"": 16384, ""land_fraction"": 0.0, ""water_fraction"": 1.0, ""valid_pixels_before_land_mask"": 597529, ""valid_pixels_after_land_mask"": 597529, ""pixels_masked_by_land"": 0, ""valid_water_fraction"": 1.0, ""land_skip_threshold"": 0.99, ""min_water_fraction"": 0.01, ""skip_land_tiles"": true, ""skipped"": false, ""reason"": ""water_candidate"", ""message"": ""CFAR restrito aos pixels de água.""}",natural_earth_land_point_mask,-23.083470958077484,-40.99511293332157,10.260000228881836,-0.1599999964237213,-5.420000076293945,41,P042,patch_0042_VV,,,"{""row"": 1503, ""col"": 1554, ""row_resampled"": 501, ""col_resampled"": 518}",VV,"{""x0"": 3840, ""y0"": 5840, ""x1"": 6160, ""y1"": 8160}","{""west"": -41.0867857508314, ""south"": -23.190125779493613, ""east"": -40.81276213038688, ""north"": -22.932916523856143}",EPSG:4326,"[0.00011219933721810632, 0.0, -42.74066255156071, 0.0, -0.00011934673118661465, -22.677297951899597, 0.0, 0.0, 1.0]",,cfar,,S1C_IW_GRDH_1SDV_20260810T081331_20260810T081359_008930_011B7A_6FB2,-5.49,,1.0,1.0,1.0,,,1.35,fallback
15,1.1429,"{""row_min"": 1185, ""row_max"": 1206, ""col_min"": 1089, ""col_max"": 1107}","{""x0"": 14000, ""y0"": 6000, ""x1"": 16000, ""y1"": 8000}","{""west"": -42.0133239387902, ""south"": -22.951046856635628, ""east"": -41.77659045683866, ""north"": -22.728535090347002}",cfar,,,,,geolocation_grid,,"{""type"": ""Polygon"", ""coordinates"": [[[-41.8888581462636, -22.843649141446043], [-41.89055697118908, -22.843245361554956], [-41.89106187754642, -22.84511136711669], [-41.889363031183336, -22.84551515366776], [-41.8888581462636, -22.843649141446043]]]}",snap_geolocation_grid,patch_0047_VV_sigma0_preproc.tif,"{""row"": 7034, ""col"": 14938}",160,47,linear,0.1591796875,"{""enabled"": true, ""applied"": true, ""status"": ""ok"", ""stage"": ""cfar_water_mask"", ""resampled_shape"": [773, 773], ""sample_shape"": [128, 128], ""sample_max_dim"": 128, ""available"": true, ""method"": ""natural_earth_land_point_mask"", ""bounds_lonlat"": {""west"": -42.0133239387902, ""south"": -22.951046856635628, ""east"": -41.77659045683866, ""north"": -22.728535090347002}, ""mask_path"": ""/content/sismom_colab_work_v2/sources/api/copernicus_meta_1-main/copernicus-platform/frontend/public/shapes/ne_10m_land/ne_10m_land.shp"", ""land_buffer_degrees"": 0.0, ""valid_geolocation_points"": 16384, ""land_points"": 2608, ""water_points"": 13776, ""land_fraction"": 0.1591796875, ""water_fraction"": 0.8408203125, ""valid_pixels_before_land_mask"": 597529, ""valid_pixels_after_land_mask"": 502800, ""pixels_masked_by_land"": 94729, ""valid_water_fraction"": 0.8414654351504278, ""land_skip_threshold"": 0.99, ""min_water_fraction"": 0.01, ""skip_land_tiles"": true, ""skipped"": false, ""reason"": ""water_candidate"", ""message"": ""CFAR restrito aos pixels de água.""}",natural_earth_land_point_mask,-22.844246969596956,-41.88992394257143,-0.029999999329447746,-4.369999885559082,-8.34000015258789,46,P047,patch_0047_VV,,,"{""row"": 1194, ""col"": 1098, ""row_resampled"": 398, ""col_resampled"": 366}",VV,"{""x0"": 13840, ""y0"": 5840, ""x1"": 16160, ""y1"": 8160}","{""west"": -42.032295057072396, ""south"": -22.968846329432285, ""east"": -41.75765564881224, ""north"": -22.710723551959976}",EPSG:4326,"[0.00011219933721810632, 0.0, -41.61866917937965, 0.0, -0.00011934673118661465, -22.677297951899597, 0.0, 0.0, 1.0]",,cfar,,S1C_IW_GRDH_1SDV_20260810T081331_20260810T081359_008930_011B7A_6FB2,-8.6,,1.0,0.8414654351504278,0.8408203125,,,1.35,fallback
7,3.5,"{""row_min"": 1785, ""row_max"": 1803, ""col_min"": 1689, ""col_max"": 1692}","{""x0"": 14000, ""y0"": 6000, ""x1"": 16000, ""y1"": 8000}","{""west"": -42.0133239387902, ""south"": -22.951046856635628, ""east"": -41.77659045683866, ""north"": -22.728535090347002}",cfar,,,,,geolocation_grid,,"{""type"": ""Polygon"", ""coordinates"": [[[-41.95993040235994, -22.88347885580533], [-41.96021352415062, -22.88341131172833], [-41.960648019598864, -22.88501039434746], [-41.960364894739314, -22.885077939375886], [-41.95993040235994, -22.88347885580533]]]}",snap_geolocation_grid,patch_0047_VV_sigma0_preproc.tif,"{""row"": 7634, ""col"": 15532}",160,48,linear,0.1591796875,"{""enabled"": true, ""applied"": true, ""status"": ""ok"", ""stage"": ""cfar_water_mask"", ""resampled_shape"": [773, 773], ""sample_shape"": [128, 128], ""sample_max_dim"": 128, ""available"": true, ""method"": ""natural_earth_land_point_mask"", ""bounds_lonlat"": {""west"": -42.0133239387902, ""south"": -22.951046856635628, ""east"": -41.77659045683866, ""north"": -22.728535090347002}, ""mask_path"": ""/content/sismom_colab_work_v2/sources/api/copernicus_meta_1-main/copernicus-platform/frontend/public/shapes/ne_10m_land/ne_10m_land.shp"", ""land_buffer_degrees"": 0.0, ""valid_geolocation_points"": 16384, ""land_points"": 2608, ""water_points"": 13776, ""land_fraction"": 0.1591796875, ""water_fraction"": 0.8408203125, ""valid_pixels_before_land_mask"": 597529, ""valid_pixels_after_land_mask"": 502800, ""pixels_masked_by_land"": 94729, ""valid_water_fraction"": 0.8414654351504278, ""land_skip_threshold"": 0.99, ""min_water_fraction"": 0.01, ""skip_land_tiles"": true, ""skipped"": false, ""reason"": ""water_candidate"", ""message"": ""CFAR restrito aos pixels de água.""}",natural_earth_land_point_mask,-22.884210853037892,-41.96043077187313,0.07999999821186066,-4.03000020980835,-7.239999771118164,46,P047,patch_0047_VV,,,"{""row"": 1794, ""col"": 1692, ""row_resampled"": 598, ""col_resampled"": 564}",VV,"{""x0"": 13840, ""y0"": 5840, ""x1"": 16160, ""y1"": 8160}","{""west"": -42.032295057072396, ""south"": -22.968846329432285, ""east"": -41.75765564881224, ""north"": -22.710723551959976}",EPSG:4326,"[0.00011219933721810632, 0.0, -41.61866917937965, 0.0, -0.00011934673118661465, -22.677297951899597, 0.0, 0.0, 1.0]",,cfar,,S1C_IW_GRDH_1SDV_20260810T081331_20260810T081359_008930_011B7A_6FB2,-7.3,,1.0,0.8414654351504278,0.8408203125,,,1.35,fallback
25,3.0,"{""row_min"": 2028, ""row_max"": 2061, ""col_min"": 1251, ""col_max"": 1260}","{""x0"": 14000, ""y0"": 6000, ""x1"": 16000, ""y1"": 8000}","{""west"": -42.0133239387902, ""south"": -22.951046856635628, ""east"": -41.77659045683866, ""north"": -22.728535090347002}",cfar,,,,,geolocation_grid,,"{""type"": ""Polygon"", ""coordinates"": [[[-41.924446839108896, -22.91491624046376], [-41.92529668174036, -22.91471421684283], [-41.926092447098114, -22.917646119487763], [-41.92524258761299, -22.91784814834154], [-41.924446839108896, -22.91491624046376]]]}",snap_geolocation_grid,patch_0047_VV_sigma0_preproc.tif,"{""row"": 7886, ""col"": 15094}",160,49,linear,0.1591796875,"{""enabled"": true, ""applied"": true, ""status"": ""ok"", ""stage"": ""cfar_water_mask"", ""resampled_shape"": [773, 773], ""sample_shape"": [128, 128], ""sample_max_dim"": 128, ""available"": true, ""method"": ""natural_earth_land_point_mask"", ""bounds_lonlat"": {""west"": -42.0133239387902, ""south"": -22.951046856635628, ""east"": -41.77659045683866, ""north"": -22.728535090347002}, ""mask_path"": ""/content/sismom_colab_work_v2/sources/api/copernicus_meta_1-main/copernicus-platform/frontend/public/shapes/ne_10m_land/ne_10m_land.shp"", ""land_buffer_degrees"": 0.0, ""valid_geolocation_points"": 16384, ""land_points"": 2608, ""water_points"": 13776, ""land_fraction"": 0.1591796875, ""water_fraction"": 0.8408203125, ""valid_pixels_before_land_mask"": 597529, ""valid_pixels_after_land_mask"": 502800, ""pixels_masked_by_land"": 94729, ""valid_water_fraction"": 0.8414654351504278, ""land_skip_threshold"": 0.99, ""min_water_fraction"": 0.01, ""skip_land_tiles"": true, ""skipped"": false, ""reason"": ""water_candidate"", ""message"": ""CFAR restrito aos pixels de água.""}",natural_earth_land_point_mask,-22.916448120784146,-41.92516416768666,12.069999694824219,-2.950000047683716,-9.180000305175781,46,P047,patch_0047_VV,,,"{""row"": 2046, ""col"": 1254, ""row_resampled"": 682, ""col_resampled"": 418}",VV,"{""x0"": 13840, ""y0"": 5840, ""x1"": 16160, ""y1"": 8160}","{""west"": -42.032295057072396, ""south"": -22.968846329432285, ""east"": -41.75765564881224, ""north"": -22.710723551959976}",EPSG:4326,"[0.00011219933721810632, 0.0, -41.61866917937965, 0.0, -0.00011934673118661465, -22.677297951899597, 0.0, 0.0, 1.0]",,cfar,,S1C_IW_GRDH_1SDV_20260810T081331_20260810T081359_008930_011B7A_6FB2,-9.27,,1.0,0.8414654351504278,0.8408203125,,,1.35,fallback
4,4.0,"{""row_min"": 2082, ""row_max"": 2091, ""col_min"": 1260, ""col_max"": 1260}","{""x0"": 14000, ""y0"": 6000, ""x1"": 16000, ""y1"": 8000}","{""west"": -42.0133239387902, ""south"": -22.951046856635628, ""east"": -41.77659045683866, ""north"": -22.728535090347002}",cfar,,,,,geolocation_grid,,"{""type"": ""Polygon"", ""coordinates"": [[[-41.926598843238985, -22.91951187571636], [-41.926598843238985, -22.91951187571636], [-41.9268158701565, -22.920311485528618], [-41.9268158701565, -22.920311485528618], [-41.926598843238985, -22.91951187571636]]]}",snap_geolocation_grid,patch_0047_VV_sigma0_preproc.tif,"{""row"": 7928, ""col"": 15100}",160,50,linear,0.1591796875,"{""enabled"": true, ""applied"": true, ""status"": ""ok"", ""stage"": ""cfar_water_mask"", ""resampled_shape"": [773, 773], ""sample_shape"": [128, 128], ""sample_max_dim"": 128, ""available"": true, ""method"": ""natural_earth_land_point_mask"", ""bounds_lonlat"": {""west"": -42.0133239387902, ""south"": -22.951046856635628, ""east"": -41.77659045683866, ""north"": -22.728535090347002}, ""mask_path"": ""/content/sismom_colab_work_v2/sources/api/copernicus_meta_1-main/copernicus-platform/frontend/public/shapes/ne_10m_land/ne_10m_land.shp"", ""land_buffer_degrees"": 0.0, ""valid_geolocation_points"": 16384, ""land_points"": 2608, ""water_points"": 13776, ""land_fraction"": 0.1591796875, ""water_fraction"": 0.8408203125, ""valid_pixels_before_land_mask"": 597529, ""valid_pixels_after_land_mask"": 502800, ""pixels_masked_by_land"": 94729, ""valid_water_fraction"": 0.8414654351504278, ""land_skip_threshold"": 0.99, ""min_water_fraction"": 0.01, ""skip_land_tiles"": true, ""skipped"": false, ""reason"": ""water_candidate"", ""message"": ""CFAR restrito aos pixels de água.""}",natural_earth_land_point_mask,-22.92004494892453,-41.92674352785066,3.75,-3.740000009536743,-8.239999771118164,46,P047,patch_0047_VV,,,"{""row"": 2088, ""col"": 1260, ""row_resampled"": 696, ""col_resampled"": 420}",VV,"{""x0"": 13840, ""y0"": 5840, ""x1"": 16160, ""y1"": 8160}","{""west"": -42.032295057072396, ""south"": -22.968846329432285, ""east"": -41.75765564881224, ""north"": -22.710723551959976}",EPSG:4326,"[0.00011219933721810632, 0.0, -41.61866917937965, 0.0, -0.00011934673118661465, -22.677297951899597, 0.0, 0.0, 1.0]",,cfar,,S1C_IW_GRDH_1SDV_20260810T081331_20260810T081359_008930_011B7A_6FB2,-9.32,,1.0,0.8414654351504278,0.8408203125,,,1.35,fallback
6,2.5,"{""row_min"": 249, ""row_max"": 252, ""col_min"": 198, ""col_max"": 210}","{""x0"": 6000, ""y0"": 8000, ""x1"": 8000, ""y1"": 10000}","{""west"": -41.30465064334696, ""south"": -23.30654772833641, ""east"": -41.067974500214014, ""north"": -23.08462725609599}",cfar,,,,,geolocation_grid,,"{""type"": ""Polygon"", ""coordinates"": [[[-41.073673314017405, -23.13573453993587], [-41.07480987528543, -23.135471126110925], [-41.07488066067832, -23.13573811507614], [-41.07374409727681, -23.136001529477706], [-41.073673314017405, -23.13573453993587]]]}",snap_geolocation_grid,patch_0056_VV_sigma0_preproc.tif,"{""row"": 8092, ""col"": 6044}",160,51,linear,0.0,"{""enabled"": true, ""applied"": true, ""status"": ""ok"", ""stage"": ""cfar_water_mask"", ""resampled_shape"": [773, 773], ""sample_shape"": [128, 128], ""sample_max_dim"": 128, ""available"": true, ""method"": ""natural_earth_land_point_mask"", ""bounds_lonlat"": {""west"": -41.30465064334696, ""south"": -23.30654772833641, ""east"": -41.067974500214014, ""north"": -23.08462725609599}, ""mask_path"": ""/content/sismom_colab_work_v2/sources/api/copernicus_meta_1-main/copernicus-platform/frontend/public/shapes/ne_10m_land/ne_10m_land.shp"", ""land_buffer_degrees"": 0.0, ""valid_geolocation_points"": 16384, ""land_points"": 0, ""water_points"": 16384, ""land_fraction"": 0.0, ""water_fraction"": 1.0, ""valid_pixels_before_land_mask"": 597529, ""valid_pixels_after_land_mask"": 597529, ""pixels_masked_by_land"": 0, ""valid_water_fraction"": 1.0, ""land_skip_threshold"": 0.99, ""min_water_fraction"": 0.01, ""skip_land_tiles"": true, ""skipped"": false, ""reason"": ""water_candidate"", ""message"": ""CFAR restrito aos pixels de água.""}",natural_earth_land_point_mask,-23.135869822276923,-41.07431237897757,12.380000114440918,8.890000343322754,7.289999961853027,55,P056,patch_0056_VV,,,"{""row"": 252, ""col"": 204, ""row_resampled"": 84, ""col_resampled"": 68}",VV,"{""x0"": 5840, ""y0"": 7840, ""x1"": 8160, ""y1"": 10160}","{""west"": -41.32361490277534, ""south"": -23.324303301717638, ""east"": -41.04904796121222, ""north"": -23.066858283718148}",EPSG:4326,"[0.00011219933721810632, 0.0, -42.5162638771245, 0.0, -0.00011934673118661465, -22.915991414272828, 0.0, 0.0, 1.0]",,cfar,,S1C_IW_GRDH_1SDV_20260810T081331_20260810T081359_008930_011B7A_6FB2,6.58,,1.0,1.0,1.0,,,1.35,fallback
34,2.6,"{""row_min"": 1746, ""row_max"": 1782, ""col_min"": 744, ""col_max"": 756}","{""x0"": 8000, ""y0"": 8000, ""x1"": 10000, ""y1"": 10000}","{""west"": -41.494104752735524, ""south"": -23.262441103761585, ""east"": -41.25731558119584, ""north"": -23.040362113385562}",cfar,,,,,geolocation_grid,,"{""type"": ""Polygon"", ""coordinates"": [[[-41.350247206719, -23.212784430840873], [-41.35138389315183, -23.21251900356735], [-41.35224084148165, -23.215721109396867], [-41.35110413018143, -23.215986543589853], [-41.350247206719, -23.212784430840873]]]}",snap_geolocation_grid,patch_0057_VV_sigma0_preproc.tif,"{""row"": 9604, ""col"": 8590}",160,52,linear,0.0,"{""enabled"": true, ""applied"": true, ""status"": ""ok"", ""stage"": ""cfar_water_mask"", ""resampled_shape"": [773, 773], ""sample_shape"": [128, 128], ""sample_max_dim"": 128, ""available"": true, ""method"": ""natural_earth_land_point_mask"", ""bounds_lonlat"": {""west"": -41.494104752735524, ""south"": -23.262441103761585, ""east"": -41.25731558119584, ""north"": -23.040362113385562}, ""mask_path"": ""/content/sismom_colab_work_v2/sources/api/copernicus_meta_1-main/copernicus-platform/frontend/public/shapes/ne_10m_land/ne_10m_land.shp"", ""land_buffer_degrees"": 0.0, ""valid_geolocation_points"": 16384, ""land_points"": 0, ""water_points"": 16384, ""land_fraction"": 0.0, ""water_fraction"": 1.0, ""valid_pixels_before_land_mask"": 597529, ""valid_pixels_after_land_mask"": 597529, ""pixels_masked_by_land"": 0, ""valid_water_fraction"": 1.0, ""land_skip_threshold"": 0.99, ""min_water_fraction"": 0.01, ""skip_land_tiles"": true, ""skipped"": false, ""reason"": ""water_candidate"", ""message"": ""CFAR restrito aos pixels de água.""}",natural_earth_land_point_mask,-23.214252771848738,-41.351244017883474,13.239999771118164,-1.7799999713897705,-8.510000228881836,56,P057,patch_0057_VV,,,"{""row"": 1764, ""col"": 750, ""row_resampled"": 588, ""col_resampled"": 250}",VV,"{""x0"": 7840, ""y0"": 7840, ""x1"": 10160, ""y1"": 10160}","{""west"": -41.513081132075996, ""south"": -23.28021471141119, ""east"": -41.23838353052152, ""north"": -23.02258676177485}",EPSG:4326,"[0.00011219933721810632, 0.0, -42.291865202688285, 0.0, -0.00011934673118661465, -22.915991414272828, 0.0, 0.0, 1.0]",,cfar,,S1C_IW_GRDH_1SDV_20260810T081331_20260810T081359_008930_011B7A_6FB2,-8.83,,1.0,1.0,1.0,,,1.35,fallback
6,2.0,"{""row_min"": 1560, ""row_max"": 1569, ""col_min"": 1899, ""col_max"": 1902}","{""x0"": 10000, ""y0"": 8000, ""x1"": 12000, ""y1"": 10000}","{""west"": -41.68342416269056, ""south"": -23.218111289834923, ""east"": -41.44653694024271, ""north"": -22.995864093700696}",cfar,,,,,geolocation_grid,,"{""type"": ""Polygon"", ""coordinates"": [[[-41.64445323018974, -23.12612929847044], [-41.644737015078974, -23.126062303333946], [-41.64495285105382, -23.126862361696666], [-41.64466906463417, -23.126929357287246], [-41.64445323018974, -23.12612929847044]]]}",snap_geolocation_grid,patch_0058_VV_sigma0_preproc.tif,"{""row"": 9406, ""col"": 11742}",160,53,linear,0.0,"{""enabled"": true, ""applied"": true, ""status"": ""ok"", ""stage"": ""cfar_water_mask"", ""resampled_shape"": [773, 773], ""sample_shape"": [128, 128], ""sample_max_dim"": 128, ""available"": true, ""method"": ""natural_earth_land_point_mask"", ""bounds_lonlat"": {""west"": -41.68342416269056, ""south"": -23.218111289834923, ""east"": -41.44653694024271, ""north"": -22.995864093700696}, ""mask_path"": ""/content/sismom_colab_work_v2/sources/api/copernicus_meta_1-main/copernicus-platform/frontend/public/shapes/ne_10m_land/ne_10m_land.shp"", ""land_buffer_degrees"": 0.0, ""valid_geolocation_points"": 16384, ""land_points"": 0, ""water_points"": 16384, ""land_fraction"": 0.0, ""water_fraction"": 1.0, ""valid_pixels_before_land_mask"": 597529, ""valid_pixels_after_land_mask"": 597529, ""pixels_masked_by_land"": 0, ""valid_water_fraction"": 1.0, ""land_skip_threshold"": 0.99, ""min_water_fraction"": 0.01, ""skip_land_tiles"": true, ""skipped"": false, ""reason"": ""water_candidate"", ""message"": ""CFAR restrito aos pixels de água.""}",natural_earth_land_point_mask,-23.126595675575757,-41.64488090572887,9.470000267028809,4.449999809265137,0.3799999952316284,57,P058,patch_0058_VV,,,"{""row"": 1566, ""col"": 1902, ""row_resampled"": 522, ""col_resampled"": 634}",VV,"{""x0"": 9840, ""y0"": 7840, ""x1"": 12160, ""y1"": 10160}","{""west"": -41.70240634722157, ""south"": -23.23589124074259, ""east"": -41.42759132393724, ""north"": -22.978071284219325}",EPSG:4326,"[0.00011219933721810632, 0.0, -42.067466528252076, 0.0, -0.00011934673118661465, -22.915991414272828, 0.0, 0.0, 1.0]",,cfar,,S1C_IW_GRDH_1SDV_20260810T081331_20260810T081359_008930_011B7A_6FB2,-3.35,,1.0,1.0,1.0,,,1.35,fallback
4,2.0,"{""row_min"": 1575, ""row_max"": 1584, ""col_min"": 1905, ""col_max"": 1908}","{""x0"": 10000, ""y0"": 8000, ""x1"": 12000, ""y1"": 10000}","{""west"": -41.68342416269056, ""south"": -23.218111289834923, ""east"": -41.44653694024271, ""north"": -22.995864093700696}",cfar,,,,,geolocation_grid,,"{""type"": ""Polygon"", ""coordinates"": [[[-41.64538052914364, -23.127328738045172], [-41.64566431658356, -23.127261742151862], [-41.645880155619224, -23.128061799606403], [-41.64559636664889, -23.128128795953803], [-41.64538052914364, -23.127328738045172]]]}",snap_geolocation_grid,patch_0058_VV_sigma0_preproc.tif,"{""row"": 9418, ""col"": 11748}",160,54,linear,0.0,"{""enabled"": true, ""applied"": true, ""status"": ""ok"", ""stage"": ""cfar_water_mask"", ""resampled_shape"": [773, 773], ""sample_shape"": [128, 128], ""sample_max_dim"": 128, ""available"": true, ""method"": ""natural_earth_land_point_mask"", ""bounds_lonlat"": {""west"": -41.68342416269056, ""south"": -23.218111289834923, ""east"": -41.44653694024271, ""north"": -22.995864093700696}, ""mask_path"": ""/content/sismom_colab_work_v2/sources/api/copernicus_meta_1-main/copernicus-platform/frontend/public/shapes/ne_10m_land/ne_10m_land.shp"", ""land_buffer_degrees"": 0.0, ""valid_geolocation_points"": 16384, ""land_points"": 0, ""water_points"": 16384, ""land_fraction"": 0.0, ""water_fraction"": 1.0, ""valid_pixels_before_land_mask"": 597529, ""valid_pixels_after_land_mask"": 597529, ""pixels_masked_by_land"": 0, ""valid_water_fraction"": 1.0, ""land_skip_threshold"": 0.99, ""min_water_fraction"": 0.01, ""skip_land_tiles"": true, ""skipped"": false, ""reason"": ""water_candidate"", ""message"": ""CFAR restrito aos pixels de água.""}",natural_earth_land_point_mask,-23.12752842797004,-41.64573626292878,6.320000171661377,3.2799999713897705,-0.36000001430511475,57,P058,patch_0058_VV,,,"{""row"": 1578, ""col"": 1908, ""row_resampled"": 526, ""col_resampled"": 636}",VV,"{""x0"": 9840, ""y0"": 7840, ""x1"": 12160, ""y1"": 10160}","{""west"": -41.70240634722157, ""south"": -23.23589124074259, ""east"": -41.42759132393724, ""north"": -22.978071284219325}",EPSG:4326,"[0.00011219933721810632, 0.0, -42.067466528252076, 0.0, -0.00011934673118661465, -22.915991414272828, 0.0, 0.0, 1.0]",,cfar,,S1C_IW_GRDH_1SDV_20260810T081331_20260810T081359_008930_011B7A_6FB2,-3.38,,1.0,1.0,1.0,,,1.35,fallback
5,2.0,"{""row_min"": 1623, ""row_max"": 1632, ""col_min"": 705, ""col_max"": 708}","{""x0"": 4000, ""y0"": 10000, ""x1"": 6000, ""y1"": 12000}","{""west"": -41.16242843342587, ""south"": -23.52846179984899, ""east"": -40.92550024827939, ""north"": -23.30665869825064}",cfar,,,,,geolocation_grid,,"{""type"": ""Polygon"", ""coordinates"": [[[-41.01169362559645, -23.468800027051127], [-41.01197848173008, -23.468734236745806], [-41.01219109734952, -23.469535260217086], [-41.011906239612635, -23.469601050933246], [-41.01169362559645, -23.468800027051127]]]}",snap_geolocation_grid,patch_0068_VV_sigma0_preproc.tif,"{""row"": 11466, ""col"": 4548}",160,55,linear,0.0,"{""enabled"": true, ""applied"": true, ""status"": ""ok"", ""stage"": ""cfar_water_mask"", ""resampled_shape"": [773, 773], ""sample_shape"": [128, 128], ""sample_max_dim"": 128, ""available"": true, ""method"": ""natural_earth_land_point_mask"", ""bounds_lonlat"": {""west"": -41.16242843342587, ""south"": -23.52846179984899, ""east"": -40.92550024827939, ""north"": -23.30665869825064}, ""mask_path"": ""/content/sismom_colab_work_v2/sources/api/copernicus_meta_1-main/copernicus-platform/frontend/public/shapes/ne_10m_land/ne_10m_land.shp"", ""land_buffer_degrees"": 0.0, ""valid_geolocation_points"": 16384, ""land_points"": 0, ""water_points"": 16384, ""land_fraction"": 0.0, ""water_fraction"": 1.0, ""valid_pixels_before_land_mask"": 597529, ""valid_pixels_after_land_mask"": 597529, ""pixels_masked_by_land"": 0, ""valid_water_fraction"": 1.0, ""land_skip_threshold"": 0.99, ""min_water_fraction"": 0.01, ""skip_land_tiles"": true, ""skipped"": false, ""reason"": ""water_candidate"", ""message"": ""CFAR restrito aos pixels de água.""}",natural_earth_land_point_mask,-23.46900124456956,-41.012049353603224,4.190000057220459,-0.5099999904632568,-5.789999961853027,67,P068,patch_0068_VV,,,"{""row"": 1626, ""col"": 708, ""row_resampled"": 542, ""col_resampled"": 236}",VV,"{""x0"": 3840, ""y0"": 9840, ""x1"": 6160, ""y1"": 12160}","{""west"": -41.18141512219306, ""south"": -23.546214062074682, ""east"": -40.90655756550831, ""north"": -23.288903899080513}",EPSG:4326,"[0.00011219933721810632, 0.0, -42.74066255156071, 0.0, -0.00011934673118661465, -23.15468487664606, 0.0, 0.0, 1.0]",,cfar,,S1C_IW_GRDH_1SDV_20260810T081331_20260810T081359_008930_011B7A_6FB2,-6.1,,1.0,1.0,1.0,,,1.35,fallback
10,1.6667,"{""row_min"": 270, ""row_max"": 276, ""col_min"": 1098, ""col_max"": 1110}","{""x0"": 6000, ""y0"": 10000, ""x1"": 8000, ""y1"": 12000}","{""west"": -41.3522379999749, ""south"": -23.484518181692575, ""east"": -41.11519745947561, ""north"": -23.262552186262646}",cfar,,,,,geolocation_grid,,"{""type"": ""Polygon"", ""coordinates"": [[[-41.206728852084076, -23.29576407302979], [-41.20786634901545, -23.295499407896738], [-41.20800859828215, -23.296033250388284], [-41.20687109708542, -23.29629791667458], [-41.206728852084076, -23.29576407302979]]]}",snap_geolocation_grid,patch_0069_VV_sigma0_preproc.tif,"{""row"": 10113, ""col"": 6944}",160,56,linear,0.0,"{""enabled"": true, ""applied"": true, ""status"": ""ok"", ""stage"": ""cfar_water_mask"", ""resampled_shape"": [773, 773], ""sample_shape"": [128, 128], ""sample_max_dim"": 128, ""available"": true, ""method"": ""natural_earth_land_point_mask"", ""bounds_lonlat"": {""west"": -41.3522379999749, ""south"": -23.484518181692575, ""east"": -41.11519745947561, ""north"": -23.262552186262646}, ""mask_path"": ""/content/sismom_colab_work_v2/sources/api/copernicus_meta_1-main/copernicus-platform/frontend/public/shapes/ne_10m_land/ne_10m_land.shp"", ""land_buffer_degrees"": 0.0, ""valid_geolocation_points"": 16384, ""land_points"": 0, ""water_points"": 16384, ""land_fraction"": 0.0, ""water_fraction"": 1.0, ""valid_pixels_before_land_mask"": 597529, ""valid_pixels_after_land_mask"": 597529, ""pixels_masked_by_land"": 0, ""valid_water_fraction"": 1.0, ""land_skip_threshold"": 0.99, ""min_water_fraction"": 0.01, ""skip_land_tiles"": true, ""skipped"": false, ""reason"": ""water_candidate"", ""message"": ""CFAR restrito aos pixels de água.""}",natural_earth_land_point_mask,-23.29589866199735,-41.20736872411677,11.729999542236328,2.1500000953674316,-3.140000104904175,68,P069,patch_0069_VV,,,"{""row"": 273, ""col"": 1104, ""row_resampled"": 91, ""col_resampled"": 368}",VV,"{""x0"": 5840, ""y0"": 9840, ""x1"": 8160, ""y1"": 12160}","{""west"": -41.37123083958915, ""south"": -23.50227732282609, ""east"": -41.0962423916585, ""north"": -23.244779393572077}",EPSG:4326,"[0.00011219933721810632, 0.0, -42.5162638771245, 0.0, -0.00011934673118661465, -23.15468487664606, 0.0, 0.0, 1.0]",,cfar,,S1C_IW_GRDH_1SDV_20260810T081331_20260810T081359_008930_011B7A_6FB2,-3.3,,1.0,1.0,1.0,,,1.35,fallback
17,2.5,"{""row_min"": 612, ""row_max"": 621, ""col_min"": 1536, ""col_max"": 1563}","{""x0"": 6000, ""y0"": 10000, ""x1"": 8000, ""y1"": 12000}","{""west"": -41.3522379999749, ""south"": -23.484518181692575, ""east"": -41.11519745947561, ""north"": -23.262552186262646}",cfar,,,,,geolocation_grid,,"{""type"": ""Polygon"", ""coordinates"": [[[-41.25636432532633, -23.316530484102437], [-41.25892423936046, -23.31593483964954], [-41.2591378547962, -23.316735538084423], [-41.25657792636553, -23.317331186429517], [-41.25636432532633, -23.316530484102437]]]}",snap_geolocation_grid,patch_0069_VV_sigma0_preproc.tif,"{""row"": 10458, ""col"": 7388}",160,57,linear,0.0,"{""enabled"": true, ""applied"": true, ""status"": ""ok"", ""stage"": ""cfar_water_mask"", ""resampled_shape"": [773, 773], ""sample_shape"": [128, 128], ""sample_max_dim"": 128, ""available"": true, ""method"": ""natural_earth_land_point_mask"", ""bounds_lonlat"": {""west"": -41.3522379999749, ""south"": -23.484518181692575, ""east"": -41.11519745947561, ""north"": -23.262552186262646}, ""mask_path"": ""/content/sismom_colab_work_v2/sources/api/copernicus_meta_1-main/copernicus-platform/frontend/public/shapes/ne_10m_land/ne_10m_land.shp"", ""land_buffer_degrees"": 0.0, ""valid_geolocation_points"": 16384, ""land_points"": 0, ""water_points"": 16384, ""land_fraction"": 0.0, ""water_fraction"": 1.0, ""valid_pixels_before_land_mask"": 597529, ""valid_pixels_after_land_mask"": 597529, ""pixels_masked_by_land"": 0, ""valid_water_fraction"": 1.0, ""land_skip_threshold"": 0.99, ""min_water_fraction"": 0.01, ""skip_land_tiles"": true, ""skipped"": false, ""reason"": ""water_candidate"", ""message"": ""CFAR restrito aos pixels de água.""}",natural_earth_land_point_mask,-23.316799553632624,-41.2576444698555,12.640000343322754,7.809999942779541,5.269999980926514,68,P069,patch_0069_VV,,,"{""row"": 618, ""col"": 1548, ""row_resampled"": 206, ""col_resampled"": 516}",VV,"{""x0"": 5840, ""y0"": 9840, ""x1"": 8160, ""y1"": 12160}","{""west"": -41.37123083958915, ""south"": -23.50227732282609, ""east"": -41.0962423916585, ""north"": -23.244779393572077}",EPSG:4326,"[0.00011219933721810632, 0.0, -42.5162638771245, 0.0, -0.00011934673118661465, -23.15468487664606, 0.0, 0.0, 1.0]",,cfar,,S1C_IW_GRDH_1SDV_20260810T081331_20260810T081359_008930_011B7A_6FB2,4.78,,1.0,1.0,1.0,,,1.35,fallback
8,1.0,"{""row_min"": 798, ""row_max"": 807, ""col_min"": 2139, ""col_max"": 2148}","{""x0"": 6000, ""y0"": 10000, ""x1"": 8000, ""y1"": 12000}","{""west"": -41.3522379999749, ""south"": -23.484518181692575, ""east"": -41.11519745947561, ""north"": -23.262552186262646}",cfar,,,,,geolocation_grid,,"{""type"": ""Polygon"", ""coordinates"": [[[-41.31794382907884, -23.319749433901652], [-41.31879688892927, -23.319550211794937], [-41.319010811034616, -23.320350825898856], [-41.31815774652135, -23.320550049302973], [-41.31794382907884, -23.319749433901652]]]}",snap_geolocation_grid,patch_0069_VV_sigma0_preproc.tif,"{""row"": 10644, ""col"": 7982}",160,58,linear,0.0,"{""enabled"": true, ""applied"": true, ""status"": ""ok"", ""stage"": ""cfar_water_mask"", ""resampled_shape"": [773, 773], ""sample_shape"": [128, 128], ""sample_max_dim"": 128, ""available"": true, ""method"": ""natural_earth_land_point_mask"", ""bounds_lonlat"": {""west"": -41.3522379999749, ""south"": -23.484518181692575, ""east"": -41.11519745947561, ""north"": -23.262552186262646}, ""mask_path"": ""/content/sismom_colab_work_v2/sources/api/copernicus_meta_1-main/copernicus-platform/frontend/public/shapes/ne_10m_land/ne_10m_land.shp"", ""land_buffer_degrees"": 0.0, ""valid_geolocation_points"": 16384, ""land_points"": 0, ""water_points"": 16384, ""land_fraction"": 0.0, ""water_fraction"": 1.0, ""valid_pixels_before_land_mask"": 597529, ""valid_pixels_after_land_mask"": 597529, ""pixels_masked_by_land"": 0, ""valid_water_fraction"": 1.0, ""land_skip_threshold"": 0.99, ""min_water_fraction"": 0.01, ""skip_land_tiles"": true, ""skipped"": false, ""reason"": ""water_candidate"", ""message"": ""CFAR restrito aos pixels de água.""}",natural_earth_land_point_mask,-23.320216769845317,-41.318370795026844,1.5800000429153442,-3.630000114440918,-9.630000114440918,68,P069,patch_0069_VV,,,"{""row"": 804, ""col"": 2142, ""row_resampled"": 268, ""col_resampled"": 714}",VV,"{""x0"": 5840, ""y0"": 9840, ""x1"": 8160, ""y1"": 12160}","{""west"": -41.37123083958915, ""south"": -23.50227732282609, ""east"": -41.0962423916585, ""north"": -23.244779393572077}",EPSG:4326,"[0.00011219933721810632, 0.0, -42.5162638771245, 0.0, -0.00011934673118661465, -23.15468487664606, 0.0, 0.0, 1.0]",,cfar,,S1C_IW_GRDH_1SDV_20260810T081331_20260810T081359_008930_011B7A_6FB2,-10.79,,1.0,1.0,1.0,,,1.35,fallback
16,1.2,"{""row_min"": 897, ""row_max"": 909, ""col_min"": 1893, ""col_max"": 1908}","{""x0"": 6000, ""y0"": 10000, ""x1"": 8000, ""y1"": 12000}","{""west"": -41.3522379999749, ""south"": -23.484518181692575, ""east"": -41.11519745947561, ""north"": -23.262552186262646}",cfar,,,,,geolocation_grid,,"{""type"": ""Polygon"", ""coordinates"": [[[-41.2969785558231, -23.334001997651207], [-41.29840040690042, -23.333669937021025], [-41.298685470579386, -23.33473746862267], [-41.29726360913997, -23.335069532135964], [-41.2969785558231, -23.334001997651207]]]}",snap_geolocation_grid,patch_0069_VV_sigma0_preproc.tif,"{""row"": 10743, ""col"": 7742}",160,59,linear,0.0,"{""enabled"": true, ""applied"": true, ""status"": ""ok"", ""stage"": ""cfar_water_mask"", ""resampled_shape"": [773, 773], ""sample_shape"": [128, 128], ""sample_max_dim"": 128, ""available"": true, ""method"": ""natural_earth_land_point_mask"", ""bounds_lonlat"": {""west"": -41.3522379999749, ""south"": -23.484518181692575, ""east"": -41.11519745947561, ""north"": -23.262552186262646}, ""mask_path"": ""/content/sismom_colab_work_v2/sources/api/copernicus_meta_1-main/copernicus-platform/frontend/public/shapes/ne_10m_land/ne_10m_land.shp"", ""land_buffer_degrees"": 0.0, ""valid_geolocation_points"": 16384, ""land_points"": 0, ""water_points"": 16384, ""land_fraction"": 0.0, ""water_fraction"": 1.0, ""valid_pixels_before_land_mask"": 597529, ""valid_pixels_after_land_mask"": 597529, ""pixels_masked_by_land"": 0, ""valid_water_fraction"": 1.0, ""land_skip_threshold"": 0.99, ""min_water_fraction"": 0.01, ""skip_land_tiles"": true, ""skipped"": false, ""reason"": ""water_candidate"", ""message"": ""CFAR restrito aos pixels de água.""}",natural_earth_land_point_mask,-23.334336527650546,-41.29797419623657,12.520000457763672,-0.2800000011920929,-5.5,68,P069,patch_0069_VV,,,"{""row"": 903, ""col"": 1902, ""row_resampled"": 301, ""col_resampled"": 634}",VV,"{""x0"": 5840, ""y0"": 9840, ""x1"": 8160, ""y1"": 12160}","{""west"": -41.37123083958915, ""south"": -23.50227732282609, ""east"": -41.0962423916585, ""north"": -23.244779393572077}",EPSG:4326,"[0.00011219933721810632, 0.0, -42.5162638771245, 0.0, -0.00011934673118661465, -23.15468487664606, 0.0, 0.0, 1.0]",,cfar,,S1C_IW_GRDH_1SDV_20260810T081331_20260810T081359_008930_011B7A_6FB2,-6.03,,1.0,1.0,1.0,,,1.35,fallback
12,1.0,"{""row_min"": 225, ""row_max"": 240, ""col_min"": 564, ""col_max"": 579}","{""x0"": 8000, ""y0"": 10000, ""x1"": 10000, ""y1"": 12000}","{""west"": -41.541922220357115, ""south"": -23.440348414858892, ""east"": -41.304769160805805, ""north"": -23.21822241185401}",cfar,,,,,geolocation_grid,,"{""type"": ""Polygon"", ""coordinates"": [[[-41.34459378853994, -23.259373110030054], [-41.34601506045716, -23.259041210854015], [-41.34637196945578, -23.260375464142186], [-41.34495068458669, -23.260707366922112], [-41.34459378853994, -23.259373110030054]]]}",snap_geolocation_grid,patch_0070_VV_sigma0_preproc.tif,"{""row"": 10074, ""col"": 8410}",160,60,linear,0.0,"{""enabled"": true, ""applied"": true, ""status"": ""ok"", ""stage"": ""cfar_water_mask"", ""resampled_shape"": [773, 773], ""sample_shape"": [128, 128], ""sample_max_dim"": 128, ""available"": true, ""method"": ""natural_earth_land_point_mask"", ""bounds_lonlat"": {""west"": -41.541922220357115, ""south"": -23.440348414858892, ""east"": -41.304769160805805, ""north"": -23.21822241185401}, ""mask_path"": ""/content/sismom_colab_work_v2/sources/api/copernicus_meta_1-main/copernicus-platform/frontend/public/shapes/ne_10m_land/ne_10m_land.shp"", ""land_buffer_degrees"": 0.0, ""valid_geolocation_points"": 16384, ""land_points"": 0, ""water_points"": 16384, ""land_fraction"": 0.0, ""water_fraction"": 1.0, ""valid_pixels_before_land_mask"": 597529, ""valid_pixels_after_land_mask"": 597529, ""pixels_masked_by_land"": 0, ""valid_water_fraction"": 1.0, ""land_skip_threshold"": 0.99, ""min_water_fraction"": 0.01, ""skip_land_tiles"": true, ""skipped"": false, ""reason"": ""water_candidate"", ""message"": ""CFAR restrito aos pixels de água.""}",natural_earth_land_point_mask,-23.26004090362994,-41.345376438048774,10.029999732971191,2.5199999809265137,-3.5399999618530273,69,P070,patch_0070_VV,,,"{""row"": 234, ""col"": 570, ""row_resampled"": 78, ""col_resampled"": 190}",VV,"{""x0"": 7840, ""y0"": 9840, ""x1"": 10160, ""y1"": 12160}","{""west"": -41.56092717161478, ""south"": -23.458125916564764, ""east"": -41.28580783415174, ""north"": -23.200443316653338}",EPSG:4326,"[0.00011219933721810632, 0.0, -42.291865202688285, 0.0, -0.00011934673118661465, -23.15468487664606, 0.0, 0.0, 1.0]",,cfar,,S1C_IW_GRDH_1SDV_20260810T081331_20260810T081359_008930_011B7A_6FB2,-7.99,,1.0,1.0,1.0,,,1.35,fallback
21,1.0,"{""row_min"": 1842, ""row_max"": 1857, ""col_min"": 819, ""col_max"": 834}","{""x0"": 8000, ""y0"": 10000, ""x1"": 10000, ""y1"": 12000}","{""west"": -41.541922220357115, ""south"": -23.440348414858892, ""east"": -41.304769160805805, ""north"": -23.21822241185401}",cfar,,,,,geolocation_grid,,"{""type"": ""Polygon"", ""coordinates"": [[[-41.40728140473524, -23.39755299808536], [-41.4087040855681, -23.397220704902338], [-41.40906215966552, -23.398554762139035], [-41.40763946544796, -23.398887059106144], [-41.40728140473524, -23.39755299808536]]]}",snap_geolocation_grid,patch_0070_VV_sigma0_preproc.tif,"{""row"": 11688, ""col"": 8668}",160,61,linear,0.0,"{""enabled"": true, ""applied"": true, ""status"": ""ok"", ""stage"": ""cfar_water_mask"", ""resampled_shape"": [773, 773], ""sample_shape"": [128, 128], ""sample_max_dim"": 128, ""available"": true, ""method"": ""natural_earth_land_point_mask"", ""bounds_lonlat"": {""west"": -41.541922220357115, ""south"": -23.440348414858892, ""east"": -41.304769160805805, ""north"": -23.21822241185401}, ""mask_path"": ""/content/sismom_colab_work_v2/sources/api/copernicus_meta_1-main/copernicus-platform/frontend/public/shapes/ne_10m_land/ne_10m_land.shp"", ""land_buffer_degrees"": 0.0, ""valid_geolocation_points"": 16384, ""land_points"": 0, ""water_points"": 16384, ""land_fraction"": 0.0, ""water_fraction"": 1.0, ""valid_pixels_before_land_mask"": 597529, ""valid_pixels_after_land_mask"": 597529, ""pixels_masked_by_land"": 0, ""valid_water_fraction"": 1.0, ""land_skip_threshold"": 0.99, ""min_water_fraction"": 0.01, ""skip_land_tiles"": true, ""skipped"": false, ""reason"": ""water_candidate"", ""message"": ""CFAR restrito aos pixels de água.""}",natural_earth_land_point_mask,-23.39788724567568,-41.4082782407486,10.859999656677246,0.9800000190734863,-5.019999980926514,69,P070,patch_0070_VV,,,"{""row"": 1848, ""col"": 828, ""row_resampled"": 616, ""col_resampled"": 276}",VV,"{""x0"": 7840, ""y0"": 9840, ""x1"": 10160, ""y1"": 12160}","{""west"": -41.56092717161478, ""south"": -23.458125916564764, ""east"": -41.28580783415174, ""north"": -23.200443316653338}",EPSG:4326,"[0.00011219933721810632, 0.0, -42.291865202688285, 0.0, -0.00011934673118661465, -23.15468487664606, 0.0, 0.0, 1.0]",,cfar,,S1C_IW_GRDH_1SDV_20260810T081331_20260810T081359_008930_011B7A_6FB2,-5.01,,1.0,1.0,1.0,,,1.35,fallback
3,3.0,"{""row_min"": 324, ""row_max"": 330, ""col_min"": 1476, ""col_max"": 1476}","{""x0"": 12000, ""y0"": 10000, ""x1"": 14000, ""y1"": 12000}","{""west"": -41.920914239738494, ""south"": -23.35132020738563, ""east"": -41.68354279234117, ""north"": -23.128882029264467}",cfar,,,,,geolocation_grid,,"{""type"": ""Polygon"", ""coordinates"": [[[-41.81199881025085, -23.158765263110386], [-41.81199881025085, -23.158765263110386], [-41.812143272812634, -23.159298469848586], [-41.812143272812634, -23.159298469848586], [-41.81199881025085, -23.158765263110386]]]}",snap_geolocation_grid,patch_0072_VV_sigma0_preproc.tif,"{""row"": 10167, ""col"": 13316}",160,62,linear,0.0,"{""enabled"": true, ""applied"": true, ""status"": ""ok"", ""stage"": ""cfar_water_mask"", ""resampled_shape"": [773, 773], ""sample_shape"": [128, 128], ""sample_max_dim"": 128, ""available"": true, ""method"": ""natural_earth_land_point_mask"", ""bounds_lonlat"": {""west"": -41.920914239738494, ""south"": -23.35132020738563, ""east"": -41.68354279234117, ""north"": -23.128882029264467}, ""mask_path"": ""/content/sismom_colab_work_v2/sources/api/copernicus_meta_1-main/copernicus-platform/frontend/public/shapes/ne_10m_land/ne_10m_land.shp"", ""land_buffer_degrees"": 0.0, ""valid_geolocation_points"": 16384, ""land_points"": 0, ""water_points"": 16384, ""land_fraction"": 0.0, ""water_fraction"": 1.0, ""valid_pixels_before_land_mask"": 597529, ""valid_pixels_after_land_mask"": 597529, ""pixels_masked_by_land"": 0, ""valid_water_fraction"": 1.0, ""land_skip_threshold"": 0.99, ""min_water_fraction"": 0.01, ""skip_land_tiles"": true, ""skipped"": false, ""reason"": ""water_candidate"", ""message"": ""CFAR restrito aos pixels de água.""}",natural_earth_land_point_mask,-23.159031866479484,-41.812071041531745,-6.150000095367432,-6.860000133514404,-7.800000190734863,71,P072,patch_0072_VV,,,"{""row"": 327, ""col"": 1476, ""row_resampled"": 109, ""col_resampled"": 492}",VV,"{""x0"": 11840, ""y0"": 9840, ""x1"": 14160, ""y1"": 12160}","{""west"": -41.93993112401999, ""south"": -23.36912191324695, ""east"": -41.66456348938474, ""north"": -23.11106852857914}",EPSG:4326,"[0.00011219933721810632, 0.0, -41.84306785381586, 0.0, -0.00011934673118661465, -23.15468487664606, 0.0, 0.0, 1.0]",,cfar,,S1C_IW_GRDH_1SDV_20260810T081331_20260810T081359_008930_011B7A_6FB2,-12.68,,1.0,1.0,1.0,,,1.35,fallback
14,1.75,"{""row_min"": 408, ""row_max"": 426, ""col_min"": 924, ""col_max"": 933}","{""x0"": 12000, ""y0"": 10000, ""x1"": 14000, ""y1"": 12000}","{""west"": -41.920914239738494, ""south"": -23.35132020738563, ""east"": -41.68354279234117, ""north"": -23.128882029264467}",cfar,,,,,geolocation_grid,,"{""type"": ""Polygon"", ""coordinates"": [[[-41.76180093983668, -23.178605222149933], [-41.76265235799066, -23.178403454790615], [-41.7630851613205, -23.180003247213364], [-41.762233733480954, -23.180205017426957], [-41.76180093983668, -23.178605222149933]]]}",snap_geolocation_grid,patch_0072_VV_sigma0_preproc.tif,"{""row"": 10257, ""col"": 12770}",160,63,linear,0.0,"{""enabled"": true, ""applied"": true, ""status"": ""ok"", ""stage"": ""cfar_water_mask"", ""resampled_shape"": [773, 773], ""sample_shape"": [128, 128], ""sample_max_dim"": 128, ""available"": true, ""method"": ""natural_earth_land_point_mask"", ""bounds_lonlat"": {""west"": -41.920914239738494, ""south"": -23.35132020738563, ""east"": -41.68354279234117, ""north"": -23.128882029264467}, ""mask_path"": ""/content/sismom_colab_work_v2/sources/api/copernicus_meta_1-main/copernicus-platform/frontend/public/shapes/ne_10m_land/ne_10m_land.shp"", ""land_buffer_degrees"": 0.0, ""valid_geolocation_points"": 16384, ""land_points"": 0, ""water_points"": 16384, ""land_fraction"": 0.0, ""water_fraction"": 1.0, ""valid_pixels_before_land_mask"": 597529, ""valid_pixels_after_land_mask"": 597529, ""pixels_masked_by_land"": 0, ""valid_water_fraction"": 1.0, ""land_skip_threshold"": 0.99, ""min_water_fraction"": 0.01, ""skip_land_tiles"": true, ""skipped"": false, ""reason"": ""water_candidate"", ""message"": ""CFAR restrito aos pixels de água.""}",natural_earth_land_point_mask,-23.179270607264144,-41.76258495198999,10.109999656677246,3.359999895095825,-3.4800000190734863,71,P072,patch_0072_VV,,,"{""row"": 417, ""col"": 930, ""row_resampled"": 139, ""col_resampled"": 310}",VV,"{""x0"": 11840, ""y0"": 9840, ""x1"": 14160, ""y1"": 12160}","{""west"": -41.93993112401999, ""south"": -23.36912191324695, ""east"": -41.66456348938474, ""north"": -23.11106852857914}",EPSG:4326,"[0.00011219933721810632, 0.0, -41.84306785381586, 0.0, -0.00011934673118661465, -23.15468487664606, 0.0, 0.0, 1.0]",,cfar,,S1C_IW_GRDH_1SDV_20260810T081331_20260810T081359_008930_011B7A_6FB2,-5.09,,1.0,1.0,1.0,,,1.35,fallback
14,1.25,"{""row_min"": 1122, ""row_max"": 1134, ""col_min"": 1587, ""col_max"": 1596}","{""x0"": 12000, ""y0"": 10000, ""x1"": 14000, ""y1"": 12000}","{""west"": -41.920914239738494, ""south"": -23.35132020738563, ""east"": -41.68354279234117, ""north"": -23.128882029264467}",cfar,,,,,geolocation_grid,,"{""type"": ""Polygon"", ""coordinates"": [[[-41.84171790300167, -23.22719189881613], [-41.84256970619245, -23.22699001823709], [-41.84285871737631, -23.228056406342123], [-41.84200690772873, -23.228258288824016], [-41.84171790300167, -23.22719189881613]]]}",snap_geolocation_grid,patch_0072_VV_sigma0_preproc.tif,"{""row"": 10968, ""col"": 13430}",160,64,linear,0.0,"{""enabled"": true, ""applied"": true, ""status"": ""ok"", ""stage"": ""cfar_water_mask"", ""resampled_shape"": [773, 773], ""sample_shape"": [128, 128], ""sample_max_dim"": 128, ""available"": true, ""method"": ""natural_earth_land_point_mask"", ""bounds_lonlat"": {""west"": -41.920914239738494, ""south"": -23.35132020738563, ""east"": -41.68354279234117, ""north"": -23.128882029264467}, ""mask_path"": ""/content/sismom_colab_work_v2/sources/api/copernicus_meta_1-main/copernicus-platform/frontend/public/shapes/ne_10m_land/ne_10m_land.shp"", ""land_buffer_degrees"": 0.0, ""valid_geolocation_points"": 16384, ""land_points"": 0, ""water_points"": 16384, ""land_fraction"": 0.0, ""water_fraction"": 1.0, ""valid_pixels_before_land_mask"": 597529, ""valid_pixels_after_land_mask"": 597529, ""pixels_masked_by_land"": 0, ""valid_water_fraction"": 1.0, ""land_skip_threshold"": 0.99, ""min_water_fraction"": 0.01, ""skip_land_tiles"": true, ""skipped"": false, ""reason"": ""water_candidate"", ""message"": ""CFAR restrito aos pixels de água.""}",natural_earth_land_point_mask,-23.227657799976583,-41.842146340838255,6.829999923706055,-1.8200000524520874,-9.680000305175781,71,P072,patch_0072_VV,,,"{""row"": 1128, ""col"": 1590, ""row_resampled"": 376, ""col_resampled"": 530}",VV,"{""x0"": 11840, ""y0"": 9840, ""x1"": 14160, ""y1"": 12160}","{""west"": -41.93993112401999, ""south"": -23.36912191324695, ""east"": -41.66456348938474, ""north"": -23.11106852857914}",EPSG:4326,"[0.00011219933721810632, 0.0, -41.84306785381586, 0.0, -0.00011934673118661465, -23.15468487664606, 0.0, 0.0, 1.0]",,cfar,,S1C_IW_GRDH_1SDV_20260810T081331_20260810T081359_008930_011B7A_6FB2,-10.38,,1.0,1.0,1.0,,,1.35,fallback
3,3.0,"{""row_min"": 1146, ""row_max"": 1152, ""col_min"": 768, ""col_max"": 768}","{""x0"": 12000, ""y0"": 10000, ""x1"": 14000, ""y1"": 12000}","{""west"": -41.920914239738494, ""south"": -23.35132020738563, ""east"": -41.68354279234117, ""north"": -23.128882029264467}",cfar,,,,,geolocation_grid,,"{""type"": ""Polygon"", ""coordinates"": [[[-41.764775861159755, -23.247687006272432], [-41.764775861159755, -23.247687006272432], [-41.764920072117114, -23.248220287255513], [-41.764920072117114, -23.248220287255513], [-41.764775861159755, -23.247687006272432]]]}",snap_geolocation_grid,patch_0072_VV_sigma0_preproc.tif,"{""row"": 10989, ""col"": 12608}",160,65,linear,0.0,"{""enabled"": true, ""applied"": true, ""status"": ""ok"", ""stage"": ""cfar_water_mask"", ""resampled_shape"": [773, 773], ""sample_shape"": [128, 128], ""sample_max_dim"": 128, ""available"": true, ""method"": ""natural_earth_land_point_mask"", ""bounds_lonlat"": {""west"": -41.920914239738494, ""south"": -23.35132020738563, ""east"": -41.68354279234117, ""north"": -23.128882029264467}, ""mask_path"": ""/content/sismom_colab_work_v2/sources/api/copernicus_meta_1-main/copernicus-platform/frontend/public/shapes/ne_10m_land/ne_10m_land.shp"", ""land_buffer_degrees"": 0.0, ""valid_geolocation_points"": 16384, ""land_points"": 0, ""water_points"": 16384, ""land_fraction"": 0.0, ""water_fraction"": 1.0, ""valid_pixels_before_land_mask"": 597529, ""valid_pixels_after_land_mask"": 597529, ""pixels_masked_by_land"": 0, ""valid_water_fraction"": 1.0, ""land_skip_threshold"": 0.99, ""min_water_fraction"": 0.01, ""skip_land_tiles"": true, ""skipped"": false, ""reason"": ""water_candidate"", ""message"": ""CFAR restrito aos pixels de água.""}",natural_earth_land_point_mask,-23.24795364676397,-41.764847966638435,-3.2200000286102295,-5.039999961853027,-6.480000019073486,71,P072,patch_0072_VV,,,"{""row"": 1149, ""col"": 768, ""row_resampled"": 383, ""col_resampled"": 256}",VV,"{""x0"": 11840, ""y0"": 9840, ""x1"": 14160, ""y1"": 12160}","{""west"": -41.93993112401999, ""south"": -23.36912191324695, ""east"": -41.66456348938474, ""north"": -23.11106852857914}",EPSG:4326,"[0.00011219933721810632, 0.0, -41.84306785381586, 0.0, -0.00011934673118661465, -23.15468487664606, 0.0, 0.0, 1.0]",,cfar,,S1C_IW_GRDH_1SDV_20260810T081331_20260810T081359_008930_011B7A_6FB2,-13.12,,1.0,1.0,1.0,,,1.35,fallback
11,1.4,"{""row_min"": 660, ""row_max"": 678, ""col_min"": 201, ""col_max"": 213}","{""x0"": 14000, ""y0"": 10000, ""x1"": 16000, ""y1"": 12000}","{""west"": -42.11021078346068, ""south"": -23.306475905802223, ""east"": -41.87274784953151, ""north"": -23.083861166004578}",cfar,,,,,geolocation_grid,,"{""type"": ""Polygon"", ""coordinates"": [[[-41.88868472182386, -23.172365693100407], [-41.88981963610419, -23.17209577179386], [-41.890253814259545, -23.173695158274747], [-41.88911888773958, -23.173965083386992], [-41.88868472182386, -23.172365693100407]]]}",snap_geolocation_grid,patch_0073_VV_sigma0_preproc.tif,"{""row"": 10509, ""col"": 14047}",160,66,linear,0.0,"{""enabled"": true, ""applied"": true, ""status"": ""ok"", ""stage"": ""cfar_water_mask"", ""resampled_shape"": [773, 773], ""sample_shape"": [128, 128], ""sample_max_dim"": 128, ""available"": true, ""method"": ""natural_earth_land_point_mask"", ""bounds_lonlat"": {""west"": -42.11021078346068, ""south"": -23.306475905802223, ""east"": -41.87274784953151, ""north"": -23.083861166004578}, ""mask_path"": ""/content/sismom_colab_work_v2/sources/api/copernicus_meta_1-main/copernicus-platform/frontend/public/shapes/ne_10m_land/ne_10m_land.shp"", ""land_buffer_degrees"": 0.0, ""valid_geolocation_points"": 16384, ""land_points"": 0, ""water_points"": 16384, ""land_fraction"": 0.0, ""water_fraction"": 1.0, ""valid_pixels_before_land_mask"": 597529, ""valid_pixels_after_land_mask"": 597529, ""pixels_masked_by_land"": 0, ""valid_water_fraction"": 1.0, ""land_skip_threshold"": 0.99, ""min_water_fraction"": 0.01, ""skip_land_tiles"": true, ""skipped"": false, ""reason"": ""water_candidate"", ""message"": ""CFAR restrito aos pixels de água.""}",natural_earth_land_point_mask,-23.173030426639,-41.88946926498179,17.459999084472656,6.650000095367432,1.7100000381469727,72,P073,patch_0073_VV,,,"{""row"": 669, ""col"": 207, ""row_resampled"": 223, ""col_resampled"": 69}",VV,"{""x0"": 13840, ""y0"": 9840, ""x1"": 16160, ""y1"": 12160}","{""west"": -42.12923923738944, ""south"": -23.324283760503896, ""east"": -41.85375654871693, ""north"": -23.066041317982485}",EPSG:4326,"[0.00011219933721810632, 0.0, -41.61866917937965, 0.0, -0.00011934673118661465, -23.15468487664606, 0.0, 0.0, 1.0]",,cfar,,S1C_IW_GRDH_1SDV_20260810T081331_20260810T081359_008930_011B7A_6FB2,1.7,,1.0,1.0,1.0,,,1.35,fallback
9,1.2,"{""row_min"": 2001, ""row_max"": 2016, ""col_min"": 576, ""col_max"": 588}","{""x0"": 14000, ""y0"": 10000, ""x1"": 16000, ""y1"": 12000}","{""west"": -42.11021078346068, ""south"": -23.306475905802223, ""east"": -41.87274784953151, ""north"": -23.083861166004578}",cfar,,,,,geolocation_grid,,"{""type"": ""Polygon"", ""coordinates"": [[[-41.95656440955838, -23.28307112851258], [-41.95770025272935, -23.28280091774662], [-41.958063352516724, -23.28413351327667], [-41.95692749875538, -23.284403727358214], [-41.95656440955838, -23.28307112851258]]]}",snap_geolocation_grid,patch_0073_VV_sigma0_preproc.tif,"{""row"": 11850, ""col"": 14422}",160,67,linear,0.0,"{""enabled"": true, ""applied"": true, ""status"": ""ok"", ""stage"": ""cfar_water_mask"", ""resampled_shape"": [773, 773], ""sample_shape"": [128, 128], ""sample_max_dim"": 128, ""available"": true, ""method"": ""natural_earth_land_point_mask"", ""bounds_lonlat"": {""west"": -42.11021078346068, ""south"": -23.306475905802223, ""east"": -41.87274784953151, ""north"": -23.083861166004578}, ""mask_path"": ""/content/sismom_colab_work_v2/sources/api/copernicus_meta_1-main/copernicus-platform/frontend/public/shapes/ne_10m_land/ne_10m_land.shp"", ""land_buffer_degrees"": 0.0, ""valid_geolocation_points"": 16384, ""land_points"": 0, ""water_points"": 16384, ""land_fraction"": 0.0, ""water_fraction"": 1.0, ""valid_pixels_before_land_mask"": 597529, ""valid_pixels_after_land_mask"": 597529, ""pixels_masked_by_land"": 0, ""valid_water_fraction"": 1.0, ""land_skip_threshold"": 0.99, ""min_water_fraction"": 0.01, ""skip_land_tiles"": true, ""skipped"": false, ""reason"": ""water_candidate"", ""message"": ""CFAR restrito aos pixels de água.""}",natural_earth_land_point_mask,-23.283735581442308,-41.95735018783918,21.389999389648438,9.890000343322754,5.429999828338623,72,P073,patch_0073_VV,,,"{""row"": 2010, ""col"": 582, ""row_resampled"": 670, ""col_resampled"": 194}",VV,"{""x0"": 13840, ""y0"": 9840, ""x1"": 16160, ""y1"": 12160}","{""west"": -42.12923923738944, ""south"": -23.324283760503896, ""east"": -41.85375654871693, ""north"": -23.066041317982485}",EPSG:4326,"[0.00011219933721810632, 0.0, -41.61866917937965, 0.0, -0.00011934673118661465, -23.15468487664606, 0.0, 0.0, 1.0]",,cfar,,S1C_IW_GRDH_1SDV_20260810T081331_20260810T081359_008930_011B7A_6FB2,2.01,,1.0,1.0,1.0,,,1.35,fallback
10,1.0,"{""row_min"": 723, ""row_max"": 732, ""col_min"": 543, ""col_max"": 552}","{""x0"": 18000, ""y0"": 10000, ""x1"": 20000, ""y1"": 12000}","{""west"": -42.48855040977569, ""south"": -23.21608020450509, ""east"": -42.251072966908374, ""north"": -22.99295562838269}",cfar,,,,,geolocation_grid,,"{""type"": ""Polygon"", ""coordinates"": [[[-42.30080734796545, -23.07985808018178], [-42.30165727794471, -23.079653736190817], [-42.30187445768549, -23.08045323899465], [-42.30102452012603, -23.08065758525606], [-42.30080734796545, -23.07985808018178]]]}",snap_geolocation_grid,patch_0075_VV_sigma0_preproc.tif,"{""row"": 10566, ""col"": 18386}",160,68,linear,0.0,"{""enabled"": true, ""applied"": true, ""status"": ""ok"", ""stage"": ""cfar_water_mask"", ""resampled_shape"": [773, 773], ""sample_shape"": [128, 128], ""sample_max_dim"": 128, ""available"": true, ""method"": ""natural_earth_land_point_mask"", ""bounds_lonlat"": {""west"": -42.48855040977569, ""south"": -23.21608020450509, ""east"": -42.251072966908374, ""north"": -22.99295562838269}, ""mask_path"": ""/content/sismom_colab_work_v2/sources/api/copernicus_meta_1-main/copernicus-platform/frontend/public/shapes/ne_10m_land/ne_10m_land.shp"", ""land_buffer_degrees"": 0.0, ""valid_geolocation_points"": 16384, ""land_points"": 0, ""water_points"": 16384, ""land_fraction"": 0.0, ""water_fraction"": 1.0, ""valid_pixels_before_land_mask"": 597529, ""valid_pixels_after_land_mask"": 597529, ""pixels_masked_by_land"": 0, ""valid_water_fraction"": 1.0, ""land_skip_threshold"": 0.99, ""min_water_fraction"": 0.01, ""skip_land_tiles"": true, ""skipped"": false, ""reason"": ""water_candidate"", ""message"": ""CFAR restrito aos pixels de água.""}",natural_earth_land_point_mask,-23.080056466957277,-42.30116304952098,11.880000114440918,-2.3499999046325684,-9.510000228881836,74,P075,patch_0075_VV,,,"{""row"": 726, ""col"": 546, ""row_resampled"": 242, ""col_resampled"": 182}",VV,"{""x0"": 17840, ""y0"": 9840, ""x1"": 20160, ""y1"": 12160}","{""west"": -42.50759671800546, ""south"": -23.233922433307868, ""east"": -42.23211883442284, ""north"": -22.975062809683877}",EPSG:4326,"[0.00011219933721810632, 0.0, -41.169871830507226, 0.0, -0.00011934673118661465, -23.15468487664606, 0.0, 0.0, 1.0]",,cfar,,S1C_IW_GRDH_1SDV_20260810T081331_20260810T081359_008930_011B7A_6FB2,-12.79,,1.0,1.0,1.0,,,1.35,fallback
5,1.3333,"{""row_min"": 1215, ""row_max"": 1221, ""col_min"": 1164, ""col_max"": 1173}","{""x0"": 24000, ""y0"": 10000, ""x1"": 25465, ""y1"": 12000}","{""west"": -43.004453113859284, ""south"": -23.07874490093939, ""east"": -42.81893643967352, ""north"": -22.867366587745394}",cfar,,,,,geolocation_grid,,"{""type"": ""Polygon"", ""coordinates"": [[[-42.938070618033755, -22.971825224805514], [-42.93891787083687, -22.97161786034257], [-42.93905818875102, -22.972151765363964], [-42.9382109289028, -22.97235913190275], [-42.938070618033755, -22.971825224805514]]]}",snap_geolocation_grid,patch_0078_VV_sigma0_preproc.tif,"{""row"": 11058, ""col"": 25010}",160,69,linear,0.496875,"{""enabled"": true, ""applied"": true, ""status"": ""ok"", ""stage"": ""cfar_water_mask"", ""resampled_shape"": [773, 542], ""sample_shape"": [128, 90], ""sample_max_dim"": 128, ""available"": true, ""method"": ""natural_earth_land_point_mask"", ""bounds_lonlat"": {""west"": -43.004453113859284, ""south"": -23.07874490093939, ""east"": -42.81893643967352, ""north"": -22.867366587745394}, ""mask_path"": ""/content/sismom_colab_work_v2/sources/api/copernicus_meta_1-main/copernicus-platform/frontend/public/shapes/ne_10m_land/ne_10m_land.shp"", ""land_buffer_degrees"": 0.0, ""valid_geolocation_points"": 11520, ""land_points"": 5724, ""water_points"": 5796, ""land_fraction"": 0.496875, ""water_fraction"": 0.503125, ""valid_pixels_before_land_mask"": 389749, ""valid_pixels_after_land_mask"": 201011, ""pixels_masked_by_land"": 188738, ""valid_water_fraction"": 0.5157447485432932, ""land_skip_threshold"": 0.99, ""min_water_fraction"": 0.01, ""skip_land_tiles"": true, ""skipped"": false, ""reason"": ""water_candidate"", ""message"": ""CFAR restrito aos pixels de água.""}",natural_earth_land_point_mask,-22.971953934686887,-42.938705611018904,0.5299999713897705,-4.53000020980835,-6.690000057220459,77,P078,patch_0078_VV,,,"{""row"": 1218, ""col"": 1170, ""row_resampled"": 406, ""col_resampled"": 390}",VV,"{""x0"": 23840, ""y0"": 9840, ""x1"": 25465, ""y1"": 12160}","{""west"": -43.00839956845839, ""south"": -23.096622619606777, ""east"": -42.80009528958929, ""north"": -22.853131894444328}",EPSG:4326,"[0.00011219933721810632, 0.0, -40.496675807198585, 0.0, -0.00011934673118661465, -23.15468487664606, 0.0, 0.0, 1.0]",,cfar,,S1C_IW_GRDH_1SDV_20260810T081331_20260810T081359_008930_011B7A_6FB2,-8.56,,1.0,0.5157447485432932,0.503125,,,1.35,fallback
4,2.0,"{""row_min"": 1497, ""row_max"": 1506, ""col_min"": 771, ""col_max"": 774}","{""x0"": 24000, ""y0"": 10000, ""x1"": 25465, ""y1"": 12000}","{""west"": -43.004453113859284, ""south"": -23.07874490093939, ""east"": -42.81893643967352, ""north"": -22.867366587745394}",cfar,,,,,geolocation_grid,,"{""type"": ""Polygon"", ""coordinates"": [[[-42.907796778203064, -23.005943382736177], [-42.908079291314884, -23.005874232544766], [-42.90830061523188, -23.006672480779574], [-42.90801809977609, -23.006741631706177], [-42.907796778203064, -23.005943382736177]]]}",snap_geolocation_grid,patch_0078_VV_sigma0_preproc.tif,"{""row"": 11340, ""col"": 24614}",160,70,linear,0.496875,"{""enabled"": true, ""applied"": true, ""status"": ""ok"", ""stage"": ""cfar_water_mask"", ""resampled_shape"": [773, 542], ""sample_shape"": [128, 90], ""sample_max_dim"": 128, ""available"": true, ""method"": ""natural_earth_land_point_mask"", ""bounds_lonlat"": {""west"": -43.004453113859284, ""south"": -23.07874490093939, ""east"": -42.81893643967352, ""north"": -22.867366587745394}, ""mask_path"": ""/content/sismom_colab_work_v2/sources/api/copernicus_meta_1-main/copernicus-platform/frontend/public/shapes/ne_10m_land/ne_10m_land.shp"", ""land_buffer_degrees"": 0.0, ""valid_geolocation_points"": 11520, ""land_points"": 5724, ""water_points"": 5796, ""land_fraction"": 0.496875, ""water_fraction"": 0.503125, ""valid_pixels_before_land_mask"": 389749, ""valid_pixels_after_land_mask"": 201011, ""pixels_masked_by_land"": 188738, ""valid_water_fraction"": 0.5157447485432932, ""land_skip_threshold"": 0.99, ""min_water_fraction"": 0.01, ""skip_land_tiles"": true, ""skipped"": false, ""reason"": ""water_candidate"", ""message"": ""CFAR restrito aos pixels de água.""}",natural_earth_land_point_mask,-23.006140315289702,-42.90815306595388,-2.430000066757202,-5.46999979019165,-7.059999942779541,77,P078,patch_0078_VV,,,"{""row"": 1500, ""col"": 774, ""row_resampled"": 500, ""col_resampled"": 258}",VV,"{""x0"": 23840, ""y0"": 9840, ""x1"": 25465, ""y1"": 12160}","{""west"": -43.00839956845839, ""south"": -23.096622619606777, ""east"": -42.80009528958929, ""north"": -22.853131894444328}",EPSG:4326,"[0.00011219933721810632, 0.0, -40.496675807198585, 0.0, -0.00011934673118661465, -23.15468487664606, 0.0, 0.0, 1.0]",,cfar,,S1C_IW_GRDH_1SDV_20260810T081331_20260810T081359_008930_011B7A_6FB2,-8.52,,1.0,0.5157447485432932,0.503125,,,1.35,fallback
8,1.6667,"{""row_min"": 1536, ""row_max"": 1548, ""col_min"": 819, ""col_max"": 825}","{""x0"": 24000, ""y0"": 10000, ""x1"": 25465, ""y1"": 12000}","{""west"": -43.004453113859284, ""south"": -23.07874490093939, ""east"": -42.81893643967352, ""north"": -22.867366587745394}",cfar,,,,,geolocation_grid,,"{""type"": ""Polygon"", ""coordinates"": [[[-42.91327621065741, -23.00829600757024], [-42.91384125719547, -23.008157700815747], [-42.914136408886876, -23.009222015131115], [-42.91357135609822, -23.009360323846124], [-42.91327621065741, -23.00829600757024]]]}",snap_geolocation_grid,patch_0078_VV_sigma0_preproc.tif,"{""row"": 11382, ""col"": 24662}",160,71,linear,0.496875,"{""enabled"": true, ""applied"": true, ""status"": ""ok"", ""stage"": ""cfar_water_mask"", ""resampled_shape"": [773, 542], ""sample_shape"": [128, 90], ""sample_max_dim"": 128, ""available"": true, ""method"": ""natural_earth_land_point_mask"", ""bounds_lonlat"": {""west"": -43.004453113859284, ""south"": -23.07874490093939, ""east"": -42.81893643967352, ""north"": -22.867366587745394}, ""mask_path"": ""/content/sismom_colab_work_v2/sources/api/copernicus_meta_1-main/copernicus-platform/frontend/public/shapes/ne_10m_land/ne_10m_land.shp"", ""land_buffer_degrees"": 0.0, ""valid_geolocation_points"": 11520, ""land_points"": 5724, ""water_points"": 5796, ""land_fraction"": 0.496875, ""water_fraction"": 0.503125, ""valid_pixels_before_land_mask"": 389749, ""valid_pixels_after_land_mask"": 201011, ""pixels_masked_by_land"": 188738, ""valid_water_fraction"": 0.5157447485432932, ""land_skip_threshold"": 0.99, ""min_water_fraction"": 0.01, ""skip_land_tiles"": true, ""skipped"": false, ""reason"": ""water_candidate"", ""message"": ""CFAR restrito aos pixels de água.""}",natural_earth_land_point_mask,-23.00875901184081,-42.9137063082095,0.6700000166893005,-3.369999885559082,-6.420000076293945,77,P078,patch_0078_VV,,,"{""row"": 1542, ""col"": 822, ""row_resampled"": 514, ""col_resampled"": 274}",VV,"{""x0"": 23840, ""y0"": 9840, ""x1"": 25465, ""y1"": 12160}","{""west"": -43.00839956845839, ""south"": -23.096622619606777, ""east"": -42.80009528958929, ""north"": -22.853131894444328}",EPSG:4326,"[0.00011219933721810632, 0.0, -40.496675807198585, 0.0, -0.00011934673118661465, -23.15468487664606, 0.0, 0.0, 1.0]",,cfar,,S1C_IW_GRDH_1SDV_20260810T081331_20260810T081359_008930_011B7A_6FB2,-6.47,,1.0,0.5157447485432932,0.503125,,,1.35,fallback
6,2.5,"{""row_min"": 1557, ""row_max"": 1569, ""col_min"": 837, ""col_max"": 840}","{""x0"": 24000, ""y0"": 10000, ""x1"": 25465, ""y1"": 12000}","{""west"": -43.004453113859284, ""south"": -23.07874490093939, ""east"": -42.81893643967352, ""north"": -22.867366587745394}",cfar,,,,,geolocation_grid,,"{""type"": ""Polygon"", ""coordinates"": [[[-42.91548788763459, -23.00974363049686], [-42.91577041638845, -23.009674475404164], [-42.916065583706356, -23.010738784818248], [-42.91578305182719, -23.0108079408912], [-42.91548788763459, -23.00974363049686]]]}",snap_geolocation_grid,patch_0078_VV_sigma0_preproc.tif,"{""row"": 11403, ""col"": 24680}",160,72,linear,0.496875,"{""enabled"": true, ""applied"": true, ""status"": ""ok"", ""stage"": ""cfar_water_mask"", ""resampled_shape"": [773, 542], ""sample_shape"": [128, 90], ""sample_max_dim"": 128, ""available"": true, ""method"": ""natural_earth_land_point_mask"", ""bounds_lonlat"": {""west"": -43.004453113859284, ""south"": -23.07874490093939, ""east"": -42.81893643967352, ""north"": -22.867366587745394}, ""mask_path"": ""/content/sismom_colab_work_v2/sources/api/copernicus_meta_1-main/copernicus-platform/frontend/public/shapes/ne_10m_land/ne_10m_land.shp"", ""land_buffer_degrees"": 0.0, ""valid_geolocation_points"": 11520, ""land_points"": 5724, ""water_points"": 5796, ""land_fraction"": 0.496875, ""water_fraction"": 0.503125, ""valid_pixels_before_land_mask"": 389749, ""valid_pixels_after_land_mask"": 201011, ""pixels_masked_by_land"": 188738, ""valid_water_fraction"": 0.5157447485432932, ""land_skip_threshold"": 0.99, ""min_water_fraction"": 0.01, ""skip_land_tiles"": true, ""skipped"": false, ""reason"": ""water_candidate"", ""message"": ""CFAR restrito aos pixels de água.""}",natural_earth_land_point_mask,-23.010206630111206,-42.915918000047405,-1.9900000095367432,-3.700000047683716,-5.599999904632568,77,P078,patch_0078_VV,,,"{""row"": 1563, ""col"": 840, ""row_resampled"": 521, ""col_resampled"": 280}",VV,"{""x0"": 23840, ""y0"": 9840, ""x1"": 25465, ""y1"": 12160}","{""west"": -43.00839956845839, ""south"": -23.096622619606777, ""east"": -42.80009528958929, ""north"": -22.853131894444328}",EPSG:4326,"[0.00011219933721810632, 0.0, -40.496675807198585, 0.0, -0.00011934673118661465, -23.15468487664606, 0.0, 0.0, 1.0]",,cfar,,S1C_IW_GRDH_1SDV_20260810T081331_20260810T081359_008930_011B7A_6FB2,-6.32,,1.0,0.5157447485432932,0.503125,,,1.35,fallback
12,1.5714,"{""row_min"": 1581, ""row_max"": 1611, ""col_min"": 843, ""col_max"": 861}","{""x0"": 24000, ""y0"": 10000, ""x1"": 25465, ""y1"": 12000}","{""west"": -43.004453113859284, ""south"": -23.07874490093939, ""east"": -42.81893643967352, ""north"": -22.867366587745394}",cfar,,,,,geolocation_grid,,"{""type"": ""Polygon"", ""coordinates"": [[[-42.916643286028716, -23.01173393717912], [-42.9183384960555, -23.011318994859852], [-42.9190764690475, -23.01397975124056], [-42.917381212141215, -23.01439470826369], [-42.916643286028716, -23.01173393717912]]]}",snap_geolocation_grid,patch_0078_VV_sigma0_preproc.tif,"{""row"": 11436, ""col"": 24692}",160,73,linear,0.496875,"{""enabled"": true, ""applied"": true, ""status"": ""ok"", ""stage"": ""cfar_water_mask"", ""resampled_shape"": [773, 542], ""sample_shape"": [128, 90], ""sample_max_dim"": 128, ""available"": true, ""method"": ""natural_earth_land_point_mask"", ""bounds_lonlat"": {""west"": -43.004453113859284, ""south"": -23.07874490093939, ""east"": -42.81893643967352, ""north"": -22.867366587745394}, ""mask_path"": ""/content/sismom_colab_work_v2/sources/api/copernicus_meta_1-main/copernicus-platform/frontend/public/shapes/ne_10m_land/ne_10m_land.shp"", ""land_buffer_degrees"": 0.0, ""valid_geolocation_points"": 11520, ""land_points"": 5724, ""water_points"": 5796, ""land_fraction"": 0.496875, ""water_fraction"": 0.503125, ""valid_pixels_before_land_mask"": 389749, ""valid_pixels_after_land_mask"": 201011, ""pixels_masked_by_land"": 188738, ""valid_water_fraction"": 0.5157447485432932, ""land_skip_threshold"": 0.99, ""min_water_fraction"": 0.01, ""skip_land_tiles"": true, ""skipped"": false, ""reason"": ""water_candidate"", ""message"": ""CFAR restrito aos pixels de água.""}",natural_earth_land_point_mask,-23.012856847885807,-42.91785986581599,-1.0399999618530273,-3.049999952316284,-4.630000114440918,77,P078,patch_0078_VV,,,"{""row"": 1596, ""col"": 852, ""row_resampled"": 532, ""col_resampled"": 284}",VV,"{""x0"": 23840, ""y0"": 9840, ""x1"": 25465, ""y1"": 12160}","{""west"": -43.00839956845839, ""south"": -23.096622619606777, ""east"": -42.80009528958929, ""north"": -22.853131894444328}",EPSG:4326,"[0.00011219933721810632, 0.0, -40.496675807198585, 0.0, -0.00011934673118661465, -23.15468487664606, 0.0, 0.0, 1.0]",,cfar,,S1C_IW_GRDH_1SDV_20260810T081331_20260810T081359_008930_011B7A_6FB2,-5.82,,1.0,0.5157447485432932,0.503125,,,1.35,fallback
3,3.0,"{""row_min"": 1617, ""row_max"": 1623, ""col_min"": 858, ""col_max"": 858}","{""x0"": 24000, ""y0"": 10000, ""x1"": 25465, ""y1"": 12000}","{""west"": -43.004453113859284, ""south"": -23.07874490093939, ""east"": -42.81893643967352, ""north"": -22.867366587745394}",cfar,,,,,geolocation_grid,,"{""type"": ""Polygon"", ""coordinates"": [[[-42.91894151926709, -23.014581062510683], [-42.91894151926709, -23.014581062510683], [-42.919089112304384, -23.015113214276955], [-42.919089112304384, -23.015113214276955], [-42.91894151926709, -23.014581062510683]]]}",snap_geolocation_grid,patch_0078_VV_sigma0_preproc.tif,"{""row"": 11460, ""col"": 24698}",160,74,linear,0.496875,"{""enabled"": true, ""applied"": true, ""status"": ""ok"", ""stage"": ""cfar_water_mask"", ""resampled_shape"": [773, 542], ""sample_shape"": [128, 90], ""sample_max_dim"": 128, ""available"": true, ""method"": ""natural_earth_land_point_mask"", ""bounds_lonlat"": {""west"": -43.004453113859284, ""south"": -23.07874490093939, ""east"": -42.81893643967352, ""north"": -22.867366587745394}, ""mask_path"": ""/content/sismom_colab_work_v2/sources/api/copernicus_meta_1-main/copernicus-platform/frontend/public/shapes/ne_10m_land/ne_10m_land.shp"", ""land_buffer_degrees"": 0.0, ""valid_geolocation_points"": 11520, ""land_points"": 5724, ""water_points"": 5796, ""land_fraction"": 0.496875, ""water_fraction"": 0.503125, ""valid_pixels_before_land_mask"": 389749, ""valid_pixels_after_land_mask"": 201011, ""pixels_masked_by_land"": 188738, ""valid_water_fraction"": 0.5157447485432932, ""land_skip_threshold"": 0.99, ""min_water_fraction"": 0.01, ""skip_land_tiles"": true, ""skipped"": false, ""reason"": ""water_candidate"", ""message"": ""CFAR restrito aos pixels de água.""}",natural_earth_land_point_mask,-23.01484713839382,-42.91901531578574,-0.4399999976158142,-1.9600000381469727,-3.559999942779541,77,P078,patch_0078_VV,,,"{""row"": 1620, ""col"": 858, ""row_resampled"": 540, ""col_resampled"": 286}",VV,"{""x0"": 23840, ""y0"": 9840, ""x1"": 25465, ""y1"": 12160}","{""west"": -43.00839956845839, ""south"": -23.096622619606777, ""east"": -42.80009528958929, ""north"": -22.853131894444328}",EPSG:4326,"[0.00011219933721810632, 0.0, -40.496675807198585, 0.0, -0.00011934673118661465, -23.15468487664606, 0.0, 0.0, 1.0]",,cfar,,S1C_IW_GRDH_1SDV_20260810T081331_20260810T081359_008930_011B7A_6FB2,-5.36,,1.0,0.5157447485432932,0.503125,,,1.35,fallback
10,1.75,"{""row_min"": 1629, ""row_max"": 1647, ""col_min"": 861, ""col_max"": 870}","{""x0"": 24000, ""y0"": 10000, ""x1"": 25465, ""y1"": 12000}","{""west"": -43.004453113859284, ""south"": -23.07874490093939, ""east"": -42.81893643967352, ""north"": -22.867366587745394}",cfar,,,,,geolocation_grid,,"{""type"": ""Polygon"", ""coordinates"": [[[-42.91951925284735, -23.015576205068985], [-42.92036689536435, -23.015368722146263], [-42.92080969322806, -23.016965171563527], [-42.9199620366472, -23.017172658897408], [-42.91951925284735, -23.015576205068985]]]}",snap_geolocation_grid,patch_0078_VV_sigma0_preproc.tif,"{""row"": 11478, ""col"": 24704}",160,75,linear,0.496875,"{""enabled"": true, ""applied"": true, ""status"": ""ok"", ""stage"": ""cfar_water_mask"", ""resampled_shape"": [773, 542], ""sample_shape"": [128, 90], ""sample_max_dim"": 128, ""available"": true, ""method"": ""natural_earth_land_point_mask"", ""bounds_lonlat"": {""west"": -43.004453113859284, ""south"": -23.07874490093939, ""east"": -42.81893643967352, ""north"": -22.867366587745394}, ""mask_path"": ""/content/sismom_colab_work_v2/sources/api/copernicus_meta_1-main/copernicus-platform/frontend/public/shapes/ne_10m_land/ne_10m_land.shp"", ""land_buffer_degrees"": 0.0, ""valid_geolocation_points"": 11520, ""land_points"": 5724, ""water_points"": 5796, ""land_fraction"": 0.496875, ""water_fraction"": 0.503125, ""valid_pixels_before_land_mask"": 389749, ""valid_pixels_after_land_mask"": 201011, ""pixels_masked_by_land"": 188738, ""valid_water_fraction"": 0.5157447485432932, ""land_skip_threshold"": 0.99, ""min_water_fraction"": 0.01, ""skip_land_tiles"": true, ""skipped"": false, ""reason"": ""water_candidate"", ""message"": ""CFAR restrito aos pixels de água.""}",natural_earth_land_point_mask,-23.01630527027376,-42.92002319459692,-0.5400000214576721,-3.759999990463257,-5.539999961853027,77,P078,patch_0078_VV,,,"{""row"": 1638, ""col"": 864, ""row_resampled"": 546, ""col_resampled"": 288}",VV,"{""x0"": 23840, ""y0"": 9840, ""x1"": 25465, ""y1"": 12160}","{""west"": -43.00839956845839, ""south"": -23.096622619606777, ""east"": -42.80009528958929, ""north"": -22.853131894444328}",EPSG:4326,"[0.00011219933721810632, 0.0, -40.496675807198585, 0.0, -0.00011934673118661465, -23.15468487664606, 0.0, 0.0, 1.0]",,cfar,,S1C_IW_GRDH_1SDV_20260810T081331_20260810T081359_008930_011B7A_6FB2,-5.49,,1.0,0.5157447485432932,0.503125,,,1.35,fallback
26,1.5714,"{""row_min"": 1707, ""row_max"": 1737, ""col_min"": 909, ""col_max"": 927}","{""x0"": 24000, ""y0"": 10000, ""x1"": 25465, ""y1"": 12000}","{""west"": -43.004453113859284, ""south"": -23.07874490093939, ""east"": -42.81893643967352, ""north"": -22.867366587745394}",cfar,,,,,geolocation_grid,,"{""type"": ""Polygon"", ""coordinates"": [[[-42.92595906782509, -23.021387494124205], [-42.92765447480181, -23.020972490048727], [-42.928392619707346, -23.023633192515277], [-42.926697165851074, -23.02404821129462], [-42.92595906782509, -23.021387494124205]]]}",snap_geolocation_grid,patch_0078_VV_sigma0_preproc.tif,"{""row"": 11562, ""col"": 24758}",160,76,linear,0.496875,"{""enabled"": true, ""applied"": true, ""status"": ""ok"", ""stage"": ""cfar_water_mask"", ""resampled_shape"": [773, 542], ""sample_shape"": [128, 90], ""sample_max_dim"": 128, ""available"": true, ""method"": ""natural_earth_land_point_mask"", ""bounds_lonlat"": {""west"": -43.004453113859284, ""south"": -23.07874490093939, ""east"": -42.81893643967352, ""north"": -22.867366587745394}, ""mask_path"": ""/content/sismom_colab_work_v2/sources/api/copernicus_meta_1-main/copernicus-platform/frontend/public/shapes/ne_10m_land/ne_10m_land.shp"", ""land_buffer_degrees"": 0.0, ""valid_geolocation_points"": 11520, ""land_points"": 5724, ""water_points"": 5796, ""land_fraction"": 0.496875, ""water_fraction"": 0.503125, ""valid_pixels_before_land_mask"": 389749, ""valid_pixels_after_land_mask"": 201011, ""pixels_masked_by_land"": 188738, ""valid_water_fraction"": 0.5157447485432932, ""land_skip_threshold"": 0.99, ""min_water_fraction"": 0.01, ""skip_land_tiles"": true, ""skipped"": false, ""reason"": ""water_candidate"", ""message"": ""CFAR restrito aos pixels de água.""}",natural_earth_land_point_mask,-23.02251034699571,-42.927175832044824,0.23999999463558197,-5.550000190734863,-9.5600004196167,77,P078,patch_0078_VV,,,"{""row"": 1722, ""col"": 918, ""row_resampled"": 574, ""col_resampled"": 306}",VV,"{""x0"": 23840, ""y0"": 9840, ""x1"": 25465, ""y1"": 12160}","{""west"": -43.00839956845839, ""south"": -23.096622619606777, ""east"": -42.80009528958929, ""north"": -22.853131894444328}",EPSG:4326,"[0.00011219933721810632, 0.0, -40.496675807198585, 0.0, -0.00011934673118661465, -23.15468487664606, 0.0, 0.0, 1.0]",,cfar,,S1C_IW_GRDH_1SDV_20260810T081331_20260810T081359_008930_011B7A_6FB2,-8.65,,1.0,0.5157447485432932,0.503125,,,1.35,fallback
3,3.0,"{""row_min"": 225, ""row_max"": 231, ""col_min"": 1107, ""col_max"": 1107}","{""x0"": 4000, ""y0"": 12000, ""x1"": 6000, ""y1"": 14000}","{""west"": -41.20990644198929, ""south"": -23.706476310249617, ""east"": -40.9726133596433, ""north"": -23.48462917377791}",cfar,,,,,geolocation_grid,,"{""type"": ""Polygon"", ""coordinates"": [[[-41.06410022505153, -23.513560041153912], [-41.06410022505153, -23.513560041153912], [-41.06424211096272, -23.514094020373335], [-41.06424211096272, -23.514094020373335], [-41.06410022505153, -23.513560041153912]]]}",snap_geolocation_grid,patch_0081_VV_sigma0_preproc.tif,"{""row"": 12068, ""col"": 4947}",160,77,linear,0.0,"{""enabled"": true, ""applied"": true, ""status"": ""ok"", ""stage"": ""cfar_water_mask"", ""resampled_shape"": [773, 773], ""sample_shape"": [128, 128], ""sample_max_dim"": 128, ""available"": true, ""method"": ""natural_earth_land_point_mask"", ""bounds_lonlat"": {""west"": -41.20990644198929, ""south"": -23.706476310249617, ""east"": -40.9726133596433, ""north"": -23.48462917377791}, ""mask_path"": ""/content/sismom_colab_work_v2/sources/api/copernicus_meta_1-main/copernicus-platform/frontend/public/shapes/ne_10m_land/ne_10m_land.shp"", ""land_buffer_degrees"": 0.0, ""valid_geolocation_points"": 16384, ""land_points"": 0, ""water_points"": 16384, ""land_fraction"": 0.0, ""water_fraction"": 1.0, ""valid_pixels_before_land_mask"": 597529, ""valid_pixels_after_land_mask"": 597529, ""pixels_masked_by_land"": 0, ""valid_water_fraction"": 1.0, ""land_skip_threshold"": 0.99, ""min_water_fraction"": 0.01, ""skip_land_tiles"": true, ""skipped"": false, ""reason"": ""water_candidate"", ""message"": ""CFAR restrito aos pixels de água.""}",natural_earth_land_point_mask,-23.513827030763622,-41.06417116800712,15.739999771118164,13.199999809265137,11.15999984741211,80,P081,patch_0081_VV,,,"{""row"": 228, ""col"": 1107, ""row_resampled"": 76, ""col_resampled"": 369}",VV,"{""x0"": 3840, ""y0"": 11840, ""x1"": 6160, ""y1"": 14160}","{""west"": -41.22892184622415, ""south"": -23.724232136511596, ""east"": -40.95364283549061, ""north"": -23.46687084760343}",EPSG:4326,"[0.00011219933721810632, 0.0, -42.74066255156071, 0.0, -0.00011934673118661465, -23.393378339019286, 0.0, 0.0, 1.0]",,cfar,,S1C_IW_GRDH_1SDV_20260810T081331_20260810T081359_008930_011B7A_6FB2,11.15,,1.0,1.0,1.0,,,1.35,fallback
7,1.0,"{""row_min"": 384, ""row_max"": 390, ""col_min"": 1269, ""col_max"": 1275}","{""x0"": 4000, ""y0"": 12000, ""x1"": 6000, ""y1"": 14000}","{""west"": -41.20990644198929, ""south"": -23.706476310249617, ""east"": -40.9726133596433, ""north"": -23.48462917377791}",cfar,,,,,geolocation_grid,,"{""type"": ""Polygon"", ""coordinates"": [[[-41.08324891955029, -23.524154309640757], [-41.083818809447074, -23.524022475201317], [-41.083960755339945, -23.524556438965206], [-41.083390863292394, -23.52468827396438], [-41.08324891955029, -23.524154309640757]]]}",snap_geolocation_grid,patch_0081_VV_sigma0_preproc.tif,"{""row"": 12227, ""col"": 5112}",160,78,linear,0.0,"{""enabled"": true, ""applied"": true, ""status"": ""ok"", ""stage"": ""cfar_water_mask"", ""resampled_shape"": [773, 773], ""sample_shape"": [128, 128], ""sample_max_dim"": 128, ""available"": true, ""method"": ""natural_earth_land_point_mask"", ""bounds_lonlat"": {""west"": -41.20990644198929, ""south"": -23.706476310249617, ""east"": -40.9726133596433, ""north"": -23.48462917377791}, ""mask_path"": ""/content/sismom_colab_work_v2/sources/api/copernicus_meta_1-main/copernicus-platform/frontend/public/shapes/ne_10m_land/ne_10m_land.shp"", ""land_buffer_degrees"": 0.0, ""valid_geolocation_points"": 16384, ""land_points"": 0, ""water_points"": 16384, ""land_fraction"": 0.0, ""water_fraction"": 1.0, ""valid_pixels_before_land_mask"": 597529, ""valid_pixels_after_land_mask"": 597529, ""pixels_masked_by_land"": 0, ""valid_water_fraction"": 1.0, ""land_skip_threshold"": 0.99, ""min_water_fraction"": 0.01, ""skip_land_tiles"": true, ""skipped"": false, ""reason"": ""water_candidate"", ""message"": ""CFAR restrito aos pixels de água.""}",natural_earth_land_point_mask,-23.524355374442912,-41.08360483690742,12.229999542236328,4.369999885559082,-3.069999933242798,80,P081,patch_0081_VV,,,"{""row"": 387, ""col"": 1272, ""row_resampled"": 129, ""col_resampled"": 424}",VV,"{""x0"": 3840, ""y0"": 11840, ""x1"": 6160, ""y1"": 14160}","{""west"": -41.22892184622415, ""south"": -23.724232136511596, ""east"": -40.95364283549061, ""north"": -23.46687084760343}",EPSG:4326,"[0.00011219933721810632, 0.0, -42.74066255156071, 0.0, -0.00011934673118661465, -23.393378339019286, 0.0, 0.0, 1.0]",,cfar,,S1C_IW_GRDH_1SDV_20260810T081331_20260810T081359_008930_011B7A_6FB2,-3.67,,1.0,1.0,1.0,,,1.35,fallback
11,2.3333,"{""row_min"": 555, ""row_max"": 573, ""col_min"": 2064, ""col_max"": 2070}","{""x0"": 4000, ""y0"": 12000, ""x1"": 6000, ""y1"": 14000}","{""west"": -41.20990644198929, ""south"": -23.706476310249617, ""east"": -40.9726133596433, ""north"": -23.48462917377791}",cfar,,,,,geolocation_grid,,"{""type"": ""Polygon"", ""coordinates"": [[[-41.16279579595651, -23.52186796557158], [-41.163365616737394, -23.521735853824843], [-41.16379231676148, -23.523337515951514], [-41.16322248947174, -23.523469629428124], [-41.16279579595651, -23.52186796557158]]]}",snap_geolocation_grid,patch_0081_VV_sigma0_preproc.tif,"{""row"": 12404, ""col"": 5907}",160,79,linear,0.0,"{""enabled"": true, ""applied"": true, ""status"": ""ok"", ""stage"": ""cfar_water_mask"", ""resampled_shape"": [773, 773], ""sample_shape"": [128, 128], ""sample_max_dim"": 128, ""available"": true, ""method"": ""natural_earth_land_point_mask"", ""bounds_lonlat"": {""west"": -41.20990644198929, ""south"": -23.706476310249617, ""east"": -40.9726133596433, ""north"": -23.48462917377791}, ""mask_path"": ""/content/sismom_colab_work_v2/sources/api/copernicus_meta_1-main/copernicus-platform/frontend/public/shapes/ne_10m_land/ne_10m_land.shp"", ""land_buffer_degrees"": 0.0, ""valid_geolocation_points"": 16384, ""land_points"": 0, ""water_points"": 16384, ""land_fraction"": 0.0, ""water_fraction"": 1.0, ""valid_pixels_before_land_mask"": 597529, ""valid_pixels_after_land_mask"": 597529, ""pixels_masked_by_land"": 0, ""valid_water_fraction"": 1.0, ""land_skip_threshold"": 0.99, ""min_water_fraction"": 0.01, ""skip_land_tiles"": true, ""skipped"": false, ""reason"": ""water_candidate"", ""message"": ""CFAR restrito aos pixels de água.""}",natural_earth_land_point_mask,-23.522602741194017,-41.163294054731786,4.230000019073486,-1.2200000286102295,-5.269999980926514,80,P081,patch_0081_VV,,,"{""row"": 564, ""col"": 2067, ""row_resampled"": 188, ""col_resampled"": 689}",VV,"{""x0"": 3840, ""y0"": 11840, ""x1"": 6160, ""y1"": 14160}","{""west"": -41.22892184622415, ""south"": -23.724232136511596, ""east"": -40.95364283549061, ""north"": -23.46687084760343}",EPSG:4326,"[0.00011219933721810632, 0.0, -42.74066255156071, 0.0, -0.00011934673118661465, -23.393378339019286, 0.0, 0.0, 1.0]",,cfar,,S1C_IW_GRDH_1SDV_20260810T081331_20260810T081359_008930_011B7A_6FB2,-5.69,,1.0,1.0,1.0,,,1.35,fallback
9,2.0,"{""row_min"": 834, ""row_max"": 849, ""col_min"": 1644, ""col_max"": 1650}","{""x0"": 4000, ""y0"": 12000, ""x1"": 6000, ""y1"": 14000}","{""west"": -41.20990644198929, ""south"": -23.706476310249617, ""east"": -40.9726133596433, ""north"": -23.48462917377791}",cfar,,,,,geolocation_grid,,"{""type"": ""Polygon"", ""coordinates"": [[[-41.12951502654435, -23.55594345452439], [-41.130084948161596, -23.555811315964725], [-41.13044015182348, -23.55714613531247], [-41.12987022478235, -23.557278275313685], [-41.12951502654435, -23.55594345452439]]]}",snap_geolocation_grid,patch_0081_VV_sigma0_preproc.tif,"{""row"": 12680, ""col"": 5487}",160,80,linear,0.0,"{""enabled"": true, ""applied"": true, ""status"": ""ok"", ""stage"": ""cfar_water_mask"", ""resampled_shape"": [773, 773], ""sample_shape"": [128, 128], ""sample_max_dim"": 128, ""available"": true, ""method"": ""natural_earth_land_point_mask"", ""bounds_lonlat"": {""west"": -41.20990644198929, ""south"": -23.706476310249617, ""east"": -40.9726133596433, ""north"": -23.48462917377791}, ""mask_path"": ""/content/sismom_colab_work_v2/sources/api/copernicus_meta_1-main/copernicus-platform/frontend/public/shapes/ne_10m_land/ne_10m_land.shp"", ""land_buffer_degrees"": 0.0, ""valid_geolocation_points"": 16384, ""land_points"": 0, ""water_points"": 16384, ""land_fraction"": 0.0, ""water_fraction"": 1.0, ""valid_pixels_before_land_mask"": 597529, ""valid_pixels_after_land_mask"": 597529, ""pixels_masked_by_land"": 0, ""valid_water_fraction"": 1.0, ""land_skip_threshold"": 0.99, ""min_water_fraction"": 0.01, ""skip_land_tiles"": true, ""skipped"": false, ""reason"": ""water_candidate"", ""message"": ""CFAR restrito aos pixels de água.""}",natural_earth_land_point_mask,-23.556411313271965,-41.129942067732955,2.009999990463257,-3.140000104904175,-6.119999885559082,80,P081,patch_0081_VV,,,"{""row"": 840, ""col"": 1647, ""row_resampled"": 280, ""col_resampled"": 549}",VV,"{""x0"": 3840, ""y0"": 11840, ""x1"": 6160, ""y1"": 14160}","{""west"": -41.22892184622415, ""south"": -23.724232136511596, ""east"": -40.95364283549061, ""north"": -23.46687084760343}",EPSG:4326,"[0.00011219933721810632, 0.0, -42.74066255156071, 0.0, -0.00011934673118661465, -23.393378339019286, 0.0, 0.0, 1.0]",,cfar,,S1C_IW_GRDH_1SDV_20260810T081331_20260810T081359_008930_011B7A_6FB2,-6.63,,1.0,1.0,1.0,,,1.35,fallback
6,1.6667,"{""row_min"": 1992, ""row_max"": 1998, ""col_min"": 1407, ""col_max"": 1419}","{""x0"": 4000, ""y0"": 12000, ""x1"": 6000, ""y1"": 14000}","{""west"": -41.20990644198929, ""south"": -23.706476310249617, ""east"": -40.9726133596433, ""north"": -23.48462917377791}",cfar,,,,,geolocation_grid,,"{""type"": ""Polygon"", ""coordinates"": [[[-41.13445532457214, -23.664209468134153], [-41.13559597880463, -23.663944968438752], [-41.135738362176774, -23.664478869432198], [-41.13459770381655, -23.664743370280846], [-41.13445532457214, -23.664209468134153]]]}",snap_geolocation_grid,patch_0081_VV_sigma0_preproc.tif,"{""row"": 13835, ""col"": 5253}",160,81,linear,0.0,"{""enabled"": true, ""applied"": true, ""status"": ""ok"", ""stage"": ""cfar_water_mask"", ""resampled_shape"": [773, 773], ""sample_shape"": [128, 128], ""sample_max_dim"": 128, ""available"": true, ""method"": ""natural_earth_land_point_mask"", ""bounds_lonlat"": {""west"": -41.20990644198929, ""south"": -23.706476310249617, ""east"": -40.9726133596433, ""north"": -23.48462917377791}, ""mask_path"": ""/content/sismom_colab_work_v2/sources/api/copernicus_meta_1-main/copernicus-platform/frontend/public/shapes/ne_10m_land/ne_10m_land.shp"", ""land_buffer_degrees"": 0.0, ""valid_geolocation_points"": 16384, ""land_points"": 0, ""water_points"": 16384, ""land_fraction"": 0.0, ""water_fraction"": 1.0, ""valid_pixels_before_land_mask"": 597529, ""valid_pixels_after_land_mask"": 597529, ""pixels_masked_by_land"": 0, ""valid_water_fraction"": 1.0, ""land_skip_threshold"": 0.99, ""min_water_fraction"": 0.01, ""skip_land_tiles"": true, ""skipped"": false, ""reason"": ""water_candidate"", ""message"": ""CFAR restrito aos pixels de água.""}",natural_earth_land_point_mask,-23.66434416907149,-41.135096842334356,17.860000610351562,6.980000019073486,0.3499999940395355,80,P081,patch_0081_VV,,,"{""row"": 1995, ""col"": 1413, ""row_resampled"": 665, ""col_resampled"": 471}",VV,"{""x0"": 3840, ""y0"": 11840, ""x1"": 6160, ""y1"": 14160}","{""west"": -41.22892184622415, ""south"": -23.724232136511596, ""east"": -40.95364283549061, ""north"": -23.46687084760343}",EPSG:4326,"[0.00011219933721810632, 0.0, -42.74066255156071, 0.0, -0.00011934673118661465, -23.393378339019286, 0.0, 0.0, 1.0]",,cfar,,S1C_IW_GRDH_1SDV_20260810T081331_20260810T081359_008930_011B7A_6FB2,-1.52,,1.0,1.0,1.0,,,1.35,fallback
12,1.25,"{""row_min"": 2079, ""row_max"": 2091, ""col_min"": 1395, ""col_max"": 1404}","{""x0"": 14000, ""y0"": 12000, ""x1"": 16000, ""y1"": 14000}","{""west"": -42.15886380713052, ""south"": -23.484161833441007, ""east"": -41.92103312554489, ""north"": -23.261494370646798}",cfar,,,,,geolocation_grid,,"{""type"": ""Polygon"", ""coordinates"": [[[-42.08453727810733, -23.4491994161705], [-42.08539021445766, -23.448996377460425], [-42.08568202124521, -23.450062163011197], [-42.08482907883297, -23.4502652036297], [-42.08453727810733, -23.4491994161705]]]}",snap_geolocation_grid,patch_0086_VV_sigma0_preproc.tif,"{""row"": 13925, ""col"": 15238}",160,82,linear,0.0,"{""enabled"": true, ""applied"": true, ""status"": ""ok"", ""stage"": ""cfar_water_mask"", ""resampled_shape"": [773, 773], ""sample_shape"": [128, 128], ""sample_max_dim"": 128, ""available"": true, ""method"": ""natural_earth_land_point_mask"", ""bounds_lonlat"": {""west"": -42.15886380713052, ""south"": -23.484161833441007, ""east"": -41.92103312554489, ""north"": -23.261494370646798}, ""mask_path"": ""/content/sismom_colab_work_v2/sources/api/copernicus_meta_1-main/copernicus-platform/frontend/public/shapes/ne_10m_land/ne_10m_land.shp"", ""land_buffer_degrees"": 0.0, ""valid_geolocation_points"": 16384, ""land_points"": 0, ""water_points"": 16384, ""land_fraction"": 0.0, ""water_fraction"": 1.0, ""valid_pixels_before_land_mask"": 597529, ""valid_pixels_after_land_mask"": 597529, ""pixels_masked_by_land"": 0, ""valid_water_fraction"": 1.0, ""land_skip_threshold"": 0.99, ""min_water_fraction"": 0.01, ""skip_land_tiles"": true, ""skipped"": false, ""reason"": ""water_candidate"", ""message"": ""CFAR restrito aos pixels de água.""}",natural_earth_land_point_mask,-23.449664630012002,-42.084967491597254,9.600000381469727,2.5799999237060547,-3.359999895095825,85,P086,patch_0086_VV,,,"{""row"": 2085, ""col"": 1398, ""row_resampled"": 695, ""col_resampled"": 466}",VV,"{""x0"": 13840, ""y0"": 11840, ""x1"": 16160, ""y1"": 14160}","{""west"": -42.17792125756046, ""south"": -23.50197357569594, ""east"": -41.90201283586555, ""north"": -23.243670083436445}",EPSG:4326,"[0.00011219933721810632, 0.0, -41.61866917937965, 0.0, -0.00011934673118661465, -23.393378339019286, 0.0, 0.0, 1.0]",,cfar,,S1C_IW_GRDH_1SDV_20260810T081331_20260810T081359_008930_011B7A_6FB2,-5.6,,1.0,1.0,1.0,,,1.35,fallback
3,1.0,"{""row_min"": 1752, ""row_max"": 1755, ""col_min"": 1485, ""col_max"": 1488}","{""x0"": 18000, ""y0"": 12000, ""x1"": 20000, ""y1"": 14000}","{""west"": -42.53755182924918, ""south"": -23.3936205347104, ""east"": -42.29950905165452, ""north"": -23.170625491184776}",cfar,,,,,geolocation_grid,,"{""type"": ""Polygon"", ""coordinates"": [[[-42.46378709195761, -23.327311211974433], [-42.46407086586559, -23.327242695172217], [-42.46414453198771, -23.327508912915164], [-42.46386075754778, -23.32757742988316], [-42.46378709195761, -23.327311211974433]]]}",snap_geolocation_grid,patch_0088_VV_sigma0_preproc.tif,"{""row"": 13592, ""col"": 19328}",160,83,linear,0.0,"{""enabled"": true, ""applied"": true, ""status"": ""ok"", ""stage"": ""cfar_water_mask"", ""resampled_shape"": [773, 773], ""sample_shape"": [128, 128], ""sample_max_dim"": 128, ""available"": true, ""method"": ""natural_earth_land_point_mask"", ""bounds_lonlat"": {""west"": -42.53755182924918, ""south"": -23.3936205347104, ""east"": -42.29950905165452, ""north"": -23.170625491184776}, ""mask_path"": ""/content/sismom_colab_work_v2/sources/api/copernicus_meta_1-main/copernicus-platform/frontend/public/shapes/ne_10m_land/ne_10m_land.shp"", ""land_buffer_degrees"": 0.0, ""valid_geolocation_points"": 16384, ""land_points"": 0, ""water_points"": 16384, ""land_fraction"": 0.0, ""water_fraction"": 1.0, ""valid_pixels_before_land_mask"": 597529, ""valid_pixels_after_land_mask"": 597529, ""pixels_masked_by_land"": 0, ""valid_water_fraction"": 1.0, ""land_skip_threshold"": 0.99, ""min_water_fraction"": 0.01, ""skip_land_tiles"": true, ""skipped"": false, ""reason"": ""water_candidate"", ""message"": ""CFAR restrito aos pixels de água.""}",natural_earth_land_point_mask,-23.327242695172217,-42.46407086586559,11.649999618530273,7.849999904632568,4.190000057220459,87,P088,patch_0088_VV,,,"{""row"": 1752, ""col"": 1488, ""row_resampled"": 584, ""col_resampled"": 496}",VV,"{""x0"": 17840, ""y0"": 11840, ""x1"": 20160, ""y1"": 14160}","{""west"": -42.55662700752633, ""south"": -23.411467438892206, ""east"": -42.28047762978924, ""north"": -23.152768945210994}",EPSG:4326,"[0.00011219933721810632, 0.0, -41.169871830507226, 0.0, -0.00011934673118661465, -23.393378339019286, 0.0, 0.0, 1.0]",,cfar,,S1C_IW_GRDH_1SDV_20260810T081331_20260810T081359_008930_011B7A_6FB2,-1.45,,1.0,1.0,1.0,,,1.35,fallback
5,1.3333,"{""row_min"": 1761, ""row_max"": 1767, ""col_min"": 1503, ""col_max"": 1512}","{""x0"": 18000, ""y0"": 12000, ""x1"": 20000, ""y1"": 14000}","{""west"": -42.53755182924918, ""south"": -23.3936205347104, ""east"": -42.29950905165452, ""north"": -23.170625491184776}",cfar,,,,,geolocation_grid,,"{""type"": ""Polygon"", ""coordinates"": [[[-42.465710741751366, -23.327698761903314], [-42.466562068262995, -23.32749321000466], [-42.46670940901873, -23.3280256428381], [-42.465858079315296, -23.328231195731423], [-42.465710741751366, -23.327698761903314]]]}",snap_geolocation_grid,patch_0088_VV_sigma0_preproc.tif,"{""row"": 13604, ""col"": 19346}",160,84,linear,0.0,"{""enabled"": true, ""applied"": true, ""status"": ""ok"", ""stage"": ""cfar_water_mask"", ""resampled_shape"": [773, 773], ""sample_shape"": [128, 128], ""sample_max_dim"": 128, ""available"": true, ""method"": ""natural_earth_land_point_mask"", ""bounds_lonlat"": {""west"": -42.53755182924918, ""south"": -23.3936205347104, ""east"": -42.29950905165452, ""north"": -23.170625491184776}, ""mask_path"": ""/content/sismom_colab_work_v2/sources/api/copernicus_meta_1-main/copernicus-platform/frontend/public/shapes/ne_10m_land/ne_10m_land.shp"", ""land_buffer_degrees"": 0.0, ""valid_geolocation_points"": 16384, ""land_points"": 0, ""water_points"": 16384, ""land_fraction"": 0.0, ""water_fraction"": 1.0, ""valid_pixels_before_land_mask"": 597529, ""valid_pixels_after_land_mask"": 597529, ""pixels_masked_by_land"": 0, ""valid_water_fraction"": 1.0, ""land_skip_threshold"": 0.99, ""min_water_fraction"": 0.01, ""skip_land_tiles"": true, ""skipped"": false, ""reason"": ""water_candidate"", ""message"": ""CFAR restrito aos pixels de água.""}",natural_earth_land_point_mask,-23.327896461352037,-42.466068186569174,9.069999694824219,3.4800000190734863,-0.38999998569488525,87,P088,patch_0088_VV,,,"{""row"": 1764, ""col"": 1506, ""row_resampled"": 588, ""col_resampled"": 502}",VV,"{""x0"": 17840, ""y0"": 11840, ""x1"": 20160, ""y1"": 14160}","{""west"": -42.55662700752633, ""south"": -23.411467438892206, ""east"": -42.28047762978924, ""north"": -23.152768945210994}",EPSG:4326,"[0.00011219933721810632, 0.0, -41.169871830507226, 0.0, -0.00011934673118661465, -23.393378339019286, 0.0, 0.0, 1.0]",,cfar,,S1C_IW_GRDH_1SDV_20260810T081331_20260810T081359_008930_011B7A_6FB2,-1.38,,1.0,1.0,1.0,,,1.35,fallback
9,2.0,"{""row_min"": 2007, ""row_max"": 2013, ""col_min"": 1629, ""col_max"": 1644}","{""x0"": 4000, ""y0"": 14000, ""x1"": 6000, ""y1"": 16000}","{""west"": -41.257517462251826, ""south"": -23.884473300121282, ""east"": -41.0198529417496, ""north"": -23.66258139043753}",cfar,,,,,geolocation_grid,,"{""type"": ""Polygon"", ""coordinates"": [[[-41.20345185193971, -23.83860336278095], [-41.20487947134859, -23.83827226464094], [-41.20502229347076, -23.83880609082369], [-41.203594668438086, -23.83913719033318], [-41.20345185193971, -23.83860336278095]]]}",snap_geolocation_grid,patch_0094_VV_sigma0_preproc.tif,"{""row"": 15850, ""col"": 5478}",160,85,linear,0.0,"{""enabled"": true, ""applied"": true, ""status"": ""ok"", ""stage"": ""cfar_water_mask"", ""resampled_shape"": [773, 773], ""sample_shape"": [128, 128], ""sample_max_dim"": 128, ""available"": true, ""method"": ""natural_earth_land_point_mask"", ""bounds_lonlat"": {""west"": -41.257517462251826, ""south"": -23.884473300121282, ""east"": -41.0198529417496, ""north"": -23.66258139043753}, ""mask_path"": ""/content/sismom_colab_work_v2/sources/api/copernicus_meta_1-main/copernicus-platform/frontend/public/shapes/ne_10m_land/ne_10m_land.shp"", ""land_buffer_degrees"": 0.0, ""valid_geolocation_points"": 16384, ""land_points"": 0, ""water_points"": 16384, ""land_fraction"": 0.0, ""water_fraction"": 1.0, ""valid_pixels_before_land_mask"": 597529, ""valid_pixels_after_land_mask"": 597529, ""pixels_masked_by_land"": 0, ""valid_water_fraction"": 1.0, ""land_skip_threshold"": 0.99, ""min_water_fraction"": 0.01, ""skip_land_tiles"": true, ""skipped"": false, ""reason"": ""water_candidate"", ""message"": ""CFAR restrito aos pixels de água.""}",natural_earth_land_point_mask,-23.838671617262214,-41.20437983352137,8.170000076293945,1.3700000047683716,-3.950000047683716,93,P094,patch_0094_VV,,,"{""row"": 2010, ""col"": 1638, ""row_resampled"": 670, ""col_resampled"": 546}",VV,"{""x0"": 3840, ""y0"": 13840, ""x1"": 6160, ""y1"": 16160}","{""west"": -41.276562258238734, ""south"": -23.90223282044781, ""east"": -41.00085316621304, ""north"": -23.644819243950323}",EPSG:4326,"[0.00011219933721810632, 0.0, -42.74066255156071, 0.0, -0.00011934673118661465, -23.632071801392517, 0.0, 0.0, 1.0]",,cfar,,S1C_IW_GRDH_1SDV_20260810T081331_20260810T081359_008930_011B7A_6FB2,-4.41,,1.0,1.0,1.0,,,1.35,fallback
5,1.5,"{""row_min"": 174, ""row_max"": 180, ""col_min"": 834, ""col_max"": 837}","{""x0"": 6000, ""y0"": 14000, ""x1"": 8000, ""y1"": 16000}","{""west"": -41.44780524124401, ""south"": -23.840404891800635, ""east"": -41.210025279163595, ""north"": -23.618348470138514}",cfar,,,,,geolocation_grid,,"{""type"": ""Polygon"", ""coordinates"": [[[-41.27441995035345, -23.648924825157124], [-41.27470502884429, -23.64885847577356], [-41.2748479059026, -23.64939224049202], [-41.27456282632252, -23.64945859016389], [-41.27441995035345, -23.648924825157124]]]}",snap_geolocation_grid,patch_0095_VV_sigma0_preproc.tif,"{""row"": 14017, ""col"": 6674}",160,86,linear,0.0,"{""enabled"": true, ""applied"": true, ""status"": ""ok"", ""stage"": ""cfar_water_mask"", ""resampled_shape"": [773, 773], ""sample_shape"": [128, 128], ""sample_max_dim"": 128, ""available"": true, ""method"": ""natural_earth_land_point_mask"", ""bounds_lonlat"": {""west"": -41.44780524124401, ""south"": -23.840404891800635, ""east"": -41.210025279163595, ""north"": -23.618348470138514}, ""mask_path"": ""/content/sismom_colab_work_v2/sources/api/copernicus_meta_1-main/copernicus-platform/frontend/public/shapes/ne_10m_land/ne_10m_land.shp"", ""land_buffer_degrees"": 0.0, ""valid_geolocation_points"": 16384, ""land_points"": 0, ""water_points"": 16384, ""land_fraction"": 0.0, ""water_fraction"": 1.0, ""valid_pixels_before_land_mask"": 597529, ""valid_pixels_after_land_mask"": 597529, ""pixels_masked_by_land"": 0, ""valid_water_fraction"": 1.0, ""land_skip_threshold"": 0.99, ""min_water_fraction"": 0.01, ""skip_land_tiles"": true, ""skipped"": false, ""reason"": ""water_candidate"", ""message"": ""CFAR restrito aos pixels de água.""}",natural_earth_land_point_mask,-23.649191707660506,-41.274491388337985,22.25,14.270000457763672,6.010000228881836,94,P095,patch_0095_VV,,,"{""row"": 177, ""col"": 834, ""row_resampled"": 59, ""col_resampled"": 278}",VV,"{""x0"": 5840, ""y0"": 13840, ""x1"": 8160, ""y1"": 16160}","{""west"": -41.466855834632035, ""south"": -23.85817147350381, ""east"": -41.19101278834147, ""north"": -23.600567960291954}",EPSG:4326,"[0.00011219933721810632, 0.0, -42.5162638771245, 0.0, -0.00011934673118661465, -23.632071801392517, 0.0, 0.0, 1.0]",,cfar,,S1C_IW_GRDH_1SDV_20260810T081331_20260810T081359_008930_011B7A_6FB2,5.55,,1.0,1.0,1.0,,,1.35,fallback
4,4.0,"{""row_min"": 177, ""row_max"": 177, ""col_min"": 819, ""col_max"": 828}","{""x0"": 6000, ""y0"": 14000, ""x1"": 8000, ""y1"": 16000}","{""west"": -41.44780524124401, ""south"": -23.840404891800635, ""east"": -41.210025279163595, ""north"": -23.618348470138514}",cfar,,,,,geolocation_grid,,"{""type"": ""Polygon"", ""coordinates"": [[[-41.27306599330497, -23.64952345529909], [-41.27392123031146, -23.64932440671594], [-41.27392123031146, -23.64932440671594], [-41.27306599330497, -23.64952345529909], [-41.27306599330497, -23.64952345529909]]]}",snap_geolocation_grid,patch_0095_VV_sigma0_preproc.tif,"{""row"": 14017, ""col"": 6662}",160,87,linear,0.0,"{""enabled"": true, ""applied"": true, ""status"": ""ok"", ""stage"": ""cfar_water_mask"", ""resampled_shape"": [773, 773], ""sample_shape"": [128, 128], ""sample_max_dim"": 128, ""available"": true, ""method"": ""natural_earth_land_point_mask"", ""bounds_lonlat"": {""west"": -41.44780524124401, ""south"": -23.840404891800635, ""east"": -41.210025279163595, ""north"": -23.618348470138514}, ""mask_path"": ""/content/sismom_colab_work_v2/sources/api/copernicus_meta_1-main/copernicus-platform/frontend/public/shapes/ne_10m_land/ne_10m_land.shp"", ""land_buffer_degrees"": 0.0, ""valid_geolocation_points"": 16384, ""land_points"": 0, ""water_points"": 16384, ""land_fraction"": 0.0, ""water_fraction"": 1.0, ""valid_pixels_before_land_mask"": 597529, ""valid_pixels_after_land_mask"": 597529, ""pixels_masked_by_land"": 0, ""valid_water_fraction"": 1.0, ""land_skip_threshold"": 0.99, ""min_water_fraction"": 0.01, ""skip_land_tiles"": true, ""skipped"": false, ""reason"": ""water_candidate"", ""message"": ""CFAR restrito aos pixels de água.""}",natural_earth_land_point_mask,-23.649457105771376,-41.273351072307136,14.260000228881836,9.850000381469727,6.329999923706055,94,P095,patch_0095_VV,,,"{""row"": 177, ""col"": 822, ""row_resampled"": 59, ""col_resampled"": 274}",VV,"{""x0"": 5840, ""y0"": 13840, ""x1"": 8160, ""y1"": 16160}","{""west"": -41.466855834632035, ""south"": -23.85817147350381, ""east"": -41.19101278834147, ""north"": -23.600567960291954}",EPSG:4326,"[0.00011219933721810632, 0.0, -42.5162638771245, 0.0, -0.00011934673118661465, -23.632071801392517, 0.0, 0.0, 1.0]",,cfar,,S1C_IW_GRDH_1SDV_20260810T081331_20260810T081359_008930_011B7A_6FB2,5.6,,1.0,1.0,1.0,,,1.35,fallback
18,1.8,"{""row_min"": 1140, ""row_max"": 1152, ""col_min"": 1458, ""col_max"": 1482}","{""x0"": 8000, ""y0"": 14000, ""x1"": 10000, ""y1"": 16000}","{""west"": -41.63796548520389, ""south"": -23.796107036593966, ""east"": -41.40007496974957, ""north"": -23.573887336273586}",cfar,,,,,geolocation_grid,,"{""type"": ""Polygon"", ""coordinates"": [[[-41.546838435235216, -23.676634154748136], [-41.54911840981455, -23.676099428751613], [-41.5494063541497, -23.67716640349861], [-41.54712636219075, -23.677701134338765], [-41.546838435235216, -23.676634154748136]]]}",snap_geolocation_grid,patch_0096_VV_sigma0_preproc.tif,"{""row"": 14986, ""col"": 9310}",160,88,linear,0.0,"{""enabled"": true, ""applied"": true, ""status"": ""ok"", ""stage"": ""cfar_water_mask"", ""resampled_shape"": [773, 773], ""sample_shape"": [128, 128], ""sample_max_dim"": 128, ""available"": true, ""method"": ""natural_earth_land_point_mask"", ""bounds_lonlat"": {""west"": -41.63796548520389, ""south"": -23.796107036593966, ""east"": -41.40007496974957, ""north"": -23.573887336273586}, ""mask_path"": ""/content/sismom_colab_work_v2/sources/api/copernicus_meta_1-main/copernicus-platform/frontend/public/shapes/ne_10m_land/ne_10m_land.shp"", ""land_buffer_degrees"": 0.0, ""valid_geolocation_points"": 16384, ""land_points"": 0, ""water_points"": 16384, ""land_fraction"": 0.0, ""water_fraction"": 1.0, ""valid_pixels_before_land_mask"": 597529, ""valid_pixels_after_land_mask"": 597529, ""pixels_masked_by_land"": 0, ""valid_water_fraction"": 1.0, ""land_skip_threshold"": 0.99, ""min_water_fraction"": 0.01, ""skip_land_tiles"": true, ""skipped"": false, ""reason"": ""water_candidate"", ""message"": ""CFAR restrito aos pixels de água.""}",natural_earth_land_point_mask,-23.67690028033428,-41.54812239030893,13.210000038146973,1.3200000524520874,-2.819999933242798,95,P096,patch_0096_VV,,,"{""row"": 1146, ""col"": 1470, ""row_resampled"": 382, ""col_resampled"": 490}",VV,"{""x0"": 7840, ""y0"": 13840, ""x1"": 10160, ""y1"": 16160}","{""west"": -41.65702904500561, ""south"": -23.81389201856031, ""east"": -41.38105637885809, ""north"": -23.55610049072912}",EPSG:4326,"[0.00011219933721810632, 0.0, -42.291865202688285, 0.0, -0.00011934673118661465, -23.632071801392517, 0.0, 0.0, 1.0]",,cfar,,S1C_IW_GRDH_1SDV_20260810T081331_20260810T081359_008930_011B7A_6FB2,-3.27,,1.0,1.0,1.0,,,1.35,fallback
6,1.6667,"{""row_min"": 1449, ""row_max"": 1455, ""col_min"": 864, ""col_max"": 876}","{""x0"": 8000, ""y0"": 14000, ""x1"": 10000, ""y1"": 16000}","{""west"": -41.63796548520389, ""south"": -23.796107036593966, ""east"": -41.40007496974957, ""north"": -23.573887336273586}",cfar,,,,,geolocation_grid,,"{""type"": ""Polygon"", ""coordinates"": [[[-41.497814675586525, -23.717329343694217], [-41.49895539310553, -23.71706280228615], [-41.49909937670168, -23.717596315985446], [-41.4979586548951, -23.71786285854676], [-41.497814675586525, -23.717329343694217]]]}",snap_geolocation_grid,patch_0096_VV_sigma0_preproc.tif,"{""row"": 15292, ""col"": 8710}",160,89,linear,0.0,"{""enabled"": true, ""applied"": true, ""status"": ""ok"", ""stage"": ""cfar_water_mask"", ""resampled_shape"": [773, 773], ""sample_shape"": [128, 128], ""sample_max_dim"": 128, ""available"": true, ""method"": ""natural_earth_land_point_mask"", ""bounds_lonlat"": {""west"": -41.63796548520389, ""south"": -23.796107036593966, ""east"": -41.40007496974957, ""north"": -23.573887336273586}, ""mask_path"": ""/content/sismom_colab_work_v2/sources/api/copernicus_meta_1-main/copernicus-platform/frontend/public/shapes/ne_10m_land/ne_10m_land.shp"", ""land_buffer_degrees"": 0.0, ""valid_geolocation_points"": 16384, ""land_points"": 0, ""water_points"": 16384, ""land_fraction"": 0.0, ""water_fraction"": 1.0, ""valid_pixels_before_land_mask"": 597529, ""valid_pixels_after_land_mask"": 597529, ""pixels_masked_by_land"": 0, ""valid_water_fraction"": 1.0, ""land_skip_threshold"": 0.99, ""min_water_fraction"": 0.01, ""skip_land_tiles"": true, ""skipped"": false, ""reason"": ""water_candidate"", ""message"": ""CFAR restrito aos pixels de água.""}",natural_earth_land_point_mask,-23.71746283012814,-41.49845702507221,2.2200000286102295,-0.6499999761581421,-6.96999979019165,95,P096,patch_0096_VV,,,"{""row"": 1452, ""col"": 870, ""row_resampled"": 484, ""col_resampled"": 290}",VV,"{""x0"": 7840, ""y0"": 13840, ""x1"": 10160, ""y1"": 16160}","{""west"": -41.65702904500561, ""south"": -23.81389201856031, ""east"": -41.38105637885809, ""north"": -23.55610049072912}",EPSG:4326,"[0.00011219933721810632, 0.0, -42.291865202688285, 0.0, -0.00011934673118661465, -23.632071801392517, 0.0, 0.0, 1.0]",,cfar,,S1C_IW_GRDH_1SDV_20260810T081331_20260810T081359_008930_011B7A_6FB2,-8.35,,1.0,1.0,1.0,,,1.35,fallback
9,2.5,"{""row_min"": 1173, ""row_max"": 1185, ""col_min"": 1788, ""col_max"": 1791}","{""x0"": 22000, ""y0"": 14000, ""x1"": 24000, ""y1"": 16000}","{""west"": -42.96543933836193, ""south"": -23.47953660185237, ""east"": -42.72681967730826, ""north"": -23.2562213583741}",cfar,,,,,geolocation_grid,,"{""type"": ""Polygon"", ""coordinates"": [[[-42.90581600426102, -23.35458613880746], [-42.90609964564951, -23.35451689149489], [-42.90639812623553, -23.355580643973845], [-42.90611448274378, -23.35564989203602], [-42.90581600426102, -23.35458613880746]]]}",snap_geolocation_grid,patch_0103_VV_sigma0_preproc.tif,"{""row"": 15019, ""col"": 23628}",160,90,linear,0.0,"{""enabled"": true, ""applied"": true, ""status"": ""ok"", ""stage"": ""cfar_water_mask"", ""resampled_shape"": [773, 773], ""sample_shape"": [128, 128], ""sample_max_dim"": 128, ""available"": true, ""method"": ""natural_earth_land_point_mask"", ""bounds_lonlat"": {""west"": -42.96543933836193, ""south"": -23.47953660185237, ""east"": -42.72681967730826, ""north"": -23.2562213583741}, ""mask_path"": ""/content/sismom_colab_work_v2/sources/api/copernicus_meta_1-main/copernicus-platform/frontend/public/shapes/ne_10m_land/ne_10m_land.shp"", ""land_buffer_degrees"": 0.0, ""valid_geolocation_points"": 16384, ""land_points"": 0, ""water_points"": 16384, ""land_fraction"": 0.0, ""water_fraction"": 1.0, ""valid_pixels_before_land_mask"": 597529, ""valid_pixels_after_land_mask"": 597529, ""pixels_masked_by_land"": 0, ""valid_water_fraction"": 1.0, ""land_skip_threshold"": 0.99, ""min_water_fraction"": 0.01, ""skip_land_tiles"": true, ""skipped"": false, ""reason"": ""water_candidate"", ""message"": ""CFAR restrito aos pixels de água.""}",natural_earth_land_point_mask,-23.35511801542174,-42.90596524350239,8.84000015258789,-2.190000057220459,-9.470000267028809,102,P103,patch_0103_VV,,,"{""row"": 1179, ""col"": 1788, ""row_resampled"": 393, ""col_resampled"": 596}",VV,"{""x0"": 21840, ""y0"": 13840, ""x1"": 24160, ""y1"": 16160}","{""west"": -42.984560761839845, ""south"": -23.4974106033583, ""east"": -42.707742477372605, ""north"": -23.238347902640864}",EPSG:4326,"[0.00011219933721810632, 0.0, -40.7210744816348, 0.0, -0.00011934673118661465, -23.632071801392517, 0.0, 0.0, 1.0]",,cfar,,S1C_IW_GRDH_1SDV_20260810T081331_20260810T081359_008930_011B7A_6FB2,-14.38,,1.0,1.0,1.0,,,1.35,fallback
43,1.5,"{""row_min"": 981, ""row_max"": 1002, ""col_min"": 1368, ""col_max"": 1401}","{""x0"": 24000, ""y0"": 14000, ""x1"": 25465, ""y1"": 16000}","{""west"": -43.10388847386193, ""south"": -23.433396891484232, ""east"": -42.915838911060696, ""north"": -23.222365701565618}",cfar,,,,,geolocation_grid,,"{""type"": ""Polygon"", ""coordinates"": [[[-43.050302567418704, -23.301044243415777], [-43.05341851697287, -23.300280825831326], [-43.05394127950713, -23.3021419242128], [-43.05082529015799, -23.30290535622722], [-43.050302567418704, -23.301044243415777]]]}",snap_geolocation_grid,patch_0104_VV_sigma0_preproc.tif,"{""row"": 14830, ""col"": 25226}",160,91,linear,0.0,"{""enabled"": true, ""applied"": true, ""status"": ""ok"", ""stage"": ""cfar_water_mask"", ""resampled_shape"": [773, 542], ""sample_shape"": [128, 90], ""sample_max_dim"": 128, ""available"": true, ""method"": ""natural_earth_land_point_mask"", ""bounds_lonlat"": {""west"": -43.10388847386193, ""south"": -23.433396891484232, ""east"": -42.915838911060696, ""north"": -23.222365701565618}, ""mask_path"": ""/content/sismom_colab_work_v2/sources/api/copernicus_meta_1-main/copernicus-platform/frontend/public/shapes/ne_10m_land/ne_10m_land.shp"", ""land_buffer_degrees"": 0.0, ""valid_geolocation_points"": 11520, ""land_points"": 0, ""water_points"": 11520, ""land_fraction"": 0.0, ""water_fraction"": 1.0, ""valid_pixels_before_land_mask"": 397743, ""valid_pixels_after_land_mask"": 397743, ""pixels_masked_by_land"": 0, ""valid_water_fraction"": 1.0, ""land_skip_threshold"": 0.99, ""min_water_fraction"": 0.01, ""skip_land_tiles"": true, ""skipped"": false, ""reason"": ""water_candidate"", ""message"": ""CFAR restrito aos pixels de água.""}",natural_earth_land_point_mask,-23.301425450227352,-43.05222620960027,16.049999237060547,-0.38999998569488525,-9.970000267028809,103,P104,patch_0104_VV,,,"{""row"": 990, ""col"": 1386, ""row_resampled"": 330, ""col_resampled"": 462}",VV,"{""x0"": 23840, ""y0"": 13840, ""x1"": 25465, ""y1"": 16160}","{""west"": -43.10788494005893, ""south"": -23.451276036522152, ""east"": -42.89675037091187, ""north"": -23.20818664731878}",EPSG:4326,"[0.00011219933721810632, 0.0, -40.496675807198585, 0.0, -0.00011934673118661465, -23.632071801392517, 0.0, 0.0, 1.0]",,cfar,,S1C_IW_GRDH_1SDV_20260810T081331_20260810T081359_008930_011B7A_6FB2,-10.94,,1.0,1.0,1.0,,,1.35,fallback
17,1.4,"{""row_min"": 1461, ""row_max"": 1473, ""col_min"": 708, ""col_max"": 726}","{""x0"": 24000, ""y0"": 14000, ""x1"": 25465, ""y1"": 16000}","{""west"": -43.10388847386193, ""south"": -23.433396891484232, ""east"": -42.915838911060696, ""north"": -23.222365701565618}",cfar,,,,,geolocation_grid,,"{""type"": ""Polygon"", ""coordinates"": [[[-42.99993773727064, -23.358855330388018], [-43.001637836514824, -23.358438750592107], [-43.00193696359115, -23.359502276626813], [-43.00023685216262, -23.3599188605744], [-42.99993773727064, -23.358855330388018]]]}",snap_geolocation_grid,patch_0104_VV_sigma0_preproc.tif,"{""row"": 15307, ""col"": 24557}",160,92,linear,0.0,"{""enabled"": true, ""applied"": true, ""status"": ""ok"", ""stage"": ""cfar_water_mask"", ""resampled_shape"": [773, 542], ""sample_shape"": [128, 90], ""sample_max_dim"": 128, ""available"": true, ""method"": ""natural_earth_land_point_mask"", ""bounds_lonlat"": {""west"": -43.10388847386193, ""south"": -23.433396891484232, ""east"": -42.915838911060696, ""north"": -23.222365701565618}, ""mask_path"": ""/content/sismom_colab_work_v2/sources/api/copernicus_meta_1-main/copernicus-platform/frontend/public/shapes/ne_10m_land/ne_10m_land.shp"", ""land_buffer_degrees"": 0.0, ""valid_geolocation_points"": 11520, ""land_points"": 0, ""water_points"": 11520, ""land_fraction"": 0.0, ""water_fraction"": 1.0, ""valid_pixels_before_land_mask"": 397743, ""valid_pixels_after_land_mask"": 397743, ""pixels_masked_by_land"": 0, ""valid_water_fraction"": 1.0, ""land_skip_threshold"": 0.99, ""min_water_fraction"": 0.01, ""skip_land_tiles"": true, ""skipped"": false, ""reason"": ""water_candidate"", ""message"": ""CFAR restrito aos pixels de água.""}",natural_earth_land_point_mask,-23.359178804545337,-43.000937347384635,12.890000343322754,1.350000023841858,-8.670000076293945,103,P104,patch_0104_VV,,,"{""row"": 1467, ""col"": 717, ""row_resampled"": 489, ""col_resampled"": 239}",VV,"{""x0"": 23840, ""y0"": 13840, ""x1"": 25465, ""y1"": 16160}","{""west"": -43.10788494005893, ""south"": -23.451276036522152, ""east"": -42.89675037091187, ""north"": -23.20818664731878}",EPSG:4326,"[0.00011219933721810632, 0.0, -40.496675807198585, 0.0, -0.00011934673118661465, -23.632071801392517, 0.0, 0.0, 1.0]",,cfar,,S1C_IW_GRDH_1SDV_20260810T081331_20260810T081359_008930_011B7A_6FB2,-14.11,,1.0,1.0,1.0,,,1.35,fallback
6,1.0,"{""row_min"": 1038, ""row_max"": 1047, ""col_min"": 1128, ""col_max"": 1137}","{""x0"": 14000, ""y0"": 16000, ""x1"": 16000, ""y1"": 18000}","{""west"": -42.2565559257541, ""south"": -23.839422989811673, ""east"": -42.01801608532789, ""north"": -23.61670188627118}",cfar,,,,,geolocation_grid,,"{""type"": ""Polygon"", ""coordinates"": [[[-42.13127543921337, -23.71802138180021], [-42.13213000552316, -23.71781791597207], [-42.132349595341026, -23.71861675783329], [-42.13149502441087, -23.71882022508857], [-42.13127543921337, -23.71802138180021]]]}",snap_geolocation_grid,patch_0112_VV_sigma0_preproc.tif,"{""row"": 16884, ""col"": 14974}",160,93,linear,0.0,"{""enabled"": true, ""applied"": true, ""status"": ""ok"", ""stage"": ""cfar_water_mask"", ""resampled_shape"": [773, 773], ""sample_shape"": [128, 128], ""sample_max_dim"": 128, ""available"": true, ""method"": ""natural_earth_land_point_mask"", ""bounds_lonlat"": {""west"": -42.2565559257541, ""south"": -23.839422989811673, ""east"": -42.01801608532789, ""north"": -23.61670188627118}, ""mask_path"": ""/content/sismom_colab_work_v2/sources/api/copernicus_meta_1-main/copernicus-platform/frontend/public/shapes/ne_10m_land/ne_10m_land.shp"", ""land_buffer_degrees"": 0.0, ""valid_geolocation_points"": 16384, ""land_points"": 0, ""water_points"": 16384, ""land_fraction"": 0.0, ""water_fraction"": 1.0, ""valid_pixels_before_land_mask"": 546511, ""valid_pixels_after_land_mask"": 546511, ""pixels_masked_by_land"": 0, ""valid_water_fraction"": 1.0, ""land_skip_threshold"": 0.99, ""min_water_fraction"": 0.01, ""skip_land_tiles"": true, ""skipped"": false, ""reason"": ""water_candidate"", ""message"": ""CFAR restrito aos pixels de água.""}",natural_earth_land_point_mask,-23.718418299472738,-42.13199154227172,21.889999389648438,9.6899995803833,3.180000066757202,111,P112,patch_0112_VV,,,"{""row"": 1044, ""col"": 1134, ""row_resampled"": 348, ""col_resampled"": 378}",VV,"{""x0"": 13840, ""y0"": 15840, ""x1"": 16160, ""y1"": 18160}","{""west"": -42.27566646035667, ""south"": -23.857236288337248, ""east"": -41.998937997778775, ""north"": -23.59886899996154}",EPSG:4326,"[0.00011219933721810632, 0.0, -41.61866917937965, 0.0, -0.00011934673118661465, -23.870765263765744, 0.0, 0.0, 1.0]",,cfar,,S1C_IW_GRDH_1SDV_20260810T081331_20260810T081359_008930_011B7A_6FB2,2.2,,1.0,1.0,1.0,,,1.35,fallback
4,1.5,"{""row_min"": 1041, ""row_max"": 1047, ""col_min"": 1143, ""col_max"": 1146}","{""x0"": 14000, ""y0"": 16000, ""x1"": 16000, ""y1"": 18000}","{""west"": -42.2565559257541, ""south"": -23.839422989811673, ""east"": -42.01801608532789, ""north"": -23.61670188627118}",cfar,,,,,geolocation_grid,,"{""type"": ""Polygon"", ""coordinates"": [[[-42.13277291402905, -23.717948552389903], [-42.13305776997902, -23.717880730288613], [-42.13320416627117, -23.718413290578006], [-42.13291930929446, -23.718481112996432], [-42.13277291402905, -23.717948552389903]]]}",snap_geolocation_grid,patch_0112_VV_sigma0_preproc.tif,"{""row"": 16884, ""col"": 14986}",160,94,linear,0.0,"{""enabled"": true, ""applied"": true, ""status"": ""ok"", ""stage"": ""cfar_water_mask"", ""resampled_shape"": [773, 773], ""sample_shape"": [128, 128], ""sample_max_dim"": 128, ""available"": true, ""method"": ""natural_earth_land_point_mask"", ""bounds_lonlat"": {""west"": -42.2565559257541, ""south"": -23.839422989811673, ""east"": -42.01801608532789, ""north"": -23.61670188627118}, ""mask_path"": ""/content/sismom_colab_work_v2/sources/api/copernicus_meta_1-main/copernicus-platform/frontend/public/shapes/ne_10m_land/ne_10m_land.shp"", ""land_buffer_degrees"": 0.0, ""valid_geolocation_points"": 16384, ""land_points"": 0, ""water_points"": 16384, ""land_fraction"": 0.0, ""water_fraction"": 1.0, ""valid_pixels_before_land_mask"": 546511, ""valid_pixels_after_land_mask"": 546511, ""pixels_masked_by_land"": 0, ""valid_water_fraction"": 1.0, ""land_skip_threshold"": 0.99, ""min_water_fraction"": 0.01, ""skip_land_tiles"": true, ""skipped"": false, ""reason"": ""water_candidate"", ""message"": ""CFAR restrito aos pixels de água.""}",natural_earth_land_point_mask,-23.718147010433306,-42.133130968125094,6.809999942779541,4.5,3.130000114440918,111,P112,patch_0112_VV,,,"{""row"": 1044, ""col"": 1146, ""row_resampled"": 348, ""col_resampled"": 382}",VV,"{""x0"": 13840, ""y0"": 15840, ""x1"": 16160, ""y1"": 18160}","{""west"": -42.27566646035667, ""south"": -23.857236288337248, ""east"": -41.998937997778775, ""north"": -23.59886899996154}",EPSG:4326,"[0.00011219933721810632, 0.0, -41.61866917937965, 0.0, -0.00011934673118661465, -23.870765263765744, 0.0, 0.0, 1.0]",,cfar,,S1C_IW_GRDH_1SDV_20260810T081331_20260810T081359_008930_011B7A_6FB2,2.2,,1.0,1.0,1.0,,,1.35,fallback
4,4.0,"{""row_min"": 1503, ""row_max"": 1512, ""col_min"": 1137, ""col_max"": 1137}","{""x0"": 14000, ""y0"": 16000, ""x1"": 16000, ""y1"": 18000}","{""west"": -42.2565559257541, ""south"": -23.839422989811673, ""east"": -42.01801608532789, ""north"": -23.61670188627118}",cfar,,,,,geolocation_grid,,"{""type"": ""Polygon"", ""coordinates"": [[[-42.14347575284897, -23.75909090630837], [-42.14347575284897, -23.75909090630837], [-42.14369534860512, -23.75988973719985], [-42.14369534860512, -23.75988973719985], [-42.14347575284897, -23.75909090630837]]]}",snap_geolocation_grid,patch_0112_VV_sigma0_preproc.tif,"{""row"": 17346, ""col"": 14977}",160,95,linear,0.0,"{""enabled"": true, ""applied"": true, ""status"": ""ok"", ""stage"": ""cfar_water_mask"", ""resampled_shape"": [773, 773], ""sample_shape"": [128, 128], ""sample_max_dim"": 128, ""available"": true, ""method"": ""natural_earth_land_point_mask"", ""bounds_lonlat"": {""west"": -42.2565559257541, ""south"": -23.839422989811673, ""east"": -42.01801608532789, ""north"": -23.61670188627118}, ""mask_path"": ""/content/sismom_colab_work_v2/sources/api/copernicus_meta_1-main/copernicus-platform/frontend/public/shapes/ne_10m_land/ne_10m_land.shp"", ""land_buffer_degrees"": 0.0, ""valid_geolocation_points"": 16384, ""land_points"": 0, ""water_points"": 16384, ""land_fraction"": 0.0, ""water_fraction"": 1.0, ""valid_pixels_before_land_mask"": 546511, ""valid_pixels_after_land_mask"": 546511, ""pixels_masked_by_land"": 0, ""valid_water_fraction"": 1.0, ""land_skip_threshold"": 0.99, ""min_water_fraction"": 0.01, ""skip_land_tiles"": true, ""skipped"": false, ""reason"": ""water_candidate"", ""message"": ""CFAR restrito aos pixels de água.""}",natural_earth_land_point_mask,-23.759357183272193,-42.143548951434354,-3.0,-5.880000114440918,-9.5,111,P112,patch_0112_VV,,,"{""row"": 1506, ""col"": 1137, ""row_resampled"": 502, ""col_resampled"": 379}",VV,"{""x0"": 13840, ""y0"": 15840, ""x1"": 16160, ""y1"": 18160}","{""west"": -42.27566646035667, ""south"": -23.857236288337248, ""east"": -41.998937997778775, ""north"": -23.59886899996154}",EPSG:4326,"[0.00011219933721810632, 0.0, -41.61866917937965, 0.0, -0.00011934673118661465, -23.870765263765744, 0.0, 0.0, 1.0]",,cfar,,S1C_IW_GRDH_1SDV_20260810T081331_20260810T081359_008930_011B7A_6FB2,-11.69,,1.0,1.0,1.0,,,1.35,fallback
16,1.3333,"{""row_min"": 2055, ""row_max"": 2070, ""col_min"": 1425, ""col_max"": 1446}","{""x0"": 14000, ""y0"": 16000, ""x1"": 16000, ""y1"": 18000}","{""west"": -42.2565559257541, ""south"": -23.839422989811673, ""east"": -42.01801608532789, ""north"": -23.61670188627118}",cfar,,,,,geolocation_grid,,"{""type"": ""Polygon"", ""coordinates"": [[[-42.18430655300758, -23.80156891721476], [-42.18630133981967, -23.801093082055488], [-42.18666759745731, -23.802424384958595], [-42.18467279229242, -23.802900225779698], [-42.18430655300758, -23.80156891721476]]]}",snap_geolocation_grid,patch_0112_VV_sigma0_preproc.tif,"{""row"": 17904, ""col"": 15274}",160,96,linear,0.0,"{""enabled"": true, ""applied"": true, ""status"": ""ok"", ""stage"": ""cfar_water_mask"", ""resampled_shape"": [773, 773], ""sample_shape"": [128, 128], ""sample_max_dim"": 128, ""available"": true, ""method"": ""natural_earth_land_point_mask"", ""bounds_lonlat"": {""west"": -42.2565559257541, ""south"": -23.839422989811673, ""east"": -42.01801608532789, ""north"": -23.61670188627118}, ""mask_path"": ""/content/sismom_colab_work_v2/sources/api/copernicus_meta_1-main/copernicus-platform/frontend/public/shapes/ne_10m_land/ne_10m_land.shp"", ""land_buffer_degrees"": 0.0, ""valid_geolocation_points"": 16384, ""land_points"": 0, ""water_points"": 16384, ""land_fraction"": 0.0, ""water_fraction"": 1.0, ""valid_pixels_before_land_mask"": 546511, ""valid_pixels_after_land_mask"": 546511, ""pixels_masked_by_land"": 0, ""valid_water_fraction"": 1.0, ""land_skip_threshold"": 0.99, ""min_water_fraction"": 0.01, ""skip_land_tiles"": true, ""skipped"": false, ""reason"": ""water_candidate"", ""message"": ""CFAR restrito aos pixels de água.""}",natural_earth_land_point_mask,-23.80216377154385,-42.18538120993153,11.40999984741211,-0.18000000715255737,-7.039999961853027,111,P112,patch_0112_VV,,,"{""row"": 2064, ""col"": 1434, ""row_resampled"": 688, ""col_resampled"": 478}",VV,"{""x0"": 13840, ""y0"": 15840, ""x1"": 16160, ""y1"": 18160}","{""west"": -42.27566646035667, ""south"": -23.857236288337248, ""east"": -41.998937997778775, ""north"": -23.59886899996154}",EPSG:4326,"[0.00011219933721810632, 0.0, -41.61866917937965, 0.0, -0.00011934673118661465, -23.870765263765744, 0.0, 0.0, 1.0]",,cfar,,S1C_IW_GRDH_1SDV_20260810T081331_20260810T081359_008930_011B7A_6FB2,-7.86,,1.0,1.0,1.0,,,1.35,fallback
11,11.0,"{""row_min"": 696, ""row_max"": 726, ""col_min"": 1221, ""col_max"": 1221}","{""x0"": 16000, ""y0"": 16000, ""x1"": 18000, ""y1"": 18000}","{""west"": -42.44643425224203, ""south"": -23.794114677084455, ""east"": -42.20777918547244, ""north"": -23.571252782533463}",cfar,,,,,geolocation_grid,,"{""type"": ""Polygon"", ""coordinates"": [[[-42.32152758476625, -23.640176213563183], [-42.32152758476625, -23.640176213563183], [-42.32226234327823, -23.642839398999953], [-42.32226234327823, -23.642839398999953], [-42.32152758476625, -23.640176213563183]]]}",snap_geolocation_grid,patch_0113_VV_sigma0_preproc.tif,"{""row"": 16551, ""col"": 17061}",160,97,linear,0.0,"{""enabled"": true, ""applied"": true, ""status"": ""ok"", ""stage"": ""cfar_water_mask"", ""resampled_shape"": [773, 773], ""sample_shape"": [128, 128], ""sample_max_dim"": 128, ""available"": true, ""method"": ""natural_earth_land_point_mask"", ""bounds_lonlat"": {""west"": -42.44643425224203, ""south"": -23.794114677084455, ""east"": -42.20777918547244, ""north"": -23.571252782533463}, ""mask_path"": ""/content/sismom_colab_work_v2/sources/api/copernicus_meta_1-main/copernicus-platform/frontend/public/shapes/ne_10m_land/ne_10m_land.shp"", ""land_buffer_degrees"": 0.0, ""valid_geolocation_points"": 16384, ""land_points"": 0, ""water_points"": 16384, ""land_fraction"": 0.0, ""water_fraction"": 1.0, ""valid_pixels_before_land_mask"": 562285, ""valid_pixels_after_land_mask"": 562285, ""pixels_masked_by_land"": 0, ""valid_water_fraction"": 1.0, ""land_skip_threshold"": 0.99, ""min_water_fraction"": 0.01, ""skip_land_tiles"": true, ""skipped"": false, ""reason"": ""water_candidate"", ""message"": ""CFAR restrito aos pixels de água.""}",natural_earth_land_point_mask,-23.64150780628157,-42.32189496402375,4.510000228881836,-3.450000047683716,-8.279999732971191,112,P113,patch_0113_VV,,,"{""row"": 711, ""col"": 1221, ""row_resampled"": 237, ""col_resampled"": 407}",VV,"{""x0"": 15840, ""y0"": 15840, ""x1"": 18160, ""y1"": 18160}","{""west"": -42.46555032932954, ""south"": -23.8119460742038, ""east"": -42.18869495936883, ""north"": -23.553402301693744}",EPSG:4326,"[0.00011219933721810632, 0.0, -41.394270504943435, 0.0, -0.00011934673118661465, -23.870765263765744, 0.0, 0.0, 1.0]",,cfar,,S1C_IW_GRDH_1SDV_20260810T081331_20260810T081359_008930_011B7A_6FB2,-12.54,,1.0,1.0,1.0,,,1.35,fallback
5,2.0,"{""row_min"": 1182, ""row_max"": 1185, ""col_min"": 1215, ""col_max"": 1224}","{""x0"": 16000, ""y0"": 16000, ""x1"": 18000, ""y1"": 18000}","{""west"": -42.44643425224203, ""south"": -23.794114677084455, ""east"": -42.20777918547244, ""north"": -23.571252782533463}",cfar,,,,,geolocation_grid,,"{""type"": ""Polygon"", ""coordinates"": [[[-42.33286724773854, -23.683446633601214], [-42.33372111856303, -23.683241822341042], [-42.33379468835696, -23.683507984704857], [-42.33294081593947, -23.68371279646237], [-42.33286724773854, -23.683446633601214]]]}",snap_geolocation_grid,patch_0113_VV_sigma0_preproc.tif,"{""row"": 17022, ""col"": 17058}",160,98,linear,0.0,"{""enabled"": true, ""applied"": true, ""status"": ""ok"", ""stage"": ""cfar_water_mask"", ""resampled_shape"": [773, 773], ""sample_shape"": [128, 128], ""sample_max_dim"": 128, ""available"": true, ""method"": ""natural_earth_land_point_mask"", ""bounds_lonlat"": {""west"": -42.44643425224203, ""south"": -23.794114677084455, ""east"": -42.20777918547244, ""north"": -23.571252782533463}, ""mask_path"": ""/content/sismom_colab_work_v2/sources/api/copernicus_meta_1-main/copernicus-platform/frontend/public/shapes/ne_10m_land/ne_10m_land.shp"", ""land_buffer_degrees"": 0.0, ""valid_geolocation_points"": 16384, ""land_points"": 0, ""water_points"": 16384, ""land_fraction"": 0.0, ""water_fraction"": 1.0, ""valid_pixels_before_land_mask"": 562285, ""valid_pixels_after_land_mask"": 562285, ""pixels_masked_by_land"": 0, ""valid_water_fraction"": 1.0, ""land_skip_threshold"": 0.99, ""min_water_fraction"": 0.01, ""skip_land_tiles"": true, ""skipped"": false, ""reason"": ""water_candidate"", ""message"": ""CFAR restrito aos pixels de água.""}",natural_earth_land_point_mask,-23.68337836318116,-42.33315187134362,32.599998474121094,21.049999237060547,16.959999084472656,112,P113,patch_0113_VV,,,"{""row"": 1182, ""col"": 1218, ""row_resampled"": 394, ""col_resampled"": 406}",VV,"{""x0"": 15840, ""y0"": 15840, ""x1"": 18160, ""y1"": 18160}","{""west"": -42.46555032932954, ""south"": -23.8119460742038, ""east"": -42.18869495936883, ""north"": -23.553402301693744}",EPSG:4326,"[0.00011219933721810632, 0.0, -41.394270504943435, 0.0, -0.00011934673118661465, -23.870765263765744, 0.0, 0.0, 1.0]",,cfar,,S1C_IW_GRDH_1SDV_20260810T081331_20260810T081359_008930_011B7A_6FB2,10.79,,1.0,1.0,1.0,,,1.35,fallback
22,1.0,"{""row_min"": 417, ""row_max"": 435, ""col_min"": 399, ""col_max"": 417}","{""x0"": 24000, ""y0"": 16000, ""x1"": 25465, ""y1"": 18000}","{""west"": -43.15387810391692, ""south"": -23.610615086299067, ""east"": -42.96555883799039, ""north"": -23.39959437407015}",cfar,,,,,geolocation_grid,,"{""type"": ""Polygon"", ""coordinates"": [[[-42.99456552393743, -23.45074019450769], [-42.9962665967156, -23.450323285837236], [-42.99671497359621, -23.451918681796748], [-42.99501388254029, -23.45233559669574], [-42.99456552393743, -23.45074019450769]]]}",snap_geolocation_grid,patch_0117_VV_sigma0_preproc.tif,"{""row"": 16266, ""col"": 24248}",160,99,linear,0.0,"{""enabled"": true, ""applied"": true, ""status"": ""ok"", ""stage"": ""cfar_water_mask"", ""resampled_shape"": [773, 542], ""sample_shape"": [128, 90], ""sample_max_dim"": 128, ""available"": true, ""method"": ""natural_earth_land_point_mask"", ""bounds_lonlat"": {""west"": -43.15387810391692, ""south"": -23.610615086299067, ""east"": -42.96555883799039, ""north"": -23.39959437407015}, ""mask_path"": ""/content/sismom_colab_work_v2/sources/api/copernicus_meta_1-main/copernicus-platform/frontend/public/shapes/ne_10m_land/ne_10m_land.shp"", ""land_buffer_degrees"": 0.0, ""valid_geolocation_points"": 11520, ""land_points"": 0, ""water_points"": 11520, ""land_fraction"": 0.0, ""water_fraction"": 1.0, ""valid_pixels_before_land_mask"": 398998, ""valid_pixels_after_land_mask"": 398998, ""pixels_masked_by_land"": 0, ""valid_water_fraction"": 1.0, ""land_skip_threshold"": 0.99, ""min_water_fraction"": 0.01, ""skip_land_tiles"": true, ""skipped"": false, ""reason"": ""water_candidate"", ""message"": ""CFAR restrito aos pixels de água.""}",natural_earth_land_point_mask,-23.451329439709355,-42.99564024419739,8.899999618530273,-0.6800000071525574,-9.220000267028809,116,P117,patch_0117_VV,,,"{""row"": 426, ""col"": 408, ""row_resampled"": 142, ""col_resampled"": 136}",VV,"{""x0"": 23840, ""y0"": 15840, ""x1"": 25465, ""y1"": 18160}","{""west"": -43.157879216774624, ""south"": -23.62849251149791, ""east"": -42.94644038109867, ""north"": -23.38541678857556}",EPSG:4326,"[0.00011219933721810632, 0.0, -40.496675807198585, 0.0, -0.00011934673118661465, -23.870765263765744, 0.0, 0.0, 1.0]",,cfar,,S1C_IW_GRDH_1SDV_20260810T081331_20260810T081359_008930_011B7A_6FB2,-11.93,,1.0,1.0,1.0,,,1.35,fallback
10,3.0,"{""row_min"": 192, ""row_max"": 195, ""col_min"": 450, ""col_max"": 465}","{""x0"": 20000, ""y0"": 18000, ""x1"": 22000, ""y1"": 18705}","{""west"": -42.843270120318685, ""south"": -23.765334939306406, ""east"": -42.636293503860706, ""north"": -23.656945681358696}",cfar,,,,,geolocation_grid,,"{""type"": ""Polygon"", ""coordinates"": [[[-42.66459009830621, -23.69910324167429], [-42.66601284227861, -23.698759371580003], [-42.66608697566934, -23.699025351950517], [-42.66466422912532, -23.699369222909734], [-42.66459009830621, -23.69910324167429]]]}",snap_geolocation_grid,patch_0128_VV_sigma0_preproc.tif,"{""row"": 18032, ""col"": 20296}",160,100,linear,0.0,"{""enabled"": true, ""applied"": true, ""status"": ""ok"", ""stage"": ""cfar_water_mask"", ""resampled_shape"": [288, 773], ""sample_shape"": [48, 128], ""sample_max_dim"": 128, ""available"": true, ""method"": ""natural_earth_land_point_mask"", ""bounds_lonlat"": {""west"": -42.843270120318685, ""south"": -23.765334939306406, ""east"": -42.636293503860706, ""north"": -23.656945681358696}, ""mask_path"": ""/content/sismom_colab_work_v2/sources/api/copernicus_meta_1-main/copernicus-platform/frontend/public/shapes/ne_10m_land/ne_10m_land.shp"", ""land_buffer_degrees"": 0.0, ""valid_geolocation_points"": 6144, ""land_points"": 0, ""water_points"": 6144, ""land_fraction"": 0.0, ""water_fraction"": 1.0, ""valid_pixels_before_land_mask"": 215667, ""valid_pixels_after_land_mask"": 215667, ""pixels_masked_by_land"": 0, ""valid_water_fraction"": 1.0, ""land_skip_threshold"": 0.99, ""min_water_fraction"": 0.01, ""skip_land_tiles"": true, ""skipped"": false, ""reason"": ""water_candidate"", ""message"": ""CFAR restrito aos pixels de água.""}",natural_earth_land_point_mask,-23.698965693636577,-42.66515919589517,19.8700008392334,11.670000076293945,5.559999942779541,127,P128,patch_0128_VV,,,"{""row"": 192, ""col"": 456, ""row_resampled"": 64, ""col_resampled"": 152}",VV,"{""x0"": 19840, ""y0"": 17840, ""x1"": 22160, ""y1"": 18705}","{""west"": -42.85843845601011, ""south"": -23.76900495359192, ""east"": -42.6171683189301, ""north"": -23.639074581254324}",EPSG:4326,"[0.00011219933721810632, 0.0, -40.94547315607101, 0.0, -0.00011934673118661465, -24.109458726138975, 0.0, 0.0, 1.0]",,cfar,,S1C_IW_GRDH_1SDV_20260810T081331_20260810T081359_008930_011B7A_6FB2,5.48,,1.0,1.0,1.0,,,1.35,fallback
