{
  "type": "FeatureCollection",
  "features": [
    {
      "type": "Feature",
      "geometry": {
        "type": "Polygon",
        "coordinates": [
          [
            [
              -42.451705785510796,
              -23.81405389045524
            ],
            [
              -42.45322483736373,
              -23.81368840574762
            ],
            [
              -42.457781540576875,
              -23.812590967992705
            ],
            [
              -42.45985036333409,
              -23.812092712128997
            ],
            [
              -42.463856604446775,
              -23.81112784800062
            ],
            [
              -42.46593246835381,
              -23.810627896430073
            ],
            [
              -42.46993221638234,
              -23.809664596246613
            ],
            [
              -42.47201663338688,
              -23.809162584820736
            ],
            [
              -42.47600776384894,
              -23.808201360220785
            ],
            [
              -42.479045488186756,
              -23.80746975415054
            ],
            [
              -42.485120937493924,
              -23.806006542010053
            ],
            [
              -42.491196387296014,
              -23.804543329869563
            ],
            [
              -42.497271837456374,
              -23.80308011772907
            ],
            [
              -42.503347287838395,
              -23.80161690558859
            ],
            [
              -42.50942273830547,
              -23.800153693448095
            ],
            [
              -42.51549818872097,
              -23.79869048130761
            ],
            [
              -42.52157363894826,
              -23.797227269167117
            ],
            [
              -42.52764908885072,
              -23.79576405702663
            ],
            [
              -42.53372453829175,
              -23.79430084488614
            ],
            [
              -42.53979998713471,
              -23.79283763274565
            ],
            [
              -42.54587543524297,
              -23.791374420605166
            ],
            [
              -42.55195088247993,
              -23.789911208464673
            ],
            [
              -42.55802632870896,
              -23.788447996324187
            ],
            [
              -42.56410177379343,
              -23.786984784183694
            ],
            [
              -42.57017609277791,
              -23.785519507623277
            ],
            [
              -42.57624920296894,
              -23.784052012162523
            ],
            [
              -42.58232203617662,
              -23.782584006448317
            ],
            [
              -42.5883948704264,
              -23.781116000734116
            ],
            [
              -42.59446770558182,
              -23.779647995019907
            ],
            [
              -42.60054054150644,
              -23.778179989305702
            ],
            [
              -42.60661337806383,
              -23.776711983591497
            ],
            [
              -42.61268621511753,
              -23.775243977877295
            ],
            [
              -42.618759052531104,
              -23.773775972163087
            ],
            [
              -42.624831890168096,
              -23.77230796644888
            ],
            [
              -42.63090472789206,
              -23.77083996073468
            ],
            [
              -42.63697756556657,
              -23.769371955020475
            ],
            [
              -42.638495774979965,
              -23.76900495359192
            ],
            [
              -42.643050403055156,
              -23.767903949306266
            ],
            [
              -42.64456861241355,
              -23.767536947877716
            ],
            [
              -42.64912287710029,
              -23.76643603137045
            ],
            [
              -42.649123240221385,
              -23.766435943592064
            ],
            [
              -42.649123327754594,
              -23.76643592243239
            ],
            [
              -42.65064144949066,
              -23.766068942163514
            ],
            [
              -42.6551960769288,
              -23.764967937877856
            ],
            [
              -42.65671428607485,
              -23.764600936449305
            ],
            [
              -42.66126848764831,
              -23.763500034995158
            ],
            [
              -42.66126891304097,
              -23.763499932163654
            ],
            [
              -42.66126902958711,
              -23.76349990399059
            ],
            [
              -42.66278712202968,
              -23.7631329307351
            ],
            [
              -42.66734174842144,
              -23.76203192644945
            ],
            [
              -42.667536988792584,
              -23.7619847303752
            ],
            [
              -42.66876506916888,
              -23.761687862610184
            ],
            [
              -42.6688599572187,
              -23.7616649250209
            ],
            [
              -42.674932791505476,
              -23.76019691930669
            ],
            [
              -42.68100562475354,
              -23.75872891359249
            ],
            [
              -42.68707845682647,
              -23.757260907878283
            ],
            [
              -42.69314928688472,
              -23.755789774307065
            ],
            [
              -42.699219174905785,
              -23.754317166688285
            ],
            [
              -42.70528906404655,
              -23.752844559069505
            ],
            [
              -42.711358954170755,
              -23.751371951450725
            ],
            [
              -42.71742884514216,
              -23.749899343831945
            ],
            [
              -42.723498736824524,
              -23.748426736213165
            ],
            [
              -42.72956862908159,
              -23.74695412859439
            ],
            [
              -42.7356385217771,
              -23.745481520975606
            ],
            [
              -42.741708414774834,
              -23.744008913356826
            ],
            [
              -42.74777830793853,
              -23.742536305738046
            ],
            [
              -42.75384820113194,
              -23.741063698119266
            ],
            [
              -42.75991809421882,
              -23.739591090500486
            ],
            [
              -42.765987987062914,
              -23.738118482881706
            ],
            [
              -42.772057879527985,
              -23.736645875262926
            ],
            [
              -42.77812777147778,
              -23.735173267644146
            ],
            [
              -42.78419766277605,
              -23.733700660025367
            ],
            [
              -42.79026755328656,
              -23.732228052406587
            ],
            [
              -42.79633744287305,
              -23.730755444787807
            ],
            [
              -42.80240733139929,
              -23.729282837169027
            ],
            [
              -42.80847721872901,
              -23.727810229550247
            ],
            [
              -42.8145450969467,
              -23.726333858227104
            ],
            [
              -42.82061242674217,
              -23.72485645703461
            ],
            [
              -42.82667975766523,
              -23.723379055842113
            ],
            [
              -42.82819674720294,
              -23.723009667421707
            ],
            [
              -42.834263922772344,
              -23.721532304351495
            ],
            [
              -42.84033121363663,
              -23.72005491340688
            ],
            [
              -42.84033125572225,
              -23.720054903158996
            ],
            [
              -42.840331411415164,
              -23.720054865247633
            ],
            [
              -42.846398589357484,
              -23.718577501966504
            ],
            [
              -42.85246582543011,
              -23.717100124664338
            ],
            [
              -42.85246634654395,
              -23.71709999777267
            ],
            [
              -42.858533258139744,
              -23.71562269958151
            ],
            [
              -42.8646005930146,
              -23.714145298389013
            ],
            [
              -42.87066792803053,
              -23.71266789719652
            ],
            [
              -42.87673526305144,
              -23.711190496004022
            ],
            [
              -42.882802597941236,
              -23.709713094811526
            ],
            [
              -42.88886993256388,
              -23.70823569361903
            ],
            [
              -42.894937266783266,
              -23.706758292426535
            ],
            [
              -42.90100460046335,
              -23.70528089123404
            ],
            [
              -42.90707193346803,
              -23.703803490041544
            ],
            [
              -42.91313926566124,
              -23.70232608884905
            ],
            [
              -42.91920659690691,
              -23.700848687656553
            ],
            [
              -42.92527392706896,
              -23.699371286464054
            ],
            [
              -42.93134069460632,
              -23.697892860611624
            ],
            [
              -42.937405708262126,
              -23.696411234943962
            ],
            [
              -42.94347051616408,
              -23.69492923177001
            ],
            [
              -42.949535325119655,
              -23.693447228596057
            ],
            [
              -42.95560013499295,
              -23.691965225422102
            ],
            [
              -42.96166494564806,
              -23.690483222248144
            ],
            [
              -42.967729756949076,
              -23.689001219074196
            ],
            [
              -42.9737945687601,
              -23.687519215900238
            ],
            [
              -42.97985938094523,
              -23.68603721272629
            ],
            [
              -42.985924193368554,
              -23.684555209552336
            ],
            [
              -42.991989005894155,
              -23.683073206378378
            ],
            [
              -42.998053818386154,
              -23.68159120320443
            ],
            [
              -43.00411863070862,
              -23.680109200030472
            ],
            [
              -43.010183442725676,
              -23.67862719685652
            ],
            [
              -43.01624825430138,
              -23.67714519368257
            ],
            [
              -43.01776445709072,
              -23.676774692879373
            ],
            [
              -43.01928078964597,
              -23.676404160366452
            ],
            [
              -43.022313065299855,
              -23.67566319050861
            ],
            [
              -43.023260506403844,
              -23.675431672842404
            ],
            [
              -43.023829267922125,
              -23.67529268971513
            ],
            [
              -43.02534579741029,
              -23.67492210902346
            ],
            [
              -43.028377875585186,
              -23.67418118733466
            ],
            [
              -43.02933538414913,
              -23.673947209541
            ],
            [
              -43.02989407800369,
              -23.673810686541174
            ],
            [
              -43.03141037301676,
              -23.67344016309213
            ],
            [
              -43.03444268502147,
              -23.672699184160706
            ],
            [
              -43.03540758001195,
              -23.672463401373847
            ],
            [
              -43.03595888720223,
              -23.672328683367216
            ],
            [
              -43.03747500811571,
              -23.67195820239909
            ],
            [
              -43.04050749347279,
              -23.67121718098675
            ],
            [
              -43.04147781296637,
              -23.670980072618608
            ],
            [
              -43.04202369538183,
              -23.670846680193264
            ],
            [
              -43.04354000611593,
              -23.670476152769808
            ],
            [
              -43.04657230080326,
              -23.669735177812797
            ],
            [
              -43.0479937398064,
              -23.669387833318904
            ],
            [
              -43.04808850240661,
              -23.66936467701931
            ],
            [
              -43.05414952416051,
              -23.66788090719954
            ],
            [
              -43.06020674701348,
              -23.666395363805933
            ],
            [
              -43.066263956157655,
              -23.6649098134843
            ],
            [
              -43.0723211662994,
              -23.66342426316267
            ],
            [
              -43.07837837730332,
              -23.661938712841042
            ],
            [
              -43.084435589034015,
              -23.66045316251941
            ],
            [
              -43.0904928013561,
              -23.658967612197777
            ],
            [
              -43.09655001413417,
              -23.657482061876145
            ],
            [
              -43.102607227232845,
              -23.655996511554516
            ],
            [
              -43.10866444051671,
              -23.654510961232887
            ],
            [
              -43.11472165385038,
              -23.653025410911255
            ],
            [
              -43.12077886709846,
              -23.651539860589622
            ],
            [
              -43.12683608012556,
              -23.650054310267993
            ],
            [
              -43.13289329279627,
              -23.648568759946365
            ],
            [
              -43.1389505049752,
              -23.647083209624732
            ],
            [
              -43.14500771652696,
              -23.6455976593031
            ],
            [
              -43.15106492731615,
              -23.644112108981467
            ],
            [
              -43.157122137207395,
              -23.64262655865984
            ],
            [
              -43.16317934606528,
              -23.64114100833821
            ],
            [
              -43.169236553795685,
              -23.639655458016577
            ],
            [
              -43.17150800647824,
              -23.63909837664596
            ],
            [
              -43.17070778401912,
              -23.636264523620373
            ],
            [
              -43.16910733908131,
              -23.63059681756919
            ],
            [
              -43.167506894110346,
              -23.624929111518007
            ],
            [
              -43.16590644910873,
              -23.619261405466826
            ],
            [
              -43.164306004078966,
              -23.613593699415645
            ],
            [
              -43.162705559023536,
              -23.60792599336446
            ],
            [
              -43.16110511394495,
              -23.602258287313283
            ],
            [
              -43.1595046688457,
              -23.5965905812621
            ],
            [
              -43.15790422372828,
              -23.59092287521092
            ],
            [
              -43.15787921677308,
              -23.590834317303884
            ],
            [
              -43.15750411244588,
              -23.589505948698125
            ],
            [
              -43.15710235461325,
              -23.588083191212025
            ],
            [
              -43.1563037785952,
              -23.585255169159737
            ],
            [
              -43.15602010323271,
              -23.58425058079736
            ],
            [
              -43.155903667309346,
              -23.58383824264694
            ],
            [
              -43.15550341408325,
              -23.582420813481775
            ],
            [
              -43.15470333344895,
              -23.579587463108556
            ],
            [
              -43.1544151596077,
              -23.5785669441506
            ],
            [
              -43.154303222160266,
              -23.57817053659576
            ],
            [
              -43.15390421932092,
              -23.57675753547286
            ],
            [
              -43.15310288829202,
              -23.573919757057375
            ],
            [
              -43.1528075106223,
              -23.572873726963675
            ],
            [
              -43.15270277700113,
              -23.57250283054458
            ],
            [
              -43.152304220549446,
              -23.571091410234803
            ],
            [
              -43.15150244312691,
              -23.568252051006194
            ],
            [
              -43.151195881170146,
              -23.56716641365408
            ],
            [
              -43.15110233183445,
              -23.566835124493398
            ],
            [
              -43.15069577908106,
              -23.565395386637206
            ],
            [
              -43.14990199795612,
              -23.562584344955013
            ],
            [
              -43.14950188666272,
              -23.561167418442217
            ],
            [
              -43.14790144148843,
              -23.555499712391033
            ],
            [
              -43.14630099631408,
              -23.549832006339855
            ],
            [
              -43.14470055114218,
              -23.54416430028867
            ],
            [
              -43.14310010597521,
              -23.53849659423749
            ],
            [
              -43.14149966081567,
              -23.53282888818631
            ],
            [
              -43.139899215666055,
              -23.527161182135124
            ],
            [
              -43.138298770528884,
              -23.521493476083947
            ],
            [
              -43.13669832540663,
              -23.515825770032762
            ],
            [
              -43.1350978803018,
              -23.510158063981585
            ],
            [
              -43.133497435216896,
              -23.5044903579304
            ],
            [
              -43.13189699015442,
              -23.498822651879216
            ],
            [
              -43.13029654511684,
              -23.49315494582804
            ],
            [
              -43.12869610010668,
              -23.487487239776858
            ],
            [
              -43.12709565512644,
              -23.481819533725677
            ],
            [
              -43.12549525374172,
              -23.476151749671054
            ],
            [
              -43.12389578171918,
              -23.470482301543107
            ],
            [
              -43.12229719546188,
              -23.464811267345276
            ],
            [
              -43.12069860917185,
              -23.459140233147437
            ],
            [
              -43.119100022851555,
              -23.4534691989496
            ],
            [
              -43.11750143650348,
              -23.447798164751763
            ],
            [
              -43.11590285013013,
              -23.442127130553928
            ],
            [
              -43.11430426373398,
              -23.43645609635609
            ],
            [
              -43.11270567731752,
              -23.43078506215825
            ],
            [
              -43.11110709088325,
              -23.42511402796042
            ],
            [
              -43.10950850443365,
              -23.41944299376258
            ],
            [
              -43.10790991797121,
              -23.41377195956474
            ],
            [
              -43.10788494005758,
              -23.413683349655415
            ],
            [
              -43.10751027135415,
              -23.412354201015283
            ],
            [
              -43.10671168189964,
              -23.409521180608067
            ],
            [
              -43.10631133149842,
              -23.408100925366902
            ],
            [
              -43.1061482964132,
              -23.407522553439637
            ],
            [
              -43.10591168487908,
              -23.406683166817448
            ],
            [
              -43.10511287542792,
              -23.403849365978253
            ],
            [
              -43.104712745017764,
              -23.40242989116907
            ],
            [
              -43.10453454404941,
              -23.401797717811867
            ],
            [
              -43.10431309839677,
              -23.401012132619613
            ],
            [
              -43.10352005137328,
              -23.39819877417631
            ],
            [
              -43.10311415853174,
              -23.396758856971232
            ],
            [
              -43.10288722990743,
              -23.395953820773418
            ],
            [
              -43.10271451190971,
              -23.395341098421774
            ],
            [
              -43.10192125673884,
              -23.3925270015733
            ],
            [
              -43.10151557204282,
              -23.391087822773397
            ],
            [
              -43.10031851861992,
              -23.386841239342793
            ],
            [
              -43.09951733893129,
              -23.383999030026104
            ],
            [
              -43.09791875244491,
              -23.378327995828265
            ],
            [
              -43.09632016596374,
              -23.37265696163043
            ],
            [
              -43.09472157949024,
              -23.366985927432587
            ],
            [
              -43.093122993026945,
              -23.361314893234752
            ],
            [
              -43.09152440657631,
              -23.355643859036917
            ],
            [
              -43.08992582014084,
              -23.349972824839085
            ],
            [
              -43.088327233723014,
              -23.344301790641243
            ],
            [
              -43.08672864732533,
              -23.33863075644341
            ],
            [
              -43.08513006095027,
              -23.33295972224557
            ],
            [
              -43.08353147460033,
              -23.327288688047734
            ],
            [
              -43.081932888277976,
              -23.3216176538499
            ],
            [
              -43.08033430198573,
              -23.31594661965206
            ],
            [
              -43.07873571572607,
              -23.310275585454225
            ],
            [
              -43.07713995075519,
              -23.30460418980564
            ],
            [
              -43.075545744178825,
              -23.29893259449855
            ],
            [
              -43.07395174356734,
              -23.293260972799814
            ],
            [
              -43.07235774292529,
              -23.287589351101076
            ],
            [
              -43.07076374225513,
              -23.281917729402338
            ],
            [
              -43.06916974155932,
              -23.276246107703606
            ],
            [
              -43.06757574084035,
              -23.27057448600487
            ],
            [
              -43.06598174010065,
              -23.264902864306137
            ],
            [
              -43.06438773934273,
              -23.2592312426074
            ],
            [
              -43.06279373856902,
              -23.25355962090866
            ],
            [
              -43.06119973778202,
              -23.24788799920993
            ],
            [
              -43.059605736984174,
              -23.24221637751119
            ],
            [
              -43.05801173617796,
              -23.236544755812456
            ],
            [
              -43.05798682991527,
              -23.236456136723426
            ],
            [
              -43.05761323597592,
              -23.235126850387772
            ],
            [
              -43.056423828957634,
              -23.230894815751007
            ],
            [
              -43.05641773536584,
              -23.230873134113722
            ],
            [
              -43.05641389684371,
              -23.23085947625031
            ],
            [
              -43.05601923516247,
              -23.229455228689037
            ],
            [
              -43.05482373455028,
              -23.225201512414984
            ],
            [
              -43.05442523434622,
              -23.2237836069903
            ],
            [
              -43.0532241961251,
              -23.219510187325206
            ],
            [
              -43.05163573291874,
              -23.213858269017514
            ],
            [
              -43.05004906014964,
              -23.20821272125898
            ],
            [
              -43.0496432319052,
              -23.206768741894095
            ],
            [
              -43.04804923110234,
              -23.20109712019536
            ],
            [
              -43.046455230309,
              -23.195425498496625
            ],
            [
              -43.04486122952763,
              -23.189753876797887
            ],
            [
              -43.04326722876074,
              -23.184082255099153
            ],
            [
              -43.041673228010744,
              -23.178410633400414
            ],
            [
              -43.04007922728016,
              -23.17273901170168
            ],
            [
              -43.038485226571424,
              -23.167067390002945
            ],
            [
              -43.036891225887004,
              -23.161395768304207
            ],
            [
              -43.035297225229385,
              -23.155724146605476
            ],
            [
              -43.03370322460102,
              -23.15005252490674
            ],
            [
              -43.03210922400437,
              -23.144380903208003
            ],
            [
              -43.030524378451666,
              -23.1387073049657
            ],
            [
              -43.02894579683339,
              -23.13303235435148
            ],
            [
              -43.027367215183595,
              -23.12735740373726
            ],
            [
              -43.02578863350468,
              -23.12168245312304
            ],
            [
              -43.02421005179903,
              -23.116007502508822
            ],
            [
              -43.022631470069044,
              -23.1103325518946
            ],
            [
              -43.02105288831713,
              -23.10465760128038
            ],
            [
              -43.01947430654568,
              -23.09898265066616
            ],
            [
              -43.017895724757075,
              -23.093307700051938
            ],
            [
              -43.016317142953724,
              -23.08763274943772
            ],
            [
              -43.014738561138024,
              -23.0819577988235
            ],
            [
              -43.01315997931238,
              -23.076282848209278
            ],
            [
              -43.01158139747917,
              -23.070607897595057
            ],
            [
              -43.010002815640796,
              -23.06493294698084
            ],
            [
              -43.00842423379966,
              -23.059257996366618
            ],
            [
              -43.00839956845838,
              -23.059169325263273
            ],
            [
              -43.008082784989526,
              -23.058030498948458
            ],
            [
              -43.008029588339284,
              -23.05783925871306
            ],
            [
              -43.00684565195816,
              -23.053583045752397
            ],
            [
              -43.006451006498295,
              -23.052164308098845
            ],
            [
              -43.0052670701187,
              -23.047908095138176
            ],
            [
              -43.004872424659936,
              -23.046489357484617
            ],
            [
              -43.00368848828364,
              -23.042233144523955
            ],
            [
              -43.00329399508344,
              -23.040814954228875
            ],
            [
              -43.00329384282659,
              -23.040814406870403
            ],
            [
              -43.003293504153476,
              -23.040813189351514
            ],
            [
              -43.002109906455416,
              -23.03655819390974
            ],
            [
              -43.001715666539255,
              -23.03514091415432
            ],
            [
              -43.00171526100066,
              -23.035139456256186
            ],
            [
              -43.00171429845077,
              -23.035135995920445
            ],
            [
              -43.000531324636405,
              -23.03088324329552
            ],
            [
              -43.000136679184564,
              -23.029464505641965
            ],
            [
              -42.998558097380666,
              -23.023789555027744
            ],
            [
              -42.9969795155914,
              -23.018114604413523
            ],
            [
              -42.99540093381912,
              -23.012439653799305
            ],
            [
              -42.99382235206625,
              -23.006764703185084
            ],
            [
              -42.992243770335186,
              -23.001089752570863
            ],
            [
              -42.99066518862832,
              -22.995414801956642
            ],
            [
              -42.989086606948035,
              -22.989739851342428
            ],
            [
              -42.98750802529675,
              -22.9840649007282
            ],
            [
              -42.98593661222947,
              -22.9783882127015
            ],
            [
              -42.98439905915701,
              -22.972703318173277
            ],
            [
              -42.98289856901447,
              -22.96700944085285
            ],
            [
              -42.98139807884664,
              -22.961315563532423
            ],
            [
              -42.97989758865558,
              -22.955621686211995
            ],
            [
              -42.978397098443374,
              -22.949927808891573
            ],
            [
              -42.97689660821206,
              -22.944233931571144
            ],
            [
              -42.9753961179637,
              -22.938540054250716
            ],
            [
              -42.973895627700344,
              -22.932846176930294
            ],
            [
              -42.972395137424066,
              -22.927152299609865
            ],
            [
              -42.97089464713692,
              -22.92145842228944
            ],
            [
              -42.96939415684096,
              -22.915764544969015
            ],
            [
              -42.967893666538245,
              -22.91007066764859
            ],
            [
              -42.96639317623083,
              -22.904376790328165
            ],
            [
              -42.96489268592079,
              -22.898682913007736
            ],
            [
              -42.963392195610155,
              -22.89298903568731
            ],
            [
              -42.961891705301014,
              -22.887295158366882
            ],
            [
              -42.9603912149954,
              -22.88160128104646
            ],
            [
              -42.95963687800491,
              -22.87873881516977
            ],
            [
              -42.958663832375414,
              -22.87504642045849
            ],
            [
              -42.95814047954919,
              -22.87306046506582
            ],
            [
              -42.95715576745968,
              -22.869323799876597
            ],
            [
              -42.9566425954957,
              -22.867376477564015
            ],
            [
              -42.95565438280825,
              -22.863626528707695
            ],
            [
              -42.955138486497574,
              -22.861668868361605
            ],
            [
              -42.95415212852619,
              -22.85792595752474
            ],
            [
              -42.953637533310264,
              -22.855973234396163
            ],
            [
              -42.95251364103103,
              -22.85170842511422
            ],
            [
              -42.95101315079421,
              -22.846014547793793
            ],
            [
              -42.949512660575856,
              -22.840320670473368
            ],
            [
              -42.94801217037802,
              -22.834626793152943
            ],
            [
              -42.94651168020275,
              -22.828932915832517
            ],
            [
              -42.945011190052114,
              -22.823239038512092
            ],
            [
              -42.94351069992817,
              -22.817545161191667
            ],
            [
              -42.94201446000647,
              -22.81185026574245
            ],
            [
              -42.94054844355415,
              -22.80614813026629
            ],
            [
              -42.93910840036932,
              -22.80043977289197
            ],
            [
              -42.93766835715837,
              -22.794731415517653
            ],
            [
              -42.936228313923124,
              -22.789023058143336
            ],
            [
              -42.934788270665386,
              -22.78331470076902
            ],
            [
              -42.93334822738699,
              -22.7776063433947
            ],
            [
              -42.93190818408975,
              -22.771897986020385
            ],
            [
              -42.93046814077549,
              -22.766189628646064
            ],
            [
              -42.92902809744603,
              -22.760481271271747
            ],
            [
              -42.927588054103175,
              -22.75477291389743
            ],
            [
              -42.92614801074876,
              -22.749064556523113
            ],
            [
              -42.924707967384606,
              -22.743356199148792
            ],
            [
              -42.923267924012514,
              -22.737647841774475
            ],
            [
              -42.92182788063432,
              -22.731939484400158
            ],
            [
              -42.92038783725183,
              -22.72623112702584
            ],
            [
              -42.91894779386688,
              -22.720522769651524
            ],
            [
              -42.91750775048127,
              -22.71481441227721
            ],
            [
              -42.916067707096836,
              -22.70910605490289
            ],
            [
              -42.91462766371539,
              -22.703397697528573
            ],
            [
              -42.91354942228164,
              -22.69912352944482
            ],
            [
              -42.91308813717844,
              -22.697294987148233
            ],
            [
              -42.91210894634272,
              -22.693413457366322
            ],
            [
              -42.91164416132776,
              -22.69157104134863
            ],
            [
              -42.910665355931826,
              -22.687691039434043
            ],
            [
              -42.9102019519534,
              -22.685854097858222
            ],
            [
              -42.90922590058452,
              -22.681985012928077
            ],
            [
              -42.9087596857678,
              -22.680136929125723
            ],
            [
              -42.90778755692691,
              -22.67628339313376
            ],
            [
              -42.907067436083494,
              -22.673428821313404
            ],
            [
              -42.90562739276189,
              -22.667720463939087
            ],
            [
              -42.90418734945647,
              -22.66201210656477
            ],
            [
              -42.90274730616905,
              -22.656303749190453
            ],
            [
              -42.90130726290144,
              -22.650595391816132
            ],
            [
              -42.899867219655476,
              -22.644887034441815
            ],
            [
              -42.8983846192645,
              -22.639189553627013
            ],
            [
              -42.89688383203674,
              -22.633496720914565
            ],
            [
              -42.89538171108357,
              -22.627804229062953
            ],
            [
              -42.89387959010689,
              -22.62211173721134
            ],
            [
              -42.892377469108794,
              -22.616419245359726
            ],
            [
              -42.89087534809132,
              -22.610726753508118
            ],
            [
              -42.88937322705655,
              -22.605034261656506
            ],
            [
              -42.88787110600654,
              -22.599341769804898
            ],
            [
              -42.88636898494336,
              -22.593649277953283
            ],
            [
              -42.88486686386908,
              -22.587956786101675
            ],
            [
              -42.883364742785744,
              -22.582264294250063
            ],
            [
              -42.88186262169545,
              -22.57657180239845
            ],
            [
              -42.88036050060022,
              -22.570879310546843
            ],
            [
              -42.878858379502155,
              -22.56518681869523
            ],
            [
              -42.87735625840331,
              -22.559494326843623
            ],
            [
              -42.87585413730575,
              -22.553801834992008
            ],
            [
              -42.874352016211546,
              -22.5481093431404
            ],
            [
              -42.87284989512273,
              -22.542416851288785
            ],
            [
              -42.8713477740414,
              -22.536724359437176
            ],
            [
              -42.86984565296962,
              -22.53103186758557
            ],
            [
              -42.868343531909446,
              -22.525339375733957
            ],
            [
              -42.86684386714512,
              -22.519656192297475
            ],
            [
              -42.866840696649334,
              -22.519644177272763
            ],
            [
              -42.865339289832185,
              -22.51395439203073
            ],
            [
              -42.863837168819224,
              -22.50826190017912
            ],
            [
              -42.86233623188532,
              -22.502573895480953
            ],
            [
              -42.862334689262426,
              -22.502568049501626
            ],
            [
              -42.86083333956089,
              -22.496878480481207
            ],
            [
              -42.86045739661357,
              -22.495453793512997
            ],
            [
              -42.85895527567253,
              -22.489761301661385
            ],
            [
              -42.85745315475807,
              -22.484068809809774
            ],
            [
              -42.85595103387224,
              -22.478376317958162
            ],
            [
              -42.85444929817207,
              -22.472684076965937
            ],
            [
              -42.852947737523166,
              -22.466991950000704
            ],
            [
              -42.851446176847524,
              -22.461299823035475
            ],
            [
              -42.849944616147226,
              -22.455607696070242
            ],
            [
              -42.848443055424326,
              -22.44991556910501
            ],
            [
              -42.84694149468089,
              -22.44422344213978
            ],
            [
              -42.845439933918975,
              -22.438531315174544
            ],
            [
              -42.84393837314065,
              -22.432839188209314
            ],
            [
              -42.84243681234798,
              -22.42714706124408
            ],
            [
              -42.840935251543016,
              -22.42145493427885
            ],
            [
              -42.83943369072782,
              -22.41576280731362
            ],
            [
              -42.83793212990447,
              -22.410070680348387
            ],
            [
              -42.83643056907503,
              -22.404378553383157
            ],
            [
              -42.83492900824154,
              -22.39868642641792
            ],
            [
              -42.83342744740608,
              -22.392994299452692
            ],
            [
              -42.8319258865707,
              -22.387302172487463
            ],
            [
              -42.83042432573748,
              -22.381610045522226
            ],
            [
              -42.82892276490847,
              -22.375917918556997
            ],
            [
              -42.82742120408574,
              -22.370225791591764
            ],
            [
              -42.82591964327134,
              -22.364533664626535
            ],
            [
              -42.824418082467346,
              -22.3588415376613
            ],
            [
              -42.822916521675815,
              -22.35314941069607
            ],
            [
              -42.82141496089881,
              -22.34745728373084
            ],
            [
              -42.82123155253278,
              -22.346762018022353
            ],
            [
              -42.821039570708706,
              -22.34603425198953
            ],
            [
              -42.81953839147261,
              -22.340343571291697
            ],
            [
              -42.81953698148669,
              -22.340338226307196
            ],
            [
              -42.818036449216365,
              -22.334649998059067
            ],
            [
              -42.816534909088624,
              -22.32895794913753
            ],
            [
              -42.816534831849715,
              -22.32895765633973
            ],
            [
              -42.81503348980032,
              -22.32326635820669
            ],
            [
              -42.815032878651024,
              -22.323264041457538
            ],
            [
              -42.81353176714224,
              -22.31757361716337
            ],
            [
              -42.81201658794592,
              -22.311884928617012
            ],
            [
              -42.81044462630831,
              -22.306210576529008
            ],
            [
              -42.808824884285954,
              -22.30054828804621
            ],
            [
              -42.8072051422284,
              -22.294885999563405
            ],
            [
              -42.80558540013827,
              -22.289223711080602
            ],
            [
              -42.80396565801813,
              -22.283561422597796
            ],
            [
              -42.80234591587058,
              -22.27789913411499
            ],
            [
              -42.80072617369821,
              -22.272236845632193
            ],
            [
              -42.79910643150359,
              -22.266574557149386
            ],
            [
              -42.79748668928934,
              -22.260912268666583
            ],
            [
              -42.79586694705803,
              -22.255249980183784
            ],
            [
              -42.79424720481225,
              -22.24958769170098
            ],
            [
              -42.79262746255459,
              -22.243925403218174
            ],
            [
              -42.79100772028765,
              -22.23826311473537
            ],
            [
              -42.78938797801399,
              -22.232600826252572
            ],
            [
              -42.78776823573623,
              -22.22693853776977
            ],
            [
              -42.78614849345694,
              -22.22127624928696
            ],
            [
              -42.784528751178726,
              -22.21561396080416
            ],
            [
              -42.78290900890416,
              -22.209951672321356
            ],
            [
              -42.781289266635845,
              -22.204289383838553
            ],
            [
              -42.77966952437635,
              -22.198627095355747
            ],
            [
              -42.77804978212829,
              -22.192964806872947
            ],
            [
              -42.77643003989422,
              -22.187302518390144
            ],
            [
              -42.77481029767677,
              -22.18164022990734
            ],
            [
              -42.77319055547849,
              -22.175977941424534
            ],
            [
              -42.771570813302006,
              -22.170315652941735
            ],
            [
              -42.76995107114988,
              -22.16465336445893
            ],
            [
              -42.76833149981713,
              -22.15899167303164
            ],
            [
              -42.76833132902471,
              -22.15899107597613
            ],
            [
              -42.76833085907589,
              -22.158989433130756
            ],
            [
              -42.76671177825939,
              -22.15332945634514
            ],
            [
              -42.765496780375074,
              -22.149082071131225
            ],
            [
              -42.763841793164005,
              -22.143428598456456
            ],
            [
              -42.762071671706316,
              -22.13780392408795
            ],
            [
              -42.76030155020578,
              -22.132179249719446
            ],
            [
              -42.758531428665755,
              -22.126554575350937
            ],
            [
              -42.756761307089626,
              -22.12092990098243
            ],
            [
              -42.75499118548076,
              -22.115305226613923
            ],
            [
              -42.75322106384255,
              -22.10968055224542
            ],
            [
              -42.75145094217837,
              -22.10405587787691
            ],
            [
              -42.749680820491605,
              -22.098431203508405
            ],
            [
              -42.74791069878563,
              -22.092806529139896
            ],
            [
              -42.74614057706382,
              -22.087181854771394
            ],
            [
              -42.744370455329566,
              -22.081557180402886
            ],
            [
              -42.742600333586225,
              -22.075932506034377
            ],
            [
              -42.7408302118372,
              -22.070307831665872
            ],
            [
              -42.73906009008586,
              -22.064683157297367
            ],
            [
              -42.737289968335574,
              -22.059058482928858
            ],
            [
              -42.735519846589746,
              -22.053433808560353
            ],
            [
              -42.73374972485172,
              -22.047809134191844
            ],
            [
              -42.73197960312491,
              -22.042184459823343
            ],
            [
              -42.73020948141268,
              -22.036559785454834
            ],
            [
              -42.7284393597184,
              -22.030935111086325
            ],
            [
              -42.72666923804547,
              -22.02531043671782
            ],
            [
              -42.724899116397246,
              -22.01968576234931
            ],
            [
              -42.72312899477712,
              -22.014061087980807
            ],
            [
              -42.72135887318847,
              -22.0084364136123
            ],
            [
              -42.71958875163468,
              -22.002811739243793
            ],
            [
              -42.71781863011911,
              -21.997187064875288
            ],
            [
              -42.71604850864517,
              -21.991562390506783
            ],
            [
              -42.71427838721621,
              -21.985937716138274
            ],
            [
              -42.71250826583563,
              -21.98031304176977
            ],
            [
              -42.71033073946185,
              -21.980844125014695
            ],
            [
              -42.70452400196719,
              -21.982260347001166
            ],
            [
              -42.69871726350064,
              -21.983676568987633
            ],
            [
              -42.692910524145816,
              -21.9850927909741
            ],
            [
              -42.687103784022,
              -21.986509012960568
            ],
            [
              -42.68129704324848,
              -21.987925234947035
            ],
            [
              -42.67549030194452,
              -21.989341456933506
            ],
            [
              -42.66968356022943,
              -21.990757678919977
            ],
            [
              -42.66387681822248,
              -21.992173900906444
            ],
            [
              -42.65807007604295,
              -21.993590122892915
            ],
            [
              -42.65226333381014,
              -21.995006344879382
            ],
            [
              -42.646456591643314,
              -21.99642256686585
            ],
            [
              -42.64064984966178,
              -21.99783878885232
            ],
            [
              -42.63484310798479,
              -21.999255010838787
            ],
            [
              -42.629036366731654,
              -22.000671232825255
            ],
            [
              -42.623229626021654,
              -22.00208745481173
            ],
            [
              -42.617422885974065,
              -22.003503676798196
            ],
            [
              -42.61161614670817,
              -22.004919898784664
            ],
            [
              -42.60580940834326,
              -22.00633612077113
            ],
            [
              -42.600002273862096,
              -22.00775243135461
            ],
            [
              -42.59409347293774,
              -22.00919142277364
            ],
            [
              -42.589586141775285,
              -22.01028755644031
            ],
            [
              -42.58754259867457,
              -22.010784523758634
            ],
            [
              -42.583576012384995,
              -22.011749154002153
            ],
            [
              -42.58152711428127,
              -22.012247423507734
            ],
            [
              -42.57756558525602,
              -22.01321082372029
            ],
            [
              -42.5755101984783,
              -22.01371067111993
            ],
            [
              -42.57155547993622,
              -22.01467241495965
            ],
            [
              -42.56949012161645,
              -22.015174687258867
            ],
            [
              -42.5655458884711,
              -22.016133881049104
            ],
            [
              -42.56254058726954,
              -22.016864736975776
            ],
            [
              -42.55653051144424,
              -22.018326320633328
            ],
            [
              -42.55052043518415,
              -22.01978790429088
            ],
            [
              -42.54451035862151,
              -22.021249487948428
            ],
            [
              -42.5385002818886,
              -22.02271107160598
            ],
            [
              -42.53249020511766,
              -22.02417265526353
            ],
            [
              -42.52648012844097,
              -22.025634238921075
            ],
            [
              -42.52047005199077,
              -22.02709582257863
            ],
            [
              -42.51445997589932,
              -22.02855740623618
            ],
            [
              -42.50844990029889,
              -22.030018989893733
            ],
            [
              -42.50243982532172,
              -22.03148057355128
            ],
            [
              -42.496429751100095,
              -22.03294215720883
            ],
            [
              -42.49041967776626,
              -22.034403740866384
            ],
            [
              -42.48440960545247,
              -22.035865324523932
            ],
            [
              -42.47839526294018,
              -22.03732756098182
            ],
            [
              -42.4723447158317,
              -22.038795330699667
            ],
            [
              -42.46628257413056,
              -22.04026487230414
            ],
            [
              -42.46022043134498,
              -22.041734413908607
            ],
            [
              -42.454158287610646,
              -22.04320395551308
            ],
            [
              -42.44809614306332,
              -22.04467349711755
            ],
            [
              -42.44203399783872,
              -22.046143038722015
            ],
            [
              -42.43597185207256,
              -22.047612580326486
            ],
            [
              -42.429909705900585,
              -22.049082121930958
            ],
            [
              -42.4238475594585,
              -22.050551663535426
            ],
            [
              -42.41778541288204,
              -22.052021205139898
            ],
            [
              -42.41172326630694,
              -22.05349074674437
            ],
            [
              -42.405661119868924,
              -22.054960288348838
            ],
            [
              -42.40556639883149,
              -22.054983249936406
            ],
            [
              -42.4041455832701,
              -22.055327673749954
            ],
            [
              -42.3995989737037,
              -22.056429829953306
            ],
            [
              -42.39808343718156,
              -22.056797215354422
            ],
            [
              -42.39353682794702,
              -22.057899371557777
            ],
            [
              -42.3920212915355,
              -22.058266756958893
            ],
            [
              -42.387474682734585,
              -22.059368913162245
            ],
            [
              -42.38595914646761,
              -22.05973629856336
            ],
            [
              -42.38141253820214,
              -22.060838454766717
            ],
            [
              -42.37989700211365,
              -22.061205840167833
            ],
            [
              -42.375350442007345,
              -22.062307984851255
            ],
            [
              -42.37535039448541,
              -22.062307996371185
            ],
            [
              -42.373834858609335,
              -22.0626753817723
            ],
            [
              -42.36777271609038,
              -22.064144923376773
            ],
            [
              -42.361710574692516,
              -22.065614464981245
            ],
            [
              -42.35571261654753,
              -22.067067238997605
            ],
            [
              -42.34994921427858,
              -22.068458735101075
            ],
            [
              -42.34418581099113,
              -22.06985023120454
            ],
            [
              -42.3384224068018,
              -22.07124172730801
            ],
            [
              -42.33265900182722,
              -22.07263322341148
            ],
            [
              -42.32689559618402,
              -22.074024719514945
            ],
            [
              -42.321132189988845,
              -22.075416215618414
            ],
            [
              -42.31536878335831,
              -22.076807711721884
            ],
            [
              -42.309605376409074,
              -22.07819920782535
            ],
            [
              -42.30384196925774,
              -22.07959070392882
            ],
            [
              -42.29807856202097,
              -22.080982200032288
            ],
            [
              -42.29231515481537,
              -22.082373696135758
            ],
            [
              -42.2865517477576,
              -22.083765192239223
            ],
            [
              -42.280788340964286,
              -22.085156688342693
            ],
            [
              -42.27502493455204,
              -22.086548184446162
            ],
            [
              -42.26926152863752,
              -22.087939680549628
            ],
            [
              -42.26349812333734,
              -22.089331176653097
            ],
            [
              -42.257734718768155,
              -22.090722672756566
            ],
            [
              -42.25197131504659,
              -22.092114168860032
            ],
            [
              -42.246207912289265,
              -22.0935056649635
            ],
            [
              -42.24039703989114,
              -22.09490723184546
            ],
            [
              -42.23448543653139,
              -22.09633016842813
            ],
            [
              -42.228573832064086,
              -22.097753105010796
            ],
            [
              -42.222662226615114,
              -22.099176041593463
            ],
            [
              -42.2225698577666,
              -22.099198274977567
            ],
            [
              -42.22245487596227,
              -22.099225951349656
            ],
            [
              -42.22118432503891,
              -22.099531775739127
            ],
            [
              -42.216750620310314,
              -22.100598978176127
            ],
            [
              -42.215272777578235,
              -22.100954698113963
            ],
            [
              -42.21527271855163,
              -22.100954712321794
            ],
            [
              -42.21527250458399,
              -22.100954763824266
            ],
            [
              -42.210839013275574,
              -22.102021914758794
            ],
            [
              -42.20936113633456,
              -22.102377642894442
            ],
            [
              -42.209361111365865,
              -22.10237764890446
            ],
            [
              -42.20936101674007,
              -22.102377671681094
            ],
            [
              -42.204927405636745,
              -22.10344485134146
            ],
            [
              -42.20344959370561,
              -22.103800563800316
            ],
            [
              -42.20344950360749,
              -22.10380058548713
            ],
            [
              -42.203449136783526,
              -22.10380067378243
            ],
            [
              -42.199015797519706,
              -22.104867787924128
            ],
            [
              -42.19753806047697,
              -22.105223482335987
            ],
            [
              -42.197537895402355,
              -22.105223522069796
            ],
            [
              -42.1975371249213,
              -22.105223707526203
            ],
            [
              -42.1931041890503,
              -22.106290724506792
            ],
            [
              -42.19162628687633,
              -22.10664645865246
            ],
            [
              -42.185714678155264,
              -22.108069395235127
            ],
            [
              -42.17980306936506,
              -22.109492331817794
            ],
            [
              -42.17389146063154,
              -22.11091526840046
            ],
            [
              -42.167979852080585,
              -22.112338204983125
            ],
            [
              -42.162068243838064,
              -22.113761141565792
            ],
            [
              -42.156156636029834,
              -22.11518407814846
            ],
            [
              -42.15024502878176,
              -22.116607014731127
            ],
            [
              -42.1443334222197,
              -22.118029951313794
            ],
            [
              -42.13842181646954,
              -22.119452887896458
            ],
            [
              -42.13251021165712,
              -22.120875824479125
            ],
            [
              -42.12655826933504,
              -22.122308029993732
            ],
            [
              -42.12043091043594,
              -22.12378054260689
            ],
            [
              -42.114140346037644,
              -22.125290556128185
            ],
            [
              -42.107849780389,
              -22.126800569649472
            ],
            [
              -42.10155921364165,
              -22.128310583170766
            ],
            [
              -42.095268645947264,
              -22.129820596692063
            ],
            [
              -42.08897807745749,
              -22.13133061021335
            ],
            [
              -42.08268750832398,
              -22.132840623734644
            ],
            [
              -42.07639693869838,
              -22.134350637255935
            ],
            [
              -42.07010636873236,
              -22.135860650777225
            ],
            [
              -42.06381579857758,
              -22.137370664298516
            ],
            [
              -42.057525228385664,
              -22.138880677819813
            ],
            [
              -42.051234658308296,
              -22.140390691341103
            ],
            [
              -42.04494408849712,
              -22.141900704862394
            ],
            [
              -42.03865351910378,
              -22.143410718383688
            ],
            [
              -42.032362950279946,
              -22.144920731904982
            ],
            [
              -42.03226466015029,
              -22.144944325866984
            ],
            [
              -42.0307903082021,
              -22.145298235285303
            ],
            [
              -42.02921777329451,
              -22.14567571296509
            ],
            [
              -42.02607238217727,
              -22.14643074542627
            ],
            [
              -42.02508373082931,
              -22.14666806534492
            ],
            [
              -42.024499740308144,
              -22.146808248806593
            ],
            [
              -42.022927189181225,
              -22.147185730434387
            ],
            [
              -42.01978181494739,
              -22.147940758947563
            ],
            [
              -42.01878455142002,
              -22.148180146208016
            ],
            [
              -42.018209173324905,
              -22.148318262327884
            ],
            [
              -42.01663636825464,
              -22.14869580497704
            ],
            [
              -42.013491248741985,
              -22.149450772468857
            ],
            [
              -42.0124873901112,
              -22.149691742890255
            ],
            [
              -42.01191860740404,
              -22.14982827584918
            ],
            [
              -42.01034611058362,
              -22.150205744577615
            ],
            [
              -42.00720068371268,
              -22.150960785990147
            ],
            [
              -42.00406464064979,
              -22.151713200815944
            ],
            [
              -41.9993744345075,
              -22.152837935152355
            ],
            [
              -41.993190389358936,
              -22.15431806518948
            ],
            [
              -41.9870389507923,
              -22.155789047221248
            ],
            [
              -41.98088751112251,
              -22.15726002925301
            ],
            [
              -41.97473607049139,
              -22.15873101128477
            ],
            [
              -41.968584629040734,
              -22.16020199331654
            ],
            [
              -41.96243318691238,
              -22.161672975348303
            ],
            [
              -41.95628174424813,
              -22.163143957380072
            ],
            [
              -41.95013030118979,
              -22.164614939411834
            ],
            [
              -41.94397885787917,
              -22.166085921443596
            ],
            [
              -41.9378274144581,
              -22.167556903475365
            ],
            [
              -41.93167597106839,
              -22.169027885507127
            ],
            [
              -41.925524527851834,
              -22.170498867538893
            ],
            [
              -41.91937308495026,
              -22.171969849570658
            ],
            [
              -41.913221642505476,
              -22.173440831602424
            ],
            [
              -41.9070702006593,
              -22.17491181363419
            ],
            [
              -41.90091875955354,
              -22.17638279566596
            ],
            [
              -41.894767319330015,
              -22.17785377769772
            ],
            [
              -41.88861588013052,
              -22.179324759729482
            ],
            [
              -41.88246444209689,
              -22.18079574176125
            ],
            [
              -41.87633769048955,
              -22.18225914748204
            ],
            [
              -41.870249708452285,
              -22.18371065421136
            ],
            [
              -41.86417580960626,
              -22.18515783826019
            ],
            [
              -41.858101909686646,
              -22.18660502230902
            ],
            [
              -41.85202800882996,
              -22.188052206357852
            ],
            [
              -41.845954107172716,
              -22.18949939040668
            ],
            [
              -41.83988020485143,
              -22.190946574455513
            ],
            [
              -41.83978530012301,
              -22.190969186706276
            ],
            [
              -41.83836172919664,
              -22.19130837046772
            ],
            [
              -41.835324683743934,
              -22.192031984881886
            ],
            [
              -41.83380630200263,
              -22.19239375850434
            ],
            [
              -41.833175031404615,
              -22.192544166685682
            ],
            [
              -41.83228782623302,
              -22.19275555451655
            ],
            [
              -41.829251288894284,
              -22.19347904782364
            ],
            [
              -41.82773239876283,
              -22.193840942553173
            ],
            [
              -41.827027286851106,
              -22.194008944351726
            ],
            [
              -41.82621392291253,
              -22.19420273856538
            ],
            [
              -41.82317673934912,
              -22.194926385817396
            ],
            [
              -41.82165849526854,
              -22.195288126602
            ],
            [
              -41.82066903872605,
              -22.195523877087474
            ],
            [
              -41.82014001937169,
              -22.19564992261421
            ],
            [
              -41.81710133215831,
              -22.19637392811978
            ],
            [
              -41.815584591656275,
              -22.19673531065083
            ],
            [
              -41.814066115746996,
              -22.197097106663037
            ],
            [
              -41.81102916396099,
              -22.19782069868745
            ],
            [
              -41.80951068806256,
              -22.198182494699658
            ],
            [
              -41.80799221217498,
              -22.198544290711865
            ],
            [
              -41.80191830879217,
              -22.199991474760697
            ],
            [
              -41.79584440573507,
              -22.20143865880953
            ],
            [
              -41.7897705031402,
              -22.20288584285836
            ],
            [
              -41.78369660114408,
              -22.20433302690719
            ],
            [
              -41.77762269988322,
              -22.205780210956018
            ],
            [
              -41.77154879949414,
              -22.207227395004846
            ],
            [
              -41.76547490011337,
              -22.208674579053678
            ],
            [
              -41.759401001877414,
              -22.210121763102507
            ],
            [
              -41.75330336038272,
              -22.211571735877605
            ],
            [
              -41.74718955556322,
              -22.213023606943565
            ],
            [
              -41.74107300027687,
              -22.21447580091467
            ],
            [
              -41.73495644394242,
              -22.215927994885774
            ],
            [
              -41.72883988669928,
              -22.217380188856886
            ],
            [
              -41.72272332868682,
              -22.21883238282799
            ],
            [
              -41.71660677004449,
              -22.2202845767991
            ],
            [
              -41.71049021091171,
              -22.22173677077021
            ],
            [
              -41.70437365142787,
              -22.22318896474131
            ],
            [
              -41.6982570917324,
              -22.224641158712423
            ],
            [
              -41.69214053196472,
              -22.226093352683527
            ],
            [
              -41.68602397226423,
              -22.227545546654635
            ],
            [
              -41.67990741277034,
              -22.228997740625744
            ],
            [
              -41.67379085362248,
              -22.230449934596848
            ],
            [
              -41.66767429496005,
              -22.231902128567956
            ],
            [
              -41.661557736922475,
              -22.233354322539064
            ],
            [
              -41.65544117964916,
              -22.23480651651017
            ],
            [
              -41.649324623279526,
              -22.236258710481277
            ],
            [
              -41.64922905209066,
              -22.236281401014896
            ],
            [
              -41.647795484245776,
              -22.236621758974053
            ],
            [
              -41.64320810827093,
              -22.237710894880085
            ],
            [
              -41.64320806795298,
              -22.23771090445238
            ],
            [
              -41.643208056052806,
              -22.237710907277727
            ],
            [
              -41.64167892918872,
              -22.238073952945157
            ],
            [
              -41.637091513806496,
              -22.23916309842407
            ],
            [
              -41.63101592610562,
              -22.240602307408835
            ],
            [
              -41.6249613554135,
              -22.24203485435848
            ],
            [
              -41.618909237782745,
              -22.24346662340575
            ],
            [
              -41.61739620830705,
              -22.243824565667573
            ],
            [
              -41.61134408945118,
              -22.245256334714842
            ],
            [
              -41.60529196977727,
              -22.24668810376211
            ],
            [
              -41.59923984942038,
              -22.248119872809387
            ],
            [
              -41.59318772851556,
              -22.249551641856655
            ],
            [
              -41.587135607197865,
              -22.250983410903924
            ],
            [
              -41.58108348560236,
              -22.2524151799512
            ],
            [
              -41.57503136386407,
              -22.25384694899847
            ],
            [
              -41.56897924211809,
              -22.255278718045737
            ],
            [
              -41.562927120499445,
              -22.256710487093013
            ],
            [
              -41.55687499914319,
              -22.25814225614028
            ],
            [
              -41.55082287818439,
              -22.259574025187554
            ],
            [
              -41.54477075775809,
              -22.261005794234826
            ],
            [
              -41.53871863799935,
              -22.262437563282095
            ],
            [
              -41.53266651904322,
              -22.263869332329367
            ],
            [
              -41.52661440102475,
              -22.26530110137664
            ],
            [
              -41.52056228407902,
              -22.26673287042391
            ],
            [
              -41.51451016834104,
              -22.26816463947118
            ],
            [
              -41.50848849834643,
              -22.269584344589877
            ],
            [
              -41.502468324466044,
              -22.27100345640061
            ],
            [
              -41.49644814950413,
              -22.272422568211343
            ],
            [
              -41.490427973593626,
              -22.273841680022077
            ],
            [
              -41.484407796867444,
              -22.275260791832814
            ],
            [
              -41.47838761945852,
              -22.276679903643547
            ],
            [
              -41.472367441499784,
              -22.27809901545428
            ],
            [
              -41.46634726312416,
              -22.279518127265014
            ],
            [
              -41.460327084464566,
              -22.280937239075747
            ],
            [
              -41.46023301917065,
              -22.28095941269779
            ],
            [
              -41.46021404908151,
              -22.280963884438314
            ],
            [
              -41.45882203976191,
              -22.281292017028434
            ],
            [
              -41.45880472720712,
              -22.281296098045253
            ],
            [
              -41.454306905653944,
              -22.282356350886484
            ],
            [
              -41.45280186094676,
              -22.282711128839168
            ],
            [
              -41.448286726825195,
              -22.283775462697218
            ],
            [
              -41.44678168214672,
              -22.2841302406499
            ],
            [
              -41.442266548111284,
              -22.28519457450795
            ],
            [
              -41.44076150349474,
              -22.285549352460635
            ],
            [
              -41.43624636964511,
              -22.286613686318685
            ],
            [
              -41.43474140003698,
              -22.286968446612377
            ],
            [
              -41.43474132512373,
              -22.286968464271368
            ],
            [
              -41.43474115856281,
              -22.28696850353409
            ],
            [
              -41.430226191559605,
              -22.288032798129418
            ],
            [
              -41.428721147166634,
              -22.2883875760821
            ],
            [
              -41.42270096975636,
              -22.28980668789284
            ],
            [
              -41.41668079302584,
              -22.29122579970357
            ],
            [
              -41.41066061710801,
              -22.292644911514305
            ],
            [
              -41.40464044213579,
              -22.29406402332504
            ],
            [
              -41.39862023365495,
              -22.2954830691287
            ],
            [
              -41.39259936657974,
              -22.29690085639751
            ],
            [
              -41.38657683206529,
              -22.298315462125426
            ],
            [
              -41.380554296426624,
              -22.299730067853346
            ],
            [
              -41.374531759796845,
              -22.30114467358126
            ],
            [
              -41.368509222309015,
              -22.302559279309175
            ],
            [
              -41.36248668409622,
              -22.30397388503709
            ],
            [
              -41.356464145291554,
              -22.305388490765004
            ],
            [
              -41.35044160602809,
              -22.30680309649292
            ],
            [
              -41.34441906643892,
              -22.308217702220837
            ],
            [
              -41.338396526657114,
              -22.309632307948753
            ],
            [
              -41.33237398681577,
              -22.31104691367667
            ],
            [
              -41.32635144704797,
              -22.312461519404586
            ],
            [
              -41.32032890748678,
              -22.313876125132502
            ],
            [
              -41.3143063682653,
              -22.31529073086042
            ],
            [
              -41.30828382951661,
              -22.316705336588335
            ],
            [
              -41.302261291373796,
              -22.318119942316248
            ],
            [
              -41.29623875396993,
              -22.319534548044164
            ],
            [
              -41.29021621743811,
              -22.32094915377208
            ],
            [
              -41.28419368191141,
              -22.322363759499993
            ],
            [
              -41.278171053611615,
              -22.32377818827795
            ],
            [
              -41.272147665958954,
              -22.325191184603806
            ],
            [
              -41.26913532700163,
              -22.325896313313688
            ],
            [
              -41.26507917507153,
              -22.32684577785887
            ],
            [
              -41.26311068765504,
              -22.327306561571778
            ],
            [
              -41.259049194766746,
              -22.328257276154154
            ],
            [
              -41.25708560476862,
              -22.328716913401955
            ],
            [
              -41.25301737210923,
              -22.32966920547629
            ],
            [
              -41.2510610143772,
              -22.33012714972832
            ],
            [
              -41.246983327787866,
              -22.331081654645537
            ],
            [
              -41.24503566696341,
              -22.33153756306911
            ],
            [
              -41.240517330964835,
              -22.33259521507992
            ],
            [
              -41.23449250287028,
              -22.334005506599176
            ],
            [
              -41.22846767433311,
              -22.33541579811844
            ],
            [
              -41.222442845486555,
              -22.336826089637697
            ],
            [
              -41.21641801646386,
              -22.338236381156957
            ],
            [
              -41.21039318739827,
              -22.339646672676217
            ],
            [
              -41.20436835842298,
              -22.34105696419548
            ],
            [
              -41.19834352967126,
              -22.342467255714737
            ],
            [
              -41.192318701276335,
              -22.343877547233998
            ],
            [
              -41.18629387337144,
              -22.345287838753258
            ],
            [
              -41.180269046089805,
              -22.346698130272515
            ],
            [
              -41.17424421956467,
              -22.34810842179178
            ],
            [
              -41.16821939392928,
              -22.349518713311035
            ],
            [
              -41.16219456931685,
              -22.3509290048303
            ],
            [
              -41.156169385803864,
              -22.352338702008332
            ],
            [
              -41.150142866876685,
              -22.353746194094274
            ],
            [
              -41.14411537140083,
              -22.355152075429352
            ],
            [
              -41.13808787483194,
              -22.356557956764433
            ],
            [
              -41.13206037730343,
              -22.357963838099515
            ],
            [
              -41.12603287894871,
              -22.359369719434596
            ],
            [
              -41.1200053799012,
              -22.360775600769678
            ],
            [
              -41.1139778802943,
              -22.36218148210476
            ],
            [
              -41.10795038026143,
              -22.36358736343984
            ],
            [
              -41.101922879936,
              -22.364993244774922
            ],
            [
              -41.09589537945141,
              -22.36639912611
            ],
            [
              -41.08986787894111,
              -22.367805007445085
            ],
            [
              -41.08384037853847,
              -22.369210888780167
            ],
            [
              -41.08374619884604,
              -22.369232855676024
            ],
            [
              -41.08233350345961,
              -22.369562359113935
            ],
            [
              -41.079318878521654,
              -22.370265503846092
            ],
            [
              -41.07781287837693,
              -22.370616770115248
            ],
            [
              -41.07742341163122,
              -22.37070761110202
            ],
            [
              -41.07630600337502,
              -22.370968240449017
            ],
            [
              -41.07329236453473,
              -22.37167115522686
            ],
            [
              -41.07178537858989,
              -22.372022651450326
            ],
            [
              -41.07136725678068,
              -22.37212017608204
            ],
            [
              -41.070278503698276,
              -22.372374121784098
            ],
            [
              -41.06726507367219,
              -22.37307698792029
            ],
            [
              -41.06575787931076,
              -22.373428532785407
            ],
            [
              -41.06532281338713,
              -22.3735300095502
            ],
            [
              -41.064251004562806,
              -22.37378000311918
            ],
            [
              -41.06123731582552,
              -22.37448292967703
            ],
            [
              -41.05973038067296,
              -22.37483441412049
            ],
            [
              -41.0592841700434,
              -22.374938490340817
            ],
            [
              -41.05822350610202,
              -22.375185884454257
            ],
            [
              -41.05520975727567,
              -22.3758888251218
            ],
            [
              -41.0537028828099,
              -22.37624029545557
            ],
            [
              -41.052196008449314,
              -22.376591765789343
            ],
            [
              -41.04616851173813,
              -22.377997647124424
            ],
            [
              -41.040141016101856,
              -22.379403528459505
            ],
            [
              -41.03411289904696,
              -22.380808142480415
            ],
            [
              -41.02808353671033,
              -22.382210221872988
            ],
            [
              -41.02205382749648,
              -22.383611597202137
            ],
            [
              -41.01602411723529,
              -22.38501297253128
            ],
            [
              -41.00999440606036,
              -22.386414347860423
            ],
            [
              -41.00396469410522,
              -22.38781572318957
            ],
            [
              -40.997934981503434,
              -22.389217098518717
            ],
            [
              -40.991905268388564,
              -22.390618473847866
            ],
            [
              -40.985875554894164,
              -22.392019849177007
            ],
            [
              -40.97984584115382,
              -22.393421224506156
            ],
            [
              -40.97381612730105,
              -22.3948225998353
            ],
            [
              -40.96778641346944,
              -22.39622397516445
            ],
            [
              -40.96175669979255,
              -22.39762535049359
            ],
            [
              -40.955726986403924,
              -22.399026725822736
            ],
            [
              -40.94969727343714,
              -22.40042810115189
            ],
            [
              -40.94366756102573,
              -22.40182947648103
            ],
            [
              -40.93763784930329,
              -22.40323085181018
            ],
            [
              -40.93160813840335,
              -22.40463222713932
            ],
            [
              -40.92557842845949,
              -22.40603360246847
            ],
            [
              -40.919548719605245,
              -22.407434977797614
            ],
            [
              -40.9135181173915,
              -22.408834763919234
            ],
            [
              -40.90748624955466,
              -22.410232301893625
            ],
            [
              -40.90145405829032,
              -22.41162926706422
            ],
            [
              -40.895421865997584,
              -22.413026232234813
            ],
            [
              -40.889389672810196,
              -22.41442319740541
            ],
            [
              -40.88335747886187,
              -22.415820162576004
            ],
            [
              -40.877325284286336,
              -22.4172171277466
            ],
            [
              -40.87129308921732,
              -22.418614092917192
            ],
            [
              -40.86526089378853,
              -22.420011058087788
            ],
            [
              -40.86375284491094,
              -22.420360299380437
            ],
            [
              -40.85772064920797,
              -22.421757264551033
            ],
            [
              -40.851688453446116,
              -22.42315422972163
            ],
            [
              -40.8456562577591,
              -22.42455119489222
            ],
            [
              -40.83962406228066,
              -22.42594816006282
            ],
            [
              -40.83359186714451,
              -22.427345125233416
            ],
            [
              -40.82755967248438,
              -22.42874209040401
            ],
            [
              -40.82152747843397,
              -22.430139055574603
            ],
            [
              -40.81549528512705,
              -22.4315360207452
            ],
            [
              -40.809463092697314,
              -22.432932985915794
            ],
            [
              -40.803430901278475,
              -22.43432995108639
            ],
            [
              -40.797398711004284,
              -22.435726916256982
            ],
            [
              -40.791365117570685,
              -22.437121241174708
            ],
            [
              -40.78533053095478,
              -22.43851370031374
            ],
            [
              -40.77929594320497,
              -22.43990615945277
            ],
            [
              -40.773261354455165,
              -22.441298618591805
            ],
            [
              -40.767226764839215,
              -22.44269107773084
            ],
            [
              -40.76119217449102,
              -22.44408353686987
            ],
            [
              -40.75515758354447,
              -22.4454759960089
            ],
            [
              -40.749122992133415,
              -22.446868455147932
            ],
            [
              -40.743088400391784,
              -22.448260914286966
            ],
            [
              -40.737053808453446,
              -22.449653373426
            ],
            [
              -40.73101921645226,
              -22.45104583256503
            ],
            [
              -40.72498462452215,
              -22.45243829170406
            ],
            [
              -40.71895003279697,
              -22.453830750843093
            ],
            [
              -40.71291544141061,
              -22.455223209982126
            ],
            [
              -40.706880850496965,
              -22.456615669121156
            ],
            [
              -40.70678656002342,
              -22.456637426295202
            ],
            [
              -40.7053722029202,
              -22.456963783905913
            ],
            [
              -40.70537200987234,
              -22.456963828450984
            ],
            [
              -40.700846260189905,
              -22.45800812826019
            ],
            [
              -40.69933771574948,
              -22.458356219289335
            ],
            [
              -40.69933761279826,
              -22.458356243044946
            ],
            [
              -40.69933735125222,
              -22.458356303395725
            ],
            [
              -40.69481167062333,
              -22.459400587399223
            ],
            [
              -40.6887770819311,
              -22.460793046538253
            ],
            [
              -40.68726849407674,
              -22.4611411476936
            ],
            [
              -40.687268435010104,
              -22.46114116132301
            ],
            [
              -40.687268278574805,
              -22.461141197419888
            ],
            [
              -40.68274249424713,
              -22.462185505677283
            ],
            [
              -40.681233889331246,
              -22.462533610835397
            ],
            [
              -40.681233847611665,
              -22.46253362046204
            ],
            [
              -40.67519886496352,
              -22.463925317302706
            ],
            [
              -40.66916251685183,
              -22.465314387013407
            ],
            [
              -40.66312563702792,
              -22.46670243601952
            ],
            [
              -40.6570887561252,
              -22.468090485025627
            ],
            [
              -40.65105187427768,
              -22.469478534031737
            ],
            [
              -40.64501499161942,
              -22.470866583037846
            ],
            [
              -40.638978108284434,
              -22.47225463204395
            ],
            [
              -40.63294122440678,
              -22.473642681050062
            ],
            [
              -40.62690434012047,
              -22.47503073005617
            ],
            [
              -40.62086745555956,
              -22.47641877906228
            ],
            [
              -40.61483057085808,
              -22.47780682806839
            ],
            [
              -40.608793686150065,
              -22.479194877074498
            ],
            [
              -40.602756801569555,
              -22.480582926080604
            ],
            [
              -40.59671991725058,
              -22.481970975086714
            ],
            [
              -40.59068303332719,
              -22.483359024092824
            ],
            [
              -40.5846461499334,
              -22.48474707309893
            ],
            [
              -40.57860926720326,
              -22.48613512210504
            ],
            [
              -40.57257238527081,
              -22.48752317111115
            ],
            [
              -40.566535504270085,
              -22.48891122011726
            ],
            [
              -40.560498624335104,
              -22.490299269123362
            ],
            [
              -40.55446128339913,
              -22.4916864204435
            ],
            [
              -40.54842243878208,
              -22.493070649883794
            ],
            [
              -40.542383239731386,
              -22.494454192858335
            ],
            [
              -40.53634403962656,
              -22.49583773583288
            ],
            [
              -40.5303048386018,
              -22.49722127880743
            ],
            [
              -40.5242656367913,
              -22.49860482178197
            ],
            [
              -40.518226434329236,
              -22.49998836475652
            ],
            [
              -40.51218727193909,
              -22.50137189843232
            ],
            [
              -40.512187231349806,
              -22.501371907731066
            ],
            [
              -40.51218705179358,
              -22.501371948866254
            ],
            [
              -40.5061480279872,
              -22.50275545070561
            ],
            [
              -40.50010934165192,
              -22.50413887517546
            ],
            [
              -40.50009255906606,
              -22.50414271995862
            ],
            [
              -40.49407284152755,
              -22.505521798772072
            ],
            [
              -40.48954021784652,
              -22.506560193885612
            ],
            [
              -40.483501014229574,
              -22.50794373686016
            ],
            [
              -40.47746181086687,
              -22.509327279834704
            ],
            [
              -40.47142260789259,
              -22.510710822809248
            ],
            [
              -40.46538340544093,
              -22.512094365783796
            ],
            [
              -40.459344203646076,
              -22.51347790875834
            ],
            [
              -40.45330500264221,
              -22.514861451732884
            ],
            [
              -40.44726580256355,
              -22.51624499470743
            ],
            [
              -40.44122660354426,
              -22.51762853768198
            ],
            [
              -40.43518740571854,
              -22.519012080656523
            ],
            [
              -40.42914587333073,
              -22.520391644175188
            ],
            [
              -40.423104087080276,
              -22.521770777016812
            ],
            [
              -40.417062299773974,
              -22.523149909858432
            ],
            [
              -40.41102051154617,
              -22.524529042700056
            ],
            [
              -40.40497872253125,
              -22.52590817554168
            ],
            [
              -40.398936932863556,
              -22.527287308383304
            ],
            [
              -40.39289514267746,
              -22.52866644122492
            ],
            [
              -40.38685335210733,
              -22.530045574066545
            ],
            [
              -40.38081156128753,
              -22.53142470690817
            ],
            [
              -40.374769770352415,
              -22.532803839749793
            ],
            [
              -40.36872797943634,
              -22.534182972591413
            ],
            [
              -40.362686188673706,
              -22.535562105433034
            ],
            [
              -40.35664439819884,
              -22.536941238274657
            ],
            [
              -40.35060260814611,
              -22.53832037111628
            ],
            [
              -40.3445608186499,
              -22.539699503957902
            ],
            [
              -40.33851902984456,
              -22.541078636799526
            ],
            [
              -40.33247724186445,
              -22.54245776964115
            ],
            [
              -40.32643545484394,
              -22.54383690248277
            ],
            [
              -40.3203936689174,
              -22.545216035324394
            ],
            [
              -40.314351884219164,
              -22.546595168166014
            ],
            [
              -40.31582491434122,
              -22.55229863556824
            ],
            [
              -40.3172979444926,
              -22.55800210297046
            ],
            [
              -40.318770974671345,
              -22.563705570372687
            ],
            [
              -40.3202440048755,
              -22.569409037774907
            ],
            [
              -40.32171703510313,
              -22.57511250517713
            ],
            [
              -40.32319006535227,
              -22.58081597257935
            ],
            [
              -40.324663095621,
              -22.586519439981576
            ],
            [
              -40.32613612590736,
              -22.592222907383796
            ],
            [
              -40.32760915620939,
              -22.597926374786024
            ],
            [
              -40.329082186525156,
              -22.603629842188244
            ],
            [
              -40.330555216852716,
              -22.60933330959047
            ],
            [
              -40.332028247190095,
              -22.61503677699269
            ],
            [
              -40.33350127753539,
              -22.620740244394913
            ],
            [
              -40.334974307886625,
              -22.62644371179714
            ],
            [
              -40.33644733824185,
              -22.63214717919936
            ],
            [
              -40.33792036859912,
              -22.637850646601585
            ],
            [
              -40.3393933989565,
              -22.643554114003805
            ],
            [
              -40.340866429312044,
              -22.64925758140603
            ],
            [
              -40.34233945966378,
              -22.65496104880825
            ],
            [
              -40.343812490009796,
              -22.660664516210478
            ],
            [
              -40.34528552034811,
              -22.666367983612698
            ],
            [
              -40.346758550676796,
              -22.672071451014922
            ],
            [
              -40.348231580993904,
              -22.677774918417143
            ],
            [
              -40.34970461129748,
              -22.683478385819367
            ],
            [
              -40.35117764158559,
              -22.68918185322159
            ],
            [
              -40.35265067185627,
              -22.694885320623815
            ],
            [
              -40.35412370210758,
              -22.700588788026035
            ],
            [
              -40.355596732337574,
              -22.70629225542826
            ],
            [
              -40.35670150499262,
              -22.710569855979927
            ],
            [
              -40.357069762544306,
              -22.71199572283048
            ],
            [
              -40.35854558397671,
              -22.717698840495267
            ],
            [
              -40.36002225989388,
              -22.72340185109757
            ],
            [
              -40.36112976685015,
              -22.727679109049298
            ],
            [
              -40.36149893583557,
              -22.729104861699874
            ],
            [
              -40.36260644280876,
              -22.7333821196516
            ],
            [
              -40.362975611799826,
              -22.734807872302177
            ],
            [
              -40.36406004572619,
              -22.73899602071324
            ],
            [
              -40.36408311878846,
              -22.739085130253905
            ],
            [
              -40.365559794787266,
              -22.744788140856205
            ],
            [
              -40.36703647080325,
              -22.750491151458508
            ],
            [
              -40.36851314683444,
              -22.75619416206081
            ],
            [
              -40.369989822878864,
              -22.76189717266311
            ],
            [
              -40.37146649893456,
              -22.767600183265415
            ],
            [
              -40.37294317499958,
              -22.77330319386772
            ],
            [
              -40.37441985107196,
              -22.779006204470022
            ],
            [
              -40.37589652714973,
              -22.784709215072322
            ],
            [
              -40.377373203230924,
              -22.790412225674626
            ],
            [
              -40.3788498793136,
              -22.79611523627693
            ],
            [
              -40.38032655539578,
              -22.801818246879233
            ],
            [
              -40.381803231475516,
              -22.807521257481532
            ],
            [
              -40.38327990755082,
              -22.813224268083836
            ],
            [
              -40.38475658361975,
              -22.81892727868614
            ],
            [
              -40.38623325968035,
              -22.824630289288443
            ],
            [
              -40.38770993573065,
              -22.830333299890743
            ],
            [
              -40.38918661176868,
              -22.836036310493046
            ],
            [
              -40.39066328779249,
              -22.84173932109535
            ],
            [
              -40.39213996380012,
              -22.84744233169765
            ],
            [
              -40.3936166397896,
              -22.853145342299953
            ],
            [
              -40.39509331575896,
              -22.858848352902257
            ],
            [
              -40.39656999170626,
              -22.864551363504557
            ],
            [
              -40.39804666762953,
              -22.870254374106864
            ],
            [
              -40.3995233435268,
              -22.875957384709167
            ],
            [
              -40.40100139106542,
              -22.88166018422323
            ],
            [
              -40.402481068706685,
              -22.887362732878813
            ],
            [
              -40.40285108586188,
              -22.88878835500041
            ],
            [
              -40.40396022219015,
              -22.893061695474543
            ],
            [
              -40.40396113732851,
              -22.89306522136915
            ],
            [
              -40.40396146915839,
              -22.89306649986125
            ],
            [
              -40.4043311544855,
              -22.89449084349173
            ],
            [
              -40.405441084560984,
              -22.89876724207546
            ],
            [
              -40.40544125030915,
              -22.898767880678964
            ],
            [
              -40.405811223135935,
              -22.900193331982067
            ],
            [
              -40.40692120813142,
              -22.90446994210524
            ],
            [
              -40.40692127463915,
              -22.904470198349816
            ],
            [
              -40.40692129918853,
              -22.90447029293498
            ],
            [
              -40.40729129180689,
              -22.9058958204724
            ],
            [
              -40.40877136049638,
              -22.911598308962734
            ],
            [
              -40.40997219059699,
              -22.916224931902267
            ],
            [
              -40.41022830312891,
              -22.917211696070407
            ],
            [
              -40.41025142920245,
              -22.917300797453066
            ],
            [
              -40.41173149792309,
              -22.923003285943405
            ],
            [
              -40.41321156665636,
              -22.928705774433737
            ],
            [
              -40.41469163540026,
              -22.934408262924073
            ],
            [
              -40.41617170415283,
              -22.940110751414405
            ],
            [
              -40.41765177291209,
              -22.94581323990474
            ],
            [
              -40.41913184167607,
              -22.951515728395076
            ],
            [
              -40.42061191044277,
              -22.957218216885412
            ],
            [
              -40.42209197921024,
              -22.962920705375744
            ],
            [
              -40.423572047976506,
              -22.96862319386608
            ],
            [
              -40.42505211673958,
              -22.97432568235641
            ],
            [
              -40.42653218549749,
              -22.980028170846747
            ],
            [
              -40.42801225424826,
              -22.985730659337083
            ],
            [
              -40.42949232298992,
              -22.99143314782742
            ],
            [
              -40.43097239172049,
              -22.99713563631775
            ],
            [
              -40.432452460438,
              -23.002838124808086
            ],
            [
              -40.43393252914046,
              -23.00854061329842
            ],
            [
              -40.43541259782591,
              -23.014243101788757
            ],
            [
              -40.43689266649238,
              -23.01994559027909
            ],
            [
              -40.438372735137875,
              -23.025648078769425
            ],
            [
              -40.43985280376044,
              -23.031350567259757
            ],
            [
              -40.441332872358075,
              -23.037053055750093
            ],
            [
              -40.44281294092883,
              -23.042755544240425
            ],
            [
              -40.444294145169025,
              -23.04845788998078
            ],
            [
              -40.445777847955455,
              -23.054159921671197
            ],
            [
              -40.447261550771195,
              -23.05986195336161
            ],
            [
              -40.448745253614256,
              -23.065563985052023
            ],
            [
              -40.449116179331355,
              -23.066989492974628
            ],
            [
              -40.449116238111564,
              -23.06698971887336
            ],
            [
              -40.450228956482654,
              -23.071266016742438
            ],
            [
              -40.45059988220559,
              -23.072691524665043
            ],
            [
              -40.45171265937439,
              -23.076968048432857
            ],
            [
              -40.45319636228748,
              -23.082670080123272
            ],
            [
              -40.45468006521994,
              -23.088372111813683
            ],
            [
              -40.45505096462976,
              -23.089797518556328
            ],
            [
              -40.455050990957396,
              -23.089797619736288
            ],
            [
              -40.45505108013845,
              -23.08979796246878
            ],
            [
              -40.456163768169766,
              -23.0940741435041
            ],
            [
              -40.45651151105224,
              -23.09541055718154
            ],
            [
              -40.45653469391107,
              -23.0954996514267
            ],
            [
              -40.45801839687963,
              -23.101201683117118
            ],
            [
              -40.45950209986108,
              -23.10690371480753
            ],
            [
              -40.46098580285344,
              -23.11260574649794
            ],
            [
              -40.46246950585471,
              -23.118307778188356
            ],
            [
              -40.46395320886293,
              -23.124009809878775
            ],
            [
              -40.46543691187607,
              -23.129711841569183
            ],
            [
              -40.46692061489216,
              -23.1354138732596
            ],
            [
              -40.46840431790921,
              -23.141115904950016
            ],
            [
              -40.469888020925225,
              -23.146817936640424
            ],
            [
              -40.47137172393821,
              -23.15251996833084
            ],
            [
              -40.47285542694619,
              -23.158222000021258
            ],
            [
              -40.47433912994717,
              -23.163924031711673
            ],
            [
              -40.47582283293915,
              -23.169626063402085
            ],
            [
              -40.477306535920164,
              -23.1753280950925
            ],
            [
              -40.47879023888819,
              -23.181030126782915
            ],
            [
              -40.48027394184125,
              -23.186732158473326
            ],
            [
              -40.48175764477737,
              -23.19243419016374
            ],
            [
              -40.483241347694545,
              -23.198136221854156
            ],
            [
              -40.48472505059079,
              -23.203838253544568
            ],
            [
              -40.486208828300235,
              -23.209540274018284
            ],
            [
              -40.48769362648453,
              -23.21524214153702
            ],
            [
              -40.48918081262935,
              -23.220943651141088
            ],
            [
              -40.49066799879819,
              -23.226645160745168
            ],
            [
              -40.49215518498906,
              -23.232346670349237
            ],
            [
              -40.493642371199925,
              -23.238048179953314
            ],
            [
              -40.49512955742881,
              -23.243749689557383
            ],
            [
              -40.49550135398998,
              -23.245175066958208
            ],
            [
              -40.4958732456294,
              -23.246600808865853
            ],
            [
              -40.4966167436737,
              -23.24945119916146
            ],
            [
              -40.496876458746414,
              -23.2504468834428
            ],
            [
              -40.49698854023764,
              -23.25087657656248
            ],
            [
              -40.49736033680314,
              -23.2523019539635
            ],
            [
              -40.49810392993258,
              -23.255152708765536
            ],
            [
              -40.49836596192562,
              -23.25615727554653
            ],
            [
              -40.49847572649965,
              -23.256578086166552
            ],
            [
              -40.49884726025038,
              -23.258002455988795
            ],
            [
              -40.49959111620347,
              -23.26085421836961
            ],
            [
              -40.49985580554632,
              -23.261868972775126
            ],
            [
              -40.49996291277316,
              -23.262279595770625
            ],
            [
              -40.500334384997046,
              -23.263703729704854
            ],
            [
              -40.501078302484345,
              -23.26655572797368
            ],
            [
              -40.501347547296554,
              -23.267587946932487
            ],
            [
              -40.50145009905616,
              -23.267981105374698
            ],
            [
              -40.50182189562878,
              -23.269406482775715
            ],
            [
              -40.502565488773214,
              -23.27225723757775
            ],
            [
              -40.50291404806081,
              -23.273593528891205
            ],
            [
              -40.50293728534665,
              -23.27368261497877
            ],
            [
              -40.50442447164262,
              -23.279384124582844
            ],
            [
              -40.50591165794208,
              -23.28508563418692
            ],
            [
              -40.507398844243006,
              -23.290787143790993
            ],
            [
              -40.50888603054341,
              -23.296488653395066
            ],
            [
              -40.51037321684127,
              -23.30219016299914
            ],
            [
              -40.511860403134605,
              -23.307891672603212
            ],
            [
              -40.513347589421414,
              -23.313593182207285
            ],
            [
              -40.51483477569967,
              -23.319294691811358
            ],
            [
              -40.51632196196737,
              -23.324996201415434
            ],
            [
              -40.517809148222526,
              -23.33069771101951
            ],
            [
              -40.51929633446312,
              -23.336399220623584
            ],
            [
              -40.520783520687175,
              -23.342100730227653
            ],
            [
              -40.522270706892655,
              -23.34780223983173
            ],
            [
              -40.52375789307756,
              -23.353503749435802
            ],
            [
              -40.5252450792399,
              -23.359205259039875
            ],
            [
              -40.52673226537767,
              -23.364906768643948
            ],
            [
              -40.52821945148885,
              -23.37060827824802
            ],
            [
              -40.529706637571465,
              -23.376309787852094
            ],
            [
              -40.53119545677352,
              -23.38201107311118
            ],
            [
              -40.53268617636496,
              -23.387712097314285
            ],
            [
              -40.53417716322514,
              -23.39341308480639
            ],
            [
              -40.5356681501115,
              -23.3991140722985
            ],
            [
              -40.537159137022044,
              -23.404815059790604
            ],
            [
              -40.53865012395475,
              -23.41051604728271
            ],
            [
              -40.540141110907584,
              -23.416217034774814
            ],
            [
              -40.54163209787854,
              -23.421918022266922
            ],
            [
              -40.5420048446252,
              -23.423343269139544
            ],
            [
              -40.54275033811883,
              -23.426193762886
            ],
            [
              -40.54312308486559,
              -23.427619009759027
            ],
            [
              -40.5432591425637,
              -23.42813924449918
            ],
            [
              -40.54349583161424,
              -23.429044256632054
            ],
            [
              -40.54424294575448,
              -23.431900947103642
            ],
            [
              -40.544614071866725,
              -23.433319997251132
            ],
            [
              -40.54475208157813,
              -23.433847695770005
            ],
            [
              -40.54498681861864,
              -23.43474524412416
            ],
            [
              -40.54573301950268,
              -23.43759844261682
            ],
            [
              -40.54610505887992,
              -23.439020984743237
            ],
            [
              -40.546246714426594,
              -23.439562623595357
            ],
            [
              -40.546477805634595,
              -23.44044623161626
            ],
            [
              -40.547220800522396,
              -23.44328717153704
            ],
            [
              -40.547596045903134,
              -23.44472197223534
            ],
            [
              -40.54774296483719,
              -23.445283736347204
            ],
            [
              -40.54796879266007,
              -23.446147219108365
            ],
            [
              -40.548711070646206,
              -23.448985417845815
            ],
            [
              -40.54908703293438,
              -23.450422959727447
            ],
            [
              -40.549436483020656,
              -23.451759128670908
            ],
            [
              -40.54945977969307,
              -23.451848206600474
            ],
            [
              -40.550950766731575,
              -23.45754919409258
            ],
            [
              -40.55244175377356,
              -23.463250181584684
            ],
            [
              -40.55393274081699,
              -23.46895116907679
            ],
            [
              -40.555423727859846,
              -23.474652156568894
            ],
            [
              -40.556914714900145,
              -23.480353144061
            ],
            [
              -40.55840570193584,
              -23.486054131553107
            ],
            [
              -40.5598966889649,
              -23.491755119045212
            ],
            [
              -40.56138767598534,
              -23.497456106537317
            ],
            [
              -40.562878662995104,
              -23.503157094029422
            ],
            [
              -40.564369649992194,
              -23.508858081521524
            ],
            [
              -40.56586063697459,
              -23.514559069013632
            ],
            [
              -40.56735162394027,
              -23.520260056505737
            ],
            [
              -40.568842610887216,
              -23.525961043997842
            ],
            [
              -40.5703335978134,
              -23.531662031489947
            ],
            [
              -40.57182458471682,
              -23.537363018982052
            ],
            [
              -40.57331557159543,
              -23.543064006474157
            ],
            [
              -40.57480824847249,
              -23.548764777176903
            ],
            [
              -40.57630246932962,
              -23.554465349825165
            ],
            [
              -40.57779701708809,
              -23.56016588054298
            ],
            [
              -40.5792915648712,
              -23.56586641126079
            ],
            [
              -40.580786112676904,
              -23.571566941978602
            ],
            [
              -40.58228066050318,
              -23.57726747269642
            ],
            [
              -40.583775208347994,
              -23.58296800341423
            ],
            [
              -40.585269756209314,
              -23.58866853413204
            ],
            [
              -40.5867643040851,
              -23.594369064849857
            ],
            [
              -40.58825885197332,
              -23.600069595567668
            ],
            [
              -40.58863248894787,
              -23.60149472824672
            ],
            [
              -40.59012703684722,
              -23.607195258964932
            ],
            [
              -40.59124759302347,
              -23.6114693038888
            ],
            [
              -40.59124794777893,
              -23.61147065700329
            ],
            [
              -40.59124810657931,
              -23.611471262702445
            ],
            [
              -40.59162158475617,
              -23.612895789682742
            ],
            [
              -40.592740680765594,
              -23.61716426519614
            ],
            [
              -40.592742495692264,
              -23.617171187721105
            ],
            [
              -40.59274343622222,
              -23.61717477510687
            ],
            [
              -40.593116132670964,
              -23.61859632040056
            ],
            [
              -40.59461068058952,
              -23.62429685111837
            ],
            [
              -40.59572334558448,
              -23.628540797328526
            ],
            [
              -40.59573159152977,
              -23.628572249156733
            ],
            [
              -40.59590153766939,
              -23.629220460683495
            ],
            [
              -40.596105228509856,
              -23.629997381836183
            ],
            [
              -40.59759977642991,
              -23.635697912553997
            ],
            [
              -40.59909432434765,
              -23.64139844327181
            ],
            [
              -40.60058887226104,
              -23.64709897398962
            ],
            [
              -40.60208342016805,
              -23.652799504707435
            ],
            [
              -40.603577968066666,
              -23.65850003542525
            ],
            [
              -40.60507251595482,
              -23.66420056614306
            ],
            [
              -40.606567063830504,
              -23.669901096860873
            ],
            [
              -40.60806161169167,
              -23.675601627578683
            ],
            [
              -40.60955615953628,
              -23.6813021582965
            ],
            [
              -40.61105070736232,
              -23.68700268901431
            ],
            [
              -40.612545255167745,
              -23.692703219732124
            ],
            [
              -40.61403980295052,
              -23.698403750449934
            ],
            [
              -40.615534350708614,
              -23.704104281167748
            ],
            [
              -40.61702889843998,
              -23.70980481188556
            ],
            [
              -40.61852492398935,
              -23.71550510398319
            ],
            [
              -40.620023109481494,
              -23.721205047328244
            ],
            [
              -40.62152129500298,
              -23.726904990673294
            ],
            [
              -40.62301948055174,
              -23.732604934018347
            ],
            [
              -40.624517666125755,
              -23.738304877363397
            ],
            [
              -40.62601585172295,
              -23.74400482070845
            ],
            [
              -40.6275140373413,
              -23.7497047640535
            ],
            [
              -40.629012222978744,
              -23.755404707398554
            ],
            [
              -40.630510408633235,
              -23.761104650743608
            ],
            [
              -40.63200859430272,
              -23.766804594088658
            ],
            [
              -40.63350677998515,
              -23.772504537433708
            ],
            [
              -40.63500496567848,
              -23.77820448077876
            ],
            [
              -40.63537951210403,
              -23.779629466615027
            ],
            [
              -40.635384806326606,
              -23.77964960882351
            ],
            [
              -40.636503151380666,
              -23.783904424123815
            ],
            [
              -40.63687769780791,
              -23.785329409960077
            ],
            [
              -40.63800133708965,
              -23.789604367468865
            ],
            [
              -40.639499522803405,
              -23.79530431081392
            ],
            [
              -40.64099770851985,
              -23.80100425415897
            ],
            [
              -40.641380730343826,
              -23.80246148517625
            ],
            [
              -40.642870440665874,
              -23.808129183340284
            ],
            [
              -40.644368626380725,
              -23.813829126685334
            ],
            [
              -40.64586681209163,
              -23.81952907003039
            ],
            [
              -40.64736499779653,
              -23.82522901337544
            ],
            [
              -40.648863183493376,
              -23.83092895672049
            ],
            [
              -40.650361369180125,
              -23.83662890006554
            ],
            [
              -40.651859554854724,
              -23.842328843410595
            ],
            [
              -40.65335774051513,
              -23.84802878675565
            ],
            [
              -40.654855926159286,
              -23.8537287301007
            ],
            [
              -40.65635411178515,
              -23.859428673445755
            ],
            [
              -40.657852297390676,
              -23.865128616790802
            ],
            [
              -40.65935048297381,
              -23.870828560135855
            ],
            [
              -40.660848839954085,
              -23.876528482959444
            ],
            [
              -40.66234849375741,
              -23.88222825053373
            ],
            [
              -40.66385049530014,
              -23.88792773705324
            ],
            [
              -40.665352496866454,
              -23.893627223572743
            ],
            [
              -40.666854498454306,
              -23.899326710092247
            ],
            [
              -40.66835650006163,
              -23.905026196611747
            ],
            [
              -40.66985850168635,
              -23.910725683131254
            ],
            [
              -40.671360503326405,
              -23.916425169650758
            ],
            [
              -40.67286250497974,
              -23.92212465617026
            ],
            [
              -40.67436450664428,
              -23.927824142689765
            ],
            [
              -40.67586650831797,
              -23.93352362920927
            ],
            [
              -40.67736850999873,
              -23.939223115728772
            ],
            [
              -40.67887051168451,
              -23.944922602248276
            ],
            [
              -40.68037251337324,
              -23.95062208876778
            ],
            [
              -40.68187451506286,
              -23.956321575287284
            ],
            [
              -40.682625515907084,
              -23.959171318547035
            ],
            [
              -40.68357414855198,
              -23.962770994243563
            ],
            [
              -40.68412972641991,
              -23.964879186664362
            ],
            [
              -40.685098371014,
              -23.968554799591452
            ],
            [
              -40.685629313229825,
              -23.970569509722765
            ],
            [
              -40.68660742406069,
              -23.974281043189155
            ],
            [
              -40.68713240203493,
              -23.976273121455083
            ],
            [
              -40.68811451127572,
              -23.97999982728321
            ],
            [
              -40.68863534003624,
              -23.98197616098011
            ],
            [
              -40.689760023865716,
              -23.986243879514678
            ],
            [
              -40.691262025514035,
              -23.991943366034185
            ],
            [
              -40.692764027148286,
              -23.99764285255369
            ],
            [
              -40.69426602876638,
              -24.00334233907319
            ],
            [
              -40.69576803036627,
              -24.009041825592696
            ],
            [
              -40.697270031945884,
              -24.0147413121122
            ],
            [
              -40.69877203350316,
              -24.020440798631704
            ],
            [
              -40.700274035036045,
              -24.026140285151207
            ],
            [
              -40.701776036542455,
              -24.03183977167071
            ],
            [
              -40.70327803802033,
              -24.037539258190215
            ],
            [
              -40.70478003946762,
              -24.04323874470972
            ],
            [
              -40.70628326200362,
              -24.048936520682666
            ],
            [
              -40.70778776571182,
              -24.05463250198382
            ],
            [
              -40.7092923294999,
              -24.060328399159737
            ],
            [
              -40.710796893311375,
              -24.066024296335648
            ],
            [
              -40.71230145714416,
              -24.07172019351156
            ],
            [
              -40.71380602099618,
              -24.07741609068747
            ],
            [
              -40.715310584865364,
              -24.083111987863383
            ],
            [
              -40.71681514874963,
              -24.088807885039298
            ],
            [
              -40.71831971264692,
              -24.09450378221521
            ],
            [
              -40.719824276555144,
              -24.100199679391125
            ],
            [
              -40.72132884047223,
              -24.105895576567036
            ],
            [
              -40.722833404396106,
              -24.111591473742948
            ],
            [
              -40.72433796832469,
              -24.11728737091886
            ],
            [
              -40.72584253225592,
              -24.122983268094774
            ],
            [
              -40.7273470961877,
              -24.128679165270686
            ],
            [
              -40.728851660117975,
              -24.134375062446598
            ],
            [
              -40.72998100378731,
              -24.138650470957142
            ],
            [
              -40.7304518714848,
              -24.140433056557413
            ],
            [
              -40.73148666068111,
              -24.144350505845235
            ],
            [
              -40.731964371942375,
              -24.14615899944858
            ],
            [
              -40.73298921090065,
              -24.150038779680358
            ],
            [
              -40.7334738743454,
              -24.151873592496127
            ],
            [
              -40.7344918054821,
              -24.155727221493475
            ],
            [
              -40.73498169857653,
              -24.157581832448614
            ],
            [
              -40.73599844812532,
              -24.161430988284355
            ],
            [
              -40.736750620645324,
              -24.16427852262014
            ],
            [
              -40.738255184519204,
              -24.169974419796052
            ],
            [
              -40.73975974837652,
              -24.175670316971964
            ],
            [
              -40.74126431221521,
              -24.18136621414788
            ],
            [
              -40.74276887603319,
              -24.187062111323794
            ],
            [
              -40.74427343982839,
              -24.192758008499702
            ],
            [
              -40.745778003598744,
              -24.198453905675617
            ],
            [
              -40.747282567342154,
              -24.20414980285153
            ],
            [
              -40.748787131056574,
              -24.209845700027444
            ],
            [
              -40.74953941290523,
              -24.212693648615396
            ],
            [
              -40.755652256986345,
              -24.211297451325866
            ],
            [
              -40.761765102344,
              -24.209901254036335
            ],
            [
              -40.767877948839036,
              -24.2085050567468
            ],
            [
              -40.77399079633231,
              -24.20710885945727
            ],
            [
              -40.78010364468466,
              -24.205712662167738
            ],
            [
              -40.78621649375692,
              -24.204316464878207
            ],
            [
              -40.79232934340991,
              -24.202920267588674
            ],
            [
              -40.798442193504506,
              -24.201524070299143
            ],
            [
              -40.804555043901516,
              -24.20012787300961
            ],
            [
              -40.81066789446181,
              -24.19873167572008
            ],
            [
              -40.8167807450462,
              -24.197335478430546
            ],
            [
              -40.82289359551554,
              -24.19593928114102
            ],
            [
              -40.82900644573066,
              -24.194543083851485
            ],
            [
              -40.8351192955524,
              -24.193146886561955
            ],
            [
              -40.84123214484163,
              -24.19175068927242
            ],
            [
              -40.84734499345913,
              -24.19035449198289
            ],
            [
              -40.8534578412658,
              -24.188958294693357
            ],
            [
              -40.85957068812244,
              -24.187562097403827
            ],
            [
              -40.86568353388992,
              -24.186165900114293
            ],
            [
              -40.87179609883669,
              -24.184769234687316
            ],
            [
              -40.87790608046884,
              -24.1833682436703
            ],
            [
              -40.88401606330242,
              -24.181967252653287
            ],
            [
              -40.89012604719844,
              -24.180566261636272
            ],
            [
              -40.89623603201796,
              -24.17916527061926
            ],
            [
              -40.902346017622,
              -24.17776427960225
            ],
            [
              -40.90845600387159,
              -24.176363288585232
            ],
            [
              -40.9145659906278,
              -24.17496229756822
            ],
            [
              -40.92067597775163,
              -24.173561306551207
            ],
            [
              -40.925258468265994,
              -24.172510563288444
            ],
            [
              -40.92525965546687,
              -24.17251029106894
            ],
            [
              -40.92678596510412,
              -24.172160315534192
            ],
            [
              -40.93136788409945,
              -24.171109703333453
            ],
            [
              -40.93136845568577,
              -24.171109572271433
            ],
            [
              -40.93289595254632,
              -24.17075932451718
            ],
            [
              -40.93747844309102,
              -24.16970858125442
            ],
            [
              -40.93900593993925,
              -24.169358333500167
            ],
            [
              -40.94358843034277,
              -24.168307590237408
            ],
            [
              -40.945115927143945,
              -24.167957342483156
            ],
            [
              -40.94969841730208,
              -24.16690659922039
            ],
            [
              -40.95122591402146,
              -24.166556351466138
            ],
            [
              -40.95571293529229,
              -24.16552749868802
            ],
            [
              -40.95580840382996,
              -24.165505608203382
            ],
            [
              -40.96191838978747,
              -24.164104617186368
            ],
            [
              -40.96802837503562,
              -24.16270362616935
            ],
            [
              -40.97413835943547,
              -24.16130263515234
            ],
            [
              -40.98024834284804,
              -24.159901644135324
            ],
            [
              -40.98635832513436,
              -24.158500653118313
            ],
            [
              -40.992467942648986,
              -24.15709891723636
            ],
            [
              -40.99857601279837,
              -24.15569401090365
            ],
            [
              -41.00468360858785,
              -24.154288130516797
            ],
            [
              -41.01079120551399,
              -24.152882250129935
            ],
            [
              -41.016898803437996,
              -24.15147636974308
            ],
            [
              -41.02300640222108,
              -24.150070489356217
            ],
            [
              -41.029114001724416,
              -24.148664608969362
            ],
            [
              -41.03522160180922,
              -24.147258728582507
            ],
            [
              -41.041329202336684,
              -24.145852848195645
            ],
            [
              -41.047436803168004,
              -24.144446967808786
            ],
            [
              -41.05354440416438,
              -24.143041087421928
            ],
            [
              -41.059652005187004,
              -24.14163520703507
            ],
            [
              -41.06575960609709,
              -24.14022932664821
            ],
            [
              -41.07186720675581,
              -24.138823446261352
            ],
            [
              -41.07797480702438,
              -24.137417565874493
            ],
            [
              -41.084082406764,
              -24.136011685487638
            ],
            [
              -41.09019000583586,
              -24.13460580510078
            ],
            [
              -41.096297604101146,
              -24.133199924713917
            ],
            [
              -41.102405201421085,
              -24.131794044327062
            ],
            [
              -41.10851279765686,
              -24.1303881639402
            ],
            [
              -41.11461976867575,
              -24.128981174085382
            ],
            [
              -41.11614628282442,
              -24.12862867279441
            ],
            [
              -41.11614645935237,
              -24.128629334166014
            ],
            [
              -41.12072513361509,
              -24.12757132863792
            ],
            [
              -41.12072519974902,
              -24.127571313356192
            ],
            [
              -41.12683003353252,
              -24.126160654600465
            ],
            [
              -41.13293493454664,
              -24.124749980563006
            ],
            [
              -41.13446115986654,
              -24.12439731205364
            ],
            [
              -41.13903983651881,
              -24.12333930652555
            ],
            [
              -41.140566062069574,
              -24.122986638016187
            ],
            [
              -41.14514473931044,
              -24.121928632488093
            ],
            [
              -41.14549731520908,
              -24.121847161960645
            ],
            [
              -41.146575575948205,
              -24.12159800576056
            ],
            [
              -41.14667096505739,
              -24.121575963978728
            ],
            [
              -41.15277586869139,
              -24.12016528994127
            ],
            [
              -41.15888077283294,
              -24.118754615903814
            ],
            [
              -41.164985677343424,
              -24.117343941866356
            ],
            [
              -41.17109058208422,
              -24.1159332678289
            ],
            [
              -41.17719548691672,
              -24.114522593791445
            ],
            [
              -41.1833003917023,
              -24.113111919753987
            ],
            [
              -41.18940529630234,
              -24.111701245716528
            ],
            [
              -41.19551020057822,
              -24.110290571679073
            ],
            [
              -41.20161510439133,
              -24.108879897641614
            ],
            [
              -41.20772000760304,
              -24.107469223604156
            ],
            [
              -41.213824910074734,
              -24.1060585495667
            ],
            [
              -41.219929811667804,
              -24.104647875529242
            ],
            [
              -41.226034712243624,
              -24.103237201491783
            ],
            [
              -41.23213961166358,
              -24.101826527454328
            ],
            [
              -41.2382434046925,
              -24.100413828880335
            ],
            [
              -41.24434563440677,
              -24.09899826539615
            ],
            [
              -41.25044786528526,
              -24.097582701911964
            ],
            [
              -41.256550097189546,
              -24.09616713842778
            ],
            [
              -41.26265232998118,
              -24.094751574943594
            ],
            [
              -41.26875456352173,
              -24.09333601145941
            ],
            [
              -41.274856797672776,
              -24.091920447975223
            ],
            [
              -41.28095903229585,
              -24.090504884491036
            ],
            [
              -41.28706126725254,
              -24.089089321006856
            ],
            [
              -41.293163502404404,
              -24.08767375752267
            ],
            [
              -41.29926573761299,
              -24.086258194038482
            ],
            [
              -41.30536797273989,
              -24.0848426305543
            ],
            [
              -41.311470207646636,
              -24.08342706707011
            ],
            [
              -41.31757244219481,
              -24.082011503585928
            ],
            [
              -41.32367467624597,
              -24.08059594010174
            ],
            [
              -41.32977690966168,
              -24.079180376617558
            ],
            [
              -41.335879142303504,
              -24.077764813133374
            ],
            [
              -41.337309352865105,
              -24.07743304044177
            ],
            [
              -41.337404700235886,
              -24.077410922262327
            ],
            [
              -41.343506931702706,
              -24.075995358778144
            ],
            [
              -41.34960916208415,
              -24.074579795293957
            ],
            [
              -41.35571103141469,
              -24.07316362163922
            ],
            [
              -41.3618114876535,
              -24.071745053179765
            ],
            [
              -41.367910946337076,
              -24.07032479184111
            ],
            [
              -41.374010406141686,
              -24.068904530502454
            ],
            [
              -41.38010986692911,
              -24.0674842691638
            ],
            [
              -41.38620932856108,
              -24.066064007825144
            ],
            [
              -41.392308790899364,
              -24.06464374648649
            ],
            [
              -41.398408253805684,
              -24.063223485147834
            ],
            [
              -41.404507717141826,
              -24.06180322380918
            ],
            [
              -41.410607180769524,
              -24.060382962470523
            ],
            [
              -41.416706644550544,
              -24.05896270113187
            ],
            [
              -41.42280610834662,
              -24.057542439793213
            ],
            [
              -41.42890557201952,
              -24.056122178454558
            ],
            [
              -41.435005035430976,
              -24.054701917115906
            ],
            [
              -41.441104498442755,
              -24.053281655777248
            ],
            [
              -41.4472039609166,
              -24.05186139443859
            ],
            [
              -41.45330342271428,
              -24.05044113309994
            ],
            [
              -41.45940288369752,
              -24.049020871761286
            ],
            [
              -41.4655023437281,
              -24.047600610422627
            ],
            [
              -41.47160180266775,
              -24.046180349083976
            ],
            [
              -41.477700869661895,
              -24.04475932378128
            ],
            [
              -41.483798529271056,
              -24.043335548208052
            ],
            [
              -41.48989548645976,
              -24.04191039749955
            ],
            [
              -41.49599244476788,
              -24.04048524679105
            ],
            [
              -41.49904087505892,
              -24.03977268297312
            ],
            [
              -41.503161773074645,
              -24.038809432238363
            ],
            [
              -41.50513794268755,
              -24.038347507039145
            ],
            [
              -41.50926995053318,
              -24.037381659534507
            ],
            [
              -41.51123484460911,
              -24.036922370019802
            ],
            [
              -41.51538365991046,
              -24.035952593917013
            ],
            [
              -41.517331912188034,
              -24.03549719442713
            ],
            [
              -41.52150833860144,
              -24.034520964375226
            ],
            [
              -41.52342907053337,
              -24.034071997734447
            ],
            [
              -41.528001488786856,
              -24.033003205571426
            ],
            [
              -41.53409845095881,
              -24.031578054862923
            ],
            [
              -41.540195413249116,
              -24.030152904154424
            ],
            [
              -41.54629237551971,
              -24.028727753445924
            ],
            [
              -41.55238933763252,
              -24.027302602737425
            ],
            [
              -41.558486299449456,
              -24.025877452028926
            ],
            [
              -41.56458326083245,
              -24.024452301320427
            ],
            [
              -41.570680221643414,
              -24.023027150611924
            ],
            [
              -41.57677718174428,
              -24.021601999903424
            ],
            [
              -41.58287414099697,
              -24.020176849194925
            ],
            [
              -41.588971099263404,
              -24.018751698486426
            ],
            [
              -41.595068056405495,
              -24.017326547777927
            ],
            [
              -41.60116402067155,
              -24.01589964626345
            ],
            [
              -41.607258627228006,
              -24.01447034792367
            ],
            [
              -41.61335286893056,
              -24.013040403564567
            ],
            [
              -41.619447111716795,
              -24.01161045920547
            ],
            [
              -41.62554135544882,
              -24.01018051484637
            ],
            [
              -41.63163559998874,
              -24.008750570487273
            ],
            [
              -41.63772984519866,
              -24.007320626128173
            ],
            [
              -41.6438240909407,
              -24.005890681769074
            ],
            [
              -41.64991833707694,
              -24.00446073740997
            ],
            [
              -41.656012583469504,
              -24.003030793050876
            ],
            [
              -41.6621068299805,
              -24.001600848691773
            ],
            [
              -41.668201076472045,
              -24.000170904332677
            ],
            [
              -41.674295322806216,
              -23.99874095997358
            ],
            [
              -41.68038956884513,
              -23.99731101561448
            ],
            [
              -41.686483814450895,
              -23.995881071255383
            ],
            [
              -41.68800737578958,
              -23.995523585165607
            ],
            [
              -41.691054651272474,
              -23.994808577075688
            ],
            [
              -41.69257805948564,
              -23.99445112689628
            ],
            [
              -41.693022075244,
              -23.9943469437039
            ],
            [
              -41.69410162066432,
              -23.994093640806508
            ],
            [
              -41.697148631403856,
              -23.993378694748355
            ],
            [
              -41.698672303811435,
              -23.993021182537184
            ],
            [
              -41.69912655379136,
              -23.992914597987575
            ],
            [
              -41.700195864795646,
              -23.99266369644741
            ],
            [
              -41.70324273761442,
              -23.991948782647395
            ],
            [
              -41.7047665472904,
              -23.99159123817809
            ],
            [
              -41.705228129905414,
              -23.991482933092225
            ],
            [
              -41.706290108045664,
              -23.991233752088313
            ],
            [
              -41.709337404322824,
              -23.990518738809058
            ],
            [
              -41.71086078978464,
              -23.990161293818986
            ],
            [
              -41.71132780723708,
              -23.990051713490445
            ],
            [
              -41.712384350276494,
              -23.989803807729214
            ],
            [
              -41.715431543491675,
              -23.989088818496523
            ],
            [
              -41.71695503115627,
              -23.98873134945989
            ],
            [
              -41.718383368838104,
              -23.988396206250723
            ],
            [
              -41.718478591350234,
              -23.988373863370114
            ],
            [
              -41.724571154820936,
              -23.986940973676475
            ],
            [
              -41.73066283095913,
              -23.98550652414834
            ],
            [
              -41.736754398514655,
              -23.984071881934774
            ],
            [
              -41.74284596707036,
              -23.982637239721203
            ],
            [
              -41.748937536488526,
              -23.981202597507636
            ],
            [
              -41.755029106631454,
              -23.979767955294065
            ],
            [
              -41.76112067736141,
              -23.9783333130805
            ],
            [
              -41.7672122485407,
              -23.97689867086693
            ],
            [
              -41.773303820031614,
              -23.975464028653363
            ],
            [
              -41.77939539169642,
              -23.974029386439796
            ],
            [
              -41.785486963397425,
              -23.97259474422622
            ],
            [
              -41.79157853499691,
              -23.971160102012654
            ],
            [
              -41.79767010635715,
              -23.969725459799086
            ],
            [
              -41.80376167734047,
              -23.96829081758552
            ],
            [
              -41.809853247809116,
              -23.96685617537195
            ],
            [
              -41.81594481762539,
              -23.96542153315838
            ],
            [
              -41.8220363866516,
              -23.963986890944813
            ],
            [
              -41.828127954749995,
              -23.962552248731242
            ],
            [
              -41.83421952178289,
              -23.961117606517675
            ],
            [
              -41.840311087612584,
              -23.959682964304104
            ],
            [
              -41.846400773929375,
              -23.958244869982323
            ],
            [
              -41.85248971782094,
              -23.956805410096294
            ],
            [
              -41.85857862386991,
              -23.955365878589767
            ],
            [
              -41.8646675309252,
              -23.953926347083236
            ],
            [
              -41.87075643884927,
              -23.952486815576705
            ],
            [
              -41.876845347504585,
              -23.951047284070174
            ],
            [
              -41.878367574711966,
              -23.95068740119354
            ],
            [
              -41.882934256753614,
              -23.949607752563644
            ],
            [
              -41.88445648410083,
              -23.94924786968701
            ],
            [
              -41.889023166458834,
              -23.948168221057113
            ],
            [
              -41.8905453939115,
              -23.94780833818048
            ],
            [
              -41.895112076482704,
              -23.94672868955058
            ],
            [
              -41.89663430400643,
              -23.946368806673945
            ],
            [
              -41.90119974035521,
              -23.945289452700205
            ],
            [
              -41.9012009866877,
              -23.945289158044048
            ],
            [
              -41.90120761768343,
              -23.94528759035346
            ],
            [
              -41.90272321424812,
              -23.944929275167418
            ],
            [
              -41.907289896936284,
              -23.94384962653752
            ],
            [
              -41.9081905823454,
              -23.943636687773363
            ],
            [
              -41.908716985276335,
              -23.943512236340677
            ],
            [
              -41.90881212449901,
              -23.943489743660887
            ],
            [
              -41.914901034621565,
              -23.942050212154356
            ],
            [
              -41.92098994447827,
              -23.940610680647826
            ],
            [
              -41.92707885393159,
              -23.939171149141295
            ],
            [
              -41.933167762843986,
              -23.937731617634764
            ],
            [
              -41.939256671077935,
              -23.936292086128233
            ],
            [
              -41.945345578495896,
              -23.934852554621703
            ],
            [
              -41.95143448496034,
              -23.933413023115175
            ],
            [
              -41.95752339033375,
              -23.93197349160864
            ],
            [
              -41.96361216563957,
              -23.93053373988658
            ],
            [
              -41.96969832128354,
              -23.929089510448698
            ],
            [
              -41.975784478156825,
              -23.927645281010815
            ],
            [
              -41.98187063612205,
              -23.926201051572928
            ],
            [
              -41.987956795041896,
              -23.924756822135045
            ],
            [
              -41.99404295477901,
              -23.92331259269716
            ],
            [
              -42.000129115196046,
              -23.92186836325928
            ],
            [
              -42.00621527615566,
              -23.920424133821395
            ],
            [
              -42.0123014375205,
              -23.918979904383512
            ],
            [
              -42.01838759915322,
              -23.91753567494563
            ],
            [
              -42.02447376091649,
              -23.916091445507746
            ],
            [
              -42.03055992267295,
              -23.914647216069863
            ],
            [
              -42.03664608428525,
              -23.91320298663198
            ],
            [
              -42.04273224561606,
              -23.911758757194097
            ],
            [
              -42.04881840652802,
              -23.910314527756213
            ],
            [
              -42.0549045668838,
              -23.908870298318327
            ],
            [
              -42.06099072654603,
              -23.907426068880444
            ],
            [
              -42.067076885377396,
              -23.90598183944256
            ],
            [
              -42.06859842484318,
              -23.90562078208309
            ],
            [
              -42.06859858548268,
              -23.905620743963752
            ],
            [
              -42.07316304324052,
              -23.904537610004677
            ],
            [
              -42.07924919999809,
              -23.903093380566794
            ],
            [
              -42.08077064007634,
              -23.902732144296323
            ],
            [
              -42.08533496040099,
              -23.901648435463567
            ],
            [
              -42.08685585093386,
              -23.901286203679483
            ],
            [
              -42.09293933718035,
              -23.89983729468764
            ],
            [
              -42.092939671702936,
              -23.899837215014127
            ],
            [
              -42.099022976970154,
              -23.89838834940175
            ],
            [
              -42.10510654158495,
              -23.89693942226316
            ],
            [
              -42.111190107082095,
              -23.89549049512457
            ],
            [
              -42.1172736733244,
              -23.894041567985987
            ],
            [
              -42.12335724017469,
              -23.8925926408474
            ],
            [
              -42.12944080749581,
              -23.89114371370881
            ],
            [
              -42.13552437515058,
              -23.889694786570224
            ],
            [
              -42.14160794300184,
              -23.88824585943164
            ],
            [
              -42.1476915109124,
              -23.886796932293052
            ],
            [
              -42.15377507874511,
              -23.885348005154466
            ],
            [
              -42.159858646362785,
              -23.883899078015872
            ],
            [
              -42.16594221362827,
              -23.882450150877283
            ],
            [
              -42.17202578040439,
              -23.8810012237387
            ],
            [
              -42.17810934655397,
              -23.87955229660011
            ],
            [
              -42.18419291193983,
              -23.87810336946152
            ],
            [
              -42.19027647642482,
              -23.876654442322938
            ],
            [
              -42.196360039871756,
              -23.87520551518435
            ],
            [
              -42.2024434284941,
              -23.87375627290564
            ],
            [
              -42.20852579538584,
              -23.87230517798501
            ],
            [
              -42.214606663101094,
              -23.870851361399694
            ],
            [
              -42.2206875319627,
              -23.869397544814376
            ],
            [
              -42.22676840183365,
              -23.867943728229065
            ],
            [
              -42.232849272576956,
              -23.866489911643747
            ],
            [
              -42.238930144055644,
              -23.86503609505843
            ],
            [
              -42.24501101613272,
              -23.863582278473118
            ],
            [
              -42.25109188867119,
              -23.862128461887803
            ],
            [
              -42.25717276153408,
              -23.86067464530249
            ],
            [
              -42.26021431075974,
              -23.859947470985123
            ],
            [
              -42.26477385286283,
              -23.858857374570846
            ],
            [
              -42.26629407113475,
              -23.858493920424515
            ],
            [
              -42.26933450768512,
              -23.85776701213186
            ],
            [
              -42.269876356671844,
              -23.857637466745565
            ],
            [
              -42.2708547259505,
              -23.857403557985528
            ],
            [
              -42.272373989445825,
              -23.857040332100198
            ],
            [
              -42.27541538069931,
              -23.85631319554654
            ],
            [
              -42.27623221026699,
              -23.85611790772952
            ],
            [
              -42.27693559891736,
              -23.85594974140021
            ],
            [
              -42.27845526310778,
              -23.855586419701197
            ],
            [
              -42.281496253489955,
              -23.854859378961226
            ],
            [
              -42.282385236159186,
              -23.854646840750068
            ],
            [
              -42.28301647162644,
              -23.8544959248149
            ],
            [
              -42.284536876222354,
              -23.854132426075953
            ],
            [
              -42.287577125920066,
              -23.85340556237591
            ],
            [
              -42.289002330314446,
              -23.85306482411373
            ],
            [
              -42.28909734394074,
              -23.85304210822958
            ],
            [
              -42.29517821572327,
              -23.85158829164427
            ],
            [
              -42.30125908683705,
              -23.85013447505895
            ],
            [
              -42.3073399571451,
              -23.848680658473636
            ],
            [
              -42.31342082651042,
              -23.84722684188832
            ],
            [
              -42.31950169479602,
              -23.845773025303004
            ],
            [
              -42.325582098520215,
              -23.844318372824866
            ],
            [
              -42.33166122638783,
              -23.842861419394442
            ],
            [
              -42.337739542986576,
              -23.84140300090455
            ],
            [
              -42.34381786071772,
              -23.83994458241466
            ],
            [
              -42.34989617944444,
              -23.83848616392477
            ],
            [
              -42.35597449902993,
              -23.83702774543488
            ],
            [
              -42.362052819337364,
              -23.83556932694499
            ],
            [
              -42.36813114022995,
              -23.834110908455102
            ],
            [
              -42.37420946157084,
              -23.83265248996521
            ],
            [
              -42.38028778322324,
              -23.831194071475316
            ],
            [
              -42.38636610505033,
              -23.829735652985427
            ],
            [
              -42.39244442691529,
              -23.828277234495538
            ],
            [
              -42.3985227486813,
              -23.826818816005648
            ],
            [
              -42.40460107021156,
              -23.82536039751576
            ],
            [
              -42.41067939136924,
              -23.82390197902587
            ],
            [
              -42.41675771201754,
              -23.82244356053598
            ],
            [
              -42.42283603201963,
              -23.82098514204609
            ],
            [
              -42.42891435123869,
              -23.819526723556198
            ],
            [
              -42.43499266953793,
              -23.818068305066305
            ],
            [
              -42.44107098678051,
              -23.816609886576416
            ],
            [
              -42.44714862996628,
              -23.81515034457467
            ],
            [
              -42.448667777823864,
              -23.814784836768276
            ],
            [
              -42.448667872389144,
              -23.814785178196267
            ],
            [
              -42.451705785510796,
              -23.81405389045524
            ]
          ]
        ]
      },
      "properties": {
        "product_id": "S1C_IW_GRDH_1SDV_20260810T081331_20260810T081359_008930_011B7A_6FB2"
      }
    }
  ]
}